[INFO] Scanning for projects...
[INFO] 
[INFO] --------------< org.cloudbus.cloudsim:cloudsim-examples >---------------
[INFO] Building cloudsim-examples 7.0.1
[INFO]   from pom.xml
[INFO] --------------------------------[ jar ]---------------------------------
[INFO] 
[INFO] --- exec:3.6.4:java (default-cli) @ cloudsim-examples ---
Starting Week4_MET_TaskScheduling...
Initialising...
Dataset loaded: dataset/GoCJ_Dataset_700.txt

========== CONFIGURATION ==========
Datacenters : 1
Hosts       : 10 (5 Class A + 5 Class B)
VMs         : 20
Cloudlets   : 700
Algorithm   : Minimum Execution Time (MET)

VM assignment distribution:
VM 0 -> 0 cloudlets
VM 1 -> 0 cloudlets
VM 2 -> 0 cloudlets
VM 3 -> 0 cloudlets
VM 4 -> 0 cloudlets
VM 5 -> 0 cloudlets
VM 6 -> 0 cloudlets
VM 7 -> 0 cloudlets
VM 8 -> 0 cloudlets
VM 9 -> 0 cloudlets
VM 10 -> 0 cloudlets
VM 11 -> 0 cloudlets
VM 12 -> 0 cloudlets
VM 13 -> 0 cloudlets
VM 14 -> 0 cloudlets
VM 15 -> 700 cloudlets
VM 16 -> 0 cloudlets
VM 17 -> 0 cloudlets
VM 18 -> 0 cloudlets
VM 19 -> 0 cloudlets

First 20 MET assignments:
Cloudlet 0 -> VM 15
Cloudlet 1 -> VM 15
Cloudlet 2 -> VM 15
Cloudlet 3 -> VM 15
Cloudlet 4 -> VM 15
Cloudlet 5 -> VM 15
Cloudlet 6 -> VM 15
Cloudlet 7 -> VM 15
Cloudlet 8 -> VM 15
Cloudlet 9 -> VM 15
Cloudlet 10 -> VM 15
Cloudlet 11 -> VM 15
Cloudlet 12 -> VM 15
Cloudlet 13 -> VM 15
Cloudlet 14 -> VM 15
Cloudlet 15 -> VM 15
Cloudlet 16 -> VM 15
Cloudlet 17 -> VM 15
Cloudlet 18 -> VM 15
Cloudlet 19 -> VM 15
Starting CloudSim version 7.0
0.0: Datacenter_0 is starting...
0.0: MET_Broker is starting...
Entities started.
0.0: MET_Broker: Cloud Resource List received with 1 datacenter(s)
0.0: MET_Broker: Trying to Create Vm #0 in Datacenter_0
0.0: MET_Broker: Trying to Create Vm #1 in Datacenter_0
0.0: MET_Broker: Trying to Create Vm #2 in Datacenter_0
0.0: MET_Broker: Trying to Create Vm #3 in Datacenter_0
0.0: MET_Broker: Trying to Create Vm #4 in Datacenter_0
0.0: MET_Broker: Trying to Create Vm #5 in Datacenter_0
0.0: MET_Broker: Trying to Create Vm #6 in Datacenter_0
0.0: MET_Broker: Trying to Create Vm #7 in Datacenter_0
0.0: MET_Broker: Trying to Create Vm #8 in Datacenter_0
0.0: MET_Broker: Trying to Create Vm #9 in Datacenter_0
0.0: MET_Broker: Trying to Create Vm #10 in Datacenter_0
0.0: MET_Broker: Trying to Create Vm #11 in Datacenter_0
0.0: MET_Broker: Trying to Create Vm #12 in Datacenter_0
0.0: MET_Broker: Trying to Create Vm #13 in Datacenter_0
0.0: MET_Broker: Trying to Create Vm #14 in Datacenter_0
0.0: MET_Broker: Trying to Create Vm #15 in Datacenter_0
0.0: MET_Broker: Trying to Create Vm #16 in Datacenter_0
0.0: MET_Broker: Trying to Create Vm #17 in Datacenter_0
0.0: MET_Broker: Trying to Create Vm #18 in Datacenter_0
0.0: MET_Broker: Trying to Create Vm #19 in Datacenter_0
0.0: Datacenter_0.guestAllocator: Vm #0 has been allocated to Host #5
0.0: Datacenter_0.guestAllocator: Vm #1 has been allocated to Host #6
0.0: Datacenter_0.guestAllocator: Vm #2 has been allocated to Host #7
0.0: Datacenter_0.guestAllocator: Vm #3 has been allocated to Host #8
0.0: Datacenter_0.guestAllocator: Vm #4 has been allocated to Host #9
0.0: Datacenter_0.guestAllocator: Vm #5 has been allocated to Host #5
0.0: Datacenter_0.guestAllocator: Vm #6 has been allocated to Host #6
0.0: Datacenter_0.guestAllocator: Vm #7 has been allocated to Host #7
0.0: Datacenter_0.guestAllocator: Vm #8 has been allocated to Host #8
0.0: Datacenter_0.guestAllocator: Vm #9 has been allocated to Host #9
0.0: Datacenter_0.guestAllocator: Vm #10 has been allocated to Host #5
0.0: Datacenter_0.guestAllocator: Vm #11 has been allocated to Host #6
0.0: Datacenter_0.guestAllocator: Vm #12 has been allocated to Host #7
0.0: Datacenter_0.guestAllocator: Vm #13 has been allocated to Host #8
0.0: Datacenter_0.guestAllocator: Vm #14 has been allocated to Host #9
0.0: Datacenter_0.guestAllocator: Vm #15 has been allocated to Host #5
0.0: Datacenter_0.guestAllocator: Vm #16 has been allocated to Host #6
0.0: Datacenter_0.guestAllocator: Vm #17 has been allocated to Host #7
0.0: Datacenter_0.guestAllocator: Vm #18 has been allocated to Host #8
0.0: Datacenter_0.guestAllocator: Vm #19 has been allocated to Host #9
0.01: MET_Broker: Vm #0 has been created in Datacenter #2, Host #5
0.01: MET_Broker: Vm #1 has been created in Datacenter #2, Host #6
0.01: MET_Broker: Vm #2 has been created in Datacenter #2, Host #7
0.01: MET_Broker: Vm #3 has been created in Datacenter #2, Host #8
0.01: MET_Broker: Vm #4 has been created in Datacenter #2, Host #9
0.01: MET_Broker: Vm #5 has been created in Datacenter #2, Host #5
0.01: MET_Broker: Vm #6 has been created in Datacenter #2, Host #6
0.01: MET_Broker: Vm #7 has been created in Datacenter #2, Host #7
0.01: MET_Broker: Vm #8 has been created in Datacenter #2, Host #8
0.01: MET_Broker: Vm #9 has been created in Datacenter #2, Host #9
0.01: MET_Broker: Vm #10 has been created in Datacenter #2, Host #5
0.01: MET_Broker: Vm #11 has been created in Datacenter #2, Host #6
0.01: MET_Broker: Vm #12 has been created in Datacenter #2, Host #7
0.01: MET_Broker: Vm #13 has been created in Datacenter #2, Host #8
0.01: MET_Broker: Vm #14 has been created in Datacenter #2, Host #9
0.01: MET_Broker: Vm #15 has been created in Datacenter #2, Host #5
0.01: MET_Broker: Vm #16 has been created in Datacenter #2, Host #6
0.01: MET_Broker: Vm #17 has been created in Datacenter #2, Host #7
0.01: MET_Broker: Vm #18 has been created in Datacenter #2, Host #8
0.01: MET_Broker: Vm #19 has been created in Datacenter #2, Host #9
0.01: MET_Broker: Sending Cloudlet #0 to Vm #15
0.01: MET_Broker: Sending Cloudlet #1 to Vm #15
0.01: MET_Broker: Sending Cloudlet #2 to Vm #15
0.01: MET_Broker: Sending Cloudlet #3 to Vm #15
0.01: MET_Broker: Sending Cloudlet #4 to Vm #15
0.01: MET_Broker: Sending Cloudlet #5 to Vm #15
0.01: MET_Broker: Sending Cloudlet #6 to Vm #15
0.01: MET_Broker: Sending Cloudlet #7 to Vm #15
0.01: MET_Broker: Sending Cloudlet #8 to Vm #15
0.01: MET_Broker: Sending Cloudlet #9 to Vm #15
0.01: MET_Broker: Sending Cloudlet #10 to Vm #15
0.01: MET_Broker: Sending Cloudlet #11 to Vm #15
0.01: MET_Broker: Sending Cloudlet #12 to Vm #15
0.01: MET_Broker: Sending Cloudlet #13 to Vm #15
0.01: MET_Broker: Sending Cloudlet #14 to Vm #15
0.01: MET_Broker: Sending Cloudlet #15 to Vm #15
0.01: MET_Broker: Sending Cloudlet #16 to Vm #15
0.01: MET_Broker: Sending Cloudlet #17 to Vm #15
0.01: MET_Broker: Sending Cloudlet #18 to Vm #15
0.01: MET_Broker: Sending Cloudlet #19 to Vm #15
0.01: MET_Broker: Sending Cloudlet #20 to Vm #15
0.01: MET_Broker: Sending Cloudlet #21 to Vm #15
0.01: MET_Broker: Sending Cloudlet #22 to Vm #15
0.01: MET_Broker: Sending Cloudlet #23 to Vm #15
0.01: MET_Broker: Sending Cloudlet #24 to Vm #15
0.01: MET_Broker: Sending Cloudlet #25 to Vm #15
0.01: MET_Broker: Sending Cloudlet #26 to Vm #15
0.01: MET_Broker: Sending Cloudlet #27 to Vm #15
0.01: MET_Broker: Sending Cloudlet #28 to Vm #15
0.01: MET_Broker: Sending Cloudlet #29 to Vm #15
0.01: MET_Broker: Sending Cloudlet #30 to Vm #15
0.01: MET_Broker: Sending Cloudlet #31 to Vm #15
0.01: MET_Broker: Sending Cloudlet #32 to Vm #15
0.01: MET_Broker: Sending Cloudlet #33 to Vm #15
0.01: MET_Broker: Sending Cloudlet #34 to Vm #15
0.01: MET_Broker: Sending Cloudlet #35 to Vm #15
0.01: MET_Broker: Sending Cloudlet #36 to Vm #15
0.01: MET_Broker: Sending Cloudlet #37 to Vm #15
0.01: MET_Broker: Sending Cloudlet #38 to Vm #15
0.01: MET_Broker: Sending Cloudlet #39 to Vm #15
0.01: MET_Broker: Sending Cloudlet #40 to Vm #15
0.01: MET_Broker: Sending Cloudlet #41 to Vm #15
0.01: MET_Broker: Sending Cloudlet #42 to Vm #15
0.01: MET_Broker: Sending Cloudlet #43 to Vm #15
0.01: MET_Broker: Sending Cloudlet #44 to Vm #15
0.01: MET_Broker: Sending Cloudlet #45 to Vm #15
0.01: MET_Broker: Sending Cloudlet #46 to Vm #15
0.01: MET_Broker: Sending Cloudlet #47 to Vm #15
0.01: MET_Broker: Sending Cloudlet #48 to Vm #15
0.01: MET_Broker: Sending Cloudlet #49 to Vm #15
0.01: MET_Broker: Sending Cloudlet #50 to Vm #15
0.01: MET_Broker: Sending Cloudlet #51 to Vm #15
0.01: MET_Broker: Sending Cloudlet #52 to Vm #15
0.01: MET_Broker: Sending Cloudlet #53 to Vm #15
0.01: MET_Broker: Sending Cloudlet #54 to Vm #15
0.01: MET_Broker: Sending Cloudlet #55 to Vm #15
0.01: MET_Broker: Sending Cloudlet #56 to Vm #15
0.01: MET_Broker: Sending Cloudlet #57 to Vm #15
0.01: MET_Broker: Sending Cloudlet #58 to Vm #15
0.01: MET_Broker: Sending Cloudlet #59 to Vm #15
0.01: MET_Broker: Sending Cloudlet #60 to Vm #15
0.01: MET_Broker: Sending Cloudlet #61 to Vm #15
0.01: MET_Broker: Sending Cloudlet #62 to Vm #15
0.01: MET_Broker: Sending Cloudlet #63 to Vm #15
0.01: MET_Broker: Sending Cloudlet #64 to Vm #15
0.01: MET_Broker: Sending Cloudlet #65 to Vm #15
0.01: MET_Broker: Sending Cloudlet #66 to Vm #15
0.01: MET_Broker: Sending Cloudlet #67 to Vm #15
0.01: MET_Broker: Sending Cloudlet #68 to Vm #15
0.01: MET_Broker: Sending Cloudlet #69 to Vm #15
0.01: MET_Broker: Sending Cloudlet #70 to Vm #15
0.01: MET_Broker: Sending Cloudlet #71 to Vm #15
0.01: MET_Broker: Sending Cloudlet #72 to Vm #15
0.01: MET_Broker: Sending Cloudlet #73 to Vm #15
0.01: MET_Broker: Sending Cloudlet #74 to Vm #15
0.01: MET_Broker: Sending Cloudlet #75 to Vm #15
0.01: MET_Broker: Sending Cloudlet #76 to Vm #15
0.01: MET_Broker: Sending Cloudlet #77 to Vm #15
0.01: MET_Broker: Sending Cloudlet #78 to Vm #15
0.01: MET_Broker: Sending Cloudlet #79 to Vm #15
0.01: MET_Broker: Sending Cloudlet #80 to Vm #15
0.01: MET_Broker: Sending Cloudlet #81 to Vm #15
0.01: MET_Broker: Sending Cloudlet #82 to Vm #15
0.01: MET_Broker: Sending Cloudlet #83 to Vm #15
0.01: MET_Broker: Sending Cloudlet #84 to Vm #15
0.01: MET_Broker: Sending Cloudlet #85 to Vm #15
0.01: MET_Broker: Sending Cloudlet #86 to Vm #15
0.01: MET_Broker: Sending Cloudlet #87 to Vm #15
0.01: MET_Broker: Sending Cloudlet #88 to Vm #15
0.01: MET_Broker: Sending Cloudlet #89 to Vm #15
0.01: MET_Broker: Sending Cloudlet #90 to Vm #15
0.01: MET_Broker: Sending Cloudlet #91 to Vm #15
0.01: MET_Broker: Sending Cloudlet #92 to Vm #15
0.01: MET_Broker: Sending Cloudlet #93 to Vm #15
0.01: MET_Broker: Sending Cloudlet #94 to Vm #15
0.01: MET_Broker: Sending Cloudlet #95 to Vm #15
0.01: MET_Broker: Sending Cloudlet #96 to Vm #15
0.01: MET_Broker: Sending Cloudlet #97 to Vm #15
0.01: MET_Broker: Sending Cloudlet #98 to Vm #15
0.01: MET_Broker: Sending Cloudlet #99 to Vm #15
0.01: MET_Broker: Sending Cloudlet #100 to Vm #15
0.01: MET_Broker: Sending Cloudlet #101 to Vm #15
0.01: MET_Broker: Sending Cloudlet #102 to Vm #15
0.01: MET_Broker: Sending Cloudlet #103 to Vm #15
0.01: MET_Broker: Sending Cloudlet #104 to Vm #15
0.01: MET_Broker: Sending Cloudlet #105 to Vm #15
0.01: MET_Broker: Sending Cloudlet #106 to Vm #15
0.01: MET_Broker: Sending Cloudlet #107 to Vm #15
0.01: MET_Broker: Sending Cloudlet #108 to Vm #15
0.01: MET_Broker: Sending Cloudlet #109 to Vm #15
0.01: MET_Broker: Sending Cloudlet #110 to Vm #15
0.01: MET_Broker: Sending Cloudlet #111 to Vm #15
0.01: MET_Broker: Sending Cloudlet #112 to Vm #15
0.01: MET_Broker: Sending Cloudlet #113 to Vm #15
0.01: MET_Broker: Sending Cloudlet #114 to Vm #15
0.01: MET_Broker: Sending Cloudlet #115 to Vm #15
0.01: MET_Broker: Sending Cloudlet #116 to Vm #15
0.01: MET_Broker: Sending Cloudlet #117 to Vm #15
0.01: MET_Broker: Sending Cloudlet #118 to Vm #15
0.01: MET_Broker: Sending Cloudlet #119 to Vm #15
0.01: MET_Broker: Sending Cloudlet #120 to Vm #15
0.01: MET_Broker: Sending Cloudlet #121 to Vm #15
0.01: MET_Broker: Sending Cloudlet #122 to Vm #15
0.01: MET_Broker: Sending Cloudlet #123 to Vm #15
0.01: MET_Broker: Sending Cloudlet #124 to Vm #15
0.01: MET_Broker: Sending Cloudlet #125 to Vm #15
0.01: MET_Broker: Sending Cloudlet #126 to Vm #15
0.01: MET_Broker: Sending Cloudlet #127 to Vm #15
0.01: MET_Broker: Sending Cloudlet #128 to Vm #15
0.01: MET_Broker: Sending Cloudlet #129 to Vm #15
0.01: MET_Broker: Sending Cloudlet #130 to Vm #15
0.01: MET_Broker: Sending Cloudlet #131 to Vm #15
0.01: MET_Broker: Sending Cloudlet #132 to Vm #15
0.01: MET_Broker: Sending Cloudlet #133 to Vm #15
0.01: MET_Broker: Sending Cloudlet #134 to Vm #15
0.01: MET_Broker: Sending Cloudlet #135 to Vm #15
0.01: MET_Broker: Sending Cloudlet #136 to Vm #15
0.01: MET_Broker: Sending Cloudlet #137 to Vm #15
0.01: MET_Broker: Sending Cloudlet #138 to Vm #15
0.01: MET_Broker: Sending Cloudlet #139 to Vm #15
0.01: MET_Broker: Sending Cloudlet #140 to Vm #15
0.01: MET_Broker: Sending Cloudlet #141 to Vm #15
0.01: MET_Broker: Sending Cloudlet #142 to Vm #15
0.01: MET_Broker: Sending Cloudlet #143 to Vm #15
0.01: MET_Broker: Sending Cloudlet #144 to Vm #15
0.01: MET_Broker: Sending Cloudlet #145 to Vm #15
0.01: MET_Broker: Sending Cloudlet #146 to Vm #15
0.01: MET_Broker: Sending Cloudlet #147 to Vm #15
0.01: MET_Broker: Sending Cloudlet #148 to Vm #15
0.01: MET_Broker: Sending Cloudlet #149 to Vm #15
0.01: MET_Broker: Sending Cloudlet #150 to Vm #15
0.01: MET_Broker: Sending Cloudlet #151 to Vm #15
0.01: MET_Broker: Sending Cloudlet #152 to Vm #15
0.01: MET_Broker: Sending Cloudlet #153 to Vm #15
0.01: MET_Broker: Sending Cloudlet #154 to Vm #15
0.01: MET_Broker: Sending Cloudlet #155 to Vm #15
0.01: MET_Broker: Sending Cloudlet #156 to Vm #15
0.01: MET_Broker: Sending Cloudlet #157 to Vm #15
0.01: MET_Broker: Sending Cloudlet #158 to Vm #15
0.01: MET_Broker: Sending Cloudlet #159 to Vm #15
0.01: MET_Broker: Sending Cloudlet #160 to Vm #15
0.01: MET_Broker: Sending Cloudlet #161 to Vm #15
0.01: MET_Broker: Sending Cloudlet #162 to Vm #15
0.01: MET_Broker: Sending Cloudlet #163 to Vm #15
0.01: MET_Broker: Sending Cloudlet #164 to Vm #15
0.01: MET_Broker: Sending Cloudlet #165 to Vm #15
0.01: MET_Broker: Sending Cloudlet #166 to Vm #15
0.01: MET_Broker: Sending Cloudlet #167 to Vm #15
0.01: MET_Broker: Sending Cloudlet #168 to Vm #15
0.01: MET_Broker: Sending Cloudlet #169 to Vm #15
0.01: MET_Broker: Sending Cloudlet #170 to Vm #15
0.01: MET_Broker: Sending Cloudlet #171 to Vm #15
0.01: MET_Broker: Sending Cloudlet #172 to Vm #15
0.01: MET_Broker: Sending Cloudlet #173 to Vm #15
0.01: MET_Broker: Sending Cloudlet #174 to Vm #15
0.01: MET_Broker: Sending Cloudlet #175 to Vm #15
0.01: MET_Broker: Sending Cloudlet #176 to Vm #15
0.01: MET_Broker: Sending Cloudlet #177 to Vm #15
0.01: MET_Broker: Sending Cloudlet #178 to Vm #15
0.01: MET_Broker: Sending Cloudlet #179 to Vm #15
0.01: MET_Broker: Sending Cloudlet #180 to Vm #15
0.01: MET_Broker: Sending Cloudlet #181 to Vm #15
0.01: MET_Broker: Sending Cloudlet #182 to Vm #15
0.01: MET_Broker: Sending Cloudlet #183 to Vm #15
0.01: MET_Broker: Sending Cloudlet #184 to Vm #15
0.01: MET_Broker: Sending Cloudlet #185 to Vm #15
0.01: MET_Broker: Sending Cloudlet #186 to Vm #15
0.01: MET_Broker: Sending Cloudlet #187 to Vm #15
0.01: MET_Broker: Sending Cloudlet #188 to Vm #15
0.01: MET_Broker: Sending Cloudlet #189 to Vm #15
0.01: MET_Broker: Sending Cloudlet #190 to Vm #15
0.01: MET_Broker: Sending Cloudlet #191 to Vm #15
0.01: MET_Broker: Sending Cloudlet #192 to Vm #15
0.01: MET_Broker: Sending Cloudlet #193 to Vm #15
0.01: MET_Broker: Sending Cloudlet #194 to Vm #15
0.01: MET_Broker: Sending Cloudlet #195 to Vm #15
0.01: MET_Broker: Sending Cloudlet #196 to Vm #15
0.01: MET_Broker: Sending Cloudlet #197 to Vm #15
0.01: MET_Broker: Sending Cloudlet #198 to Vm #15
0.01: MET_Broker: Sending Cloudlet #199 to Vm #15
0.01: MET_Broker: Sending Cloudlet #200 to Vm #15
0.01: MET_Broker: Sending Cloudlet #201 to Vm #15
0.01: MET_Broker: Sending Cloudlet #202 to Vm #15
0.01: MET_Broker: Sending Cloudlet #203 to Vm #15
0.01: MET_Broker: Sending Cloudlet #204 to Vm #15
0.01: MET_Broker: Sending Cloudlet #205 to Vm #15
0.01: MET_Broker: Sending Cloudlet #206 to Vm #15
0.01: MET_Broker: Sending Cloudlet #207 to Vm #15
0.01: MET_Broker: Sending Cloudlet #208 to Vm #15
0.01: MET_Broker: Sending Cloudlet #209 to Vm #15
0.01: MET_Broker: Sending Cloudlet #210 to Vm #15
0.01: MET_Broker: Sending Cloudlet #211 to Vm #15
0.01: MET_Broker: Sending Cloudlet #212 to Vm #15
0.01: MET_Broker: Sending Cloudlet #213 to Vm #15
0.01: MET_Broker: Sending Cloudlet #214 to Vm #15
0.01: MET_Broker: Sending Cloudlet #215 to Vm #15
0.01: MET_Broker: Sending Cloudlet #216 to Vm #15
0.01: MET_Broker: Sending Cloudlet #217 to Vm #15
0.01: MET_Broker: Sending Cloudlet #218 to Vm #15
0.01: MET_Broker: Sending Cloudlet #219 to Vm #15
0.01: MET_Broker: Sending Cloudlet #220 to Vm #15
0.01: MET_Broker: Sending Cloudlet #221 to Vm #15
0.01: MET_Broker: Sending Cloudlet #222 to Vm #15
0.01: MET_Broker: Sending Cloudlet #223 to Vm #15
0.01: MET_Broker: Sending Cloudlet #224 to Vm #15
0.01: MET_Broker: Sending Cloudlet #225 to Vm #15
0.01: MET_Broker: Sending Cloudlet #226 to Vm #15
0.01: MET_Broker: Sending Cloudlet #227 to Vm #15
0.01: MET_Broker: Sending Cloudlet #228 to Vm #15
0.01: MET_Broker: Sending Cloudlet #229 to Vm #15
0.01: MET_Broker: Sending Cloudlet #230 to Vm #15
0.01: MET_Broker: Sending Cloudlet #231 to Vm #15
0.01: MET_Broker: Sending Cloudlet #232 to Vm #15
0.01: MET_Broker: Sending Cloudlet #233 to Vm #15
0.01: MET_Broker: Sending Cloudlet #234 to Vm #15
0.01: MET_Broker: Sending Cloudlet #235 to Vm #15
0.01: MET_Broker: Sending Cloudlet #236 to Vm #15
0.01: MET_Broker: Sending Cloudlet #237 to Vm #15
0.01: MET_Broker: Sending Cloudlet #238 to Vm #15
0.01: MET_Broker: Sending Cloudlet #239 to Vm #15
0.01: MET_Broker: Sending Cloudlet #240 to Vm #15
0.01: MET_Broker: Sending Cloudlet #241 to Vm #15
0.01: MET_Broker: Sending Cloudlet #242 to Vm #15
0.01: MET_Broker: Sending Cloudlet #243 to Vm #15
0.01: MET_Broker: Sending Cloudlet #244 to Vm #15
0.01: MET_Broker: Sending Cloudlet #245 to Vm #15
0.01: MET_Broker: Sending Cloudlet #246 to Vm #15
0.01: MET_Broker: Sending Cloudlet #247 to Vm #15
0.01: MET_Broker: Sending Cloudlet #248 to Vm #15
0.01: MET_Broker: Sending Cloudlet #249 to Vm #15
0.01: MET_Broker: Sending Cloudlet #250 to Vm #15
0.01: MET_Broker: Sending Cloudlet #251 to Vm #15
0.01: MET_Broker: Sending Cloudlet #252 to Vm #15
0.01: MET_Broker: Sending Cloudlet #253 to Vm #15
0.01: MET_Broker: Sending Cloudlet #254 to Vm #15
0.01: MET_Broker: Sending Cloudlet #255 to Vm #15
0.01: MET_Broker: Sending Cloudlet #256 to Vm #15
0.01: MET_Broker: Sending Cloudlet #257 to Vm #15
0.01: MET_Broker: Sending Cloudlet #258 to Vm #15
0.01: MET_Broker: Sending Cloudlet #259 to Vm #15
0.01: MET_Broker: Sending Cloudlet #260 to Vm #15
0.01: MET_Broker: Sending Cloudlet #261 to Vm #15
0.01: MET_Broker: Sending Cloudlet #262 to Vm #15
0.01: MET_Broker: Sending Cloudlet #263 to Vm #15
0.01: MET_Broker: Sending Cloudlet #264 to Vm #15
0.01: MET_Broker: Sending Cloudlet #265 to Vm #15
0.01: MET_Broker: Sending Cloudlet #266 to Vm #15
0.01: MET_Broker: Sending Cloudlet #267 to Vm #15
0.01: MET_Broker: Sending Cloudlet #268 to Vm #15
0.01: MET_Broker: Sending Cloudlet #269 to Vm #15
0.01: MET_Broker: Sending Cloudlet #270 to Vm #15
0.01: MET_Broker: Sending Cloudlet #271 to Vm #15
0.01: MET_Broker: Sending Cloudlet #272 to Vm #15
0.01: MET_Broker: Sending Cloudlet #273 to Vm #15
0.01: MET_Broker: Sending Cloudlet #274 to Vm #15
0.01: MET_Broker: Sending Cloudlet #275 to Vm #15
0.01: MET_Broker: Sending Cloudlet #276 to Vm #15
0.01: MET_Broker: Sending Cloudlet #277 to Vm #15
0.01: MET_Broker: Sending Cloudlet #278 to Vm #15
0.01: MET_Broker: Sending Cloudlet #279 to Vm #15
0.01: MET_Broker: Sending Cloudlet #280 to Vm #15
0.01: MET_Broker: Sending Cloudlet #281 to Vm #15
0.01: MET_Broker: Sending Cloudlet #282 to Vm #15
0.01: MET_Broker: Sending Cloudlet #283 to Vm #15
0.01: MET_Broker: Sending Cloudlet #284 to Vm #15
0.01: MET_Broker: Sending Cloudlet #285 to Vm #15
0.01: MET_Broker: Sending Cloudlet #286 to Vm #15
0.01: MET_Broker: Sending Cloudlet #287 to Vm #15
0.01: MET_Broker: Sending Cloudlet #288 to Vm #15
0.01: MET_Broker: Sending Cloudlet #289 to Vm #15
0.01: MET_Broker: Sending Cloudlet #290 to Vm #15
0.01: MET_Broker: Sending Cloudlet #291 to Vm #15
0.01: MET_Broker: Sending Cloudlet #292 to Vm #15
0.01: MET_Broker: Sending Cloudlet #293 to Vm #15
0.01: MET_Broker: Sending Cloudlet #294 to Vm #15
0.01: MET_Broker: Sending Cloudlet #295 to Vm #15
0.01: MET_Broker: Sending Cloudlet #296 to Vm #15
0.01: MET_Broker: Sending Cloudlet #297 to Vm #15
0.01: MET_Broker: Sending Cloudlet #298 to Vm #15
0.01: MET_Broker: Sending Cloudlet #299 to Vm #15
0.01: MET_Broker: Sending Cloudlet #300 to Vm #15
0.01: MET_Broker: Sending Cloudlet #301 to Vm #15
0.01: MET_Broker: Sending Cloudlet #302 to Vm #15
0.01: MET_Broker: Sending Cloudlet #303 to Vm #15
0.01: MET_Broker: Sending Cloudlet #304 to Vm #15
0.01: MET_Broker: Sending Cloudlet #305 to Vm #15
0.01: MET_Broker: Sending Cloudlet #306 to Vm #15
0.01: MET_Broker: Sending Cloudlet #307 to Vm #15
0.01: MET_Broker: Sending Cloudlet #308 to Vm #15
0.01: MET_Broker: Sending Cloudlet #309 to Vm #15
0.01: MET_Broker: Sending Cloudlet #310 to Vm #15
0.01: MET_Broker: Sending Cloudlet #311 to Vm #15
0.01: MET_Broker: Sending Cloudlet #312 to Vm #15
0.01: MET_Broker: Sending Cloudlet #313 to Vm #15
0.01: MET_Broker: Sending Cloudlet #314 to Vm #15
0.01: MET_Broker: Sending Cloudlet #315 to Vm #15
0.01: MET_Broker: Sending Cloudlet #316 to Vm #15
0.01: MET_Broker: Sending Cloudlet #317 to Vm #15
0.01: MET_Broker: Sending Cloudlet #318 to Vm #15
0.01: MET_Broker: Sending Cloudlet #319 to Vm #15
0.01: MET_Broker: Sending Cloudlet #320 to Vm #15
0.01: MET_Broker: Sending Cloudlet #321 to Vm #15
0.01: MET_Broker: Sending Cloudlet #322 to Vm #15
0.01: MET_Broker: Sending Cloudlet #323 to Vm #15
0.01: MET_Broker: Sending Cloudlet #324 to Vm #15
0.01: MET_Broker: Sending Cloudlet #325 to Vm #15
0.01: MET_Broker: Sending Cloudlet #326 to Vm #15
0.01: MET_Broker: Sending Cloudlet #327 to Vm #15
0.01: MET_Broker: Sending Cloudlet #328 to Vm #15
0.01: MET_Broker: Sending Cloudlet #329 to Vm #15
0.01: MET_Broker: Sending Cloudlet #330 to Vm #15
0.01: MET_Broker: Sending Cloudlet #331 to Vm #15
0.01: MET_Broker: Sending Cloudlet #332 to Vm #15
0.01: MET_Broker: Sending Cloudlet #333 to Vm #15
0.01: MET_Broker: Sending Cloudlet #334 to Vm #15
0.01: MET_Broker: Sending Cloudlet #335 to Vm #15
0.01: MET_Broker: Sending Cloudlet #336 to Vm #15
0.01: MET_Broker: Sending Cloudlet #337 to Vm #15
0.01: MET_Broker: Sending Cloudlet #338 to Vm #15
0.01: MET_Broker: Sending Cloudlet #339 to Vm #15
0.01: MET_Broker: Sending Cloudlet #340 to Vm #15
0.01: MET_Broker: Sending Cloudlet #341 to Vm #15
0.01: MET_Broker: Sending Cloudlet #342 to Vm #15
0.01: MET_Broker: Sending Cloudlet #343 to Vm #15
0.01: MET_Broker: Sending Cloudlet #344 to Vm #15
0.01: MET_Broker: Sending Cloudlet #345 to Vm #15
0.01: MET_Broker: Sending Cloudlet #346 to Vm #15
0.01: MET_Broker: Sending Cloudlet #347 to Vm #15
0.01: MET_Broker: Sending Cloudlet #348 to Vm #15
0.01: MET_Broker: Sending Cloudlet #349 to Vm #15
0.01: MET_Broker: Sending Cloudlet #350 to Vm #15
0.01: MET_Broker: Sending Cloudlet #351 to Vm #15
0.01: MET_Broker: Sending Cloudlet #352 to Vm #15
0.01: MET_Broker: Sending Cloudlet #353 to Vm #15
0.01: MET_Broker: Sending Cloudlet #354 to Vm #15
0.01: MET_Broker: Sending Cloudlet #355 to Vm #15
0.01: MET_Broker: Sending Cloudlet #356 to Vm #15
0.01: MET_Broker: Sending Cloudlet #357 to Vm #15
0.01: MET_Broker: Sending Cloudlet #358 to Vm #15
0.01: MET_Broker: Sending Cloudlet #359 to Vm #15
0.01: MET_Broker: Sending Cloudlet #360 to Vm #15
0.01: MET_Broker: Sending Cloudlet #361 to Vm #15
0.01: MET_Broker: Sending Cloudlet #362 to Vm #15
0.01: MET_Broker: Sending Cloudlet #363 to Vm #15
0.01: MET_Broker: Sending Cloudlet #364 to Vm #15
0.01: MET_Broker: Sending Cloudlet #365 to Vm #15
0.01: MET_Broker: Sending Cloudlet #366 to Vm #15
0.01: MET_Broker: Sending Cloudlet #367 to Vm #15
0.01: MET_Broker: Sending Cloudlet #368 to Vm #15
0.01: MET_Broker: Sending Cloudlet #369 to Vm #15
0.01: MET_Broker: Sending Cloudlet #370 to Vm #15
0.01: MET_Broker: Sending Cloudlet #371 to Vm #15
0.01: MET_Broker: Sending Cloudlet #372 to Vm #15
0.01: MET_Broker: Sending Cloudlet #373 to Vm #15
0.01: MET_Broker: Sending Cloudlet #374 to Vm #15
0.01: MET_Broker: Sending Cloudlet #375 to Vm #15
0.01: MET_Broker: Sending Cloudlet #376 to Vm #15
0.01: MET_Broker: Sending Cloudlet #377 to Vm #15
0.01: MET_Broker: Sending Cloudlet #378 to Vm #15
0.01: MET_Broker: Sending Cloudlet #379 to Vm #15
0.01: MET_Broker: Sending Cloudlet #380 to Vm #15
0.01: MET_Broker: Sending Cloudlet #381 to Vm #15
0.01: MET_Broker: Sending Cloudlet #382 to Vm #15
0.01: MET_Broker: Sending Cloudlet #383 to Vm #15
0.01: MET_Broker: Sending Cloudlet #384 to Vm #15
0.01: MET_Broker: Sending Cloudlet #385 to Vm #15
0.01: MET_Broker: Sending Cloudlet #386 to Vm #15
0.01: MET_Broker: Sending Cloudlet #387 to Vm #15
0.01: MET_Broker: Sending Cloudlet #388 to Vm #15
0.01: MET_Broker: Sending Cloudlet #389 to Vm #15
0.01: MET_Broker: Sending Cloudlet #390 to Vm #15
0.01: MET_Broker: Sending Cloudlet #391 to Vm #15
0.01: MET_Broker: Sending Cloudlet #392 to Vm #15
0.01: MET_Broker: Sending Cloudlet #393 to Vm #15
0.01: MET_Broker: Sending Cloudlet #394 to Vm #15
0.01: MET_Broker: Sending Cloudlet #395 to Vm #15
0.01: MET_Broker: Sending Cloudlet #396 to Vm #15
0.01: MET_Broker: Sending Cloudlet #397 to Vm #15
0.01: MET_Broker: Sending Cloudlet #398 to Vm #15
0.01: MET_Broker: Sending Cloudlet #399 to Vm #15
0.01: MET_Broker: Sending Cloudlet #400 to Vm #15
0.01: MET_Broker: Sending Cloudlet #401 to Vm #15
0.01: MET_Broker: Sending Cloudlet #402 to Vm #15
0.01: MET_Broker: Sending Cloudlet #403 to Vm #15
0.01: MET_Broker: Sending Cloudlet #404 to Vm #15
0.01: MET_Broker: Sending Cloudlet #405 to Vm #15
0.01: MET_Broker: Sending Cloudlet #406 to Vm #15
0.01: MET_Broker: Sending Cloudlet #407 to Vm #15
0.01: MET_Broker: Sending Cloudlet #408 to Vm #15
0.01: MET_Broker: Sending Cloudlet #409 to Vm #15
0.01: MET_Broker: Sending Cloudlet #410 to Vm #15
0.01: MET_Broker: Sending Cloudlet #411 to Vm #15
0.01: MET_Broker: Sending Cloudlet #412 to Vm #15
0.01: MET_Broker: Sending Cloudlet #413 to Vm #15
0.01: MET_Broker: Sending Cloudlet #414 to Vm #15
0.01: MET_Broker: Sending Cloudlet #415 to Vm #15
0.01: MET_Broker: Sending Cloudlet #416 to Vm #15
0.01: MET_Broker: Sending Cloudlet #417 to Vm #15
0.01: MET_Broker: Sending Cloudlet #418 to Vm #15
0.01: MET_Broker: Sending Cloudlet #419 to Vm #15
0.01: MET_Broker: Sending Cloudlet #420 to Vm #15
0.01: MET_Broker: Sending Cloudlet #421 to Vm #15
0.01: MET_Broker: Sending Cloudlet #422 to Vm #15
0.01: MET_Broker: Sending Cloudlet #423 to Vm #15
0.01: MET_Broker: Sending Cloudlet #424 to Vm #15
0.01: MET_Broker: Sending Cloudlet #425 to Vm #15
0.01: MET_Broker: Sending Cloudlet #426 to Vm #15
0.01: MET_Broker: Sending Cloudlet #427 to Vm #15
0.01: MET_Broker: Sending Cloudlet #428 to Vm #15
0.01: MET_Broker: Sending Cloudlet #429 to Vm #15
0.01: MET_Broker: Sending Cloudlet #430 to Vm #15
0.01: MET_Broker: Sending Cloudlet #431 to Vm #15
0.01: MET_Broker: Sending Cloudlet #432 to Vm #15
0.01: MET_Broker: Sending Cloudlet #433 to Vm #15
0.01: MET_Broker: Sending Cloudlet #434 to Vm #15
0.01: MET_Broker: Sending Cloudlet #435 to Vm #15
0.01: MET_Broker: Sending Cloudlet #436 to Vm #15
0.01: MET_Broker: Sending Cloudlet #437 to Vm #15
0.01: MET_Broker: Sending Cloudlet #438 to Vm #15
0.01: MET_Broker: Sending Cloudlet #439 to Vm #15
0.01: MET_Broker: Sending Cloudlet #440 to Vm #15
0.01: MET_Broker: Sending Cloudlet #441 to Vm #15
0.01: MET_Broker: Sending Cloudlet #442 to Vm #15
0.01: MET_Broker: Sending Cloudlet #443 to Vm #15
0.01: MET_Broker: Sending Cloudlet #444 to Vm #15
0.01: MET_Broker: Sending Cloudlet #445 to Vm #15
0.01: MET_Broker: Sending Cloudlet #446 to Vm #15
0.01: MET_Broker: Sending Cloudlet #447 to Vm #15
0.01: MET_Broker: Sending Cloudlet #448 to Vm #15
0.01: MET_Broker: Sending Cloudlet #449 to Vm #15
0.01: MET_Broker: Sending Cloudlet #450 to Vm #15
0.01: MET_Broker: Sending Cloudlet #451 to Vm #15
0.01: MET_Broker: Sending Cloudlet #452 to Vm #15
0.01: MET_Broker: Sending Cloudlet #453 to Vm #15
0.01: MET_Broker: Sending Cloudlet #454 to Vm #15
0.01: MET_Broker: Sending Cloudlet #455 to Vm #15
0.01: MET_Broker: Sending Cloudlet #456 to Vm #15
0.01: MET_Broker: Sending Cloudlet #457 to Vm #15
0.01: MET_Broker: Sending Cloudlet #458 to Vm #15
0.01: MET_Broker: Sending Cloudlet #459 to Vm #15
0.01: MET_Broker: Sending Cloudlet #460 to Vm #15
0.01: MET_Broker: Sending Cloudlet #461 to Vm #15
0.01: MET_Broker: Sending Cloudlet #462 to Vm #15
0.01: MET_Broker: Sending Cloudlet #463 to Vm #15
0.01: MET_Broker: Sending Cloudlet #464 to Vm #15
0.01: MET_Broker: Sending Cloudlet #465 to Vm #15
0.01: MET_Broker: Sending Cloudlet #466 to Vm #15
0.01: MET_Broker: Sending Cloudlet #467 to Vm #15
0.01: MET_Broker: Sending Cloudlet #468 to Vm #15
0.01: MET_Broker: Sending Cloudlet #469 to Vm #15
0.01: MET_Broker: Sending Cloudlet #470 to Vm #15
0.01: MET_Broker: Sending Cloudlet #471 to Vm #15
0.01: MET_Broker: Sending Cloudlet #472 to Vm #15
0.01: MET_Broker: Sending Cloudlet #473 to Vm #15
0.01: MET_Broker: Sending Cloudlet #474 to Vm #15
0.01: MET_Broker: Sending Cloudlet #475 to Vm #15
0.01: MET_Broker: Sending Cloudlet #476 to Vm #15
0.01: MET_Broker: Sending Cloudlet #477 to Vm #15
0.01: MET_Broker: Sending Cloudlet #478 to Vm #15
0.01: MET_Broker: Sending Cloudlet #479 to Vm #15
0.01: MET_Broker: Sending Cloudlet #480 to Vm #15
0.01: MET_Broker: Sending Cloudlet #481 to Vm #15
0.01: MET_Broker: Sending Cloudlet #482 to Vm #15
0.01: MET_Broker: Sending Cloudlet #483 to Vm #15
0.01: MET_Broker: Sending Cloudlet #484 to Vm #15
0.01: MET_Broker: Sending Cloudlet #485 to Vm #15
0.01: MET_Broker: Sending Cloudlet #486 to Vm #15
0.01: MET_Broker: Sending Cloudlet #487 to Vm #15
0.01: MET_Broker: Sending Cloudlet #488 to Vm #15
0.01: MET_Broker: Sending Cloudlet #489 to Vm #15
0.01: MET_Broker: Sending Cloudlet #490 to Vm #15
0.01: MET_Broker: Sending Cloudlet #491 to Vm #15
0.01: MET_Broker: Sending Cloudlet #492 to Vm #15
0.01: MET_Broker: Sending Cloudlet #493 to Vm #15
0.01: MET_Broker: Sending Cloudlet #494 to Vm #15
0.01: MET_Broker: Sending Cloudlet #495 to Vm #15
0.01: MET_Broker: Sending Cloudlet #496 to Vm #15
0.01: MET_Broker: Sending Cloudlet #497 to Vm #15
0.01: MET_Broker: Sending Cloudlet #498 to Vm #15
0.01: MET_Broker: Sending Cloudlet #499 to Vm #15
0.01: MET_Broker: Sending Cloudlet #500 to Vm #15
0.01: MET_Broker: Sending Cloudlet #501 to Vm #15
0.01: MET_Broker: Sending Cloudlet #502 to Vm #15
0.01: MET_Broker: Sending Cloudlet #503 to Vm #15
0.01: MET_Broker: Sending Cloudlet #504 to Vm #15
0.01: MET_Broker: Sending Cloudlet #505 to Vm #15
0.01: MET_Broker: Sending Cloudlet #506 to Vm #15
0.01: MET_Broker: Sending Cloudlet #507 to Vm #15
0.01: MET_Broker: Sending Cloudlet #508 to Vm #15
0.01: MET_Broker: Sending Cloudlet #509 to Vm #15
0.01: MET_Broker: Sending Cloudlet #510 to Vm #15
0.01: MET_Broker: Sending Cloudlet #511 to Vm #15
0.01: MET_Broker: Sending Cloudlet #512 to Vm #15
0.01: MET_Broker: Sending Cloudlet #513 to Vm #15
0.01: MET_Broker: Sending Cloudlet #514 to Vm #15
0.01: MET_Broker: Sending Cloudlet #515 to Vm #15
0.01: MET_Broker: Sending Cloudlet #516 to Vm #15
0.01: MET_Broker: Sending Cloudlet #517 to Vm #15
0.01: MET_Broker: Sending Cloudlet #518 to Vm #15
0.01: MET_Broker: Sending Cloudlet #519 to Vm #15
0.01: MET_Broker: Sending Cloudlet #520 to Vm #15
0.01: MET_Broker: Sending Cloudlet #521 to Vm #15
0.01: MET_Broker: Sending Cloudlet #522 to Vm #15
0.01: MET_Broker: Sending Cloudlet #523 to Vm #15
0.01: MET_Broker: Sending Cloudlet #524 to Vm #15
0.01: MET_Broker: Sending Cloudlet #525 to Vm #15
0.01: MET_Broker: Sending Cloudlet #526 to Vm #15
0.01: MET_Broker: Sending Cloudlet #527 to Vm #15
0.01: MET_Broker: Sending Cloudlet #528 to Vm #15
0.01: MET_Broker: Sending Cloudlet #529 to Vm #15
0.01: MET_Broker: Sending Cloudlet #530 to Vm #15
0.01: MET_Broker: Sending Cloudlet #531 to Vm #15
0.01: MET_Broker: Sending Cloudlet #532 to Vm #15
0.01: MET_Broker: Sending Cloudlet #533 to Vm #15
0.01: MET_Broker: Sending Cloudlet #534 to Vm #15
0.01: MET_Broker: Sending Cloudlet #535 to Vm #15
0.01: MET_Broker: Sending Cloudlet #536 to Vm #15
0.01: MET_Broker: Sending Cloudlet #537 to Vm #15
0.01: MET_Broker: Sending Cloudlet #538 to Vm #15
0.01: MET_Broker: Sending Cloudlet #539 to Vm #15
0.01: MET_Broker: Sending Cloudlet #540 to Vm #15
0.01: MET_Broker: Sending Cloudlet #541 to Vm #15
0.01: MET_Broker: Sending Cloudlet #542 to Vm #15
0.01: MET_Broker: Sending Cloudlet #543 to Vm #15
0.01: MET_Broker: Sending Cloudlet #544 to Vm #15
0.01: MET_Broker: Sending Cloudlet #545 to Vm #15
0.01: MET_Broker: Sending Cloudlet #546 to Vm #15
0.01: MET_Broker: Sending Cloudlet #547 to Vm #15
0.01: MET_Broker: Sending Cloudlet #548 to Vm #15
0.01: MET_Broker: Sending Cloudlet #549 to Vm #15
0.01: MET_Broker: Sending Cloudlet #550 to Vm #15
0.01: MET_Broker: Sending Cloudlet #551 to Vm #15
0.01: MET_Broker: Sending Cloudlet #552 to Vm #15
0.01: MET_Broker: Sending Cloudlet #553 to Vm #15
0.01: MET_Broker: Sending Cloudlet #554 to Vm #15
0.01: MET_Broker: Sending Cloudlet #555 to Vm #15
0.01: MET_Broker: Sending Cloudlet #556 to Vm #15
0.01: MET_Broker: Sending Cloudlet #557 to Vm #15
0.01: MET_Broker: Sending Cloudlet #558 to Vm #15
0.01: MET_Broker: Sending Cloudlet #559 to Vm #15
0.01: MET_Broker: Sending Cloudlet #560 to Vm #15
0.01: MET_Broker: Sending Cloudlet #561 to Vm #15
0.01: MET_Broker: Sending Cloudlet #562 to Vm #15
0.01: MET_Broker: Sending Cloudlet #563 to Vm #15
0.01: MET_Broker: Sending Cloudlet #564 to Vm #15
0.01: MET_Broker: Sending Cloudlet #565 to Vm #15
0.01: MET_Broker: Sending Cloudlet #566 to Vm #15
0.01: MET_Broker: Sending Cloudlet #567 to Vm #15
0.01: MET_Broker: Sending Cloudlet #568 to Vm #15
0.01: MET_Broker: Sending Cloudlet #569 to Vm #15
0.01: MET_Broker: Sending Cloudlet #570 to Vm #15
0.01: MET_Broker: Sending Cloudlet #571 to Vm #15
0.01: MET_Broker: Sending Cloudlet #572 to Vm #15
0.01: MET_Broker: Sending Cloudlet #573 to Vm #15
0.01: MET_Broker: Sending Cloudlet #574 to Vm #15
0.01: MET_Broker: Sending Cloudlet #575 to Vm #15
0.01: MET_Broker: Sending Cloudlet #576 to Vm #15
0.01: MET_Broker: Sending Cloudlet #577 to Vm #15
0.01: MET_Broker: Sending Cloudlet #578 to Vm #15
0.01: MET_Broker: Sending Cloudlet #579 to Vm #15
0.01: MET_Broker: Sending Cloudlet #580 to Vm #15
0.01: MET_Broker: Sending Cloudlet #581 to Vm #15
0.01: MET_Broker: Sending Cloudlet #582 to Vm #15
0.01: MET_Broker: Sending Cloudlet #583 to Vm #15
0.01: MET_Broker: Sending Cloudlet #584 to Vm #15
0.01: MET_Broker: Sending Cloudlet #585 to Vm #15
0.01: MET_Broker: Sending Cloudlet #586 to Vm #15
0.01: MET_Broker: Sending Cloudlet #587 to Vm #15
0.01: MET_Broker: Sending Cloudlet #588 to Vm #15
0.01: MET_Broker: Sending Cloudlet #589 to Vm #15
0.01: MET_Broker: Sending Cloudlet #590 to Vm #15
0.01: MET_Broker: Sending Cloudlet #591 to Vm #15
0.01: MET_Broker: Sending Cloudlet #592 to Vm #15
0.01: MET_Broker: Sending Cloudlet #593 to Vm #15
0.01: MET_Broker: Sending Cloudlet #594 to Vm #15
0.01: MET_Broker: Sending Cloudlet #595 to Vm #15
0.01: MET_Broker: Sending Cloudlet #596 to Vm #15
0.01: MET_Broker: Sending Cloudlet #597 to Vm #15
0.01: MET_Broker: Sending Cloudlet #598 to Vm #15
0.01: MET_Broker: Sending Cloudlet #599 to Vm #15
0.01: MET_Broker: Sending Cloudlet #600 to Vm #15
0.01: MET_Broker: Sending Cloudlet #601 to Vm #15
0.01: MET_Broker: Sending Cloudlet #602 to Vm #15
0.01: MET_Broker: Sending Cloudlet #603 to Vm #15
0.01: MET_Broker: Sending Cloudlet #604 to Vm #15
0.01: MET_Broker: Sending Cloudlet #605 to Vm #15
0.01: MET_Broker: Sending Cloudlet #606 to Vm #15
0.01: MET_Broker: Sending Cloudlet #607 to Vm #15
0.01: MET_Broker: Sending Cloudlet #608 to Vm #15
0.01: MET_Broker: Sending Cloudlet #609 to Vm #15
0.01: MET_Broker: Sending Cloudlet #610 to Vm #15
0.01: MET_Broker: Sending Cloudlet #611 to Vm #15
0.01: MET_Broker: Sending Cloudlet #612 to Vm #15
0.01: MET_Broker: Sending Cloudlet #613 to Vm #15
0.01: MET_Broker: Sending Cloudlet #614 to Vm #15
0.01: MET_Broker: Sending Cloudlet #615 to Vm #15
0.01: MET_Broker: Sending Cloudlet #616 to Vm #15
0.01: MET_Broker: Sending Cloudlet #617 to Vm #15
0.01: MET_Broker: Sending Cloudlet #618 to Vm #15
0.01: MET_Broker: Sending Cloudlet #619 to Vm #15
0.01: MET_Broker: Sending Cloudlet #620 to Vm #15
0.01: MET_Broker: Sending Cloudlet #621 to Vm #15
0.01: MET_Broker: Sending Cloudlet #622 to Vm #15
0.01: MET_Broker: Sending Cloudlet #623 to Vm #15
0.01: MET_Broker: Sending Cloudlet #624 to Vm #15
0.01: MET_Broker: Sending Cloudlet #625 to Vm #15
0.01: MET_Broker: Sending Cloudlet #626 to Vm #15
0.01: MET_Broker: Sending Cloudlet #627 to Vm #15
0.01: MET_Broker: Sending Cloudlet #628 to Vm #15
0.01: MET_Broker: Sending Cloudlet #629 to Vm #15
0.01: MET_Broker: Sending Cloudlet #630 to Vm #15
0.01: MET_Broker: Sending Cloudlet #631 to Vm #15
0.01: MET_Broker: Sending Cloudlet #632 to Vm #15
0.01: MET_Broker: Sending Cloudlet #633 to Vm #15
0.01: MET_Broker: Sending Cloudlet #634 to Vm #15
0.01: MET_Broker: Sending Cloudlet #635 to Vm #15
0.01: MET_Broker: Sending Cloudlet #636 to Vm #15
0.01: MET_Broker: Sending Cloudlet #637 to Vm #15
0.01: MET_Broker: Sending Cloudlet #638 to Vm #15
0.01: MET_Broker: Sending Cloudlet #639 to Vm #15
0.01: MET_Broker: Sending Cloudlet #640 to Vm #15
0.01: MET_Broker: Sending Cloudlet #641 to Vm #15
0.01: MET_Broker: Sending Cloudlet #642 to Vm #15
0.01: MET_Broker: Sending Cloudlet #643 to Vm #15
0.01: MET_Broker: Sending Cloudlet #644 to Vm #15
0.01: MET_Broker: Sending Cloudlet #645 to Vm #15
0.01: MET_Broker: Sending Cloudlet #646 to Vm #15
0.01: MET_Broker: Sending Cloudlet #647 to Vm #15
0.01: MET_Broker: Sending Cloudlet #648 to Vm #15
0.01: MET_Broker: Sending Cloudlet #649 to Vm #15
0.01: MET_Broker: Sending Cloudlet #650 to Vm #15
0.01: MET_Broker: Sending Cloudlet #651 to Vm #15
0.01: MET_Broker: Sending Cloudlet #652 to Vm #15
0.01: MET_Broker: Sending Cloudlet #653 to Vm #15
0.01: MET_Broker: Sending Cloudlet #654 to Vm #15
0.01: MET_Broker: Sending Cloudlet #655 to Vm #15
0.01: MET_Broker: Sending Cloudlet #656 to Vm #15
0.01: MET_Broker: Sending Cloudlet #657 to Vm #15
0.01: MET_Broker: Sending Cloudlet #658 to Vm #15
0.01: MET_Broker: Sending Cloudlet #659 to Vm #15
0.01: MET_Broker: Sending Cloudlet #660 to Vm #15
0.01: MET_Broker: Sending Cloudlet #661 to Vm #15
0.01: MET_Broker: Sending Cloudlet #662 to Vm #15
0.01: MET_Broker: Sending Cloudlet #663 to Vm #15
0.01: MET_Broker: Sending Cloudlet #664 to Vm #15
0.01: MET_Broker: Sending Cloudlet #665 to Vm #15
0.01: MET_Broker: Sending Cloudlet #666 to Vm #15
0.01: MET_Broker: Sending Cloudlet #667 to Vm #15
0.01: MET_Broker: Sending Cloudlet #668 to Vm #15
0.01: MET_Broker: Sending Cloudlet #669 to Vm #15
0.01: MET_Broker: Sending Cloudlet #670 to Vm #15
0.01: MET_Broker: Sending Cloudlet #671 to Vm #15
0.01: MET_Broker: Sending Cloudlet #672 to Vm #15
0.01: MET_Broker: Sending Cloudlet #673 to Vm #15
0.01: MET_Broker: Sending Cloudlet #674 to Vm #15
0.01: MET_Broker: Sending Cloudlet #675 to Vm #15
0.01: MET_Broker: Sending Cloudlet #676 to Vm #15
0.01: MET_Broker: Sending Cloudlet #677 to Vm #15
0.01: MET_Broker: Sending Cloudlet #678 to Vm #15
0.01: MET_Broker: Sending Cloudlet #679 to Vm #15
0.01: MET_Broker: Sending Cloudlet #680 to Vm #15
0.01: MET_Broker: Sending Cloudlet #681 to Vm #15
0.01: MET_Broker: Sending Cloudlet #682 to Vm #15
0.01: MET_Broker: Sending Cloudlet #683 to Vm #15
0.01: MET_Broker: Sending Cloudlet #684 to Vm #15
0.01: MET_Broker: Sending Cloudlet #685 to Vm #15
0.01: MET_Broker: Sending Cloudlet #686 to Vm #15
0.01: MET_Broker: Sending Cloudlet #687 to Vm #15
0.01: MET_Broker: Sending Cloudlet #688 to Vm #15
0.01: MET_Broker: Sending Cloudlet #689 to Vm #15
0.01: MET_Broker: Sending Cloudlet #690 to Vm #15
0.01: MET_Broker: Sending Cloudlet #691 to Vm #15
0.01: MET_Broker: Sending Cloudlet #692 to Vm #15
0.01: MET_Broker: Sending Cloudlet #693 to Vm #15
0.01: MET_Broker: Sending Cloudlet #694 to Vm #15
0.01: MET_Broker: Sending Cloudlet #695 to Vm #15
0.01: MET_Broker: Sending Cloudlet #696 to Vm #15
0.01: MET_Broker: Sending Cloudlet #697 to Vm #15
0.01: MET_Broker: Sending Cloudlet #698 to Vm #15
0.01: MET_Broker: Sending Cloudlet #699 to Vm #15
18.01: MET_Broker: Cloudlet #1 return received
18.01: MET_Broker: The number of finished Cloudlets is:1
28.41: MET_Broker: Cloudlet #3 return received
28.41: MET_Broker: The number of finished Cloudlets is:2
39.61: MET_Broker: Cloudlet #2 return received
39.61: MET_Broker: The number of finished Cloudlets is:3
56.81: MET_Broker: Cloudlet #5 return received
56.81: MET_Broker: The number of finished Cloudlets is:4
60.01: MET_Broker: Cloudlet #0 return received
60.01: MET_Broker: The number of finished Cloudlets is:5
61.61: MET_Broker: Cloudlet #6 return received
61.61: MET_Broker: The number of finished Cloudlets is:6
68.81: MET_Broker: Cloudlet #4 return received
68.81: MET_Broker: The number of finished Cloudlets is:7
81.21000000000001: MET_Broker: Cloudlet #8 return received
81.21000000000001: MET_Broker: The number of finished Cloudlets is:8
100.41000000000001: MET_Broker: Cloudlet #9 return received
100.41000000000001: MET_Broker: The number of finished Cloudlets is:9
102.01: MET_Broker: Cloudlet #7 return received
102.01: MET_Broker: The number of finished Cloudlets is:10
116.01: MET_Broker: Cloudlet #11 return received
116.01: MET_Broker: The number of finished Cloudlets is:11
134.41: MET_Broker: Cloudlet #12 return received
134.41: MET_Broker: The number of finished Cloudlets is:12
150.01: MET_Broker: Cloudlet #14 return received
150.01: MET_Broker: The number of finished Cloudlets is:13
150.41: MET_Broker: Cloudlet #13 return received
150.41: MET_Broker: The number of finished Cloudlets is:14
176.41: MET_Broker: Cloudlet #15 return received
176.41: MET_Broker: The number of finished Cloudlets is:15
192.81: MET_Broker: Cloudlet #16 return received
192.81: MET_Broker: The number of finished Cloudlets is:16
197.21: MET_Broker: Cloudlet #17 return received
197.21: MET_Broker: The number of finished Cloudlets is:17
208.21: MET_Broker: Cloudlet #20 return received
208.21: MET_Broker: The number of finished Cloudlets is:18
220.01000000000002: MET_Broker: Cloudlet #18 return received
220.01000000000002: MET_Broker: The number of finished Cloudlets is:19
238.21: MET_Broker: Cloudlet #21 return received
238.21: MET_Broker: The number of finished Cloudlets is:20
259.61: MET_Broker: Cloudlet #22 return received
259.61: MET_Broker: The number of finished Cloudlets is:21
278.81: MET_Broker: Cloudlet #10 return received
278.81: MET_Broker: The number of finished Cloudlets is:22
280.01: MET_Broker: Cloudlet #24 return received
280.01: MET_Broker: The number of finished Cloudlets is:23
310.81: MET_Broker: Cloudlet #26 return received
310.81: MET_Broker: The number of finished Cloudlets is:24
328.81: MET_Broker: Cloudlet #25 return received
328.81: MET_Broker: The number of finished Cloudlets is:25
350.81: MET_Broker: Cloudlet #28 return received
350.81: MET_Broker: The number of finished Cloudlets is:26
352.01: MET_Broker: Cloudlet #27 return received
352.01: MET_Broker: The number of finished Cloudlets is:27
400.81: MET_Broker: Cloudlet #29 return received
400.81: MET_Broker: The number of finished Cloudlets is:28
412.01: MET_Broker: Cloudlet #30 return received
412.01: MET_Broker: The number of finished Cloudlets is:29
430.01: MET_Broker: Cloudlet #31 return received
430.01: MET_Broker: The number of finished Cloudlets is:30
435.61: MET_Broker: Cloudlet #32 return received
435.61: MET_Broker: The number of finished Cloudlets is:31
476.81: MET_Broker: Cloudlet #33 return received
476.81: MET_Broker: The number of finished Cloudlets is:32
477.81: MET_Broker: Cloudlet #19 return received
477.81: MET_Broker: The number of finished Cloudlets is:33
481.61: MET_Broker: Cloudlet #34 return received
481.61: MET_Broker: The number of finished Cloudlets is:34
492.81: MET_Broker: Cloudlet #35 return received
492.81: MET_Broker: The number of finished Cloudlets is:35
500.41: MET_Broker: Cloudlet #37 return received
500.41: MET_Broker: The number of finished Cloudlets is:36
520.61: MET_Broker: Cloudlet #36 return received
520.61: MET_Broker: The number of finished Cloudlets is:37
523.21: MET_Broker: Cloudlet #23 return received
523.21: MET_Broker: The number of finished Cloudlets is:38
525.21: MET_Broker: Cloudlet #38 return received
525.21: MET_Broker: The number of finished Cloudlets is:39
540.01: MET_Broker: Cloudlet #39 return received
540.01: MET_Broker: The number of finished Cloudlets is:40
557.01: MET_Broker: Cloudlet #40 return received
557.01: MET_Broker: The number of finished Cloudlets is:41
567.61: MET_Broker: Cloudlet #41 return received
567.61: MET_Broker: The number of finished Cloudlets is:42
575.01: MET_Broker: Cloudlet #44 return received
575.01: MET_Broker: The number of finished Cloudlets is:43
579.21: MET_Broker: Cloudlet #42 return received
579.21: MET_Broker: The number of finished Cloudlets is:44
581.21: MET_Broker: Cloudlet #43 return received
581.21: MET_Broker: The number of finished Cloudlets is:45
599.21: MET_Broker: Cloudlet #45 return received
599.21: MET_Broker: The number of finished Cloudlets is:46
602.4100000000001: MET_Broker: Cloudlet #48 return received
602.4100000000001: MET_Broker: The number of finished Cloudlets is:47
612.21: MET_Broker: Cloudlet #46 return received
612.21: MET_Broker: The number of finished Cloudlets is:48
619.61: MET_Broker: Cloudlet #47 return received
619.61: MET_Broker: The number of finished Cloudlets is:49
634.01: MET_Broker: Cloudlet #50 return received
634.01: MET_Broker: The number of finished Cloudlets is:50
635.61: MET_Broker: Cloudlet #52 return received
635.61: MET_Broker: The number of finished Cloudlets is:51
643.61: MET_Broker: Cloudlet #49 return received
643.61: MET_Broker: The number of finished Cloudlets is:52
658.41: MET_Broker: Cloudlet #53 return received
658.41: MET_Broker: The number of finished Cloudlets is:53
668.01: MET_Broker: Cloudlet #54 return received
668.01: MET_Broker: The number of finished Cloudlets is:54
670.41: MET_Broker: Cloudlet #55 return received
670.41: MET_Broker: The number of finished Cloudlets is:55
672.2099999999999: MET_Broker: Cloudlet #51 return received
672.2099999999999: MET_Broker: The number of finished Cloudlets is:56
701.2099999999999: MET_Broker: Cloudlet #58 return received
701.2099999999999: MET_Broker: The number of finished Cloudlets is:57
702.2099999999999: MET_Broker: Cloudlet #59 return received
702.2099999999999: MET_Broker: The number of finished Cloudlets is:58
706.0099999999999: MET_Broker: Cloudlet #56 return received
706.0099999999999: MET_Broker: The number of finished Cloudlets is:59
718.8099999999998: MET_Broker: Cloudlet #57 return received
718.8099999999998: MET_Broker: The number of finished Cloudlets is:60
725.8099999999998: MET_Broker: Cloudlet #61 return received
725.8099999999998: MET_Broker: The number of finished Cloudlets is:61
731.2099999999998: MET_Broker: Cloudlet #60 return received
731.2099999999998: MET_Broker: The number of finished Cloudlets is:62
762.2099999999998: MET_Broker: Cloudlet #64 return received
762.2099999999998: MET_Broker: The number of finished Cloudlets is:63
764.8099999999998: MET_Broker: Cloudlet #63 return received
764.8099999999998: MET_Broker: The number of finished Cloudlets is:64
773.2099999999998: MET_Broker: Cloudlet #66 return received
773.2099999999998: MET_Broker: The number of finished Cloudlets is:65
820.0099999999998: MET_Broker: Cloudlet #68 return received
820.0099999999998: MET_Broker: The number of finished Cloudlets is:66
870.0099999999998: MET_Broker: Cloudlet #69 return received
870.0099999999998: MET_Broker: The number of finished Cloudlets is:67
899.8099999999997: MET_Broker: Cloudlet #67 return received
899.8099999999997: MET_Broker: The number of finished Cloudlets is:68
906.4099999999997: MET_Broker: Cloudlet #70 return received
906.4099999999997: MET_Broker: The number of finished Cloudlets is:69
937.8099999999997: MET_Broker: Cloudlet #71 return received
937.8099999999997: MET_Broker: The number of finished Cloudlets is:70
944.4099999999997: MET_Broker: Cloudlet #72 return received
944.4099999999997: MET_Broker: The number of finished Cloudlets is:71
972.6099999999998: MET_Broker: Cloudlet #73 return received
972.6099999999998: MET_Broker: The number of finished Cloudlets is:72
972.8099999999998: MET_Broker: Cloudlet #74 return received
972.8099999999998: MET_Broker: The number of finished Cloudlets is:73
991.0099999999999: MET_Broker: Cloudlet #62 return received
991.0099999999999: MET_Broker: The number of finished Cloudlets is:74
1012.2099999999999: MET_Broker: Cloudlet #77 return received
1012.2099999999999: MET_Broker: The number of finished Cloudlets is:75
1024.21: MET_Broker: Cloudlet #75 return received
1024.21: MET_Broker: The number of finished Cloudlets is:76
1024.41: MET_Broker: Cloudlet #76 return received
1024.41: MET_Broker: The number of finished Cloudlets is:77
1051.01: MET_Broker: Cloudlet #78 return received
1051.01: MET_Broker: The number of finished Cloudlets is:78
1068.61: MET_Broker: Cloudlet #79 return received
1068.61: MET_Broker: The number of finished Cloudlets is:79
1084.4099999999999: MET_Broker: Cloudlet #80 return received
1084.4099999999999: MET_Broker: The number of finished Cloudlets is:80
1090.61: MET_Broker: Cloudlet #81 return received
1090.61: MET_Broker: The number of finished Cloudlets is:81
1091.2099999999998: MET_Broker: Cloudlet #65 return received
1091.2099999999998: MET_Broker: The number of finished Cloudlets is:82
1140.61: MET_Broker: Cloudlet #84 return received
1140.61: MET_Broker: The number of finished Cloudlets is:83
1142.01: MET_Broker: Cloudlet #85 return received
1142.01: MET_Broker: The number of finished Cloudlets is:84
1161.01: MET_Broker: Cloudlet #86 return received
1161.01: MET_Broker: The number of finished Cloudlets is:85
1176.01: MET_Broker: Cloudlet #87 return received
1176.01: MET_Broker: The number of finished Cloudlets is:86
1198.21: MET_Broker: Cloudlet #88 return received
1198.21: MET_Broker: The number of finished Cloudlets is:87
1202.01: MET_Broker: Cloudlet #89 return received
1202.01: MET_Broker: The number of finished Cloudlets is:88
1223.21: MET_Broker: Cloudlet #91 return received
1223.21: MET_Broker: The number of finished Cloudlets is:89
1271.6100000000001: MET_Broker: Cloudlet #92 return received
1271.6100000000001: MET_Broker: The number of finished Cloudlets is:90
1278.6100000000001: MET_Broker: Cloudlet #82 return received
1278.6100000000001: MET_Broker: The number of finished Cloudlets is:91
1312.0100000000002: MET_Broker: Cloudlet #93 return received
1312.0100000000002: MET_Broker: The number of finished Cloudlets is:92
1316.6100000000001: MET_Broker: Cloudlet #94 return received
1316.6100000000001: MET_Broker: The number of finished Cloudlets is:93
1331.6100000000001: MET_Broker: Cloudlet #95 return received
1331.6100000000001: MET_Broker: The number of finished Cloudlets is:94
1369.41: MET_Broker: Cloudlet #83 return received
1369.41: MET_Broker: The number of finished Cloudlets is:95
1371.21: MET_Broker: Cloudlet #97 return received
1371.21: MET_Broker: The number of finished Cloudlets is:96
1389.01: MET_Broker: Cloudlet #98 return received
1389.01: MET_Broker: The number of finished Cloudlets is:97
1406.81: MET_Broker: Cloudlet #99 return received
1406.81: MET_Broker: The number of finished Cloudlets is:98
1417.81: MET_Broker: Cloudlet #101 return received
1417.81: MET_Broker: The number of finished Cloudlets is:99
1467.81: MET_Broker: Cloudlet #102 return received
1467.81: MET_Broker: The number of finished Cloudlets is:100
1521.81: MET_Broker: Cloudlet #103 return received
1521.81: MET_Broker: The number of finished Cloudlets is:101
1526.61: MET_Broker: Cloudlet #96 return received
1526.61: MET_Broker: The number of finished Cloudlets is:102
1558.2099999999998: MET_Broker: Cloudlet #90 return received
1558.2099999999998: MET_Broker: The number of finished Cloudlets is:103
1563.0099999999998: MET_Broker: Cloudlet #105 return received
1563.0099999999998: MET_Broker: The number of finished Cloudlets is:104
1571.8099999999997: MET_Broker: Cloudlet #104 return received
1571.8099999999997: MET_Broker: The number of finished Cloudlets is:105
1588.2099999999998: MET_Broker: Cloudlet #106 return received
1588.2099999999998: MET_Broker: The number of finished Cloudlets is:106
1589.0099999999998: MET_Broker: Cloudlet #107 return received
1589.0099999999998: MET_Broker: The number of finished Cloudlets is:107
1607.0099999999998: MET_Broker: Cloudlet #109 return received
1607.0099999999998: MET_Broker: The number of finished Cloudlets is:108
1621.0099999999998: MET_Broker: Cloudlet #108 return received
1621.0099999999998: MET_Broker: The number of finished Cloudlets is:109
1655.8099999999997: MET_Broker: Cloudlet #112 return received
1655.8099999999997: MET_Broker: The number of finished Cloudlets is:110
1701.8099999999997: MET_Broker: Cloudlet #113 return received
1701.8099999999997: MET_Broker: The number of finished Cloudlets is:111
1721.4099999999996: MET_Broker: Cloudlet #114 return received
1721.4099999999996: MET_Broker: The number of finished Cloudlets is:112
1724.0099999999995: MET_Broker: Cloudlet #110 return received
1724.0099999999995: MET_Broker: The number of finished Cloudlets is:113
1749.0099999999995: MET_Broker: Cloudlet #100 return received
1749.0099999999995: MET_Broker: The number of finished Cloudlets is:114
1765.8099999999995: MET_Broker: Cloudlet #115 return received
1765.8099999999995: MET_Broker: The number of finished Cloudlets is:115
1788.6099999999994: MET_Broker: Cloudlet #117 return received
1788.6099999999994: MET_Broker: The number of finished Cloudlets is:116
1791.8099999999995: MET_Broker: Cloudlet #118 return received
1791.8099999999995: MET_Broker: The number of finished Cloudlets is:117
1821.8099999999995: MET_Broker: Cloudlet #120 return received
1821.8099999999995: MET_Broker: The number of finished Cloudlets is:118
1848.6099999999994: MET_Broker: Cloudlet #119 return received
1848.6099999999994: MET_Broker: The number of finished Cloudlets is:119
1867.0099999999995: MET_Broker: Cloudlet #121 return received
1867.0099999999995: MET_Broker: The number of finished Cloudlets is:120
1877.8099999999995: MET_Broker: Cloudlet #122 return received
1877.8099999999995: MET_Broker: The number of finished Cloudlets is:121
1896.6099999999994: MET_Broker: Cloudlet #124 return received
1896.6099999999994: MET_Broker: The number of finished Cloudlets is:122
1917.8099999999995: MET_Broker: Cloudlet #123 return received
1917.8099999999995: MET_Broker: The number of finished Cloudlets is:123
1934.0099999999995: MET_Broker: Cloudlet #116 return received
1934.0099999999995: MET_Broker: The number of finished Cloudlets is:124
1938.2099999999996: MET_Broker: Cloudlet #126 return received
1938.2099999999996: MET_Broker: The number of finished Cloudlets is:125
1956.2099999999996: MET_Broker: Cloudlet #128 return received
1956.2099999999996: MET_Broker: The number of finished Cloudlets is:126
1956.6099999999997: MET_Broker: Cloudlet #125 return received
1956.6099999999997: MET_Broker: The number of finished Cloudlets is:127
1958.4099999999996: MET_Broker: Cloudlet #127 return received
1958.4099999999996: MET_Broker: The number of finished Cloudlets is:128
1967.0099999999995: MET_Broker: Cloudlet #111 return received
1967.0099999999995: MET_Broker: The number of finished Cloudlets is:129
1985.0099999999995: MET_Broker: Cloudlet #130 return received
1985.0099999999995: MET_Broker: The number of finished Cloudlets is:130
1990.8099999999995: MET_Broker: Cloudlet #131 return received
1990.8099999999995: MET_Broker: The number of finished Cloudlets is:131
1995.0099999999995: MET_Broker: Cloudlet #129 return received
1995.0099999999995: MET_Broker: The number of finished Cloudlets is:132
2001.8099999999995: MET_Broker: Cloudlet #132 return received
2001.8099999999995: MET_Broker: The number of finished Cloudlets is:133
2016.2099999999996: MET_Broker: Cloudlet #135 return received
2016.2099999999996: MET_Broker: The number of finished Cloudlets is:134
2020.0099999999995: MET_Broker: Cloudlet #134 return received
2020.0099999999995: MET_Broker: The number of finished Cloudlets is:135
2022.2099999999996: MET_Broker: Cloudlet #133 return received
2022.2099999999996: MET_Broker: The number of finished Cloudlets is:136
2028.6099999999997: MET_Broker: Cloudlet #136 return received
2028.6099999999997: MET_Broker: The number of finished Cloudlets is:137
2051.6099999999997: MET_Broker: Cloudlet #138 return received
2051.6099999999997: MET_Broker: The number of finished Cloudlets is:138
2051.8099999999995: MET_Broker: Cloudlet #137 return received
2051.8099999999995: MET_Broker: The number of finished Cloudlets is:139
2070.6099999999997: MET_Broker: Cloudlet #139 return received
2070.6099999999997: MET_Broker: The number of finished Cloudlets is:140
2072.2099999999996: MET_Broker: Cloudlet #140 return received
2072.2099999999996: MET_Broker: The number of finished Cloudlets is:141
2081.8099999999995: MET_Broker: Cloudlet #142 return received
2081.8099999999995: MET_Broker: The number of finished Cloudlets is:142
2098.4099999999994: MET_Broker: Cloudlet #141 return received
2098.4099999999994: MET_Broker: The number of finished Cloudlets is:143
2118.2099999999996: MET_Broker: Cloudlet #144 return received
2118.2099999999996: MET_Broker: The number of finished Cloudlets is:144
2120.6099999999997: MET_Broker: Cloudlet #145 return received
2120.6099999999997: MET_Broker: The number of finished Cloudlets is:145
2169.8099999999995: MET_Broker: Cloudlet #148 return received
2169.8099999999995: MET_Broker: The number of finished Cloudlets is:146
2212.6099999999997: MET_Broker: Cloudlet #149 return received
2212.6099999999997: MET_Broker: The number of finished Cloudlets is:147
2243.41: MET_Broker: Cloudlet #150 return received
2243.41: MET_Broker: The number of finished Cloudlets is:148
2249.41: MET_Broker: Cloudlet #151 return received
2249.41: MET_Broker: The number of finished Cloudlets is:149
2273.0099999999998: MET_Broker: Cloudlet #152 return received
2273.0099999999998: MET_Broker: The number of finished Cloudlets is:150
2280.6099999999997: MET_Broker: Cloudlet #143 return received
2280.6099999999997: MET_Broker: The number of finished Cloudlets is:151
2313.41: MET_Broker: Cloudlet #153 return received
2313.41: MET_Broker: The number of finished Cloudlets is:152
2328.21: MET_Broker: Cloudlet #147 return received
2328.21: MET_Broker: The number of finished Cloudlets is:153
2329.01: MET_Broker: Cloudlet #154 return received
2329.01: MET_Broker: The number of finished Cloudlets is:154
2334.61: MET_Broker: Cloudlet #155 return received
2334.61: MET_Broker: The number of finished Cloudlets is:155
2355.81: MET_Broker: Cloudlet #158 return received
2355.81: MET_Broker: The number of finished Cloudlets is:156
2357.41: MET_Broker: Cloudlet #156 return received
2357.41: MET_Broker: The number of finished Cloudlets is:157
2365.41: MET_Broker: Cloudlet #157 return received
2365.41: MET_Broker: The number of finished Cloudlets is:158
2383.41: MET_Broker: Cloudlet #146 return received
2383.41: MET_Broker: The number of finished Cloudlets is:159
2395.41: MET_Broker: Cloudlet #160 return received
2395.41: MET_Broker: The number of finished Cloudlets is:160
2403.41: MET_Broker: Cloudlet #159 return received
2403.41: MET_Broker: The number of finished Cloudlets is:161
2413.0099999999998: MET_Broker: Cloudlet #161 return received
2413.0099999999998: MET_Broker: The number of finished Cloudlets is:162
2424.0099999999998: MET_Broker: Cloudlet #165 return received
2424.0099999999998: MET_Broker: The number of finished Cloudlets is:163
2424.6099999999997: MET_Broker: Cloudlet #163 return received
2424.6099999999997: MET_Broker: The number of finished Cloudlets is:164
2433.41: MET_Broker: Cloudlet #162 return received
2433.41: MET_Broker: The number of finished Cloudlets is:165
2445.41: MET_Broker: Cloudlet #164 return received
2445.41: MET_Broker: The number of finished Cloudlets is:166
2452.41: MET_Broker: Cloudlet #166 return received
2452.41: MET_Broker: The number of finished Cloudlets is:167
2459.41: MET_Broker: Cloudlet #167 return received
2459.41: MET_Broker: The number of finished Cloudlets is:168
2473.0099999999998: MET_Broker: Cloudlet #168 return received
2473.0099999999998: MET_Broker: The number of finished Cloudlets is:169
2480.6099999999997: MET_Broker: Cloudlet #171 return received
2480.6099999999997: MET_Broker: The number of finished Cloudlets is:170
2483.2099999999996: MET_Broker: Cloudlet #170 return received
2483.2099999999996: MET_Broker: The number of finished Cloudlets is:171
2487.4099999999994: MET_Broker: Cloudlet #169 return received
2487.4099999999994: MET_Broker: The number of finished Cloudlets is:172
2502.2099999999996: MET_Broker: Cloudlet #172 return received
2502.2099999999996: MET_Broker: The number of finished Cloudlets is:173
2505.4099999999994: MET_Broker: Cloudlet #175 return received
2505.4099999999994: MET_Broker: The number of finished Cloudlets is:174
2522.8099999999995: MET_Broker: Cloudlet #174 return received
2522.8099999999995: MET_Broker: The number of finished Cloudlets is:175
2534.6099999999997: MET_Broker: Cloudlet #173 return received
2534.6099999999997: MET_Broker: The number of finished Cloudlets is:176
2535.41: MET_Broker: Cloudlet #176 return received
2535.41: MET_Broker: The number of finished Cloudlets is:177
2555.41: MET_Broker: Cloudlet #177 return received
2555.41: MET_Broker: The number of finished Cloudlets is:178
2559.0099999999998: MET_Broker: Cloudlet #179 return received
2559.0099999999998: MET_Broker: The number of finished Cloudlets is:179
2562.41: MET_Broker: Cloudlet #178 return received
2562.41: MET_Broker: The number of finished Cloudlets is:180
2576.6099999999997: MET_Broker: Cloudlet #180 return received
2576.6099999999997: MET_Broker: The number of finished Cloudlets is:181
2580.6099999999997: MET_Broker: Cloudlet #181 return received
2580.6099999999997: MET_Broker: The number of finished Cloudlets is:182
2589.2099999999996: MET_Broker: Cloudlet #183 return received
2589.2099999999996: MET_Broker: The number of finished Cloudlets is:183
2599.4099999999994: MET_Broker: Cloudlet #185 return received
2599.4099999999994: MET_Broker: The number of finished Cloudlets is:184
2601.8099999999995: MET_Broker: Cloudlet #182 return received
2601.8099999999995: MET_Broker: The number of finished Cloudlets is:185
2605.4099999999994: MET_Broker: Cloudlet #187 return received
2605.4099999999994: MET_Broker: The number of finished Cloudlets is:186
2607.4099999999994: MET_Broker: Cloudlet #184 return received
2607.4099999999994: MET_Broker: The number of finished Cloudlets is:187
2620.609999999999: MET_Broker: Cloudlet #188 return received
2620.609999999999: MET_Broker: The number of finished Cloudlets is:188
2623.209999999999: MET_Broker: Cloudlet #186 return received
2623.209999999999: MET_Broker: The number of finished Cloudlets is:189
2629.409999999999: MET_Broker: Cloudlet #190 return received
2629.409999999999: MET_Broker: The number of finished Cloudlets is:190
2631.409999999999: MET_Broker: Cloudlet #189 return received
2631.409999999999: MET_Broker: The number of finished Cloudlets is:191
2657.409999999999: MET_Broker: Cloudlet #194 return received
2657.409999999999: MET_Broker: The number of finished Cloudlets is:192
2661.809999999999: MET_Broker: Cloudlet #191 return received
2661.809999999999: MET_Broker: The number of finished Cloudlets is:193
2674.009999999999: MET_Broker: Cloudlet #192 return received
2674.009999999999: MET_Broker: The number of finished Cloudlets is:194
2679.409999999999: MET_Broker: Cloudlet #193 return received
2679.409999999999: MET_Broker: The number of finished Cloudlets is:195
2696.209999999999: MET_Broker: Cloudlet #195 return received
2696.209999999999: MET_Broker: The number of finished Cloudlets is:196
2700.609999999999: MET_Broker: Cloudlet #196 return received
2700.609999999999: MET_Broker: The number of finished Cloudlets is:197
2704.609999999999: MET_Broker: Cloudlet #198 return received
2704.609999999999: MET_Broker: The number of finished Cloudlets is:198
2721.809999999999: MET_Broker: Cloudlet #200 return received
2721.809999999999: MET_Broker: The number of finished Cloudlets is:199
2723.209999999999: MET_Broker: Cloudlet #197 return received
2723.209999999999: MET_Broker: The number of finished Cloudlets is:200
2737.809999999999: MET_Broker: Cloudlet #202 return received
2737.809999999999: MET_Broker: The number of finished Cloudlets is:201
2739.009999999999: MET_Broker: Cloudlet #199 return received
2739.009999999999: MET_Broker: The number of finished Cloudlets is:202
2745.809999999999: MET_Broker: Cloudlet #201 return received
2745.809999999999: MET_Broker: The number of finished Cloudlets is:203
2763.009999999999: MET_Broker: Cloudlet #204 return received
2763.009999999999: MET_Broker: The number of finished Cloudlets is:204
2777.809999999999: MET_Broker: Cloudlet #205 return received
2777.809999999999: MET_Broker: The number of finished Cloudlets is:205
2788.209999999999: MET_Broker: Cloudlet #207 return received
2788.209999999999: MET_Broker: The number of finished Cloudlets is:206
2789.409999999999: MET_Broker: Cloudlet #206 return received
2789.409999999999: MET_Broker: The number of finished Cloudlets is:207
2817.409999999999: MET_Broker: Cloudlet #209 return received
2817.409999999999: MET_Broker: The number of finished Cloudlets is:208
2823.809999999999: MET_Broker: Cloudlet #208 return received
2823.809999999999: MET_Broker: The number of finished Cloudlets is:209
2851.409999999999: MET_Broker: Cloudlet #211 return received
2851.409999999999: MET_Broker: The number of finished Cloudlets is:210
2854.6099999999988: MET_Broker: Cloudlet #212 return received
2854.6099999999988: MET_Broker: The number of finished Cloudlets is:211
2858.2099999999987: MET_Broker: Cloudlet #203 return received
2858.2099999999987: MET_Broker: The number of finished Cloudlets is:212
2883.4099999999985: MET_Broker: Cloudlet #215 return received
2883.4099999999985: MET_Broker: The number of finished Cloudlets is:213
2893.4099999999985: MET_Broker: Cloudlet #214 return received
2893.4099999999985: MET_Broker: The number of finished Cloudlets is:214
2901.4099999999985: MET_Broker: Cloudlet #213 return received
2901.4099999999985: MET_Broker: The number of finished Cloudlets is:215
2914.2099999999987: MET_Broker: Cloudlet #216 return received
2914.2099999999987: MET_Broker: The number of finished Cloudlets is:216
2941.009999999999: MET_Broker: Cloudlet #217 return received
2941.009999999999: MET_Broker: The number of finished Cloudlets is:217
2965.009999999999: MET_Broker: Cloudlet #219 return received
2965.009999999999: MET_Broker: The number of finished Cloudlets is:218
2971.009999999999: MET_Broker: Cloudlet #221 return received
2971.009999999999: MET_Broker: The number of finished Cloudlets is:219
2999.409999999999: MET_Broker: Cloudlet #210 return received
2999.409999999999: MET_Broker: The number of finished Cloudlets is:220
3001.009999999999: MET_Broker: Cloudlet #220 return received
3001.009999999999: MET_Broker: The number of finished Cloudlets is:221
3016.2099999999987: MET_Broker: Cloudlet #222 return received
3016.2099999999987: MET_Broker: The number of finished Cloudlets is:222
3037.4099999999985: MET_Broker: Cloudlet #223 return received
3037.4099999999985: MET_Broker: The number of finished Cloudlets is:223
3039.8099999999986: MET_Broker: Cloudlet #225 return received
3039.8099999999986: MET_Broker: The number of finished Cloudlets is:224
3047.0099999999984: MET_Broker: Cloudlet #224 return received
3047.0099999999984: MET_Broker: The number of finished Cloudlets is:225
3074.6099999999983: MET_Broker: Cloudlet #227 return received
3074.6099999999983: MET_Broker: The number of finished Cloudlets is:226
3086.6099999999983: MET_Broker: Cloudlet #228 return received
3086.6099999999983: MET_Broker: The number of finished Cloudlets is:227
3097.4099999999985: MET_Broker: Cloudlet #226 return received
3097.4099999999985: MET_Broker: The number of finished Cloudlets is:228
3110.2099999999987: MET_Broker: Cloudlet #229 return received
3110.2099999999987: MET_Broker: The number of finished Cloudlets is:229
3119.8099999999986: MET_Broker: Cloudlet #230 return received
3119.8099999999986: MET_Broker: The number of finished Cloudlets is:230
3136.2099999999987: MET_Broker: Cloudlet #231 return received
3136.2099999999987: MET_Broker: The number of finished Cloudlets is:231
3146.6099999999988: MET_Broker: Cloudlet #232 return received
3146.6099999999988: MET_Broker: The number of finished Cloudlets is:232
3160.2099999999987: MET_Broker: Cloudlet #233 return received
3160.2099999999987: MET_Broker: The number of finished Cloudlets is:233
3193.4099999999985: MET_Broker: Cloudlet #235 return received
3193.4099999999985: MET_Broker: The number of finished Cloudlets is:234
3201.4099999999985: MET_Broker: Cloudlet #236 return received
3201.4099999999985: MET_Broker: The number of finished Cloudlets is:235
3228.2099999999987: MET_Broker: Cloudlet #237 return received
3228.2099999999987: MET_Broker: The number of finished Cloudlets is:236
3261.4099999999985: MET_Broker: Cloudlet #218 return received
3261.4099999999985: MET_Broker: The number of finished Cloudlets is:237
3261.4099999999985: MET_Broker: Cloudlet #238 return received
3261.4099999999985: MET_Broker: The number of finished Cloudlets is:238
3269.4099999999985: MET_Broker: Cloudlet #239 return received
3269.4099999999985: MET_Broker: The number of finished Cloudlets is:239
3312.2099999999987: MET_Broker: Cloudlet #241 return received
3312.2099999999987: MET_Broker: The number of finished Cloudlets is:240
3315.4099999999985: MET_Broker: Cloudlet #240 return received
3315.4099999999985: MET_Broker: The number of finished Cloudlets is:241
3337.4099999999985: MET_Broker: Cloudlet #242 return received
3337.4099999999985: MET_Broker: The number of finished Cloudlets is:242
3365.4099999999985: MET_Broker: Cloudlet #243 return received
3365.4099999999985: MET_Broker: The number of finished Cloudlets is:243
3402.6099999999983: MET_Broker: Cloudlet #245 return received
3402.6099999999983: MET_Broker: The number of finished Cloudlets is:244
3421.209999999998: MET_Broker: Cloudlet #234 return received
3421.209999999998: MET_Broker: The number of finished Cloudlets is:245
3450.209999999998: MET_Broker: Cloudlet #246 return received
3450.209999999998: MET_Broker: The number of finished Cloudlets is:246
3469.809999999998: MET_Broker: Cloudlet #248 return received
3469.809999999998: MET_Broker: The number of finished Cloudlets is:247
3500.6099999999983: MET_Broker: Cloudlet #249 return received
3500.6099999999983: MET_Broker: The number of finished Cloudlets is:248
3547.4099999999985: MET_Broker: Cloudlet #250 return received
3547.4099999999985: MET_Broker: The number of finished Cloudlets is:249
3571.8099999999986: MET_Broker: Cloudlet #251 return received
3571.8099999999986: MET_Broker: The number of finished Cloudlets is:250
3606.6099999999988: MET_Broker: Cloudlet #252 return received
3606.6099999999988: MET_Broker: The number of finished Cloudlets is:251
3622.409999999999: MET_Broker: Cloudlet #244 return received
3622.409999999999: MET_Broker: The number of finished Cloudlets is:252
3632.6099999999988: MET_Broker: Cloudlet #253 return received
3632.6099999999988: MET_Broker: The number of finished Cloudlets is:253
3662.6099999999988: MET_Broker: Cloudlet #255 return received
3662.6099999999988: MET_Broker: The number of finished Cloudlets is:254
3665.2099999999987: MET_Broker: Cloudlet #254 return received
3665.2099999999987: MET_Broker: The number of finished Cloudlets is:255
3712.6099999999988: MET_Broker: Cloudlet #256 return received
3712.6099999999988: MET_Broker: The number of finished Cloudlets is:256
3714.409999999999: MET_Broker: Cloudlet #257 return received
3714.409999999999: MET_Broker: The number of finished Cloudlets is:257
3734.6099999999988: MET_Broker: Cloudlet #258 return received
3734.6099999999988: MET_Broker: The number of finished Cloudlets is:258
3759.009999999999: MET_Broker: Cloudlet #260 return received
3759.009999999999: MET_Broker: The number of finished Cloudlets is:259
3781.2099999999987: MET_Broker: Cloudlet #247 return received
3781.2099999999987: MET_Broker: The number of finished Cloudlets is:260
3793.8099999999986: MET_Broker: Cloudlet #261 return received
3793.8099999999986: MET_Broker: The number of finished Cloudlets is:261
3807.2099999999987: MET_Broker: Cloudlet #262 return received
3807.2099999999987: MET_Broker: The number of finished Cloudlets is:262
3850.009999999999: MET_Broker: Cloudlet #264 return received
3850.009999999999: MET_Broker: The number of finished Cloudlets is:263
3896.009999999999: MET_Broker: Cloudlet #265 return received
3896.009999999999: MET_Broker: The number of finished Cloudlets is:264
3912.009999999999: MET_Broker: Cloudlet #266 return received
3912.009999999999: MET_Broker: The number of finished Cloudlets is:265
3924.409999999999: MET_Broker: Cloudlet #259 return received
3924.409999999999: MET_Broker: The number of finished Cloudlets is:266
3928.809999999999: MET_Broker: Cloudlet #263 return received
3928.809999999999: MET_Broker: The number of finished Cloudlets is:267
3942.409999999999: MET_Broker: Cloudlet #268 return received
3942.409999999999: MET_Broker: The number of finished Cloudlets is:268
3954.809999999999: MET_Broker: Cloudlet #267 return received
3954.809999999999: MET_Broker: The number of finished Cloudlets is:269
3974.809999999999: MET_Broker: Cloudlet #270 return received
3974.809999999999: MET_Broker: The number of finished Cloudlets is:270
3980.409999999999: MET_Broker: Cloudlet #269 return received
3980.409999999999: MET_Broker: The number of finished Cloudlets is:271
3991.209999999999: MET_Broker: Cloudlet #271 return received
3991.209999999999: MET_Broker: The number of finished Cloudlets is:272
4006.409999999999: MET_Broker: Cloudlet #273 return received
4006.409999999999: MET_Broker: The number of finished Cloudlets is:273
4015.209999999999: MET_Broker: Cloudlet #272 return received
4015.209999999999: MET_Broker: The number of finished Cloudlets is:274
4026.0099999999993: MET_Broker: Cloudlet #274 return received
4026.0099999999993: MET_Broker: The number of finished Cloudlets is:275
4031.609999999999: MET_Broker: Cloudlet #275 return received
4031.609999999999: MET_Broker: The number of finished Cloudlets is:276
4062.809999999999: MET_Broker: Cloudlet #276 return received
4062.809999999999: MET_Broker: The number of finished Cloudlets is:277
4072.809999999999: MET_Broker: Cloudlet #277 return received
4072.809999999999: MET_Broker: The number of finished Cloudlets is:278
4083.209999999999: MET_Broker: Cloudlet #278 return received
4083.209999999999: MET_Broker: The number of finished Cloudlets is:279
4098.8099999999995: MET_Broker: Cloudlet #280 return received
4098.8099999999995: MET_Broker: The number of finished Cloudlets is:280
4106.41: MET_Broker: Cloudlet #279 return received
4106.41: MET_Broker: The number of finished Cloudlets is:281
4122.41: MET_Broker: Cloudlet #282 return received
4122.41: MET_Broker: The number of finished Cloudlets is:282
4128.41: MET_Broker: Cloudlet #281 return received
4128.41: MET_Broker: The number of finished Cloudlets is:283
4133.41: MET_Broker: Cloudlet #284 return received
4133.41: MET_Broker: The number of finished Cloudlets is:284
4147.61: MET_Broker: Cloudlet #283 return received
4147.61: MET_Broker: The number of finished Cloudlets is:285
4152.21: MET_Broker: Cloudlet #286 return received
4152.21: MET_Broker: The number of finished Cloudlets is:286
4176.01: MET_Broker: Cloudlet #285 return received
4176.01: MET_Broker: The number of finished Cloudlets is:287
4181.41: MET_Broker: Cloudlet #288 return received
4181.41: MET_Broker: The number of finished Cloudlets is:288
4183.21: MET_Broker: Cloudlet #287 return received
4183.21: MET_Broker: The number of finished Cloudlets is:289
4203.41: MET_Broker: Cloudlet #290 return received
4203.41: MET_Broker: The number of finished Cloudlets is:290
4211.61: MET_Broker: Cloudlet #289 return received
4211.61: MET_Broker: The number of finished Cloudlets is:291
4219.41: MET_Broker: Cloudlet #292 return received
4219.41: MET_Broker: The number of finished Cloudlets is:292
4234.8099999999995: MET_Broker: Cloudlet #291 return received
4234.8099999999995: MET_Broker: The number of finished Cloudlets is:293
4244.61: MET_Broker: Cloudlet #294 return received
4244.61: MET_Broker: The number of finished Cloudlets is:294
4254.41: MET_Broker: Cloudlet #293 return received
4254.41: MET_Broker: The number of finished Cloudlets is:295
4265.41: MET_Broker: Cloudlet #297 return received
4265.41: MET_Broker: The number of finished Cloudlets is:296
4274.41: MET_Broker: Cloudlet #295 return received
4274.41: MET_Broker: The number of finished Cloudlets is:297
4288.21: MET_Broker: Cloudlet #296 return received
4288.21: MET_Broker: The number of finished Cloudlets is:298
4299.41: MET_Broker: Cloudlet #298 return received
4299.41: MET_Broker: The number of finished Cloudlets is:299
4318.01: MET_Broker: Cloudlet #299 return received
4318.01: MET_Broker: The number of finished Cloudlets is:300
4327.81: MET_Broker: Cloudlet #300 return received
4327.81: MET_Broker: The number of finished Cloudlets is:301
4334.21: MET_Broker: Cloudlet #301 return received
4334.21: MET_Broker: The number of finished Cloudlets is:302
4343.81: MET_Broker: Cloudlet #303 return received
4343.81: MET_Broker: The number of finished Cloudlets is:303
4363.21: MET_Broker: Cloudlet #302 return received
4363.21: MET_Broker: The number of finished Cloudlets is:304
4374.61: MET_Broker: Cloudlet #305 return received
4374.61: MET_Broker: The number of finished Cloudlets is:305
4400.41: MET_Broker: Cloudlet #306 return received
4400.41: MET_Broker: The number of finished Cloudlets is:306
4419.01: MET_Broker: Cloudlet #307 return received
4419.01: MET_Broker: The number of finished Cloudlets is:307
4452.21: MET_Broker: Cloudlet #309 return received
4452.21: MET_Broker: The number of finished Cloudlets is:308
4454.41: MET_Broker: Cloudlet #308 return received
4454.41: MET_Broker: The number of finished Cloudlets is:309
4468.21: MET_Broker: Cloudlet #310 return received
4468.21: MET_Broker: The number of finished Cloudlets is:310
4469.21: MET_Broker: Cloudlet #304 return received
4469.21: MET_Broker: The number of finished Cloudlets is:311
4491.81: MET_Broker: Cloudlet #312 return received
4491.81: MET_Broker: The number of finished Cloudlets is:312
4500.01: MET_Broker: Cloudlet #313 return received
4500.01: MET_Broker: The number of finished Cloudlets is:313
4505.21: MET_Broker: Cloudlet #311 return received
4505.21: MET_Broker: The number of finished Cloudlets is:314
4535.41: MET_Broker: Cloudlet #314 return received
4535.41: MET_Broker: The number of finished Cloudlets is:315
4539.21: MET_Broker: Cloudlet #316 return received
4539.21: MET_Broker: The number of finished Cloudlets is:316
4542.01: MET_Broker: Cloudlet #315 return received
4542.01: MET_Broker: The number of finished Cloudlets is:317
4555.81: MET_Broker: Cloudlet #317 return received
4555.81: MET_Broker: The number of finished Cloudlets is:318
4567.21: MET_Broker: Cloudlet #319 return received
4567.21: MET_Broker: The number of finished Cloudlets is:319
4599.21: MET_Broker: Cloudlet #318 return received
4599.21: MET_Broker: The number of finished Cloudlets is:320
4601.81: MET_Broker: Cloudlet #320 return received
4601.81: MET_Broker: The number of finished Cloudlets is:321
4623.81: MET_Broker: Cloudlet #323 return received
4623.81: MET_Broker: The number of finished Cloudlets is:322
4627.21: MET_Broker: Cloudlet #321 return received
4627.21: MET_Broker: The number of finished Cloudlets is:323
4643.61: MET_Broker: Cloudlet #322 return received
4643.61: MET_Broker: The number of finished Cloudlets is:324
4650.61: MET_Broker: Cloudlet #324 return received
4650.61: MET_Broker: The number of finished Cloudlets is:325
4654.009999999999: MET_Broker: Cloudlet #325 return received
4654.009999999999: MET_Broker: The number of finished Cloudlets is:326
4661.61: MET_Broker: Cloudlet #327 return received
4661.61: MET_Broker: The number of finished Cloudlets is:327
4680.009999999999: MET_Broker: Cloudlet #326 return received
4680.009999999999: MET_Broker: The number of finished Cloudlets is:328
4681.209999999999: MET_Broker: Cloudlet #329 return received
4681.209999999999: MET_Broker: The number of finished Cloudlets is:329
4704.8099999999995: MET_Broker: Cloudlet #328 return received
4704.8099999999995: MET_Broker: The number of finished Cloudlets is:330
4726.009999999999: MET_Broker: Cloudlet #332 return received
4726.009999999999: MET_Broker: The number of finished Cloudlets is:331
4735.209999999999: MET_Broker: Cloudlet #331 return received
4735.209999999999: MET_Broker: The number of finished Cloudlets is:332
4756.8099999999995: MET_Broker: Cloudlet #333 return received
4756.8099999999995: MET_Broker: The number of finished Cloudlets is:333
4772.41: MET_Broker: Cloudlet #334 return received
4772.41: MET_Broker: The number of finished Cloudlets is:334
4792.8099999999995: MET_Broker: Cloudlet #336 return received
4792.8099999999995: MET_Broker: The number of finished Cloudlets is:335
4844.41: MET_Broker: Cloudlet #337 return received
4844.41: MET_Broker: The number of finished Cloudlets is:336
4873.61: MET_Broker: Cloudlet #338 return received
4873.61: MET_Broker: The number of finished Cloudlets is:337
4900.41: MET_Broker: Cloudlet #339 return received
4900.41: MET_Broker: The number of finished Cloudlets is:338
4918.41: MET_Broker: Cloudlet #340 return received
4918.41: MET_Broker: The number of finished Cloudlets is:339
4952.41: MET_Broker: Cloudlet #341 return received
4952.41: MET_Broker: The number of finished Cloudlets is:340
4965.01: MET_Broker: Cloudlet #330 return received
4965.01: MET_Broker: The number of finished Cloudlets is:341
4966.81: MET_Broker: Cloudlet #335 return received
4966.81: MET_Broker: The number of finished Cloudlets is:342
5001.610000000001: MET_Broker: Cloudlet #342 return received
5001.610000000001: MET_Broker: The number of finished Cloudlets is:343
5010.210000000001: MET_Broker: Cloudlet #343 return received
5010.210000000001: MET_Broker: The number of finished Cloudlets is:344
5011.210000000001: MET_Broker: Cloudlet #344 return received
5011.210000000001: MET_Broker: The number of finished Cloudlets is:345
5020.410000000001: MET_Broker: Cloudlet #345 return received
5020.410000000001: MET_Broker: The number of finished Cloudlets is:346
5027.210000000001: MET_Broker: Cloudlet #347 return received
5027.210000000001: MET_Broker: The number of finished Cloudlets is:347
5039.210000000001: MET_Broker: Cloudlet #348 return received
5039.210000000001: MET_Broker: The number of finished Cloudlets is:348
5059.410000000001: MET_Broker: Cloudlet #346 return received
5059.410000000001: MET_Broker: The number of finished Cloudlets is:349
5060.410000000001: MET_Broker: Cloudlet #350 return received
5060.410000000001: MET_Broker: The number of finished Cloudlets is:350
5071.610000000001: MET_Broker: Cloudlet #349 return received
5071.610000000001: MET_Broker: The number of finished Cloudlets is:351
5092.81: MET_Broker: Cloudlet #352 return received
5092.81: MET_Broker: The number of finished Cloudlets is:352
5095.81: MET_Broker: Cloudlet #351 return received
5095.81: MET_Broker: The number of finished Cloudlets is:353
5104.01: MET_Broker: Cloudlet #353 return received
5104.01: MET_Broker: The number of finished Cloudlets is:354
5111.610000000001: MET_Broker: Cloudlet #354 return received
5111.610000000001: MET_Broker: The number of finished Cloudlets is:355
5145.81: MET_Broker: Cloudlet #355 return received
5145.81: MET_Broker: The number of finished Cloudlets is:356
5154.81: MET_Broker: Cloudlet #356 return received
5154.81: MET_Broker: The number of finished Cloudlets is:357
5156.01: MET_Broker: Cloudlet #357 return received
5156.01: MET_Broker: The number of finished Cloudlets is:358
5170.81: MET_Broker: Cloudlet #359 return received
5170.81: MET_Broker: The number of finished Cloudlets is:359
5180.610000000001: MET_Broker: Cloudlet #358 return received
5180.610000000001: MET_Broker: The number of finished Cloudlets is:360
5189.210000000001: MET_Broker: Cloudlet #360 return received
5189.210000000001: MET_Broker: The number of finished Cloudlets is:361
5218.410000000001: MET_Broker: Cloudlet #361 return received
5218.410000000001: MET_Broker: The number of finished Cloudlets is:362
5222.610000000001: MET_Broker: Cloudlet #362 return received
5222.610000000001: MET_Broker: The number of finished Cloudlets is:363
5249.210000000001: MET_Broker: Cloudlet #363 return received
5249.210000000001: MET_Broker: The number of finished Cloudlets is:364
5262.210000000001: MET_Broker: Cloudlet #365 return received
5262.210000000001: MET_Broker: The number of finished Cloudlets is:365
5267.610000000001: MET_Broker: Cloudlet #364 return received
5267.610000000001: MET_Broker: The number of finished Cloudlets is:366
5273.610000000001: MET_Broker: Cloudlet #368 return received
5273.610000000001: MET_Broker: The number of finished Cloudlets is:367
5282.410000000001: MET_Broker: Cloudlet #366 return received
5282.410000000001: MET_Broker: The number of finished Cloudlets is:368
5307.410000000001: MET_Broker: Cloudlet #367 return received
5307.410000000001: MET_Broker: The number of finished Cloudlets is:369
5318.010000000001: MET_Broker: Cloudlet #370 return received
5318.010000000001: MET_Broker: The number of finished Cloudlets is:370
5327.6100000000015: MET_Broker: Cloudlet #369 return received
5327.6100000000015: MET_Broker: The number of finished Cloudlets is:371
5332.6100000000015: MET_Broker: Cloudlet #371 return received
5332.6100000000015: MET_Broker: The number of finished Cloudlets is:372
5356.810000000001: MET_Broker: Cloudlet #372 return received
5356.810000000001: MET_Broker: The number of finished Cloudlets is:373
5361.810000000001: MET_Broker: Cloudlet #374 return received
5361.810000000001: MET_Broker: The number of finished Cloudlets is:374
5372.810000000001: MET_Broker: Cloudlet #373 return received
5372.810000000001: MET_Broker: The number of finished Cloudlets is:375
5378.810000000001: MET_Broker: Cloudlet #377 return received
5378.810000000001: MET_Broker: The number of finished Cloudlets is:376
5391.6100000000015: MET_Broker: Cloudlet #375 return received
5391.6100000000015: MET_Broker: The number of finished Cloudlets is:377
5407.6100000000015: MET_Broker: Cloudlet #379 return received
5407.6100000000015: MET_Broker: The number of finished Cloudlets is:378
5422.410000000002: MET_Broker: Cloudlet #378 return received
5422.410000000002: MET_Broker: The number of finished Cloudlets is:379
5439.210000000002: MET_Broker: Cloudlet #380 return received
5439.210000000002: MET_Broker: The number of finished Cloudlets is:380
5448.410000000002: MET_Broker: Cloudlet #381 return received
5448.410000000002: MET_Broker: The number of finished Cloudlets is:381
5455.210000000002: MET_Broker: Cloudlet #382 return received
5455.210000000002: MET_Broker: The number of finished Cloudlets is:382
5476.410000000002: MET_Broker: Cloudlet #384 return received
5476.410000000002: MET_Broker: The number of finished Cloudlets is:383
5493.6100000000015: MET_Broker: Cloudlet #383 return received
5493.6100000000015: MET_Broker: The number of finished Cloudlets is:384
5517.6100000000015: MET_Broker: Cloudlet #385 return received
5517.6100000000015: MET_Broker: The number of finished Cloudlets is:385
5530.010000000001: MET_Broker: Cloudlet #386 return received
5530.010000000001: MET_Broker: The number of finished Cloudlets is:386
5553.210000000001: MET_Broker: Cloudlet #387 return received
5553.210000000001: MET_Broker: The number of finished Cloudlets is:387
5584.010000000001: MET_Broker: Cloudlet #388 return received
5584.010000000001: MET_Broker: The number of finished Cloudlets is:388
5606.010000000001: MET_Broker: Cloudlet #390 return received
5606.010000000001: MET_Broker: The number of finished Cloudlets is:389
5646.810000000001: MET_Broker: Cloudlet #376 return received
5646.810000000001: MET_Broker: The number of finished Cloudlets is:390
5647.210000000001: MET_Broker: Cloudlet #391 return received
5647.210000000001: MET_Broker: The number of finished Cloudlets is:391
5668.410000000001: MET_Broker: Cloudlet #393 return received
5668.410000000001: MET_Broker: The number of finished Cloudlets is:392
5687.210000000001: MET_Broker: Cloudlet #392 return received
5687.210000000001: MET_Broker: The number of finished Cloudlets is:393
5688.210000000001: MET_Broker: Cloudlet #389 return received
5688.210000000001: MET_Broker: The number of finished Cloudlets is:394
5703.210000000001: MET_Broker: Cloudlet #394 return received
5703.210000000001: MET_Broker: The number of finished Cloudlets is:395
5723.810000000001: MET_Broker: Cloudlet #396 return received
5723.810000000001: MET_Broker: The number of finished Cloudlets is:396
5726.810000000001: MET_Broker: Cloudlet #397 return received
5726.810000000001: MET_Broker: The number of finished Cloudlets is:397
5774.6100000000015: MET_Broker: Cloudlet #398 return received
5774.6100000000015: MET_Broker: The number of finished Cloudlets is:398
5776.010000000001: MET_Broker: Cloudlet #399 return received
5776.010000000001: MET_Broker: The number of finished Cloudlets is:399
5785.6100000000015: MET_Broker: Cloudlet #400 return received
5785.6100000000015: MET_Broker: The number of finished Cloudlets is:400
5810.810000000001: MET_Broker: Cloudlet #401 return received
5810.810000000001: MET_Broker: The number of finished Cloudlets is:401
5835.6100000000015: MET_Broker: Cloudlet #402 return received
5835.6100000000015: MET_Broker: The number of finished Cloudlets is:402
5839.210000000002: MET_Broker: Cloudlet #403 return received
5839.210000000002: MET_Broker: The number of finished Cloudlets is:403
5865.210000000002: MET_Broker: Cloudlet #405 return received
5865.210000000002: MET_Broker: The number of finished Cloudlets is:404
5872.810000000002: MET_Broker: Cloudlet #404 return received
5872.810000000002: MET_Broker: The number of finished Cloudlets is:405
5891.210000000002: MET_Broker: Cloudlet #406 return received
5891.210000000002: MET_Broker: The number of finished Cloudlets is:406
5913.210000000002: MET_Broker: Cloudlet #407 return received
5913.210000000002: MET_Broker: The number of finished Cloudlets is:407
5915.6100000000015: MET_Broker: Cloudlet #408 return received
5915.6100000000015: MET_Broker: The number of finished Cloudlets is:408
5967.210000000002: MET_Broker: Cloudlet #409 return received
5967.210000000002: MET_Broker: The number of finished Cloudlets is:409
5999.6100000000015: MET_Broker: Cloudlet #411 return received
5999.6100000000015: MET_Broker: The number of finished Cloudlets is:410
6047.210000000002: MET_Broker: Cloudlet #395 return received
6047.210000000002: MET_Broker: The number of finished Cloudlets is:411
6051.210000000002: MET_Broker: Cloudlet #412 return received
6051.210000000002: MET_Broker: The number of finished Cloudlets is:412
6078.010000000002: MET_Broker: Cloudlet #413 return received
6078.010000000002: MET_Broker: The number of finished Cloudlets is:413
6084.010000000002: MET_Broker: Cloudlet #415 return received
6084.010000000002: MET_Broker: The number of finished Cloudlets is:414
6107.610000000002: MET_Broker: Cloudlet #416 return received
6107.610000000002: MET_Broker: The number of finished Cloudlets is:415
6132.810000000002: MET_Broker: Cloudlet #417 return received
6132.810000000002: MET_Broker: The number of finished Cloudlets is:416
6143.810000000002: MET_Broker: Cloudlet #418 return received
6143.810000000002: MET_Broker: The number of finished Cloudlets is:417
6167.410000000003: MET_Broker: Cloudlet #419 return received
6167.410000000003: MET_Broker: The number of finished Cloudlets is:418
6186.210000000003: MET_Broker: Cloudlet #414 return received
6186.210000000003: MET_Broker: The number of finished Cloudlets is:419
6188.610000000002: MET_Broker: Cloudlet #420 return received
6188.610000000002: MET_Broker: The number of finished Cloudlets is:420
6217.010000000002: MET_Broker: Cloudlet #421 return received
6217.010000000002: MET_Broker: The number of finished Cloudlets is:421
6224.210000000002: MET_Broker: Cloudlet #422 return received
6224.210000000002: MET_Broker: The number of finished Cloudlets is:422
6235.010000000002: MET_Broker: Cloudlet #423 return received
6235.010000000002: MET_Broker: The number of finished Cloudlets is:423
6270.210000000002: MET_Broker: Cloudlet #424 return received
6270.210000000002: MET_Broker: The number of finished Cloudlets is:424
6273.010000000002: MET_Broker: Cloudlet #425 return received
6273.010000000002: MET_Broker: The number of finished Cloudlets is:425
6275.610000000002: MET_Broker: Cloudlet #410 return received
6275.610000000002: MET_Broker: The number of finished Cloudlets is:426
6300.010000000002: MET_Broker: Cloudlet #428 return received
6300.010000000002: MET_Broker: The number of finished Cloudlets is:427
6321.810000000002: MET_Broker: Cloudlet #426 return received
6321.810000000002: MET_Broker: The number of finished Cloudlets is:428
6347.810000000002: MET_Broker: Cloudlet #430 return received
6347.810000000002: MET_Broker: The number of finished Cloudlets is:429
6354.010000000002: MET_Broker: Cloudlet #429 return received
6354.010000000002: MET_Broker: The number of finished Cloudlets is:430
6395.410000000002: MET_Broker: Cloudlet #431 return received
6395.410000000002: MET_Broker: The number of finished Cloudlets is:431
6402.410000000002: MET_Broker: Cloudlet #432 return received
6402.410000000002: MET_Broker: The number of finished Cloudlets is:432
6438.810000000001: MET_Broker: Cloudlet #434 return received
6438.810000000001: MET_Broker: The number of finished Cloudlets is:433
6467.210000000001: MET_Broker: Cloudlet #435 return received
6467.210000000001: MET_Broker: The number of finished Cloudlets is:434
6483.010000000001: MET_Broker: Cloudlet #427 return received
6483.010000000001: MET_Broker: The number of finished Cloudlets is:435
6514.810000000001: MET_Broker: Cloudlet #436 return received
6514.810000000001: MET_Broker: The number of finished Cloudlets is:436
6529.010000000001: MET_Broker: Cloudlet #437 return received
6529.010000000001: MET_Broker: The number of finished Cloudlets is:437
6538.410000000001: MET_Broker: Cloudlet #438 return received
6538.410000000001: MET_Broker: The number of finished Cloudlets is:438
6566.210000000001: MET_Broker: Cloudlet #439 return received
6566.210000000001: MET_Broker: The number of finished Cloudlets is:439
6587.410000000001: MET_Broker: Cloudlet #441 return received
6587.410000000001: MET_Broker: The number of finished Cloudlets is:440
6588.410000000001: MET_Broker: Cloudlet #440 return received
6588.410000000001: MET_Broker: The number of finished Cloudlets is:441
6605.410000000001: MET_Broker: Cloudlet #442 return received
6605.410000000001: MET_Broker: The number of finished Cloudlets is:442
6614.410000000001: MET_Broker: Cloudlet #443 return received
6614.410000000001: MET_Broker: The number of finished Cloudlets is:443
6633.210000000001: MET_Broker: Cloudlet #445 return received
6633.210000000001: MET_Broker: The number of finished Cloudlets is:444
6650.610000000001: MET_Broker: Cloudlet #444 return received
6650.610000000001: MET_Broker: The number of finished Cloudlets is:445
6691.01: MET_Broker: Cloudlet #447 return received
6691.01: MET_Broker: The number of finished Cloudlets is:446
6740.21: MET_Broker: Cloudlet #448 return received
6740.21: MET_Broker: The number of finished Cloudlets is:447
6755.41: MET_Broker: Cloudlet #433 return received
6755.41: MET_Broker: The number of finished Cloudlets is:448
6778.21: MET_Broker: Cloudlet #449 return received
6778.21: MET_Broker: The number of finished Cloudlets is:449
6787.81: MET_Broker: Cloudlet #450 return received
6787.81: MET_Broker: The number of finished Cloudlets is:450
6826.610000000001: MET_Broker: Cloudlet #451 return received
6826.610000000001: MET_Broker: The number of finished Cloudlets is:451
6838.610000000001: MET_Broker: Cloudlet #452 return received
6838.610000000001: MET_Broker: The number of finished Cloudlets is:452
6842.610000000001: MET_Broker: Cloudlet #453 return received
6842.610000000001: MET_Broker: The number of finished Cloudlets is:453
6843.210000000001: MET_Broker: Cloudlet #446 return received
6843.210000000001: MET_Broker: The number of finished Cloudlets is:454
6854.210000000001: MET_Broker: Cloudlet #456 return received
6854.210000000001: MET_Broker: The number of finished Cloudlets is:455
6884.610000000001: MET_Broker: Cloudlet #454 return received
6884.610000000001: MET_Broker: The number of finished Cloudlets is:456
6891.81: MET_Broker: Cloudlet #455 return received
6891.81: MET_Broker: The number of finished Cloudlets is:457
6901.01: MET_Broker: Cloudlet #457 return received
6901.01: MET_Broker: The number of finished Cloudlets is:458
6917.01: MET_Broker: Cloudlet #458 return received
6917.01: MET_Broker: The number of finished Cloudlets is:459
6929.01: MET_Broker: Cloudlet #459 return received
6929.01: MET_Broker: The number of finished Cloudlets is:460
6935.01: MET_Broker: Cloudlet #462 return received
6935.01: MET_Broker: The number of finished Cloudlets is:461
6943.81: MET_Broker: Cloudlet #461 return received
6943.81: MET_Broker: The number of finished Cloudlets is:462
6946.01: MET_Broker: Cloudlet #463 return received
6946.01: MET_Broker: The number of finished Cloudlets is:463
6948.610000000001: MET_Broker: Cloudlet #460 return received
6948.610000000001: MET_Broker: The number of finished Cloudlets is:464
6977.01: MET_Broker: Cloudlet #464 return received
6977.01: MET_Broker: The number of finished Cloudlets is:465
6977.81: MET_Broker: Cloudlet #466 return received
6977.81: MET_Broker: The number of finished Cloudlets is:466
6985.610000000001: MET_Broker: Cloudlet #465 return received
6985.610000000001: MET_Broker: The number of finished Cloudlets is:467
7014.210000000001: MET_Broker: Cloudlet #467 return received
7014.210000000001: MET_Broker: The number of finished Cloudlets is:468
7024.610000000001: MET_Broker: Cloudlet #468 return received
7024.610000000001: MET_Broker: The number of finished Cloudlets is:469
7028.410000000001: MET_Broker: Cloudlet #469 return received
7028.410000000001: MET_Broker: The number of finished Cloudlets is:470
7046.610000000001: MET_Broker: Cloudlet #470 return received
7046.610000000001: MET_Broker: The number of finished Cloudlets is:471
7059.210000000001: MET_Broker: Cloudlet #472 return received
7059.210000000001: MET_Broker: The number of finished Cloudlets is:472
7084.610000000001: MET_Broker: Cloudlet #471 return received
7084.610000000001: MET_Broker: The number of finished Cloudlets is:473
7089.410000000001: MET_Broker: Cloudlet #473 return received
7089.410000000001: MET_Broker: The number of finished Cloudlets is:474
7094.010000000001: MET_Broker: Cloudlet #474 return received
7094.010000000001: MET_Broker: The number of finished Cloudlets is:475
7116.210000000001: MET_Broker: Cloudlet #476 return received
7116.210000000001: MET_Broker: The number of finished Cloudlets is:476
7123.210000000001: MET_Broker: Cloudlet #477 return received
7123.210000000001: MET_Broker: The number of finished Cloudlets is:477
7124.210000000001: MET_Broker: Cloudlet #475 return received
7124.210000000001: MET_Broker: The number of finished Cloudlets is:478
7144.610000000001: MET_Broker: Cloudlet #478 return received
7144.610000000001: MET_Broker: The number of finished Cloudlets is:479
7150.210000000001: MET_Broker: Cloudlet #480 return received
7150.210000000001: MET_Broker: The number of finished Cloudlets is:480
7156.210000000001: MET_Broker: Cloudlet #482 return received
7156.210000000001: MET_Broker: The number of finished Cloudlets is:481
7171.610000000001: MET_Broker: Cloudlet #479 return received
7171.610000000001: MET_Broker: The number of finished Cloudlets is:482
7175.410000000001: MET_Broker: Cloudlet #481 return received
7175.410000000001: MET_Broker: The number of finished Cloudlets is:483
7183.010000000001: MET_Broker: Cloudlet #483 return received
7183.010000000001: MET_Broker: The number of finished Cloudlets is:484
7208.010000000001: MET_Broker: Cloudlet #484 return received
7208.010000000001: MET_Broker: The number of finished Cloudlets is:485
7221.010000000001: MET_Broker: Cloudlet #486 return received
7221.010000000001: MET_Broker: The number of finished Cloudlets is:486
7251.6100000000015: MET_Broker: Cloudlet #487 return received
7251.6100000000015: MET_Broker: The number of finished Cloudlets is:487
7269.410000000002: MET_Broker: Cloudlet #488 return received
7269.410000000002: MET_Broker: The number of finished Cloudlets is:488
7292.010000000002: MET_Broker: Cloudlet #489 return received
7292.010000000002: MET_Broker: The number of finished Cloudlets is:489
7298.610000000002: MET_Broker: Cloudlet #490 return received
7298.610000000002: MET_Broker: The number of finished Cloudlets is:490
7313.210000000003: MET_Broker: Cloudlet #491 return received
7313.210000000003: MET_Broker: The number of finished Cloudlets is:491
7344.010000000003: MET_Broker: Cloudlet #493 return received
7344.010000000003: MET_Broker: The number of finished Cloudlets is:492
7348.610000000003: MET_Broker: Cloudlet #492 return received
7348.610000000003: MET_Broker: The number of finished Cloudlets is:493
7370.810000000003: MET_Broker: Cloudlet #494 return received
7370.810000000003: MET_Broker: The number of finished Cloudlets is:494
7395.4100000000035: MET_Broker: Cloudlet #495 return received
7395.4100000000035: MET_Broker: The number of finished Cloudlets is:495
7411.4100000000035: MET_Broker: Cloudlet #497 return received
7411.4100000000035: MET_Broker: The number of finished Cloudlets is:496
7415.210000000004: MET_Broker: Cloudlet #496 return received
7415.210000000004: MET_Broker: The number of finished Cloudlets is:497
7435.610000000003: MET_Broker: Cloudlet #499 return received
7435.610000000003: MET_Broker: The number of finished Cloudlets is:498
7437.4100000000035: MET_Broker: Cloudlet #498 return received
7437.4100000000035: MET_Broker: The number of finished Cloudlets is:499
7457.010000000004: MET_Broker: Cloudlet #501 return received
7457.010000000004: MET_Broker: The number of finished Cloudlets is:500
7459.210000000004: MET_Broker: Cloudlet #500 return received
7459.210000000004: MET_Broker: The number of finished Cloudlets is:501
7483.010000000004: MET_Broker: Cloudlet #502 return received
7483.010000000004: MET_Broker: The number of finished Cloudlets is:502
7494.010000000004: MET_Broker: Cloudlet #503 return received
7494.010000000004: MET_Broker: The number of finished Cloudlets is:503
7503.4100000000035: MET_Broker: Cloudlet #504 return received
7503.4100000000035: MET_Broker: The number of finished Cloudlets is:504
7514.4100000000035: MET_Broker: Cloudlet #505 return received
7514.4100000000035: MET_Broker: The number of finished Cloudlets is:505
7519.4100000000035: MET_Broker: Cloudlet #506 return received
7519.4100000000035: MET_Broker: The number of finished Cloudlets is:506
7535.4100000000035: MET_Broker: Cloudlet #485 return received
7535.4100000000035: MET_Broker: The number of finished Cloudlets is:507
7536.4100000000035: MET_Broker: Cloudlet #507 return received
7536.4100000000035: MET_Broker: The number of finished Cloudlets is:508
7547.4100000000035: MET_Broker: Cloudlet #510 return received
7547.4100000000035: MET_Broker: The number of finished Cloudlets is:509
7551.810000000003: MET_Broker: Cloudlet #508 return received
7551.810000000003: MET_Broker: The number of finished Cloudlets is:510
7583.010000000003: MET_Broker: Cloudlet #511 return received
7583.010000000003: MET_Broker: The number of finished Cloudlets is:511
7586.210000000003: MET_Broker: Cloudlet #509 return received
7586.210000000003: MET_Broker: The number of finished Cloudlets is:512
7590.610000000002: MET_Broker: Cloudlet #512 return received
7590.610000000002: MET_Broker: The number of finished Cloudlets is:513
7629.810000000002: MET_Broker: Cloudlet #514 return received
7629.810000000002: MET_Broker: The number of finished Cloudlets is:514
7633.010000000002: MET_Broker: Cloudlet #513 return received
7633.010000000002: MET_Broker: The number of finished Cloudlets is:515
7635.810000000002: MET_Broker: Cloudlet #515 return received
7635.810000000002: MET_Broker: The number of finished Cloudlets is:516
7659.010000000002: MET_Broker: Cloudlet #517 return received
7659.010000000002: MET_Broker: The number of finished Cloudlets is:517
7671.810000000002: MET_Broker: Cloudlet #516 return received
7671.810000000002: MET_Broker: The number of finished Cloudlets is:518
7680.210000000002: MET_Broker: Cloudlet #518 return received
7680.210000000002: MET_Broker: The number of finished Cloudlets is:519
7690.6100000000015: MET_Broker: Cloudlet #519 return received
7690.6100000000015: MET_Broker: The number of finished Cloudlets is:520
7711.810000000001: MET_Broker: Cloudlet #521 return received
7711.810000000001: MET_Broker: The number of finished Cloudlets is:521
7716.6100000000015: MET_Broker: Cloudlet #522 return received
7716.6100000000015: MET_Broker: The number of finished Cloudlets is:522
7717.810000000001: MET_Broker: Cloudlet #520 return received
7717.810000000001: MET_Broker: The number of finished Cloudlets is:523
7737.010000000001: MET_Broker: Cloudlet #524 return received
7737.010000000001: MET_Broker: The number of finished Cloudlets is:524
7747.810000000001: MET_Broker: Cloudlet #525 return received
7747.810000000001: MET_Broker: The number of finished Cloudlets is:525
7763.810000000001: MET_Broker: Cloudlet #526 return received
7763.810000000001: MET_Broker: The number of finished Cloudlets is:526
7803.410000000002: MET_Broker: Cloudlet #528 return received
7803.410000000002: MET_Broker: The number of finished Cloudlets is:527
7827.010000000002: MET_Broker: Cloudlet #529 return received
7827.010000000002: MET_Broker: The number of finished Cloudlets is:528
7859.410000000002: MET_Broker: Cloudlet #530 return received
7859.410000000002: MET_Broker: The number of finished Cloudlets is:529
7886.210000000002: MET_Broker: Cloudlet #531 return received
7886.210000000002: MET_Broker: The number of finished Cloudlets is:530
7921.810000000002: MET_Broker: Cloudlet #523 return received
7921.810000000002: MET_Broker: The number of finished Cloudlets is:531
7926.610000000002: MET_Broker: Cloudlet #532 return received
7926.610000000002: MET_Broker: The number of finished Cloudlets is:532
7945.410000000003: MET_Broker: Cloudlet #534 return received
7945.410000000003: MET_Broker: The number of finished Cloudlets is:533
7959.810000000002: MET_Broker: Cloudlet #533 return received
7959.810000000002: MET_Broker: The number of finished Cloudlets is:534
7993.010000000002: MET_Broker: Cloudlet #535 return received
7993.010000000002: MET_Broker: The number of finished Cloudlets is:535
7993.010000000002: MET_Broker: Cloudlet #536 return received
7993.010000000002: MET_Broker: The number of finished Cloudlets is:536
8032.810000000002: MET_Broker: Cloudlet #527 return received
8032.810000000002: MET_Broker: The number of finished Cloudlets is:537
8038.810000000002: MET_Broker: Cloudlet #538 return received
8038.810000000002: MET_Broker: The number of finished Cloudlets is:538
8043.810000000002: MET_Broker: Cloudlet #537 return received
8043.810000000002: MET_Broker: The number of finished Cloudlets is:539
8095.410000000003: MET_Broker: Cloudlet #540 return received
8095.410000000003: MET_Broker: The number of finished Cloudlets is:540
8125.410000000003: MET_Broker: Cloudlet #541 return received
8125.410000000003: MET_Broker: The number of finished Cloudlets is:541
8165.810000000002: MET_Broker: Cloudlet #542 return received
8165.810000000002: MET_Broker: The number of finished Cloudlets is:542
8375.810000000001: MET_Broker: Cloudlet #543 return received
8375.810000000001: MET_Broker: The number of finished Cloudlets is:543
8398.810000000001: MET_Broker: Cloudlet #539 return received
8398.810000000001: MET_Broker: The number of finished Cloudlets is:544
8408.210000000001: MET_Broker: Cloudlet #544 return received
8408.210000000001: MET_Broker: The number of finished Cloudlets is:545
8417.61: MET_Broker: Cloudlet #545 return received
8417.61: MET_Broker: The number of finished Cloudlets is:546
8462.810000000001: MET_Broker: Cloudlet #547 return received
8462.810000000001: MET_Broker: The number of finished Cloudlets is:547
8504.010000000002: MET_Broker: Cloudlet #548 return received
8504.010000000002: MET_Broker: The number of finished Cloudlets is:548
8564.010000000002: MET_Broker: Cloudlet #549 return received
8564.010000000002: MET_Broker: The number of finished Cloudlets is:549
8590.010000000002: MET_Broker: Cloudlet #550 return received
8590.010000000002: MET_Broker: The number of finished Cloudlets is:550
8618.410000000002: MET_Broker: Cloudlet #551 return received
8618.410000000002: MET_Broker: The number of finished Cloudlets is:551
8634.410000000002: MET_Broker: Cloudlet #552 return received
8634.410000000002: MET_Broker: The number of finished Cloudlets is:552
8652.410000000002: MET_Broker: Cloudlet #553 return received
8652.410000000002: MET_Broker: The number of finished Cloudlets is:553
8697.610000000002: MET_Broker: Cloudlet #554 return received
8697.610000000002: MET_Broker: The number of finished Cloudlets is:554
8727.610000000002: MET_Broker: Cloudlet #555 return received
8727.610000000002: MET_Broker: The number of finished Cloudlets is:555
8752.010000000002: MET_Broker: Cloudlet #556 return received
8752.010000000002: MET_Broker: The number of finished Cloudlets is:556
8768.210000000003: MET_Broker: Cloudlet #546 return received
8768.210000000003: MET_Broker: The number of finished Cloudlets is:557
8790.010000000002: MET_Broker: Cloudlet #557 return received
8790.010000000002: MET_Broker: The number of finished Cloudlets is:558
8798.210000000003: MET_Broker: Cloudlet #558 return received
8798.210000000003: MET_Broker: The number of finished Cloudlets is:559
8835.410000000003: MET_Broker: Cloudlet #560 return received
8835.410000000003: MET_Broker: The number of finished Cloudlets is:560
8844.010000000004: MET_Broker: Cloudlet #559 return received
8844.010000000004: MET_Broker: The number of finished Cloudlets is:561
8859.010000000004: MET_Broker: Cloudlet #561 return received
8859.010000000004: MET_Broker: The number of finished Cloudlets is:562
8904.010000000004: MET_Broker: Cloudlet #562 return received
8904.010000000004: MET_Broker: The number of finished Cloudlets is:563
8910.610000000004: MET_Broker: Cloudlet #563 return received
8910.610000000004: MET_Broker: The number of finished Cloudlets is:564
8926.010000000004: MET_Broker: Cloudlet #564 return received
8926.010000000004: MET_Broker: The number of finished Cloudlets is:565
8931.810000000003: MET_Broker: Cloudlet #565 return received
8931.810000000003: MET_Broker: The number of finished Cloudlets is:566
8948.010000000004: MET_Broker: Cloudlet #566 return received
8948.010000000004: MET_Broker: The number of finished Cloudlets is:567
8969.010000000004: MET_Broker: Cloudlet #567 return received
8969.010000000004: MET_Broker: The number of finished Cloudlets is:568
8996.410000000003: MET_Broker: Cloudlet #568 return received
8996.410000000003: MET_Broker: The number of finished Cloudlets is:569
9019.810000000003: MET_Broker: Cloudlet #569 return received
9019.810000000003: MET_Broker: The number of finished Cloudlets is:570
9031.210000000003: MET_Broker: Cloudlet #570 return received
9031.210000000003: MET_Broker: The number of finished Cloudlets is:571
9043.410000000003: MET_Broker: Cloudlet #571 return received
9043.410000000003: MET_Broker: The number of finished Cloudlets is:572
9057.210000000003: MET_Broker: Cloudlet #572 return received
9057.210000000003: MET_Broker: The number of finished Cloudlets is:573
9083.210000000003: MET_Broker: Cloudlet #574 return received
9083.210000000003: MET_Broker: The number of finished Cloudlets is:574
9087.010000000002: MET_Broker: Cloudlet #573 return received
9087.010000000002: MET_Broker: The number of finished Cloudlets is:575
9107.610000000002: MET_Broker: Cloudlet #575 return received
9107.610000000002: MET_Broker: The number of finished Cloudlets is:576
9109.010000000002: MET_Broker: Cloudlet #576 return received
9109.010000000002: MET_Broker: The number of finished Cloudlets is:577
9135.010000000002: MET_Broker: Cloudlet #578 return received
9135.010000000002: MET_Broker: The number of finished Cloudlets is:578
9156.810000000001: MET_Broker: Cloudlet #577 return received
9156.810000000001: MET_Broker: The number of finished Cloudlets is:579
9182.61: MET_Broker: Cloudlet #579 return received
9182.61: MET_Broker: The number of finished Cloudlets is:580
9204.41: MET_Broker: Cloudlet #580 return received
9204.41: MET_Broker: The number of finished Cloudlets is:581
9226.21: MET_Broker: Cloudlet #581 return received
9226.21: MET_Broker: The number of finished Cloudlets is:582
9237.609999999999: MET_Broker: Cloudlet #582 return received
9237.609999999999: MET_Broker: The number of finished Cloudlets is:583
9264.21: MET_Broker: Cloudlet #583 return received
9264.21: MET_Broker: The number of finished Cloudlets is:584
9266.009999999998: MET_Broker: Cloudlet #584 return received
9266.009999999998: MET_Broker: The number of finished Cloudlets is:585
9324.21: MET_Broker: Cloudlet #585 return received
9324.21: MET_Broker: The number of finished Cloudlets is:586
9372.609999999999: MET_Broker: Cloudlet #587 return received
9372.609999999999: MET_Broker: The number of finished Cloudlets is:587
9401.009999999998: MET_Broker: Cloudlet #586 return received
9401.009999999998: MET_Broker: The number of finished Cloudlets is:588
9406.609999999999: MET_Broker: Cloudlet #588 return received
9406.609999999999: MET_Broker: The number of finished Cloudlets is:589
9417.609999999999: MET_Broker: Cloudlet #590 return received
9417.609999999999: MET_Broker: The number of finished Cloudlets is:590
9428.609999999999: MET_Broker: Cloudlet #591 return received
9428.609999999999: MET_Broker: The number of finished Cloudlets is:591
9449.409999999998: MET_Broker: Cloudlet #589 return received
9449.409999999998: MET_Broker: The number of finished Cloudlets is:592
9462.609999999999: MET_Broker: Cloudlet #592 return received
9462.609999999999: MET_Broker: The number of finished Cloudlets is:593
9477.81: MET_Broker: Cloudlet #593 return received
9477.81: MET_Broker: The number of finished Cloudlets is:594
9512.609999999999: MET_Broker: Cloudlet #594 return received
9512.609999999999: MET_Broker: The number of finished Cloudlets is:595
9558.609999999999: MET_Broker: Cloudlet #596 return received
9558.609999999999: MET_Broker: The number of finished Cloudlets is:596
9587.009999999998: MET_Broker: Cloudlet #597 return received
9587.009999999998: MET_Broker: The number of finished Cloudlets is:597
9612.809999999998: MET_Broker: Cloudlet #595 return received
9612.809999999998: MET_Broker: The number of finished Cloudlets is:598
9616.209999999997: MET_Broker: Cloudlet #598 return received
9616.209999999997: MET_Broker: The number of finished Cloudlets is:599
9643.009999999997: MET_Broker: Cloudlet #600 return received
9643.009999999997: MET_Broker: The number of finished Cloudlets is:600
9654.809999999996: MET_Broker: Cloudlet #599 return received
9654.809999999996: MET_Broker: The number of finished Cloudlets is:601
9667.409999999996: MET_Broker: Cloudlet #601 return received
9667.409999999996: MET_Broker: The number of finished Cloudlets is:602
9687.209999999995: MET_Broker: Cloudlet #602 return received
9687.209999999995: MET_Broker: The number of finished Cloudlets is:603
9706.209999999995: MET_Broker: Cloudlet #603 return received
9706.209999999995: MET_Broker: The number of finished Cloudlets is:604
9738.809999999996: MET_Broker: Cloudlet #604 return received
9738.809999999996: MET_Broker: The number of finished Cloudlets is:605
9757.809999999996: MET_Broker: Cloudlet #605 return received
9757.809999999996: MET_Broker: The number of finished Cloudlets is:606
9779.209999999995: MET_Broker: Cloudlet #606 return received
9779.209999999995: MET_Broker: The number of finished Cloudlets is:607
9786.209999999995: MET_Broker: Cloudlet #607 return received
9786.209999999995: MET_Broker: The number of finished Cloudlets is:608
9830.609999999995: MET_Broker: Cloudlet #609 return received
9830.609999999995: MET_Broker: The number of finished Cloudlets is:609
9833.209999999995: MET_Broker: Cloudlet #608 return received
9833.209999999995: MET_Broker: The number of finished Cloudlets is:610
9868.609999999995: MET_Broker: Cloudlet #610 return received
9868.609999999995: MET_Broker: The number of finished Cloudlets is:611
9879.209999999995: MET_Broker: Cloudlet #611 return received
9879.209999999995: MET_Broker: The number of finished Cloudlets is:612
9890.609999999995: MET_Broker: Cloudlet #612 return received
9890.609999999995: MET_Broker: The number of finished Cloudlets is:613
9910.809999999996: MET_Broker: Cloudlet #613 return received
9910.809999999996: MET_Broker: The number of finished Cloudlets is:614
9922.209999999995: MET_Broker: Cloudlet #614 return received
9922.209999999995: MET_Broker: The number of finished Cloudlets is:615
9960.809999999996: MET_Broker: Cloudlet #615 return received
9960.809999999996: MET_Broker: The number of finished Cloudlets is:616
9973.809999999996: MET_Broker: Cloudlet #616 return received
9973.809999999996: MET_Broker: The number of finished Cloudlets is:617
10004.409999999996: MET_Broker: Cloudlet #617 return received
10004.409999999996: MET_Broker: The number of finished Cloudlets is:618
10015.809999999996: MET_Broker: Cloudlet #618 return received
10015.809999999996: MET_Broker: The number of finished Cloudlets is:619
10032.809999999996: MET_Broker: Cloudlet #619 return received
10032.809999999996: MET_Broker: The number of finished Cloudlets is:620
10042.609999999995: MET_Broker: Cloudlet #620 return received
10042.609999999995: MET_Broker: The number of finished Cloudlets is:621
10062.809999999996: MET_Broker: Cloudlet #621 return received
10062.809999999996: MET_Broker: The number of finished Cloudlets is:622
10076.609999999995: MET_Broker: Cloudlet #622 return received
10076.609999999995: MET_Broker: The number of finished Cloudlets is:623
10088.809999999996: MET_Broker: Cloudlet #623 return received
10088.809999999996: MET_Broker: The number of finished Cloudlets is:624
10097.009999999997: MET_Broker: Cloudlet #624 return received
10097.009999999997: MET_Broker: The number of finished Cloudlets is:625
10119.009999999997: MET_Broker: Cloudlet #626 return received
10119.009999999997: MET_Broker: The number of finished Cloudlets is:626
10126.809999999996: MET_Broker: Cloudlet #625 return received
10126.809999999996: MET_Broker: The number of finished Cloudlets is:627
10157.809999999996: MET_Broker: Cloudlet #627 return received
10157.809999999996: MET_Broker: The number of finished Cloudlets is:628
10178.409999999996: MET_Broker: Cloudlet #628 return received
10178.409999999996: MET_Broker: The number of finished Cloudlets is:629
10207.009999999997: MET_Broker: Cloudlet #629 return received
10207.009999999997: MET_Broker: The number of finished Cloudlets is:630
10213.009999999997: MET_Broker: Cloudlet #631 return received
10213.009999999997: MET_Broker: The number of finished Cloudlets is:631
10223.609999999997: MET_Broker: Cloudlet #630 return received
10223.609999999997: MET_Broker: The number of finished Cloudlets is:632
10255.209999999997: MET_Broker: Cloudlet #633 return received
10255.209999999997: MET_Broker: The number of finished Cloudlets is:633
10257.409999999998: MET_Broker: Cloudlet #632 return received
10257.409999999998: MET_Broker: The number of finished Cloudlets is:634
10305.009999999998: MET_Broker: Cloudlet #635 return received
10305.009999999998: MET_Broker: The number of finished Cloudlets is:635
10306.809999999998: MET_Broker: Cloudlet #634 return received
10306.809999999998: MET_Broker: The number of finished Cloudlets is:636
10340.609999999997: MET_Broker: Cloudlet #636 return received
10340.609999999997: MET_Broker: The number of finished Cloudlets is:637
10369.009999999997: MET_Broker: Cloudlet #638 return received
10369.009999999997: MET_Broker: The number of finished Cloudlets is:638
10392.609999999997: MET_Broker: Cloudlet #639 return received
10392.609999999997: MET_Broker: The number of finished Cloudlets is:639
10527.609999999997: MET_Broker: Cloudlet #640 return received
10527.609999999997: MET_Broker: The number of finished Cloudlets is:640
10560.809999999998: MET_Broker: Cloudlet #641 return received
10560.809999999998: MET_Broker: The number of finished Cloudlets is:641
10591.809999999998: MET_Broker: Cloudlet #637 return received
10591.809999999998: MET_Broker: The number of finished Cloudlets is:642
10617.809999999998: MET_Broker: Cloudlet #643 return received
10617.809999999998: MET_Broker: The number of finished Cloudlets is:643
10620.809999999998: MET_Broker: Cloudlet #642 return received
10620.809999999998: MET_Broker: The number of finished Cloudlets is:644
10639.009999999998: MET_Broker: Cloudlet #644 return received
10639.009999999998: MET_Broker: The number of finished Cloudlets is:645
10658.009999999998: MET_Broker: Cloudlet #645 return received
10658.009999999998: MET_Broker: The number of finished Cloudlets is:646
10699.009999999998: MET_Broker: Cloudlet #646 return received
10699.009999999998: MET_Broker: The number of finished Cloudlets is:647
10702.409999999998: MET_Broker: Cloudlet #647 return received
10702.409999999998: MET_Broker: The number of finished Cloudlets is:648
10719.409999999998: MET_Broker: Cloudlet #648 return received
10719.409999999998: MET_Broker: The number of finished Cloudlets is:649
10744.409999999998: MET_Broker: Cloudlet #649 return received
10744.409999999998: MET_Broker: The number of finished Cloudlets is:650
10769.409999999998: MET_Broker: Cloudlet #650 return received
10769.409999999998: MET_Broker: The number of finished Cloudlets is:651
10782.409999999998: MET_Broker: Cloudlet #651 return received
10782.409999999998: MET_Broker: The number of finished Cloudlets is:652
10789.009999999998: MET_Broker: Cloudlet #652 return received
10789.009999999998: MET_Broker: The number of finished Cloudlets is:653
10819.009999999998: MET_Broker: Cloudlet #654 return received
10819.009999999998: MET_Broker: The number of finished Cloudlets is:654
10823.609999999999: MET_Broker: Cloudlet #653 return received
10823.609999999999: MET_Broker: The number of finished Cloudlets is:655
10839.609999999999: MET_Broker: Cloudlet #656 return received
10839.609999999999: MET_Broker: The number of finished Cloudlets is:656
10873.009999999998: MET_Broker: Cloudlet #655 return received
10873.009999999998: MET_Broker: The number of finished Cloudlets is:657
10879.21: MET_Broker: Cloudlet #657 return received
10879.21: MET_Broker: The number of finished Cloudlets is:658
10903.009999999998: MET_Broker: Cloudlet #658 return received
10903.009999999998: MET_Broker: The number of finished Cloudlets is:659
10918.809999999998: MET_Broker: Cloudlet #659 return received
10918.809999999998: MET_Broker: The number of finished Cloudlets is:660
10970.409999999998: MET_Broker: Cloudlet #661 return received
10970.409999999998: MET_Broker: The number of finished Cloudlets is:661
11006.009999999998: MET_Broker: Cloudlet #662 return received
11006.009999999998: MET_Broker: The number of finished Cloudlets is:662
11048.009999999998: MET_Broker: Cloudlet #663 return received
11048.009999999998: MET_Broker: The number of finished Cloudlets is:663
11091.609999999999: MET_Broker: Cloudlet #664 return received
11091.609999999999: MET_Broker: The number of finished Cloudlets is:664
11107.609999999999: MET_Broker: Cloudlet #665 return received
11107.609999999999: MET_Broker: The number of finished Cloudlets is:665
11158.409999999998: MET_Broker: Cloudlet #666 return received
11158.409999999998: MET_Broker: The number of finished Cloudlets is:666
11188.009999999998: MET_Broker: Cloudlet #660 return received
11188.009999999998: MET_Broker: The number of finished Cloudlets is:667
11192.409999999998: MET_Broker: Cloudlet #667 return received
11192.409999999998: MET_Broker: The number of finished Cloudlets is:668
11212.009999999998: MET_Broker: Cloudlet #669 return received
11212.009999999998: MET_Broker: The number of finished Cloudlets is:669
11230.809999999998: MET_Broker: Cloudlet #668 return received
11230.809999999998: MET_Broker: The number of finished Cloudlets is:670
11247.609999999997: MET_Broker: Cloudlet #670 return received
11247.609999999997: MET_Broker: The number of finished Cloudlets is:671
11264.809999999998: MET_Broker: Cloudlet #671 return received
11264.809999999998: MET_Broker: The number of finished Cloudlets is:672
11283.209999999997: MET_Broker: Cloudlet #672 return received
11283.209999999997: MET_Broker: The number of finished Cloudlets is:673
11290.009999999997: MET_Broker: Cloudlet #673 return received
11290.009999999997: MET_Broker: The number of finished Cloudlets is:674
11322.809999999996: MET_Broker: Cloudlet #674 return received
11322.809999999996: MET_Broker: The number of finished Cloudlets is:675
11337.609999999995: MET_Broker: Cloudlet #675 return received
11337.609999999995: MET_Broker: The number of finished Cloudlets is:676
11363.209999999995: MET_Broker: Cloudlet #676 return received
11363.209999999995: MET_Broker: The number of finished Cloudlets is:677
11403.609999999995: MET_Broker: Cloudlet #678 return received
11403.609999999995: MET_Broker: The number of finished Cloudlets is:678
11409.609999999995: MET_Broker: Cloudlet #679 return received
11409.609999999995: MET_Broker: The number of finished Cloudlets is:679
11451.609999999995: MET_Broker: Cloudlet #680 return received
11451.609999999995: MET_Broker: The number of finished Cloudlets is:680
11476.809999999996: MET_Broker: Cloudlet #681 return received
11476.809999999996: MET_Broker: The number of finished Cloudlets is:681
11512.409999999996: MET_Broker: Cloudlet #682 return received
11512.409999999996: MET_Broker: The number of finished Cloudlets is:682
11549.609999999997: MET_Broker: Cloudlet #683 return received
11549.609999999997: MET_Broker: The number of finished Cloudlets is:683
11587.609999999997: MET_Broker: Cloudlet #684 return received
11587.609999999997: MET_Broker: The number of finished Cloudlets is:684
11622.609999999997: MET_Broker: Cloudlet #677 return received
11622.609999999997: MET_Broker: The number of finished Cloudlets is:685
11628.809999999998: MET_Broker: Cloudlet #685 return received
11628.809999999998: MET_Broker: The number of finished Cloudlets is:686
11653.409999999998: MET_Broker: Cloudlet #686 return received
11653.409999999998: MET_Broker: The number of finished Cloudlets is:687
11664.409999999998: MET_Broker: Cloudlet #688 return received
11664.409999999998: MET_Broker: The number of finished Cloudlets is:688
11666.809999999998: MET_Broker: Cloudlet #687 return received
11666.809999999998: MET_Broker: The number of finished Cloudlets is:689
11692.809999999998: MET_Broker: Cloudlet #690 return received
11692.809999999998: MET_Broker: The number of finished Cloudlets is:690
11704.809999999998: MET_Broker: Cloudlet #689 return received
11704.809999999998: MET_Broker: The number of finished Cloudlets is:691
11719.609999999997: MET_Broker: Cloudlet #691 return received
11719.609999999997: MET_Broker: The number of finished Cloudlets is:692
11740.409999999996: MET_Broker: Cloudlet #692 return received
11740.409999999996: MET_Broker: The number of finished Cloudlets is:693
11744.809999999996: MET_Broker: Cloudlet #693 return received
11744.809999999996: MET_Broker: The number of finished Cloudlets is:694
11750.809999999996: MET_Broker: Cloudlet #695 return received
11750.809999999996: MET_Broker: The number of finished Cloudlets is:695
11764.809999999996: MET_Broker: Cloudlet #694 return received
11764.809999999996: MET_Broker: The number of finished Cloudlets is:696
11784.409999999996: MET_Broker: Cloudlet #697 return received
11784.409999999996: MET_Broker: The number of finished Cloudlets is:697
11792.009999999997: MET_Broker: Cloudlet #696 return received
11792.009999999997: MET_Broker: The number of finished Cloudlets is:698
11816.009999999997: MET_Broker: Cloudlet #698 return received
11816.009999999997: MET_Broker: The number of finished Cloudlets is:699
11927.009999999997: MET_Broker: Cloudlet #699 return received
11927.009999999997: MET_Broker: The number of finished Cloudlets is:700
11927.009999999997: MET_Broker: All Cloudlets executed. Finishing...
11927.009999999997: MET_Broker: Destroying Vm #0
11927.009999999997: MET_Broker: Destroying Vm #1
11927.009999999997: MET_Broker: Destroying Vm #2
11927.009999999997: MET_Broker: Destroying Vm #3
11927.009999999997: MET_Broker: Destroying Vm #4
11927.009999999997: MET_Broker: Destroying Vm #5
11927.009999999997: MET_Broker: Destroying Vm #6
11927.009999999997: MET_Broker: Destroying Vm #7
11927.009999999997: MET_Broker: Destroying Vm #8
11927.009999999997: MET_Broker: Destroying Vm #9
11927.009999999997: MET_Broker: Destroying Vm #10
11927.009999999997: MET_Broker: Destroying Vm #11
11927.009999999997: MET_Broker: Destroying Vm #12
11927.009999999997: MET_Broker: Destroying Vm #13
11927.009999999997: MET_Broker: Destroying Vm #14
11927.009999999997: MET_Broker: Destroying Vm #15
11927.009999999997: MET_Broker: Destroying Vm #16
11927.009999999997: MET_Broker: Destroying Vm #17
11927.009999999997: MET_Broker: Destroying Vm #18
11927.009999999997: MET_Broker: Destroying Vm #19
11927.009999999997: MET_Broker is shutting down...
11927.009999999997: Simulation: No more future events
11927.009999999997: CloudInformationService is shutting down...
11927.009999999997: CloudInformationService: Notify all CloudSim entities for shutting down.
11927.009999999997: Datacenter_0 is shutting down...
11927.009999999997: MET_Broker is shutting down...
Simulation completed.
Simulation completed.

========== CLOUDLET RESULTS ==========
(only the first 20 successful Cloudlets are shown; METRICS below are still computed from all 700 results)
Cloudlet ID	Status	VM ID	Exec Time	Start Time	Finish Time
1	SUCCESS	15	18	0.01	18.01
3	SUCCESS	15	28.4	0.01	28.41
2	SUCCESS	15	39.6	0.01	39.61
5	SUCCESS	15	28.4	28.41	56.81
0	SUCCESS	15	60	0.01	60.01
6	SUCCESS	15	22	39.61	61.61
4	SUCCESS	15	50.8	18.01	68.81
8	SUCCESS	15	21.2	60.01	81.21
9	SUCCESS	15	38.8	61.61	100.41
7	SUCCESS	15	45.2	56.81	102.01
11	SUCCESS	15	34.8	81.21	116.01
12	SUCCESS	15	34	100.41	134.41
14	SUCCESS	15	34	116.01	150.01
13	SUCCESS	15	48.4	102.01	150.41
15	SUCCESS	15	42	134.41	176.41
16	SUCCESS	15	42.8	150.01	192.81
17	SUCCESS	15	46.8	150.41	197.21
20	SUCCESS	15	11	197.21	208.21
18	SUCCESS	15	43.6	176.41	220.01
21	SUCCESS	15	30	208.21	238.21

========== METRICS ==========
Completed Cloudlets      : 700
Makespan                 : 11927.01 s
Degree of Imbalance      : 20
Average Waiting Time     : 5294.5951 s
Throughput               : 0.0587 cloudlets/s
Average VM Utilization*  : 14.6715 %

* Utilization is calculated from aggregate Cloudlet CPU time
  over the available VM time in this simplified model.
Week4_MET_TaskScheduling finished!
[INFO] ------------------------------------------------------------------------
[INFO] BUILD SUCCESS
[INFO] ------------------------------------------------------------------------
[INFO] Total time:  0.969 s
[INFO] Finished at: 2026-10-05T12:09:41+07:00
[INFO] ------------------------------------------------------------------------
