[INFO] Scanning for projects...
[INFO] 
[INFO] --------------< org.cloudbus.cloudsim:cloudsim-examples >---------------
[INFO] Building cloudsim-examples 7.0.1
[INFO]   from pom.xml
[INFO] --------------------------------[ jar ]---------------------------------
[INFO] 
[INFO] --- exec:3.6.4:java (default-cli) @ cloudsim-examples ---
Starting Week4_MET_TaskScheduling...
Initialising...
Dataset loaded: dataset/GoCJ_Dataset_1000.txt

========== CONFIGURATION ==========
Datacenters : 1
Hosts       : 10 (5 Class A + 5 Class B)
VMs         : 20
Cloudlets   : 1000
Algorithm   : Minimum Execution Time (MET)

VM assignment distribution:
VM 0 -> 0 cloudlets
VM 1 -> 0 cloudlets
VM 2 -> 0 cloudlets
VM 3 -> 0 cloudlets
VM 4 -> 0 cloudlets
VM 5 -> 0 cloudlets
VM 6 -> 0 cloudlets
VM 7 -> 0 cloudlets
VM 8 -> 0 cloudlets
VM 9 -> 0 cloudlets
VM 10 -> 0 cloudlets
VM 11 -> 0 cloudlets
VM 12 -> 0 cloudlets
VM 13 -> 0 cloudlets
VM 14 -> 0 cloudlets
VM 15 -> 1000 cloudlets
VM 16 -> 0 cloudlets
VM 17 -> 0 cloudlets
VM 18 -> 0 cloudlets
VM 19 -> 0 cloudlets

First 20 MET assignments:
Cloudlet 0 -> VM 15
Cloudlet 1 -> VM 15
Cloudlet 2 -> VM 15
Cloudlet 3 -> VM 15
Cloudlet 4 -> VM 15
Cloudlet 5 -> VM 15
Cloudlet 6 -> VM 15
Cloudlet 7 -> VM 15
Cloudlet 8 -> VM 15
Cloudlet 9 -> VM 15
Cloudlet 10 -> VM 15
Cloudlet 11 -> VM 15
Cloudlet 12 -> VM 15
Cloudlet 13 -> VM 15
Cloudlet 14 -> VM 15
Cloudlet 15 -> VM 15
Cloudlet 16 -> VM 15
Cloudlet 17 -> VM 15
Cloudlet 18 -> VM 15
Cloudlet 19 -> VM 15
Starting CloudSim version 7.0
0.0: Datacenter_0 is starting...
0.0: MET_Broker is starting...
Entities started.
0.0: MET_Broker: Cloud Resource List received with 1 datacenter(s)
0.0: MET_Broker: Trying to Create Vm #0 in Datacenter_0
0.0: MET_Broker: Trying to Create Vm #1 in Datacenter_0
0.0: MET_Broker: Trying to Create Vm #2 in Datacenter_0
0.0: MET_Broker: Trying to Create Vm #3 in Datacenter_0
0.0: MET_Broker: Trying to Create Vm #4 in Datacenter_0
0.0: MET_Broker: Trying to Create Vm #5 in Datacenter_0
0.0: MET_Broker: Trying to Create Vm #6 in Datacenter_0
0.0: MET_Broker: Trying to Create Vm #7 in Datacenter_0
0.0: MET_Broker: Trying to Create Vm #8 in Datacenter_0
0.0: MET_Broker: Trying to Create Vm #9 in Datacenter_0
0.0: MET_Broker: Trying to Create Vm #10 in Datacenter_0
0.0: MET_Broker: Trying to Create Vm #11 in Datacenter_0
0.0: MET_Broker: Trying to Create Vm #12 in Datacenter_0
0.0: MET_Broker: Trying to Create Vm #13 in Datacenter_0
0.0: MET_Broker: Trying to Create Vm #14 in Datacenter_0
0.0: MET_Broker: Trying to Create Vm #15 in Datacenter_0
0.0: MET_Broker: Trying to Create Vm #16 in Datacenter_0
0.0: MET_Broker: Trying to Create Vm #17 in Datacenter_0
0.0: MET_Broker: Trying to Create Vm #18 in Datacenter_0
0.0: MET_Broker: Trying to Create Vm #19 in Datacenter_0
0.0: Datacenter_0.guestAllocator: Vm #0 has been allocated to Host #5
0.0: Datacenter_0.guestAllocator: Vm #1 has been allocated to Host #6
0.0: Datacenter_0.guestAllocator: Vm #2 has been allocated to Host #7
0.0: Datacenter_0.guestAllocator: Vm #3 has been allocated to Host #8
0.0: Datacenter_0.guestAllocator: Vm #4 has been allocated to Host #9
0.0: Datacenter_0.guestAllocator: Vm #5 has been allocated to Host #5
0.0: Datacenter_0.guestAllocator: Vm #6 has been allocated to Host #6
0.0: Datacenter_0.guestAllocator: Vm #7 has been allocated to Host #7
0.0: Datacenter_0.guestAllocator: Vm #8 has been allocated to Host #8
0.0: Datacenter_0.guestAllocator: Vm #9 has been allocated to Host #9
0.0: Datacenter_0.guestAllocator: Vm #10 has been allocated to Host #5
0.0: Datacenter_0.guestAllocator: Vm #11 has been allocated to Host #6
0.0: Datacenter_0.guestAllocator: Vm #12 has been allocated to Host #7
0.0: Datacenter_0.guestAllocator: Vm #13 has been allocated to Host #8
0.0: Datacenter_0.guestAllocator: Vm #14 has been allocated to Host #9
0.0: Datacenter_0.guestAllocator: Vm #15 has been allocated to Host #5
0.0: Datacenter_0.guestAllocator: Vm #16 has been allocated to Host #6
0.0: Datacenter_0.guestAllocator: Vm #17 has been allocated to Host #7
0.0: Datacenter_0.guestAllocator: Vm #18 has been allocated to Host #8
0.0: Datacenter_0.guestAllocator: Vm #19 has been allocated to Host #9
0.01: MET_Broker: Vm #0 has been created in Datacenter #2, Host #5
0.01: MET_Broker: Vm #1 has been created in Datacenter #2, Host #6
0.01: MET_Broker: Vm #2 has been created in Datacenter #2, Host #7
0.01: MET_Broker: Vm #3 has been created in Datacenter #2, Host #8
0.01: MET_Broker: Vm #4 has been created in Datacenter #2, Host #9
0.01: MET_Broker: Vm #5 has been created in Datacenter #2, Host #5
0.01: MET_Broker: Vm #6 has been created in Datacenter #2, Host #6
0.01: MET_Broker: Vm #7 has been created in Datacenter #2, Host #7
0.01: MET_Broker: Vm #8 has been created in Datacenter #2, Host #8
0.01: MET_Broker: Vm #9 has been created in Datacenter #2, Host #9
0.01: MET_Broker: Vm #10 has been created in Datacenter #2, Host #5
0.01: MET_Broker: Vm #11 has been created in Datacenter #2, Host #6
0.01: MET_Broker: Vm #12 has been created in Datacenter #2, Host #7
0.01: MET_Broker: Vm #13 has been created in Datacenter #2, Host #8
0.01: MET_Broker: Vm #14 has been created in Datacenter #2, Host #9
0.01: MET_Broker: Vm #15 has been created in Datacenter #2, Host #5
0.01: MET_Broker: Vm #16 has been created in Datacenter #2, Host #6
0.01: MET_Broker: Vm #17 has been created in Datacenter #2, Host #7
0.01: MET_Broker: Vm #18 has been created in Datacenter #2, Host #8
0.01: MET_Broker: Vm #19 has been created in Datacenter #2, Host #9
0.01: MET_Broker: Sending Cloudlet #0 to Vm #15
0.01: MET_Broker: Sending Cloudlet #1 to Vm #15
0.01: MET_Broker: Sending Cloudlet #2 to Vm #15
0.01: MET_Broker: Sending Cloudlet #3 to Vm #15
0.01: MET_Broker: Sending Cloudlet #4 to Vm #15
0.01: MET_Broker: Sending Cloudlet #5 to Vm #15
0.01: MET_Broker: Sending Cloudlet #6 to Vm #15
0.01: MET_Broker: Sending Cloudlet #7 to Vm #15
0.01: MET_Broker: Sending Cloudlet #8 to Vm #15
0.01: MET_Broker: Sending Cloudlet #9 to Vm #15
0.01: MET_Broker: Sending Cloudlet #10 to Vm #15
0.01: MET_Broker: Sending Cloudlet #11 to Vm #15
0.01: MET_Broker: Sending Cloudlet #12 to Vm #15
0.01: MET_Broker: Sending Cloudlet #13 to Vm #15
0.01: MET_Broker: Sending Cloudlet #14 to Vm #15
0.01: MET_Broker: Sending Cloudlet #15 to Vm #15
0.01: MET_Broker: Sending Cloudlet #16 to Vm #15
0.01: MET_Broker: Sending Cloudlet #17 to Vm #15
0.01: MET_Broker: Sending Cloudlet #18 to Vm #15
0.01: MET_Broker: Sending Cloudlet #19 to Vm #15
0.01: MET_Broker: Sending Cloudlet #20 to Vm #15
0.01: MET_Broker: Sending Cloudlet #21 to Vm #15
0.01: MET_Broker: Sending Cloudlet #22 to Vm #15
0.01: MET_Broker: Sending Cloudlet #23 to Vm #15
0.01: MET_Broker: Sending Cloudlet #24 to Vm #15
0.01: MET_Broker: Sending Cloudlet #25 to Vm #15
0.01: MET_Broker: Sending Cloudlet #26 to Vm #15
0.01: MET_Broker: Sending Cloudlet #27 to Vm #15
0.01: MET_Broker: Sending Cloudlet #28 to Vm #15
0.01: MET_Broker: Sending Cloudlet #29 to Vm #15
0.01: MET_Broker: Sending Cloudlet #30 to Vm #15
0.01: MET_Broker: Sending Cloudlet #31 to Vm #15
0.01: MET_Broker: Sending Cloudlet #32 to Vm #15
0.01: MET_Broker: Sending Cloudlet #33 to Vm #15
0.01: MET_Broker: Sending Cloudlet #34 to Vm #15
0.01: MET_Broker: Sending Cloudlet #35 to Vm #15
0.01: MET_Broker: Sending Cloudlet #36 to Vm #15
0.01: MET_Broker: Sending Cloudlet #37 to Vm #15
0.01: MET_Broker: Sending Cloudlet #38 to Vm #15
0.01: MET_Broker: Sending Cloudlet #39 to Vm #15
0.01: MET_Broker: Sending Cloudlet #40 to Vm #15
0.01: MET_Broker: Sending Cloudlet #41 to Vm #15
0.01: MET_Broker: Sending Cloudlet #42 to Vm #15
0.01: MET_Broker: Sending Cloudlet #43 to Vm #15
0.01: MET_Broker: Sending Cloudlet #44 to Vm #15
0.01: MET_Broker: Sending Cloudlet #45 to Vm #15
0.01: MET_Broker: Sending Cloudlet #46 to Vm #15
0.01: MET_Broker: Sending Cloudlet #47 to Vm #15
0.01: MET_Broker: Sending Cloudlet #48 to Vm #15
0.01: MET_Broker: Sending Cloudlet #49 to Vm #15
0.01: MET_Broker: Sending Cloudlet #50 to Vm #15
0.01: MET_Broker: Sending Cloudlet #51 to Vm #15
0.01: MET_Broker: Sending Cloudlet #52 to Vm #15
0.01: MET_Broker: Sending Cloudlet #53 to Vm #15
0.01: MET_Broker: Sending Cloudlet #54 to Vm #15
0.01: MET_Broker: Sending Cloudlet #55 to Vm #15
0.01: MET_Broker: Sending Cloudlet #56 to Vm #15
0.01: MET_Broker: Sending Cloudlet #57 to Vm #15
0.01: MET_Broker: Sending Cloudlet #58 to Vm #15
0.01: MET_Broker: Sending Cloudlet #59 to Vm #15
0.01: MET_Broker: Sending Cloudlet #60 to Vm #15
0.01: MET_Broker: Sending Cloudlet #61 to Vm #15
0.01: MET_Broker: Sending Cloudlet #62 to Vm #15
0.01: MET_Broker: Sending Cloudlet #63 to Vm #15
0.01: MET_Broker: Sending Cloudlet #64 to Vm #15
0.01: MET_Broker: Sending Cloudlet #65 to Vm #15
0.01: MET_Broker: Sending Cloudlet #66 to Vm #15
0.01: MET_Broker: Sending Cloudlet #67 to Vm #15
0.01: MET_Broker: Sending Cloudlet #68 to Vm #15
0.01: MET_Broker: Sending Cloudlet #69 to Vm #15
0.01: MET_Broker: Sending Cloudlet #70 to Vm #15
0.01: MET_Broker: Sending Cloudlet #71 to Vm #15
0.01: MET_Broker: Sending Cloudlet #72 to Vm #15
0.01: MET_Broker: Sending Cloudlet #73 to Vm #15
0.01: MET_Broker: Sending Cloudlet #74 to Vm #15
0.01: MET_Broker: Sending Cloudlet #75 to Vm #15
0.01: MET_Broker: Sending Cloudlet #76 to Vm #15
0.01: MET_Broker: Sending Cloudlet #77 to Vm #15
0.01: MET_Broker: Sending Cloudlet #78 to Vm #15
0.01: MET_Broker: Sending Cloudlet #79 to Vm #15
0.01: MET_Broker: Sending Cloudlet #80 to Vm #15
0.01: MET_Broker: Sending Cloudlet #81 to Vm #15
0.01: MET_Broker: Sending Cloudlet #82 to Vm #15
0.01: MET_Broker: Sending Cloudlet #83 to Vm #15
0.01: MET_Broker: Sending Cloudlet #84 to Vm #15
0.01: MET_Broker: Sending Cloudlet #85 to Vm #15
0.01: MET_Broker: Sending Cloudlet #86 to Vm #15
0.01: MET_Broker: Sending Cloudlet #87 to Vm #15
0.01: MET_Broker: Sending Cloudlet #88 to Vm #15
0.01: MET_Broker: Sending Cloudlet #89 to Vm #15
0.01: MET_Broker: Sending Cloudlet #90 to Vm #15
0.01: MET_Broker: Sending Cloudlet #91 to Vm #15
0.01: MET_Broker: Sending Cloudlet #92 to Vm #15
0.01: MET_Broker: Sending Cloudlet #93 to Vm #15
0.01: MET_Broker: Sending Cloudlet #94 to Vm #15
0.01: MET_Broker: Sending Cloudlet #95 to Vm #15
0.01: MET_Broker: Sending Cloudlet #96 to Vm #15
0.01: MET_Broker: Sending Cloudlet #97 to Vm #15
0.01: MET_Broker: Sending Cloudlet #98 to Vm #15
0.01: MET_Broker: Sending Cloudlet #99 to Vm #15
0.01: MET_Broker: Sending Cloudlet #100 to Vm #15
0.01: MET_Broker: Sending Cloudlet #101 to Vm #15
0.01: MET_Broker: Sending Cloudlet #102 to Vm #15
0.01: MET_Broker: Sending Cloudlet #103 to Vm #15
0.01: MET_Broker: Sending Cloudlet #104 to Vm #15
0.01: MET_Broker: Sending Cloudlet #105 to Vm #15
0.01: MET_Broker: Sending Cloudlet #106 to Vm #15
0.01: MET_Broker: Sending Cloudlet #107 to Vm #15
0.01: MET_Broker: Sending Cloudlet #108 to Vm #15
0.01: MET_Broker: Sending Cloudlet #109 to Vm #15
0.01: MET_Broker: Sending Cloudlet #110 to Vm #15
0.01: MET_Broker: Sending Cloudlet #111 to Vm #15
0.01: MET_Broker: Sending Cloudlet #112 to Vm #15
0.01: MET_Broker: Sending Cloudlet #113 to Vm #15
0.01: MET_Broker: Sending Cloudlet #114 to Vm #15
0.01: MET_Broker: Sending Cloudlet #115 to Vm #15
0.01: MET_Broker: Sending Cloudlet #116 to Vm #15
0.01: MET_Broker: Sending Cloudlet #117 to Vm #15
0.01: MET_Broker: Sending Cloudlet #118 to Vm #15
0.01: MET_Broker: Sending Cloudlet #119 to Vm #15
0.01: MET_Broker: Sending Cloudlet #120 to Vm #15
0.01: MET_Broker: Sending Cloudlet #121 to Vm #15
0.01: MET_Broker: Sending Cloudlet #122 to Vm #15
0.01: MET_Broker: Sending Cloudlet #123 to Vm #15
0.01: MET_Broker: Sending Cloudlet #124 to Vm #15
0.01: MET_Broker: Sending Cloudlet #125 to Vm #15
0.01: MET_Broker: Sending Cloudlet #126 to Vm #15
0.01: MET_Broker: Sending Cloudlet #127 to Vm #15
0.01: MET_Broker: Sending Cloudlet #128 to Vm #15
0.01: MET_Broker: Sending Cloudlet #129 to Vm #15
0.01: MET_Broker: Sending Cloudlet #130 to Vm #15
0.01: MET_Broker: Sending Cloudlet #131 to Vm #15
0.01: MET_Broker: Sending Cloudlet #132 to Vm #15
0.01: MET_Broker: Sending Cloudlet #133 to Vm #15
0.01: MET_Broker: Sending Cloudlet #134 to Vm #15
0.01: MET_Broker: Sending Cloudlet #135 to Vm #15
0.01: MET_Broker: Sending Cloudlet #136 to Vm #15
0.01: MET_Broker: Sending Cloudlet #137 to Vm #15
0.01: MET_Broker: Sending Cloudlet #138 to Vm #15
0.01: MET_Broker: Sending Cloudlet #139 to Vm #15
0.01: MET_Broker: Sending Cloudlet #140 to Vm #15
0.01: MET_Broker: Sending Cloudlet #141 to Vm #15
0.01: MET_Broker: Sending Cloudlet #142 to Vm #15
0.01: MET_Broker: Sending Cloudlet #143 to Vm #15
0.01: MET_Broker: Sending Cloudlet #144 to Vm #15
0.01: MET_Broker: Sending Cloudlet #145 to Vm #15
0.01: MET_Broker: Sending Cloudlet #146 to Vm #15
0.01: MET_Broker: Sending Cloudlet #147 to Vm #15
0.01: MET_Broker: Sending Cloudlet #148 to Vm #15
0.01: MET_Broker: Sending Cloudlet #149 to Vm #15
0.01: MET_Broker: Sending Cloudlet #150 to Vm #15
0.01: MET_Broker: Sending Cloudlet #151 to Vm #15
0.01: MET_Broker: Sending Cloudlet #152 to Vm #15
0.01: MET_Broker: Sending Cloudlet #153 to Vm #15
0.01: MET_Broker: Sending Cloudlet #154 to Vm #15
0.01: MET_Broker: Sending Cloudlet #155 to Vm #15
0.01: MET_Broker: Sending Cloudlet #156 to Vm #15
0.01: MET_Broker: Sending Cloudlet #157 to Vm #15
0.01: MET_Broker: Sending Cloudlet #158 to Vm #15
0.01: MET_Broker: Sending Cloudlet #159 to Vm #15
0.01: MET_Broker: Sending Cloudlet #160 to Vm #15
0.01: MET_Broker: Sending Cloudlet #161 to Vm #15
0.01: MET_Broker: Sending Cloudlet #162 to Vm #15
0.01: MET_Broker: Sending Cloudlet #163 to Vm #15
0.01: MET_Broker: Sending Cloudlet #164 to Vm #15
0.01: MET_Broker: Sending Cloudlet #165 to Vm #15
0.01: MET_Broker: Sending Cloudlet #166 to Vm #15
0.01: MET_Broker: Sending Cloudlet #167 to Vm #15
0.01: MET_Broker: Sending Cloudlet #168 to Vm #15
0.01: MET_Broker: Sending Cloudlet #169 to Vm #15
0.01: MET_Broker: Sending Cloudlet #170 to Vm #15
0.01: MET_Broker: Sending Cloudlet #171 to Vm #15
0.01: MET_Broker: Sending Cloudlet #172 to Vm #15
0.01: MET_Broker: Sending Cloudlet #173 to Vm #15
0.01: MET_Broker: Sending Cloudlet #174 to Vm #15
0.01: MET_Broker: Sending Cloudlet #175 to Vm #15
0.01: MET_Broker: Sending Cloudlet #176 to Vm #15
0.01: MET_Broker: Sending Cloudlet #177 to Vm #15
0.01: MET_Broker: Sending Cloudlet #178 to Vm #15
0.01: MET_Broker: Sending Cloudlet #179 to Vm #15
0.01: MET_Broker: Sending Cloudlet #180 to Vm #15
0.01: MET_Broker: Sending Cloudlet #181 to Vm #15
0.01: MET_Broker: Sending Cloudlet #182 to Vm #15
0.01: MET_Broker: Sending Cloudlet #183 to Vm #15
0.01: MET_Broker: Sending Cloudlet #184 to Vm #15
0.01: MET_Broker: Sending Cloudlet #185 to Vm #15
0.01: MET_Broker: Sending Cloudlet #186 to Vm #15
0.01: MET_Broker: Sending Cloudlet #187 to Vm #15
0.01: MET_Broker: Sending Cloudlet #188 to Vm #15
0.01: MET_Broker: Sending Cloudlet #189 to Vm #15
0.01: MET_Broker: Sending Cloudlet #190 to Vm #15
0.01: MET_Broker: Sending Cloudlet #191 to Vm #15
0.01: MET_Broker: Sending Cloudlet #192 to Vm #15
0.01: MET_Broker: Sending Cloudlet #193 to Vm #15
0.01: MET_Broker: Sending Cloudlet #194 to Vm #15
0.01: MET_Broker: Sending Cloudlet #195 to Vm #15
0.01: MET_Broker: Sending Cloudlet #196 to Vm #15
0.01: MET_Broker: Sending Cloudlet #197 to Vm #15
0.01: MET_Broker: Sending Cloudlet #198 to Vm #15
0.01: MET_Broker: Sending Cloudlet #199 to Vm #15
0.01: MET_Broker: Sending Cloudlet #200 to Vm #15
0.01: MET_Broker: Sending Cloudlet #201 to Vm #15
0.01: MET_Broker: Sending Cloudlet #202 to Vm #15
0.01: MET_Broker: Sending Cloudlet #203 to Vm #15
0.01: MET_Broker: Sending Cloudlet #204 to Vm #15
0.01: MET_Broker: Sending Cloudlet #205 to Vm #15
0.01: MET_Broker: Sending Cloudlet #206 to Vm #15
0.01: MET_Broker: Sending Cloudlet #207 to Vm #15
0.01: MET_Broker: Sending Cloudlet #208 to Vm #15
0.01: MET_Broker: Sending Cloudlet #209 to Vm #15
0.01: MET_Broker: Sending Cloudlet #210 to Vm #15
0.01: MET_Broker: Sending Cloudlet #211 to Vm #15
0.01: MET_Broker: Sending Cloudlet #212 to Vm #15
0.01: MET_Broker: Sending Cloudlet #213 to Vm #15
0.01: MET_Broker: Sending Cloudlet #214 to Vm #15
0.01: MET_Broker: Sending Cloudlet #215 to Vm #15
0.01: MET_Broker: Sending Cloudlet #216 to Vm #15
0.01: MET_Broker: Sending Cloudlet #217 to Vm #15
0.01: MET_Broker: Sending Cloudlet #218 to Vm #15
0.01: MET_Broker: Sending Cloudlet #219 to Vm #15
0.01: MET_Broker: Sending Cloudlet #220 to Vm #15
0.01: MET_Broker: Sending Cloudlet #221 to Vm #15
0.01: MET_Broker: Sending Cloudlet #222 to Vm #15
0.01: MET_Broker: Sending Cloudlet #223 to Vm #15
0.01: MET_Broker: Sending Cloudlet #224 to Vm #15
0.01: MET_Broker: Sending Cloudlet #225 to Vm #15
0.01: MET_Broker: Sending Cloudlet #226 to Vm #15
0.01: MET_Broker: Sending Cloudlet #227 to Vm #15
0.01: MET_Broker: Sending Cloudlet #228 to Vm #15
0.01: MET_Broker: Sending Cloudlet #229 to Vm #15
0.01: MET_Broker: Sending Cloudlet #230 to Vm #15
0.01: MET_Broker: Sending Cloudlet #231 to Vm #15
0.01: MET_Broker: Sending Cloudlet #232 to Vm #15
0.01: MET_Broker: Sending Cloudlet #233 to Vm #15
0.01: MET_Broker: Sending Cloudlet #234 to Vm #15
0.01: MET_Broker: Sending Cloudlet #235 to Vm #15
0.01: MET_Broker: Sending Cloudlet #236 to Vm #15
0.01: MET_Broker: Sending Cloudlet #237 to Vm #15
0.01: MET_Broker: Sending Cloudlet #238 to Vm #15
0.01: MET_Broker: Sending Cloudlet #239 to Vm #15
0.01: MET_Broker: Sending Cloudlet #240 to Vm #15
0.01: MET_Broker: Sending Cloudlet #241 to Vm #15
0.01: MET_Broker: Sending Cloudlet #242 to Vm #15
0.01: MET_Broker: Sending Cloudlet #243 to Vm #15
0.01: MET_Broker: Sending Cloudlet #244 to Vm #15
0.01: MET_Broker: Sending Cloudlet #245 to Vm #15
0.01: MET_Broker: Sending Cloudlet #246 to Vm #15
0.01: MET_Broker: Sending Cloudlet #247 to Vm #15
0.01: MET_Broker: Sending Cloudlet #248 to Vm #15
0.01: MET_Broker: Sending Cloudlet #249 to Vm #15
0.01: MET_Broker: Sending Cloudlet #250 to Vm #15
0.01: MET_Broker: Sending Cloudlet #251 to Vm #15
0.01: MET_Broker: Sending Cloudlet #252 to Vm #15
0.01: MET_Broker: Sending Cloudlet #253 to Vm #15
0.01: MET_Broker: Sending Cloudlet #254 to Vm #15
0.01: MET_Broker: Sending Cloudlet #255 to Vm #15
0.01: MET_Broker: Sending Cloudlet #256 to Vm #15
0.01: MET_Broker: Sending Cloudlet #257 to Vm #15
0.01: MET_Broker: Sending Cloudlet #258 to Vm #15
0.01: MET_Broker: Sending Cloudlet #259 to Vm #15
0.01: MET_Broker: Sending Cloudlet #260 to Vm #15
0.01: MET_Broker: Sending Cloudlet #261 to Vm #15
0.01: MET_Broker: Sending Cloudlet #262 to Vm #15
0.01: MET_Broker: Sending Cloudlet #263 to Vm #15
0.01: MET_Broker: Sending Cloudlet #264 to Vm #15
0.01: MET_Broker: Sending Cloudlet #265 to Vm #15
0.01: MET_Broker: Sending Cloudlet #266 to Vm #15
0.01: MET_Broker: Sending Cloudlet #267 to Vm #15
0.01: MET_Broker: Sending Cloudlet #268 to Vm #15
0.01: MET_Broker: Sending Cloudlet #269 to Vm #15
0.01: MET_Broker: Sending Cloudlet #270 to Vm #15
0.01: MET_Broker: Sending Cloudlet #271 to Vm #15
0.01: MET_Broker: Sending Cloudlet #272 to Vm #15
0.01: MET_Broker: Sending Cloudlet #273 to Vm #15
0.01: MET_Broker: Sending Cloudlet #274 to Vm #15
0.01: MET_Broker: Sending Cloudlet #275 to Vm #15
0.01: MET_Broker: Sending Cloudlet #276 to Vm #15
0.01: MET_Broker: Sending Cloudlet #277 to Vm #15
0.01: MET_Broker: Sending Cloudlet #278 to Vm #15
0.01: MET_Broker: Sending Cloudlet #279 to Vm #15
0.01: MET_Broker: Sending Cloudlet #280 to Vm #15
0.01: MET_Broker: Sending Cloudlet #281 to Vm #15
0.01: MET_Broker: Sending Cloudlet #282 to Vm #15
0.01: MET_Broker: Sending Cloudlet #283 to Vm #15
0.01: MET_Broker: Sending Cloudlet #284 to Vm #15
0.01: MET_Broker: Sending Cloudlet #285 to Vm #15
0.01: MET_Broker: Sending Cloudlet #286 to Vm #15
0.01: MET_Broker: Sending Cloudlet #287 to Vm #15
0.01: MET_Broker: Sending Cloudlet #288 to Vm #15
0.01: MET_Broker: Sending Cloudlet #289 to Vm #15
0.01: MET_Broker: Sending Cloudlet #290 to Vm #15
0.01: MET_Broker: Sending Cloudlet #291 to Vm #15
0.01: MET_Broker: Sending Cloudlet #292 to Vm #15
0.01: MET_Broker: Sending Cloudlet #293 to Vm #15
0.01: MET_Broker: Sending Cloudlet #294 to Vm #15
0.01: MET_Broker: Sending Cloudlet #295 to Vm #15
0.01: MET_Broker: Sending Cloudlet #296 to Vm #15
0.01: MET_Broker: Sending Cloudlet #297 to Vm #15
0.01: MET_Broker: Sending Cloudlet #298 to Vm #15
0.01: MET_Broker: Sending Cloudlet #299 to Vm #15
0.01: MET_Broker: Sending Cloudlet #300 to Vm #15
0.01: MET_Broker: Sending Cloudlet #301 to Vm #15
0.01: MET_Broker: Sending Cloudlet #302 to Vm #15
0.01: MET_Broker: Sending Cloudlet #303 to Vm #15
0.01: MET_Broker: Sending Cloudlet #304 to Vm #15
0.01: MET_Broker: Sending Cloudlet #305 to Vm #15
0.01: MET_Broker: Sending Cloudlet #306 to Vm #15
0.01: MET_Broker: Sending Cloudlet #307 to Vm #15
0.01: MET_Broker: Sending Cloudlet #308 to Vm #15
0.01: MET_Broker: Sending Cloudlet #309 to Vm #15
0.01: MET_Broker: Sending Cloudlet #310 to Vm #15
0.01: MET_Broker: Sending Cloudlet #311 to Vm #15
0.01: MET_Broker: Sending Cloudlet #312 to Vm #15
0.01: MET_Broker: Sending Cloudlet #313 to Vm #15
0.01: MET_Broker: Sending Cloudlet #314 to Vm #15
0.01: MET_Broker: Sending Cloudlet #315 to Vm #15
0.01: MET_Broker: Sending Cloudlet #316 to Vm #15
0.01: MET_Broker: Sending Cloudlet #317 to Vm #15
0.01: MET_Broker: Sending Cloudlet #318 to Vm #15
0.01: MET_Broker: Sending Cloudlet #319 to Vm #15
0.01: MET_Broker: Sending Cloudlet #320 to Vm #15
0.01: MET_Broker: Sending Cloudlet #321 to Vm #15
0.01: MET_Broker: Sending Cloudlet #322 to Vm #15
0.01: MET_Broker: Sending Cloudlet #323 to Vm #15
0.01: MET_Broker: Sending Cloudlet #324 to Vm #15
0.01: MET_Broker: Sending Cloudlet #325 to Vm #15
0.01: MET_Broker: Sending Cloudlet #326 to Vm #15
0.01: MET_Broker: Sending Cloudlet #327 to Vm #15
0.01: MET_Broker: Sending Cloudlet #328 to Vm #15
0.01: MET_Broker: Sending Cloudlet #329 to Vm #15
0.01: MET_Broker: Sending Cloudlet #330 to Vm #15
0.01: MET_Broker: Sending Cloudlet #331 to Vm #15
0.01: MET_Broker: Sending Cloudlet #332 to Vm #15
0.01: MET_Broker: Sending Cloudlet #333 to Vm #15
0.01: MET_Broker: Sending Cloudlet #334 to Vm #15
0.01: MET_Broker: Sending Cloudlet #335 to Vm #15
0.01: MET_Broker: Sending Cloudlet #336 to Vm #15
0.01: MET_Broker: Sending Cloudlet #337 to Vm #15
0.01: MET_Broker: Sending Cloudlet #338 to Vm #15
0.01: MET_Broker: Sending Cloudlet #339 to Vm #15
0.01: MET_Broker: Sending Cloudlet #340 to Vm #15
0.01: MET_Broker: Sending Cloudlet #341 to Vm #15
0.01: MET_Broker: Sending Cloudlet #342 to Vm #15
0.01: MET_Broker: Sending Cloudlet #343 to Vm #15
0.01: MET_Broker: Sending Cloudlet #344 to Vm #15
0.01: MET_Broker: Sending Cloudlet #345 to Vm #15
0.01: MET_Broker: Sending Cloudlet #346 to Vm #15
0.01: MET_Broker: Sending Cloudlet #347 to Vm #15
0.01: MET_Broker: Sending Cloudlet #348 to Vm #15
0.01: MET_Broker: Sending Cloudlet #349 to Vm #15
0.01: MET_Broker: Sending Cloudlet #350 to Vm #15
0.01: MET_Broker: Sending Cloudlet #351 to Vm #15
0.01: MET_Broker: Sending Cloudlet #352 to Vm #15
0.01: MET_Broker: Sending Cloudlet #353 to Vm #15
0.01: MET_Broker: Sending Cloudlet #354 to Vm #15
0.01: MET_Broker: Sending Cloudlet #355 to Vm #15
0.01: MET_Broker: Sending Cloudlet #356 to Vm #15
0.01: MET_Broker: Sending Cloudlet #357 to Vm #15
0.01: MET_Broker: Sending Cloudlet #358 to Vm #15
0.01: MET_Broker: Sending Cloudlet #359 to Vm #15
0.01: MET_Broker: Sending Cloudlet #360 to Vm #15
0.01: MET_Broker: Sending Cloudlet #361 to Vm #15
0.01: MET_Broker: Sending Cloudlet #362 to Vm #15
0.01: MET_Broker: Sending Cloudlet #363 to Vm #15
0.01: MET_Broker: Sending Cloudlet #364 to Vm #15
0.01: MET_Broker: Sending Cloudlet #365 to Vm #15
0.01: MET_Broker: Sending Cloudlet #366 to Vm #15
0.01: MET_Broker: Sending Cloudlet #367 to Vm #15
0.01: MET_Broker: Sending Cloudlet #368 to Vm #15
0.01: MET_Broker: Sending Cloudlet #369 to Vm #15
0.01: MET_Broker: Sending Cloudlet #370 to Vm #15
0.01: MET_Broker: Sending Cloudlet #371 to Vm #15
0.01: MET_Broker: Sending Cloudlet #372 to Vm #15
0.01: MET_Broker: Sending Cloudlet #373 to Vm #15
0.01: MET_Broker: Sending Cloudlet #374 to Vm #15
0.01: MET_Broker: Sending Cloudlet #375 to Vm #15
0.01: MET_Broker: Sending Cloudlet #376 to Vm #15
0.01: MET_Broker: Sending Cloudlet #377 to Vm #15
0.01: MET_Broker: Sending Cloudlet #378 to Vm #15
0.01: MET_Broker: Sending Cloudlet #379 to Vm #15
0.01: MET_Broker: Sending Cloudlet #380 to Vm #15
0.01: MET_Broker: Sending Cloudlet #381 to Vm #15
0.01: MET_Broker: Sending Cloudlet #382 to Vm #15
0.01: MET_Broker: Sending Cloudlet #383 to Vm #15
0.01: MET_Broker: Sending Cloudlet #384 to Vm #15
0.01: MET_Broker: Sending Cloudlet #385 to Vm #15
0.01: MET_Broker: Sending Cloudlet #386 to Vm #15
0.01: MET_Broker: Sending Cloudlet #387 to Vm #15
0.01: MET_Broker: Sending Cloudlet #388 to Vm #15
0.01: MET_Broker: Sending Cloudlet #389 to Vm #15
0.01: MET_Broker: Sending Cloudlet #390 to Vm #15
0.01: MET_Broker: Sending Cloudlet #391 to Vm #15
0.01: MET_Broker: Sending Cloudlet #392 to Vm #15
0.01: MET_Broker: Sending Cloudlet #393 to Vm #15
0.01: MET_Broker: Sending Cloudlet #394 to Vm #15
0.01: MET_Broker: Sending Cloudlet #395 to Vm #15
0.01: MET_Broker: Sending Cloudlet #396 to Vm #15
0.01: MET_Broker: Sending Cloudlet #397 to Vm #15
0.01: MET_Broker: Sending Cloudlet #398 to Vm #15
0.01: MET_Broker: Sending Cloudlet #399 to Vm #15
0.01: MET_Broker: Sending Cloudlet #400 to Vm #15
0.01: MET_Broker: Sending Cloudlet #401 to Vm #15
0.01: MET_Broker: Sending Cloudlet #402 to Vm #15
0.01: MET_Broker: Sending Cloudlet #403 to Vm #15
0.01: MET_Broker: Sending Cloudlet #404 to Vm #15
0.01: MET_Broker: Sending Cloudlet #405 to Vm #15
0.01: MET_Broker: Sending Cloudlet #406 to Vm #15
0.01: MET_Broker: Sending Cloudlet #407 to Vm #15
0.01: MET_Broker: Sending Cloudlet #408 to Vm #15
0.01: MET_Broker: Sending Cloudlet #409 to Vm #15
0.01: MET_Broker: Sending Cloudlet #410 to Vm #15
0.01: MET_Broker: Sending Cloudlet #411 to Vm #15
0.01: MET_Broker: Sending Cloudlet #412 to Vm #15
0.01: MET_Broker: Sending Cloudlet #413 to Vm #15
0.01: MET_Broker: Sending Cloudlet #414 to Vm #15
0.01: MET_Broker: Sending Cloudlet #415 to Vm #15
0.01: MET_Broker: Sending Cloudlet #416 to Vm #15
0.01: MET_Broker: Sending Cloudlet #417 to Vm #15
0.01: MET_Broker: Sending Cloudlet #418 to Vm #15
0.01: MET_Broker: Sending Cloudlet #419 to Vm #15
0.01: MET_Broker: Sending Cloudlet #420 to Vm #15
0.01: MET_Broker: Sending Cloudlet #421 to Vm #15
0.01: MET_Broker: Sending Cloudlet #422 to Vm #15
0.01: MET_Broker: Sending Cloudlet #423 to Vm #15
0.01: MET_Broker: Sending Cloudlet #424 to Vm #15
0.01: MET_Broker: Sending Cloudlet #425 to Vm #15
0.01: MET_Broker: Sending Cloudlet #426 to Vm #15
0.01: MET_Broker: Sending Cloudlet #427 to Vm #15
0.01: MET_Broker: Sending Cloudlet #428 to Vm #15
0.01: MET_Broker: Sending Cloudlet #429 to Vm #15
0.01: MET_Broker: Sending Cloudlet #430 to Vm #15
0.01: MET_Broker: Sending Cloudlet #431 to Vm #15
0.01: MET_Broker: Sending Cloudlet #432 to Vm #15
0.01: MET_Broker: Sending Cloudlet #433 to Vm #15
0.01: MET_Broker: Sending Cloudlet #434 to Vm #15
0.01: MET_Broker: Sending Cloudlet #435 to Vm #15
0.01: MET_Broker: Sending Cloudlet #436 to Vm #15
0.01: MET_Broker: Sending Cloudlet #437 to Vm #15
0.01: MET_Broker: Sending Cloudlet #438 to Vm #15
0.01: MET_Broker: Sending Cloudlet #439 to Vm #15
0.01: MET_Broker: Sending Cloudlet #440 to Vm #15
0.01: MET_Broker: Sending Cloudlet #441 to Vm #15
0.01: MET_Broker: Sending Cloudlet #442 to Vm #15
0.01: MET_Broker: Sending Cloudlet #443 to Vm #15
0.01: MET_Broker: Sending Cloudlet #444 to Vm #15
0.01: MET_Broker: Sending Cloudlet #445 to Vm #15
0.01: MET_Broker: Sending Cloudlet #446 to Vm #15
0.01: MET_Broker: Sending Cloudlet #447 to Vm #15
0.01: MET_Broker: Sending Cloudlet #448 to Vm #15
0.01: MET_Broker: Sending Cloudlet #449 to Vm #15
0.01: MET_Broker: Sending Cloudlet #450 to Vm #15
0.01: MET_Broker: Sending Cloudlet #451 to Vm #15
0.01: MET_Broker: Sending Cloudlet #452 to Vm #15
0.01: MET_Broker: Sending Cloudlet #453 to Vm #15
0.01: MET_Broker: Sending Cloudlet #454 to Vm #15
0.01: MET_Broker: Sending Cloudlet #455 to Vm #15
0.01: MET_Broker: Sending Cloudlet #456 to Vm #15
0.01: MET_Broker: Sending Cloudlet #457 to Vm #15
0.01: MET_Broker: Sending Cloudlet #458 to Vm #15
0.01: MET_Broker: Sending Cloudlet #459 to Vm #15
0.01: MET_Broker: Sending Cloudlet #460 to Vm #15
0.01: MET_Broker: Sending Cloudlet #461 to Vm #15
0.01: MET_Broker: Sending Cloudlet #462 to Vm #15
0.01: MET_Broker: Sending Cloudlet #463 to Vm #15
0.01: MET_Broker: Sending Cloudlet #464 to Vm #15
0.01: MET_Broker: Sending Cloudlet #465 to Vm #15
0.01: MET_Broker: Sending Cloudlet #466 to Vm #15
0.01: MET_Broker: Sending Cloudlet #467 to Vm #15
0.01: MET_Broker: Sending Cloudlet #468 to Vm #15
0.01: MET_Broker: Sending Cloudlet #469 to Vm #15
0.01: MET_Broker: Sending Cloudlet #470 to Vm #15
0.01: MET_Broker: Sending Cloudlet #471 to Vm #15
0.01: MET_Broker: Sending Cloudlet #472 to Vm #15
0.01: MET_Broker: Sending Cloudlet #473 to Vm #15
0.01: MET_Broker: Sending Cloudlet #474 to Vm #15
0.01: MET_Broker: Sending Cloudlet #475 to Vm #15
0.01: MET_Broker: Sending Cloudlet #476 to Vm #15
0.01: MET_Broker: Sending Cloudlet #477 to Vm #15
0.01: MET_Broker: Sending Cloudlet #478 to Vm #15
0.01: MET_Broker: Sending Cloudlet #479 to Vm #15
0.01: MET_Broker: Sending Cloudlet #480 to Vm #15
0.01: MET_Broker: Sending Cloudlet #481 to Vm #15
0.01: MET_Broker: Sending Cloudlet #482 to Vm #15
0.01: MET_Broker: Sending Cloudlet #483 to Vm #15
0.01: MET_Broker: Sending Cloudlet #484 to Vm #15
0.01: MET_Broker: Sending Cloudlet #485 to Vm #15
0.01: MET_Broker: Sending Cloudlet #486 to Vm #15
0.01: MET_Broker: Sending Cloudlet #487 to Vm #15
0.01: MET_Broker: Sending Cloudlet #488 to Vm #15
0.01: MET_Broker: Sending Cloudlet #489 to Vm #15
0.01: MET_Broker: Sending Cloudlet #490 to Vm #15
0.01: MET_Broker: Sending Cloudlet #491 to Vm #15
0.01: MET_Broker: Sending Cloudlet #492 to Vm #15
0.01: MET_Broker: Sending Cloudlet #493 to Vm #15
0.01: MET_Broker: Sending Cloudlet #494 to Vm #15
0.01: MET_Broker: Sending Cloudlet #495 to Vm #15
0.01: MET_Broker: Sending Cloudlet #496 to Vm #15
0.01: MET_Broker: Sending Cloudlet #497 to Vm #15
0.01: MET_Broker: Sending Cloudlet #498 to Vm #15
0.01: MET_Broker: Sending Cloudlet #499 to Vm #15
0.01: MET_Broker: Sending Cloudlet #500 to Vm #15
0.01: MET_Broker: Sending Cloudlet #501 to Vm #15
0.01: MET_Broker: Sending Cloudlet #502 to Vm #15
0.01: MET_Broker: Sending Cloudlet #503 to Vm #15
0.01: MET_Broker: Sending Cloudlet #504 to Vm #15
0.01: MET_Broker: Sending Cloudlet #505 to Vm #15
0.01: MET_Broker: Sending Cloudlet #506 to Vm #15
0.01: MET_Broker: Sending Cloudlet #507 to Vm #15
0.01: MET_Broker: Sending Cloudlet #508 to Vm #15
0.01: MET_Broker: Sending Cloudlet #509 to Vm #15
0.01: MET_Broker: Sending Cloudlet #510 to Vm #15
0.01: MET_Broker: Sending Cloudlet #511 to Vm #15
0.01: MET_Broker: Sending Cloudlet #512 to Vm #15
0.01: MET_Broker: Sending Cloudlet #513 to Vm #15
0.01: MET_Broker: Sending Cloudlet #514 to Vm #15
0.01: MET_Broker: Sending Cloudlet #515 to Vm #15
0.01: MET_Broker: Sending Cloudlet #516 to Vm #15
0.01: MET_Broker: Sending Cloudlet #517 to Vm #15
0.01: MET_Broker: Sending Cloudlet #518 to Vm #15
0.01: MET_Broker: Sending Cloudlet #519 to Vm #15
0.01: MET_Broker: Sending Cloudlet #520 to Vm #15
0.01: MET_Broker: Sending Cloudlet #521 to Vm #15
0.01: MET_Broker: Sending Cloudlet #522 to Vm #15
0.01: MET_Broker: Sending Cloudlet #523 to Vm #15
0.01: MET_Broker: Sending Cloudlet #524 to Vm #15
0.01: MET_Broker: Sending Cloudlet #525 to Vm #15
0.01: MET_Broker: Sending Cloudlet #526 to Vm #15
0.01: MET_Broker: Sending Cloudlet #527 to Vm #15
0.01: MET_Broker: Sending Cloudlet #528 to Vm #15
0.01: MET_Broker: Sending Cloudlet #529 to Vm #15
0.01: MET_Broker: Sending Cloudlet #530 to Vm #15
0.01: MET_Broker: Sending Cloudlet #531 to Vm #15
0.01: MET_Broker: Sending Cloudlet #532 to Vm #15
0.01: MET_Broker: Sending Cloudlet #533 to Vm #15
0.01: MET_Broker: Sending Cloudlet #534 to Vm #15
0.01: MET_Broker: Sending Cloudlet #535 to Vm #15
0.01: MET_Broker: Sending Cloudlet #536 to Vm #15
0.01: MET_Broker: Sending Cloudlet #537 to Vm #15
0.01: MET_Broker: Sending Cloudlet #538 to Vm #15
0.01: MET_Broker: Sending Cloudlet #539 to Vm #15
0.01: MET_Broker: Sending Cloudlet #540 to Vm #15
0.01: MET_Broker: Sending Cloudlet #541 to Vm #15
0.01: MET_Broker: Sending Cloudlet #542 to Vm #15
0.01: MET_Broker: Sending Cloudlet #543 to Vm #15
0.01: MET_Broker: Sending Cloudlet #544 to Vm #15
0.01: MET_Broker: Sending Cloudlet #545 to Vm #15
0.01: MET_Broker: Sending Cloudlet #546 to Vm #15
0.01: MET_Broker: Sending Cloudlet #547 to Vm #15
0.01: MET_Broker: Sending Cloudlet #548 to Vm #15
0.01: MET_Broker: Sending Cloudlet #549 to Vm #15
0.01: MET_Broker: Sending Cloudlet #550 to Vm #15
0.01: MET_Broker: Sending Cloudlet #551 to Vm #15
0.01: MET_Broker: Sending Cloudlet #552 to Vm #15
0.01: MET_Broker: Sending Cloudlet #553 to Vm #15
0.01: MET_Broker: Sending Cloudlet #554 to Vm #15
0.01: MET_Broker: Sending Cloudlet #555 to Vm #15
0.01: MET_Broker: Sending Cloudlet #556 to Vm #15
0.01: MET_Broker: Sending Cloudlet #557 to Vm #15
0.01: MET_Broker: Sending Cloudlet #558 to Vm #15
0.01: MET_Broker: Sending Cloudlet #559 to Vm #15
0.01: MET_Broker: Sending Cloudlet #560 to Vm #15
0.01: MET_Broker: Sending Cloudlet #561 to Vm #15
0.01: MET_Broker: Sending Cloudlet #562 to Vm #15
0.01: MET_Broker: Sending Cloudlet #563 to Vm #15
0.01: MET_Broker: Sending Cloudlet #564 to Vm #15
0.01: MET_Broker: Sending Cloudlet #565 to Vm #15
0.01: MET_Broker: Sending Cloudlet #566 to Vm #15
0.01: MET_Broker: Sending Cloudlet #567 to Vm #15
0.01: MET_Broker: Sending Cloudlet #568 to Vm #15
0.01: MET_Broker: Sending Cloudlet #569 to Vm #15
0.01: MET_Broker: Sending Cloudlet #570 to Vm #15
0.01: MET_Broker: Sending Cloudlet #571 to Vm #15
0.01: MET_Broker: Sending Cloudlet #572 to Vm #15
0.01: MET_Broker: Sending Cloudlet #573 to Vm #15
0.01: MET_Broker: Sending Cloudlet #574 to Vm #15
0.01: MET_Broker: Sending Cloudlet #575 to Vm #15
0.01: MET_Broker: Sending Cloudlet #576 to Vm #15
0.01: MET_Broker: Sending Cloudlet #577 to Vm #15
0.01: MET_Broker: Sending Cloudlet #578 to Vm #15
0.01: MET_Broker: Sending Cloudlet #579 to Vm #15
0.01: MET_Broker: Sending Cloudlet #580 to Vm #15
0.01: MET_Broker: Sending Cloudlet #581 to Vm #15
0.01: MET_Broker: Sending Cloudlet #582 to Vm #15
0.01: MET_Broker: Sending Cloudlet #583 to Vm #15
0.01: MET_Broker: Sending Cloudlet #584 to Vm #15
0.01: MET_Broker: Sending Cloudlet #585 to Vm #15
0.01: MET_Broker: Sending Cloudlet #586 to Vm #15
0.01: MET_Broker: Sending Cloudlet #587 to Vm #15
0.01: MET_Broker: Sending Cloudlet #588 to Vm #15
0.01: MET_Broker: Sending Cloudlet #589 to Vm #15
0.01: MET_Broker: Sending Cloudlet #590 to Vm #15
0.01: MET_Broker: Sending Cloudlet #591 to Vm #15
0.01: MET_Broker: Sending Cloudlet #592 to Vm #15
0.01: MET_Broker: Sending Cloudlet #593 to Vm #15
0.01: MET_Broker: Sending Cloudlet #594 to Vm #15
0.01: MET_Broker: Sending Cloudlet #595 to Vm #15
0.01: MET_Broker: Sending Cloudlet #596 to Vm #15
0.01: MET_Broker: Sending Cloudlet #597 to Vm #15
0.01: MET_Broker: Sending Cloudlet #598 to Vm #15
0.01: MET_Broker: Sending Cloudlet #599 to Vm #15
0.01: MET_Broker: Sending Cloudlet #600 to Vm #15
0.01: MET_Broker: Sending Cloudlet #601 to Vm #15
0.01: MET_Broker: Sending Cloudlet #602 to Vm #15
0.01: MET_Broker: Sending Cloudlet #603 to Vm #15
0.01: MET_Broker: Sending Cloudlet #604 to Vm #15
0.01: MET_Broker: Sending Cloudlet #605 to Vm #15
0.01: MET_Broker: Sending Cloudlet #606 to Vm #15
0.01: MET_Broker: Sending Cloudlet #607 to Vm #15
0.01: MET_Broker: Sending Cloudlet #608 to Vm #15
0.01: MET_Broker: Sending Cloudlet #609 to Vm #15
0.01: MET_Broker: Sending Cloudlet #610 to Vm #15
0.01: MET_Broker: Sending Cloudlet #611 to Vm #15
0.01: MET_Broker: Sending Cloudlet #612 to Vm #15
0.01: MET_Broker: Sending Cloudlet #613 to Vm #15
0.01: MET_Broker: Sending Cloudlet #614 to Vm #15
0.01: MET_Broker: Sending Cloudlet #615 to Vm #15
0.01: MET_Broker: Sending Cloudlet #616 to Vm #15
0.01: MET_Broker: Sending Cloudlet #617 to Vm #15
0.01: MET_Broker: Sending Cloudlet #618 to Vm #15
0.01: MET_Broker: Sending Cloudlet #619 to Vm #15
0.01: MET_Broker: Sending Cloudlet #620 to Vm #15
0.01: MET_Broker: Sending Cloudlet #621 to Vm #15
0.01: MET_Broker: Sending Cloudlet #622 to Vm #15
0.01: MET_Broker: Sending Cloudlet #623 to Vm #15
0.01: MET_Broker: Sending Cloudlet #624 to Vm #15
0.01: MET_Broker: Sending Cloudlet #625 to Vm #15
0.01: MET_Broker: Sending Cloudlet #626 to Vm #15
0.01: MET_Broker: Sending Cloudlet #627 to Vm #15
0.01: MET_Broker: Sending Cloudlet #628 to Vm #15
0.01: MET_Broker: Sending Cloudlet #629 to Vm #15
0.01: MET_Broker: Sending Cloudlet #630 to Vm #15
0.01: MET_Broker: Sending Cloudlet #631 to Vm #15
0.01: MET_Broker: Sending Cloudlet #632 to Vm #15
0.01: MET_Broker: Sending Cloudlet #633 to Vm #15
0.01: MET_Broker: Sending Cloudlet #634 to Vm #15
0.01: MET_Broker: Sending Cloudlet #635 to Vm #15
0.01: MET_Broker: Sending Cloudlet #636 to Vm #15
0.01: MET_Broker: Sending Cloudlet #637 to Vm #15
0.01: MET_Broker: Sending Cloudlet #638 to Vm #15
0.01: MET_Broker: Sending Cloudlet #639 to Vm #15
0.01: MET_Broker: Sending Cloudlet #640 to Vm #15
0.01: MET_Broker: Sending Cloudlet #641 to Vm #15
0.01: MET_Broker: Sending Cloudlet #642 to Vm #15
0.01: MET_Broker: Sending Cloudlet #643 to Vm #15
0.01: MET_Broker: Sending Cloudlet #644 to Vm #15
0.01: MET_Broker: Sending Cloudlet #645 to Vm #15
0.01: MET_Broker: Sending Cloudlet #646 to Vm #15
0.01: MET_Broker: Sending Cloudlet #647 to Vm #15
0.01: MET_Broker: Sending Cloudlet #648 to Vm #15
0.01: MET_Broker: Sending Cloudlet #649 to Vm #15
0.01: MET_Broker: Sending Cloudlet #650 to Vm #15
0.01: MET_Broker: Sending Cloudlet #651 to Vm #15
0.01: MET_Broker: Sending Cloudlet #652 to Vm #15
0.01: MET_Broker: Sending Cloudlet #653 to Vm #15
0.01: MET_Broker: Sending Cloudlet #654 to Vm #15
0.01: MET_Broker: Sending Cloudlet #655 to Vm #15
0.01: MET_Broker: Sending Cloudlet #656 to Vm #15
0.01: MET_Broker: Sending Cloudlet #657 to Vm #15
0.01: MET_Broker: Sending Cloudlet #658 to Vm #15
0.01: MET_Broker: Sending Cloudlet #659 to Vm #15
0.01: MET_Broker: Sending Cloudlet #660 to Vm #15
0.01: MET_Broker: Sending Cloudlet #661 to Vm #15
0.01: MET_Broker: Sending Cloudlet #662 to Vm #15
0.01: MET_Broker: Sending Cloudlet #663 to Vm #15
0.01: MET_Broker: Sending Cloudlet #664 to Vm #15
0.01: MET_Broker: Sending Cloudlet #665 to Vm #15
0.01: MET_Broker: Sending Cloudlet #666 to Vm #15
0.01: MET_Broker: Sending Cloudlet #667 to Vm #15
0.01: MET_Broker: Sending Cloudlet #668 to Vm #15
0.01: MET_Broker: Sending Cloudlet #669 to Vm #15
0.01: MET_Broker: Sending Cloudlet #670 to Vm #15
0.01: MET_Broker: Sending Cloudlet #671 to Vm #15
0.01: MET_Broker: Sending Cloudlet #672 to Vm #15
0.01: MET_Broker: Sending Cloudlet #673 to Vm #15
0.01: MET_Broker: Sending Cloudlet #674 to Vm #15
0.01: MET_Broker: Sending Cloudlet #675 to Vm #15
0.01: MET_Broker: Sending Cloudlet #676 to Vm #15
0.01: MET_Broker: Sending Cloudlet #677 to Vm #15
0.01: MET_Broker: Sending Cloudlet #678 to Vm #15
0.01: MET_Broker: Sending Cloudlet #679 to Vm #15
0.01: MET_Broker: Sending Cloudlet #680 to Vm #15
0.01: MET_Broker: Sending Cloudlet #681 to Vm #15
0.01: MET_Broker: Sending Cloudlet #682 to Vm #15
0.01: MET_Broker: Sending Cloudlet #683 to Vm #15
0.01: MET_Broker: Sending Cloudlet #684 to Vm #15
0.01: MET_Broker: Sending Cloudlet #685 to Vm #15
0.01: MET_Broker: Sending Cloudlet #686 to Vm #15
0.01: MET_Broker: Sending Cloudlet #687 to Vm #15
0.01: MET_Broker: Sending Cloudlet #688 to Vm #15
0.01: MET_Broker: Sending Cloudlet #689 to Vm #15
0.01: MET_Broker: Sending Cloudlet #690 to Vm #15
0.01: MET_Broker: Sending Cloudlet #691 to Vm #15
0.01: MET_Broker: Sending Cloudlet #692 to Vm #15
0.01: MET_Broker: Sending Cloudlet #693 to Vm #15
0.01: MET_Broker: Sending Cloudlet #694 to Vm #15
0.01: MET_Broker: Sending Cloudlet #695 to Vm #15
0.01: MET_Broker: Sending Cloudlet #696 to Vm #15
0.01: MET_Broker: Sending Cloudlet #697 to Vm #15
0.01: MET_Broker: Sending Cloudlet #698 to Vm #15
0.01: MET_Broker: Sending Cloudlet #699 to Vm #15
0.01: MET_Broker: Sending Cloudlet #700 to Vm #15
0.01: MET_Broker: Sending Cloudlet #701 to Vm #15
0.01: MET_Broker: Sending Cloudlet #702 to Vm #15
0.01: MET_Broker: Sending Cloudlet #703 to Vm #15
0.01: MET_Broker: Sending Cloudlet #704 to Vm #15
0.01: MET_Broker: Sending Cloudlet #705 to Vm #15
0.01: MET_Broker: Sending Cloudlet #706 to Vm #15
0.01: MET_Broker: Sending Cloudlet #707 to Vm #15
0.01: MET_Broker: Sending Cloudlet #708 to Vm #15
0.01: MET_Broker: Sending Cloudlet #709 to Vm #15
0.01: MET_Broker: Sending Cloudlet #710 to Vm #15
0.01: MET_Broker: Sending Cloudlet #711 to Vm #15
0.01: MET_Broker: Sending Cloudlet #712 to Vm #15
0.01: MET_Broker: Sending Cloudlet #713 to Vm #15
0.01: MET_Broker: Sending Cloudlet #714 to Vm #15
0.01: MET_Broker: Sending Cloudlet #715 to Vm #15
0.01: MET_Broker: Sending Cloudlet #716 to Vm #15
0.01: MET_Broker: Sending Cloudlet #717 to Vm #15
0.01: MET_Broker: Sending Cloudlet #718 to Vm #15
0.01: MET_Broker: Sending Cloudlet #719 to Vm #15
0.01: MET_Broker: Sending Cloudlet #720 to Vm #15
0.01: MET_Broker: Sending Cloudlet #721 to Vm #15
0.01: MET_Broker: Sending Cloudlet #722 to Vm #15
0.01: MET_Broker: Sending Cloudlet #723 to Vm #15
0.01: MET_Broker: Sending Cloudlet #724 to Vm #15
0.01: MET_Broker: Sending Cloudlet #725 to Vm #15
0.01: MET_Broker: Sending Cloudlet #726 to Vm #15
0.01: MET_Broker: Sending Cloudlet #727 to Vm #15
0.01: MET_Broker: Sending Cloudlet #728 to Vm #15
0.01: MET_Broker: Sending Cloudlet #729 to Vm #15
0.01: MET_Broker: Sending Cloudlet #730 to Vm #15
0.01: MET_Broker: Sending Cloudlet #731 to Vm #15
0.01: MET_Broker: Sending Cloudlet #732 to Vm #15
0.01: MET_Broker: Sending Cloudlet #733 to Vm #15
0.01: MET_Broker: Sending Cloudlet #734 to Vm #15
0.01: MET_Broker: Sending Cloudlet #735 to Vm #15
0.01: MET_Broker: Sending Cloudlet #736 to Vm #15
0.01: MET_Broker: Sending Cloudlet #737 to Vm #15
0.01: MET_Broker: Sending Cloudlet #738 to Vm #15
0.01: MET_Broker: Sending Cloudlet #739 to Vm #15
0.01: MET_Broker: Sending Cloudlet #740 to Vm #15
0.01: MET_Broker: Sending Cloudlet #741 to Vm #15
0.01: MET_Broker: Sending Cloudlet #742 to Vm #15
0.01: MET_Broker: Sending Cloudlet #743 to Vm #15
0.01: MET_Broker: Sending Cloudlet #744 to Vm #15
0.01: MET_Broker: Sending Cloudlet #745 to Vm #15
0.01: MET_Broker: Sending Cloudlet #746 to Vm #15
0.01: MET_Broker: Sending Cloudlet #747 to Vm #15
0.01: MET_Broker: Sending Cloudlet #748 to Vm #15
0.01: MET_Broker: Sending Cloudlet #749 to Vm #15
0.01: MET_Broker: Sending Cloudlet #750 to Vm #15
0.01: MET_Broker: Sending Cloudlet #751 to Vm #15
0.01: MET_Broker: Sending Cloudlet #752 to Vm #15
0.01: MET_Broker: Sending Cloudlet #753 to Vm #15
0.01: MET_Broker: Sending Cloudlet #754 to Vm #15
0.01: MET_Broker: Sending Cloudlet #755 to Vm #15
0.01: MET_Broker: Sending Cloudlet #756 to Vm #15
0.01: MET_Broker: Sending Cloudlet #757 to Vm #15
0.01: MET_Broker: Sending Cloudlet #758 to Vm #15
0.01: MET_Broker: Sending Cloudlet #759 to Vm #15
0.01: MET_Broker: Sending Cloudlet #760 to Vm #15
0.01: MET_Broker: Sending Cloudlet #761 to Vm #15
0.01: MET_Broker: Sending Cloudlet #762 to Vm #15
0.01: MET_Broker: Sending Cloudlet #763 to Vm #15
0.01: MET_Broker: Sending Cloudlet #764 to Vm #15
0.01: MET_Broker: Sending Cloudlet #765 to Vm #15
0.01: MET_Broker: Sending Cloudlet #766 to Vm #15
0.01: MET_Broker: Sending Cloudlet #767 to Vm #15
0.01: MET_Broker: Sending Cloudlet #768 to Vm #15
0.01: MET_Broker: Sending Cloudlet #769 to Vm #15
0.01: MET_Broker: Sending Cloudlet #770 to Vm #15
0.01: MET_Broker: Sending Cloudlet #771 to Vm #15
0.01: MET_Broker: Sending Cloudlet #772 to Vm #15
0.01: MET_Broker: Sending Cloudlet #773 to Vm #15
0.01: MET_Broker: Sending Cloudlet #774 to Vm #15
0.01: MET_Broker: Sending Cloudlet #775 to Vm #15
0.01: MET_Broker: Sending Cloudlet #776 to Vm #15
0.01: MET_Broker: Sending Cloudlet #777 to Vm #15
0.01: MET_Broker: Sending Cloudlet #778 to Vm #15
0.01: MET_Broker: Sending Cloudlet #779 to Vm #15
0.01: MET_Broker: Sending Cloudlet #780 to Vm #15
0.01: MET_Broker: Sending Cloudlet #781 to Vm #15
0.01: MET_Broker: Sending Cloudlet #782 to Vm #15
0.01: MET_Broker: Sending Cloudlet #783 to Vm #15
0.01: MET_Broker: Sending Cloudlet #784 to Vm #15
0.01: MET_Broker: Sending Cloudlet #785 to Vm #15
0.01: MET_Broker: Sending Cloudlet #786 to Vm #15
0.01: MET_Broker: Sending Cloudlet #787 to Vm #15
0.01: MET_Broker: Sending Cloudlet #788 to Vm #15
0.01: MET_Broker: Sending Cloudlet #789 to Vm #15
0.01: MET_Broker: Sending Cloudlet #790 to Vm #15
0.01: MET_Broker: Sending Cloudlet #791 to Vm #15
0.01: MET_Broker: Sending Cloudlet #792 to Vm #15
0.01: MET_Broker: Sending Cloudlet #793 to Vm #15
0.01: MET_Broker: Sending Cloudlet #794 to Vm #15
0.01: MET_Broker: Sending Cloudlet #795 to Vm #15
0.01: MET_Broker: Sending Cloudlet #796 to Vm #15
0.01: MET_Broker: Sending Cloudlet #797 to Vm #15
0.01: MET_Broker: Sending Cloudlet #798 to Vm #15
0.01: MET_Broker: Sending Cloudlet #799 to Vm #15
0.01: MET_Broker: Sending Cloudlet #800 to Vm #15
0.01: MET_Broker: Sending Cloudlet #801 to Vm #15
0.01: MET_Broker: Sending Cloudlet #802 to Vm #15
0.01: MET_Broker: Sending Cloudlet #803 to Vm #15
0.01: MET_Broker: Sending Cloudlet #804 to Vm #15
0.01: MET_Broker: Sending Cloudlet #805 to Vm #15
0.01: MET_Broker: Sending Cloudlet #806 to Vm #15
0.01: MET_Broker: Sending Cloudlet #807 to Vm #15
0.01: MET_Broker: Sending Cloudlet #808 to Vm #15
0.01: MET_Broker: Sending Cloudlet #809 to Vm #15
0.01: MET_Broker: Sending Cloudlet #810 to Vm #15
0.01: MET_Broker: Sending Cloudlet #811 to Vm #15
0.01: MET_Broker: Sending Cloudlet #812 to Vm #15
0.01: MET_Broker: Sending Cloudlet #813 to Vm #15
0.01: MET_Broker: Sending Cloudlet #814 to Vm #15
0.01: MET_Broker: Sending Cloudlet #815 to Vm #15
0.01: MET_Broker: Sending Cloudlet #816 to Vm #15
0.01: MET_Broker: Sending Cloudlet #817 to Vm #15
0.01: MET_Broker: Sending Cloudlet #818 to Vm #15
0.01: MET_Broker: Sending Cloudlet #819 to Vm #15
0.01: MET_Broker: Sending Cloudlet #820 to Vm #15
0.01: MET_Broker: Sending Cloudlet #821 to Vm #15
0.01: MET_Broker: Sending Cloudlet #822 to Vm #15
0.01: MET_Broker: Sending Cloudlet #823 to Vm #15
0.01: MET_Broker: Sending Cloudlet #824 to Vm #15
0.01: MET_Broker: Sending Cloudlet #825 to Vm #15
0.01: MET_Broker: Sending Cloudlet #826 to Vm #15
0.01: MET_Broker: Sending Cloudlet #827 to Vm #15
0.01: MET_Broker: Sending Cloudlet #828 to Vm #15
0.01: MET_Broker: Sending Cloudlet #829 to Vm #15
0.01: MET_Broker: Sending Cloudlet #830 to Vm #15
0.01: MET_Broker: Sending Cloudlet #831 to Vm #15
0.01: MET_Broker: Sending Cloudlet #832 to Vm #15
0.01: MET_Broker: Sending Cloudlet #833 to Vm #15
0.01: MET_Broker: Sending Cloudlet #834 to Vm #15
0.01: MET_Broker: Sending Cloudlet #835 to Vm #15
0.01: MET_Broker: Sending Cloudlet #836 to Vm #15
0.01: MET_Broker: Sending Cloudlet #837 to Vm #15
0.01: MET_Broker: Sending Cloudlet #838 to Vm #15
0.01: MET_Broker: Sending Cloudlet #839 to Vm #15
0.01: MET_Broker: Sending Cloudlet #840 to Vm #15
0.01: MET_Broker: Sending Cloudlet #841 to Vm #15
0.01: MET_Broker: Sending Cloudlet #842 to Vm #15
0.01: MET_Broker: Sending Cloudlet #843 to Vm #15
0.01: MET_Broker: Sending Cloudlet #844 to Vm #15
0.01: MET_Broker: Sending Cloudlet #845 to Vm #15
0.01: MET_Broker: Sending Cloudlet #846 to Vm #15
0.01: MET_Broker: Sending Cloudlet #847 to Vm #15
0.01: MET_Broker: Sending Cloudlet #848 to Vm #15
0.01: MET_Broker: Sending Cloudlet #849 to Vm #15
0.01: MET_Broker: Sending Cloudlet #850 to Vm #15
0.01: MET_Broker: Sending Cloudlet #851 to Vm #15
0.01: MET_Broker: Sending Cloudlet #852 to Vm #15
0.01: MET_Broker: Sending Cloudlet #853 to Vm #15
0.01: MET_Broker: Sending Cloudlet #854 to Vm #15
0.01: MET_Broker: Sending Cloudlet #855 to Vm #15
0.01: MET_Broker: Sending Cloudlet #856 to Vm #15
0.01: MET_Broker: Sending Cloudlet #857 to Vm #15
0.01: MET_Broker: Sending Cloudlet #858 to Vm #15
0.01: MET_Broker: Sending Cloudlet #859 to Vm #15
0.01: MET_Broker: Sending Cloudlet #860 to Vm #15
0.01: MET_Broker: Sending Cloudlet #861 to Vm #15
0.01: MET_Broker: Sending Cloudlet #862 to Vm #15
0.01: MET_Broker: Sending Cloudlet #863 to Vm #15
0.01: MET_Broker: Sending Cloudlet #864 to Vm #15
0.01: MET_Broker: Sending Cloudlet #865 to Vm #15
0.01: MET_Broker: Sending Cloudlet #866 to Vm #15
0.01: MET_Broker: Sending Cloudlet #867 to Vm #15
0.01: MET_Broker: Sending Cloudlet #868 to Vm #15
0.01: MET_Broker: Sending Cloudlet #869 to Vm #15
0.01: MET_Broker: Sending Cloudlet #870 to Vm #15
0.01: MET_Broker: Sending Cloudlet #871 to Vm #15
0.01: MET_Broker: Sending Cloudlet #872 to Vm #15
0.01: MET_Broker: Sending Cloudlet #873 to Vm #15
0.01: MET_Broker: Sending Cloudlet #874 to Vm #15
0.01: MET_Broker: Sending Cloudlet #875 to Vm #15
0.01: MET_Broker: Sending Cloudlet #876 to Vm #15
0.01: MET_Broker: Sending Cloudlet #877 to Vm #15
0.01: MET_Broker: Sending Cloudlet #878 to Vm #15
0.01: MET_Broker: Sending Cloudlet #879 to Vm #15
0.01: MET_Broker: Sending Cloudlet #880 to Vm #15
0.01: MET_Broker: Sending Cloudlet #881 to Vm #15
0.01: MET_Broker: Sending Cloudlet #882 to Vm #15
0.01: MET_Broker: Sending Cloudlet #883 to Vm #15
0.01: MET_Broker: Sending Cloudlet #884 to Vm #15
0.01: MET_Broker: Sending Cloudlet #885 to Vm #15
0.01: MET_Broker: Sending Cloudlet #886 to Vm #15
0.01: MET_Broker: Sending Cloudlet #887 to Vm #15
0.01: MET_Broker: Sending Cloudlet #888 to Vm #15
0.01: MET_Broker: Sending Cloudlet #889 to Vm #15
0.01: MET_Broker: Sending Cloudlet #890 to Vm #15
0.01: MET_Broker: Sending Cloudlet #891 to Vm #15
0.01: MET_Broker: Sending Cloudlet #892 to Vm #15
0.01: MET_Broker: Sending Cloudlet #893 to Vm #15
0.01: MET_Broker: Sending Cloudlet #894 to Vm #15
0.01: MET_Broker: Sending Cloudlet #895 to Vm #15
0.01: MET_Broker: Sending Cloudlet #896 to Vm #15
0.01: MET_Broker: Sending Cloudlet #897 to Vm #15
0.01: MET_Broker: Sending Cloudlet #898 to Vm #15
0.01: MET_Broker: Sending Cloudlet #899 to Vm #15
0.01: MET_Broker: Sending Cloudlet #900 to Vm #15
0.01: MET_Broker: Sending Cloudlet #901 to Vm #15
0.01: MET_Broker: Sending Cloudlet #902 to Vm #15
0.01: MET_Broker: Sending Cloudlet #903 to Vm #15
0.01: MET_Broker: Sending Cloudlet #904 to Vm #15
0.01: MET_Broker: Sending Cloudlet #905 to Vm #15
0.01: MET_Broker: Sending Cloudlet #906 to Vm #15
0.01: MET_Broker: Sending Cloudlet #907 to Vm #15
0.01: MET_Broker: Sending Cloudlet #908 to Vm #15
0.01: MET_Broker: Sending Cloudlet #909 to Vm #15
0.01: MET_Broker: Sending Cloudlet #910 to Vm #15
0.01: MET_Broker: Sending Cloudlet #911 to Vm #15
0.01: MET_Broker: Sending Cloudlet #912 to Vm #15
0.01: MET_Broker: Sending Cloudlet #913 to Vm #15
0.01: MET_Broker: Sending Cloudlet #914 to Vm #15
0.01: MET_Broker: Sending Cloudlet #915 to Vm #15
0.01: MET_Broker: Sending Cloudlet #916 to Vm #15
0.01: MET_Broker: Sending Cloudlet #917 to Vm #15
0.01: MET_Broker: Sending Cloudlet #918 to Vm #15
0.01: MET_Broker: Sending Cloudlet #919 to Vm #15
0.01: MET_Broker: Sending Cloudlet #920 to Vm #15
0.01: MET_Broker: Sending Cloudlet #921 to Vm #15
0.01: MET_Broker: Sending Cloudlet #922 to Vm #15
0.01: MET_Broker: Sending Cloudlet #923 to Vm #15
0.01: MET_Broker: Sending Cloudlet #924 to Vm #15
0.01: MET_Broker: Sending Cloudlet #925 to Vm #15
0.01: MET_Broker: Sending Cloudlet #926 to Vm #15
0.01: MET_Broker: Sending Cloudlet #927 to Vm #15
0.01: MET_Broker: Sending Cloudlet #928 to Vm #15
0.01: MET_Broker: Sending Cloudlet #929 to Vm #15
0.01: MET_Broker: Sending Cloudlet #930 to Vm #15
0.01: MET_Broker: Sending Cloudlet #931 to Vm #15
0.01: MET_Broker: Sending Cloudlet #932 to Vm #15
0.01: MET_Broker: Sending Cloudlet #933 to Vm #15
0.01: MET_Broker: Sending Cloudlet #934 to Vm #15
0.01: MET_Broker: Sending Cloudlet #935 to Vm #15
0.01: MET_Broker: Sending Cloudlet #936 to Vm #15
0.01: MET_Broker: Sending Cloudlet #937 to Vm #15
0.01: MET_Broker: Sending Cloudlet #938 to Vm #15
0.01: MET_Broker: Sending Cloudlet #939 to Vm #15
0.01: MET_Broker: Sending Cloudlet #940 to Vm #15
0.01: MET_Broker: Sending Cloudlet #941 to Vm #15
0.01: MET_Broker: Sending Cloudlet #942 to Vm #15
0.01: MET_Broker: Sending Cloudlet #943 to Vm #15
0.01: MET_Broker: Sending Cloudlet #944 to Vm #15
0.01: MET_Broker: Sending Cloudlet #945 to Vm #15
0.01: MET_Broker: Sending Cloudlet #946 to Vm #15
0.01: MET_Broker: Sending Cloudlet #947 to Vm #15
0.01: MET_Broker: Sending Cloudlet #948 to Vm #15
0.01: MET_Broker: Sending Cloudlet #949 to Vm #15
0.01: MET_Broker: Sending Cloudlet #950 to Vm #15
0.01: MET_Broker: Sending Cloudlet #951 to Vm #15
0.01: MET_Broker: Sending Cloudlet #952 to Vm #15
0.01: MET_Broker: Sending Cloudlet #953 to Vm #15
0.01: MET_Broker: Sending Cloudlet #954 to Vm #15
0.01: MET_Broker: Sending Cloudlet #955 to Vm #15
0.01: MET_Broker: Sending Cloudlet #956 to Vm #15
0.01: MET_Broker: Sending Cloudlet #957 to Vm #15
0.01: MET_Broker: Sending Cloudlet #958 to Vm #15
0.01: MET_Broker: Sending Cloudlet #959 to Vm #15
0.01: MET_Broker: Sending Cloudlet #960 to Vm #15
0.01: MET_Broker: Sending Cloudlet #961 to Vm #15
0.01: MET_Broker: Sending Cloudlet #962 to Vm #15
0.01: MET_Broker: Sending Cloudlet #963 to Vm #15
0.01: MET_Broker: Sending Cloudlet #964 to Vm #15
0.01: MET_Broker: Sending Cloudlet #965 to Vm #15
0.01: MET_Broker: Sending Cloudlet #966 to Vm #15
0.01: MET_Broker: Sending Cloudlet #967 to Vm #15
0.01: MET_Broker: Sending Cloudlet #968 to Vm #15
0.01: MET_Broker: Sending Cloudlet #969 to Vm #15
0.01: MET_Broker: Sending Cloudlet #970 to Vm #15
0.01: MET_Broker: Sending Cloudlet #971 to Vm #15
0.01: MET_Broker: Sending Cloudlet #972 to Vm #15
0.01: MET_Broker: Sending Cloudlet #973 to Vm #15
0.01: MET_Broker: Sending Cloudlet #974 to Vm #15
0.01: MET_Broker: Sending Cloudlet #975 to Vm #15
0.01: MET_Broker: Sending Cloudlet #976 to Vm #15
0.01: MET_Broker: Sending Cloudlet #977 to Vm #15
0.01: MET_Broker: Sending Cloudlet #978 to Vm #15
0.01: MET_Broker: Sending Cloudlet #979 to Vm #15
0.01: MET_Broker: Sending Cloudlet #980 to Vm #15
0.01: MET_Broker: Sending Cloudlet #981 to Vm #15
0.01: MET_Broker: Sending Cloudlet #982 to Vm #15
0.01: MET_Broker: Sending Cloudlet #983 to Vm #15
0.01: MET_Broker: Sending Cloudlet #984 to Vm #15
0.01: MET_Broker: Sending Cloudlet #985 to Vm #15
0.01: MET_Broker: Sending Cloudlet #986 to Vm #15
0.01: MET_Broker: Sending Cloudlet #987 to Vm #15
0.01: MET_Broker: Sending Cloudlet #988 to Vm #15
0.01: MET_Broker: Sending Cloudlet #989 to Vm #15
0.01: MET_Broker: Sending Cloudlet #990 to Vm #15
0.01: MET_Broker: Sending Cloudlet #991 to Vm #15
0.01: MET_Broker: Sending Cloudlet #992 to Vm #15
0.01: MET_Broker: Sending Cloudlet #993 to Vm #15
0.01: MET_Broker: Sending Cloudlet #994 to Vm #15
0.01: MET_Broker: Sending Cloudlet #995 to Vm #15
0.01: MET_Broker: Sending Cloudlet #996 to Vm #15
0.01: MET_Broker: Sending Cloudlet #997 to Vm #15
0.01: MET_Broker: Sending Cloudlet #998 to Vm #15
0.01: MET_Broker: Sending Cloudlet #999 to Vm #15
32.41: MET_Broker: Cloudlet #3 return received
32.41: MET_Broker: The number of finished Cloudlets is:1
33.209999999999994: MET_Broker: Cloudlet #0 return received
33.209999999999994: MET_Broker: The number of finished Cloudlets is:2
36.41: MET_Broker: Cloudlet #2 return received
36.41: MET_Broker: The number of finished Cloudlets is:3
38.01: MET_Broker: Cloudlet #1 return received
38.01: MET_Broker: The number of finished Cloudlets is:4
43.41: MET_Broker: Cloudlet #4 return received
43.41: MET_Broker: The number of finished Cloudlets is:5
52.809999999999995: MET_Broker: Cloudlet #5 return received
52.809999999999995: MET_Broker: The number of finished Cloudlets is:6
62.209999999999994: MET_Broker: Cloudlet #8 return received
62.209999999999994: MET_Broker: The number of finished Cloudlets is:7
76.00999999999999: MET_Broker: Cloudlet #7 return received
76.00999999999999: MET_Broker: The number of finished Cloudlets is:8
77.60999999999999: MET_Broker: Cloudlet #6 return received
77.60999999999999: MET_Broker: The number of finished Cloudlets is:9
81.20999999999998: MET_Broker: Cloudlet #9 return received
81.20999999999998: MET_Broker: The number of finished Cloudlets is:10
84.20999999999998: MET_Broker: Cloudlet #10 return received
84.20999999999998: MET_Broker: The number of finished Cloudlets is:11
92.00999999999998: MET_Broker: Cloudlet #11 return received
92.00999999999998: MET_Broker: The number of finished Cloudlets is:12
122.00999999999998: MET_Broker: Cloudlet #12 return received
122.00999999999998: MET_Broker: The number of finished Cloudlets is:13
123.80999999999997: MET_Broker: Cloudlet #14 return received
123.80999999999997: MET_Broker: The number of finished Cloudlets is:14
131.20999999999998: MET_Broker: Cloudlet #13 return received
131.20999999999998: MET_Broker: The number of finished Cloudlets is:15
156.80999999999997: MET_Broker: Cloudlet #16 return received
156.80999999999997: MET_Broker: The number of finished Cloudlets is:16
173.00999999999996: MET_Broker: Cloudlet #17 return received
173.00999999999996: MET_Broker: The number of finished Cloudlets is:17
174.00999999999996: MET_Broker: Cloudlet #18 return received
174.00999999999996: MET_Broker: The number of finished Cloudlets is:18
189.20999999999995: MET_Broker: Cloudlet #19 return received
189.20999999999995: MET_Broker: The number of finished Cloudlets is:19
193.40999999999994: MET_Broker: Cloudlet #20 return received
193.40999999999994: MET_Broker: The number of finished Cloudlets is:20
197.60999999999993: MET_Broker: Cloudlet #21 return received
197.60999999999993: MET_Broker: The number of finished Cloudlets is:21
219.60999999999993: MET_Broker: Cloudlet #24 return received
219.60999999999993: MET_Broker: The number of finished Cloudlets is:22
238.60999999999993: MET_Broker: Cloudlet #23 return received
238.60999999999993: MET_Broker: The number of finished Cloudlets is:23
249.20999999999992: MET_Broker: Cloudlet #22 return received
249.20999999999992: MET_Broker: The number of finished Cloudlets is:24
256.00999999999993: MET_Broker: Cloudlet #25 return received
256.00999999999993: MET_Broker: The number of finished Cloudlets is:25
279.60999999999996: MET_Broker: Cloudlet #28 return received
279.60999999999996: MET_Broker: The number of finished Cloudlets is:26
282.40999999999997: MET_Broker: Cloudlet #27 return received
282.40999999999997: MET_Broker: The number of finished Cloudlets is:27
292.60999999999996: MET_Broker: Cloudlet #26 return received
292.60999999999996: MET_Broker: The number of finished Cloudlets is:28
298.40999999999997: MET_Broker: Cloudlet #30 return received
298.40999999999997: MET_Broker: The number of finished Cloudlets is:29
330.60999999999996: MET_Broker: Cloudlet #31 return received
330.60999999999996: MET_Broker: The number of finished Cloudlets is:30
341.60999999999996: MET_Broker: Cloudlet #33 return received
341.60999999999996: MET_Broker: The number of finished Cloudlets is:31
350.00999999999993: MET_Broker: Cloudlet #32 return received
350.00999999999993: MET_Broker: The number of finished Cloudlets is:32
377.00999999999993: MET_Broker: Cloudlet #15 return received
377.00999999999993: MET_Broker: The number of finished Cloudlets is:33
377.2099999999999: MET_Broker: Cloudlet #34 return received
377.2099999999999: MET_Broker: The number of finished Cloudlets is:34
428.6099999999999: MET_Broker: Cloudlet #36 return received
428.6099999999999: MET_Broker: The number of finished Cloudlets is:35
428.8099999999999: MET_Broker: Cloudlet #37 return received
428.8099999999999: MET_Broker: The number of finished Cloudlets is:36
450.8099999999999: MET_Broker: Cloudlet #39 return received
450.8099999999999: MET_Broker: The number of finished Cloudlets is:37
483.20999999999987: MET_Broker: Cloudlet #40 return received
483.20999999999987: MET_Broker: The number of finished Cloudlets is:38
485.0099999999999: MET_Broker: Cloudlet #35 return received
485.0099999999999: MET_Broker: The number of finished Cloudlets is:39
489.6099999999999: MET_Broker: Cloudlet #29 return received
489.6099999999999: MET_Broker: The number of finished Cloudlets is:40
502.0099999999999: MET_Broker: Cloudlet #41 return received
502.0099999999999: MET_Broker: The number of finished Cloudlets is:41
515.8099999999998: MET_Broker: Cloudlet #42 return received
515.8099999999998: MET_Broker: The number of finished Cloudlets is:42
519.6099999999998: MET_Broker: Cloudlet #43 return received
519.6099999999998: MET_Broker: The number of finished Cloudlets is:43
535.2099999999998: MET_Broker: Cloudlet #44 return received
535.2099999999998: MET_Broker: The number of finished Cloudlets is:44
536.2099999999998: MET_Broker: Cloudlet #45 return received
536.2099999999998: MET_Broker: The number of finished Cloudlets is:45
544.0099999999998: MET_Broker: Cloudlet #46 return received
544.0099999999998: MET_Broker: The number of finished Cloudlets is:46
570.8099999999997: MET_Broker: Cloudlet #47 return received
570.8099999999997: MET_Broker: The number of finished Cloudlets is:47
578.8099999999997: MET_Broker: Cloudlet #49 return received
578.8099999999997: MET_Broker: The number of finished Cloudlets is:48
587.0099999999998: MET_Broker: Cloudlet #48 return received
587.0099999999998: MET_Broker: The number of finished Cloudlets is:49
594.8099999999997: MET_Broker: Cloudlet #51 return received
594.8099999999997: MET_Broker: The number of finished Cloudlets is:50
601.6099999999997: MET_Broker: Cloudlet #50 return received
601.6099999999997: MET_Broker: The number of finished Cloudlets is:51
622.6099999999997: MET_Broker: Cloudlet #52 return received
622.6099999999997: MET_Broker: The number of finished Cloudlets is:52
630.4099999999996: MET_Broker: Cloudlet #53 return received
630.4099999999996: MET_Broker: The number of finished Cloudlets is:53
641.4099999999996: MET_Broker: Cloudlet #55 return received
641.4099999999996: MET_Broker: The number of finished Cloudlets is:54
653.2099999999996: MET_Broker: Cloudlet #54 return received
653.2099999999996: MET_Broker: The number of finished Cloudlets is:55
681.2099999999996: MET_Broker: Cloudlet #56 return received
681.2099999999996: MET_Broker: The number of finished Cloudlets is:56
689.0099999999995: MET_Broker: Cloudlet #57 return received
689.0099999999995: MET_Broker: The number of finished Cloudlets is:57
705.0099999999995: MET_Broker: Cloudlet #60 return received
705.0099999999995: MET_Broker: The number of finished Cloudlets is:58
713.2099999999996: MET_Broker: Cloudlet #58 return received
713.2099999999996: MET_Broker: The number of finished Cloudlets is:59
713.6099999999996: MET_Broker: Cloudlet #38 return received
713.6099999999996: MET_Broker: The number of finished Cloudlets is:60
731.6099999999996: MET_Broker: Cloudlet #63 return received
731.6099999999996: MET_Broker: The number of finished Cloudlets is:61
732.8099999999996: MET_Broker: Cloudlet #59 return received
732.8099999999996: MET_Broker: The number of finished Cloudlets is:62
737.6099999999996: MET_Broker: Cloudlet #62 return received
737.6099999999996: MET_Broker: The number of finished Cloudlets is:63
743.8099999999996: MET_Broker: Cloudlet #61 return received
743.8099999999996: MET_Broker: The number of finished Cloudlets is:64
750.8099999999996: MET_Broker: Cloudlet #65 return received
750.8099999999996: MET_Broker: The number of finished Cloudlets is:65
756.8099999999996: MET_Broker: Cloudlet #68 return received
756.8099999999996: MET_Broker: The number of finished Cloudlets is:66
760.8099999999996: MET_Broker: Cloudlet #64 return received
760.8099999999996: MET_Broker: The number of finished Cloudlets is:67
776.4099999999996: MET_Broker: Cloudlet #66 return received
776.4099999999996: MET_Broker: The number of finished Cloudlets is:68
806.8099999999996: MET_Broker: Cloudlet #70 return received
806.8099999999996: MET_Broker: The number of finished Cloudlets is:69
808.4099999999996: MET_Broker: Cloudlet #69 return received
808.4099999999996: MET_Broker: The number of finished Cloudlets is:70
820.0099999999996: MET_Broker: Cloudlet #71 return received
820.0099999999996: MET_Broker: The number of finished Cloudlets is:71
835.2099999999997: MET_Broker: Cloudlet #73 return received
835.2099999999997: MET_Broker: The number of finished Cloudlets is:72
839.6099999999997: MET_Broker: Cloudlet #74 return received
839.6099999999997: MET_Broker: The number of finished Cloudlets is:73
851.2099999999997: MET_Broker: Cloudlet #72 return received
851.2099999999997: MET_Broker: The number of finished Cloudlets is:74
865.6099999999997: MET_Broker: Cloudlet #76 return received
865.6099999999997: MET_Broker: The number of finished Cloudlets is:75
868.4099999999996: MET_Broker: Cloudlet #75 return received
868.4099999999996: MET_Broker: The number of finished Cloudlets is:76
897.6099999999997: MET_Broker: Cloudlet #79 return received
897.6099999999997: MET_Broker: The number of finished Cloudlets is:77
899.6099999999997: MET_Broker: Cloudlet #78 return received
899.6099999999997: MET_Broker: The number of finished Cloudlets is:78
901.2099999999997: MET_Broker: Cloudlet #77 return received
901.2099999999997: MET_Broker: The number of finished Cloudlets is:79
936.8099999999997: MET_Broker: Cloudlet #81 return received
936.8099999999997: MET_Broker: The number of finished Cloudlets is:80
939.2099999999997: MET_Broker: Cloudlet #82 return received
939.2099999999997: MET_Broker: The number of finished Cloudlets is:81
942.8099999999997: MET_Broker: Cloudlet #80 return received
942.8099999999997: MET_Broker: The number of finished Cloudlets is:82
971.6099999999997: MET_Broker: Cloudlet #84 return received
971.6099999999997: MET_Broker: The number of finished Cloudlets is:83
982.4099999999996: MET_Broker: Cloudlet #85 return received
982.4099999999996: MET_Broker: The number of finished Cloudlets is:84
983.6099999999997: MET_Broker: Cloudlet #83 return received
983.6099999999997: MET_Broker: The number of finished Cloudlets is:85
1007.2099999999997: MET_Broker: Cloudlet #86 return received
1007.2099999999997: MET_Broker: The number of finished Cloudlets is:86
1008.4099999999997: MET_Broker: Cloudlet #87 return received
1008.4099999999997: MET_Broker: The number of finished Cloudlets is:87
1024.0099999999998: MET_Broker: Cloudlet #88 return received
1024.0099999999998: MET_Broker: The number of finished Cloudlets is:88
1028.8099999999997: MET_Broker: Cloudlet #67 return received
1028.8099999999997: MET_Broker: The number of finished Cloudlets is:89
1038.8099999999997: MET_Broker: Cloudlet #89 return received
1038.8099999999997: MET_Broker: The number of finished Cloudlets is:90
1063.6099999999997: MET_Broker: Cloudlet #91 return received
1063.6099999999997: MET_Broker: The number of finished Cloudlets is:91
1074.8099999999997: MET_Broker: Cloudlet #92 return received
1074.8099999999997: MET_Broker: The number of finished Cloudlets is:92
1090.8099999999997: MET_Broker: Cloudlet #95 return received
1090.8099999999997: MET_Broker: The number of finished Cloudlets is:93
1096.8099999999997: MET_Broker: Cloudlet #94 return received
1096.8099999999997: MET_Broker: The number of finished Cloudlets is:94
1098.8099999999997: MET_Broker: Cloudlet #93 return received
1098.8099999999997: MET_Broker: The number of finished Cloudlets is:95
1126.4099999999996: MET_Broker: Cloudlet #96 return received
1126.4099999999996: MET_Broker: The number of finished Cloudlets is:96
1142.4099999999996: MET_Broker: Cloudlet #98 return received
1142.4099999999996: MET_Broker: The number of finished Cloudlets is:97
1146.0099999999995: MET_Broker: Cloudlet #97 return received
1146.0099999999995: MET_Broker: The number of finished Cloudlets is:98
1154.8099999999995: MET_Broker: Cloudlet #99 return received
1154.8099999999995: MET_Broker: The number of finished Cloudlets is:99
1184.4099999999994: MET_Broker: Cloudlet #100 return received
1184.4099999999994: MET_Broker: The number of finished Cloudlets is:100
1190.4099999999994: MET_Broker: Cloudlet #102 return received
1190.4099999999994: MET_Broker: The number of finished Cloudlets is:101
1192.8099999999995: MET_Broker: Cloudlet #101 return received
1192.8099999999995: MET_Broker: The number of finished Cloudlets is:102
1212.4099999999994: MET_Broker: Cloudlet #104 return received
1212.4099999999994: MET_Broker: The number of finished Cloudlets is:103
1223.6099999999994: MET_Broker: Cloudlet #105 return received
1223.6099999999994: MET_Broker: The number of finished Cloudlets is:104
1228.0099999999995: MET_Broker: Cloudlet #103 return received
1228.0099999999995: MET_Broker: The number of finished Cloudlets is:105
1245.6099999999994: MET_Broker: Cloudlet #106 return received
1245.6099999999994: MET_Broker: The number of finished Cloudlets is:106
1267.2099999999994: MET_Broker: Cloudlet #107 return received
1267.2099999999994: MET_Broker: The number of finished Cloudlets is:107
1279.6099999999994: MET_Broker: Cloudlet #108 return received
1279.6099999999994: MET_Broker: The number of finished Cloudlets is:108
1289.2099999999994: MET_Broker: Cloudlet #110 return received
1289.2099999999994: MET_Broker: The number of finished Cloudlets is:109
1290.0099999999993: MET_Broker: Cloudlet #109 return received
1290.0099999999993: MET_Broker: The number of finished Cloudlets is:110
1314.4099999999994: MET_Broker: Cloudlet #112 return received
1314.4099999999994: MET_Broker: The number of finished Cloudlets is:111
1316.8099999999995: MET_Broker: Cloudlet #111 return received
1316.8099999999995: MET_Broker: The number of finished Cloudlets is:112
1335.6099999999994: MET_Broker: Cloudlet #114 return received
1335.6099999999994: MET_Broker: The number of finished Cloudlets is:113
1336.0099999999995: MET_Broker: Cloudlet #113 return received
1336.0099999999995: MET_Broker: The number of finished Cloudlets is:114
1360.0099999999995: MET_Broker: Cloudlet #116 return received
1360.0099999999995: MET_Broker: The number of finished Cloudlets is:115
1361.2099999999996: MET_Broker: Cloudlet #115 return received
1361.2099999999996: MET_Broker: The number of finished Cloudlets is:116
1361.2099999999996: MET_Broker: Cloudlet #117 return received
1361.2099999999996: MET_Broker: The number of finished Cloudlets is:117
1368.4099999999996: MET_Broker: Cloudlet #90 return received
1368.4099999999996: MET_Broker: The number of finished Cloudlets is:118
1386.0099999999995: MET_Broker: Cloudlet #118 return received
1386.0099999999995: MET_Broker: The number of finished Cloudlets is:119
1396.0099999999995: MET_Broker: Cloudlet #119 return received
1396.0099999999995: MET_Broker: The number of finished Cloudlets is:120
1416.0099999999995: MET_Broker: Cloudlet #121 return received
1416.0099999999995: MET_Broker: The number of finished Cloudlets is:121
1416.8099999999995: MET_Broker: Cloudlet #120 return received
1416.8099999999995: MET_Broker: The number of finished Cloudlets is:122
1442.8099999999995: MET_Broker: Cloudlet #124 return received
1442.8099999999995: MET_Broker: The number of finished Cloudlets is:123
1447.6099999999994: MET_Broker: Cloudlet #122 return received
1447.6099999999994: MET_Broker: The number of finished Cloudlets is:124
1464.4099999999994: MET_Broker: Cloudlet #123 return received
1464.4099999999994: MET_Broker: The number of finished Cloudlets is:125
1469.6099999999994: MET_Broker: Cloudlet #126 return received
1469.6099999999994: MET_Broker: The number of finished Cloudlets is:126
1480.4099999999994: MET_Broker: Cloudlet #127 return received
1480.4099999999994: MET_Broker: The number of finished Cloudlets is:127
1490.4099999999994: MET_Broker: Cloudlet #125 return received
1490.4099999999994: MET_Broker: The number of finished Cloudlets is:128
1509.2099999999994: MET_Broker: Cloudlet #130 return received
1509.2099999999994: MET_Broker: The number of finished Cloudlets is:129
1516.4099999999994: MET_Broker: Cloudlet #128 return received
1516.4099999999994: MET_Broker: The number of finished Cloudlets is:130
1521.6099999999994: MET_Broker: Cloudlet #129 return received
1521.6099999999994: MET_Broker: The number of finished Cloudlets is:131
1540.8099999999995: MET_Broker: Cloudlet #131 return received
1540.8099999999995: MET_Broker: The number of finished Cloudlets is:132
1554.4099999999994: MET_Broker: Cloudlet #132 return received
1554.4099999999994: MET_Broker: The number of finished Cloudlets is:133
1568.4099999999994: MET_Broker: Cloudlet #133 return received
1568.4099999999994: MET_Broker: The number of finished Cloudlets is:134
1569.2099999999994: MET_Broker: Cloudlet #134 return received
1569.2099999999994: MET_Broker: The number of finished Cloudlets is:135
1597.6099999999994: MET_Broker: Cloudlet #137 return received
1597.6099999999994: MET_Broker: The number of finished Cloudlets is:136
1598.4099999999994: MET_Broker: Cloudlet #136 return received
1598.4099999999994: MET_Broker: The number of finished Cloudlets is:137
1603.6099999999994: MET_Broker: Cloudlet #135 return received
1603.6099999999994: MET_Broker: The number of finished Cloudlets is:138
1621.6099999999994: MET_Broker: Cloudlet #140 return received
1621.6099999999994: MET_Broker: The number of finished Cloudlets is:139
1632.4099999999994: MET_Broker: Cloudlet #139 return received
1632.4099999999994: MET_Broker: The number of finished Cloudlets is:140
1640.4099999999994: MET_Broker: Cloudlet #141 return received
1640.4099999999994: MET_Broker: The number of finished Cloudlets is:141
1657.6099999999994: MET_Broker: Cloudlet #138 return received
1657.6099999999994: MET_Broker: The number of finished Cloudlets is:142
1659.2099999999994: MET_Broker: Cloudlet #143 return received
1659.2099999999994: MET_Broker: The number of finished Cloudlets is:143
1685.2099999999994: MET_Broker: Cloudlet #145 return received
1685.2099999999994: MET_Broker: The number of finished Cloudlets is:144
1706.0099999999993: MET_Broker: Cloudlet #144 return received
1706.0099999999993: MET_Broker: The number of finished Cloudlets is:145
1717.6099999999992: MET_Broker: Cloudlet #146 return received
1717.6099999999992: MET_Broker: The number of finished Cloudlets is:146
1732.8099999999993: MET_Broker: Cloudlet #147 return received
1732.8099999999993: MET_Broker: The number of finished Cloudlets is:147
1739.6099999999992: MET_Broker: Cloudlet #148 return received
1739.6099999999992: MET_Broker: The number of finished Cloudlets is:148
1754.0099999999993: MET_Broker: Cloudlet #149 return received
1754.0099999999993: MET_Broker: The number of finished Cloudlets is:149
1760.0099999999993: MET_Broker: Cloudlet #150 return received
1760.0099999999993: MET_Broker: The number of finished Cloudlets is:150
1804.8099999999993: MET_Broker: Cloudlet #151 return received
1804.8099999999993: MET_Broker: The number of finished Cloudlets is:151
1810.0099999999993: MET_Broker: Cloudlet #152 return received
1810.0099999999993: MET_Broker: The number of finished Cloudlets is:152
1839.6099999999992: MET_Broker: Cloudlet #153 return received
1839.6099999999992: MET_Broker: The number of finished Cloudlets is:153
1842.4099999999992: MET_Broker: Cloudlet #142 return received
1842.4099999999992: MET_Broker: The number of finished Cloudlets is:154
1853.6099999999992: MET_Broker: Cloudlet #154 return received
1853.6099999999992: MET_Broker: The number of finished Cloudlets is:155
1860.4099999999992: MET_Broker: Cloudlet #156 return received
1860.4099999999992: MET_Broker: The number of finished Cloudlets is:156
1905.6099999999992: MET_Broker: Cloudlet #158 return received
1905.6099999999992: MET_Broker: The number of finished Cloudlets is:157
1930.0099999999993: MET_Broker: Cloudlet #159 return received
1930.0099999999993: MET_Broker: The number of finished Cloudlets is:158
1948.0099999999993: MET_Broker: Cloudlet #160 return received
1948.0099999999993: MET_Broker: The number of finished Cloudlets is:159
1978.0099999999993: MET_Broker: Cloudlet #161 return received
1978.0099999999993: MET_Broker: The number of finished Cloudlets is:160
2024.8099999999993: MET_Broker: Cloudlet #162 return received
2024.8099999999993: MET_Broker: The number of finished Cloudlets is:161
2063.609999999999: MET_Broker: Cloudlet #157 return received
2063.609999999999: MET_Broker: The number of finished Cloudlets is:162
2070.0099999999993: MET_Broker: Cloudlet #163 return received
2070.0099999999993: MET_Broker: The number of finished Cloudlets is:163
2081.609999999999: MET_Broker: Cloudlet #164 return received
2081.609999999999: MET_Broker: The number of finished Cloudlets is:164
2107.209999999999: MET_Broker: Cloudlet #165 return received
2107.209999999999: MET_Broker: The number of finished Cloudlets is:165
2125.209999999999: MET_Broker: Cloudlet #167 return received
2125.209999999999: MET_Broker: The number of finished Cloudlets is:166
2171.209999999999: MET_Broker: Cloudlet #168 return received
2171.209999999999: MET_Broker: The number of finished Cloudlets is:167
2199.609999999999: MET_Broker: Cloudlet #155 return received
2199.609999999999: MET_Broker: The number of finished Cloudlets is:168
2210.809999999999: MET_Broker: Cloudlet #169 return received
2210.809999999999: MET_Broker: The number of finished Cloudlets is:169
2247.209999999999: MET_Broker: Cloudlet #170 return received
2247.209999999999: MET_Broker: The number of finished Cloudlets is:170
2252.809999999999: MET_Broker: Cloudlet #171 return received
2252.809999999999: MET_Broker: The number of finished Cloudlets is:171
2263.209999999999: MET_Broker: Cloudlet #172 return received
2263.209999999999: MET_Broker: The number of finished Cloudlets is:172
2287.609999999999: MET_Broker: Cloudlet #173 return received
2287.609999999999: MET_Broker: The number of finished Cloudlets is:173
2298.809999999999: MET_Broker: Cloudlet #174 return received
2298.809999999999: MET_Broker: The number of finished Cloudlets is:174
2311.209999999999: MET_Broker: Cloudlet #175 return received
2311.209999999999: MET_Broker: The number of finished Cloudlets is:175
2348.809999999999: MET_Broker: Cloudlet #176 return received
2348.809999999999: MET_Broker: The number of finished Cloudlets is:176
2356.409999999999: MET_Broker: Cloudlet #177 return received
2356.409999999999: MET_Broker: The number of finished Cloudlets is:177
2366.6099999999988: MET_Broker: Cloudlet #166 return received
2366.6099999999988: MET_Broker: The number of finished Cloudlets is:178
2393.409999999999: MET_Broker: Cloudlet #180 return received
2393.409999999999: MET_Broker: The number of finished Cloudlets is:179
2396.009999999999: MET_Broker: Cloudlet #179 return received
2396.009999999999: MET_Broker: The number of finished Cloudlets is:180
2398.809999999999: MET_Broker: Cloudlet #178 return received
2398.809999999999: MET_Broker: The number of finished Cloudlets is:181
2427.209999999999: MET_Broker: Cloudlet #183 return received
2427.209999999999: MET_Broker: The number of finished Cloudlets is:182
2428.209999999999: MET_Broker: Cloudlet #181 return received
2428.209999999999: MET_Broker: The number of finished Cloudlets is:183
2438.0099999999993: MET_Broker: Cloudlet #182 return received
2438.0099999999993: MET_Broker: The number of finished Cloudlets is:184
2449.0099999999993: MET_Broker: Cloudlet #186 return received
2449.0099999999993: MET_Broker: The number of finished Cloudlets is:185
2466.8099999999995: MET_Broker: Cloudlet #184 return received
2466.8099999999995: MET_Broker: The number of finished Cloudlets is:186
2471.0099999999993: MET_Broker: Cloudlet #185 return received
2471.0099999999993: MET_Broker: The number of finished Cloudlets is:187
2490.209999999999: MET_Broker: Cloudlet #187 return received
2490.209999999999: MET_Broker: The number of finished Cloudlets is:188
2511.209999999999: MET_Broker: Cloudlet #188 return received
2511.209999999999: MET_Broker: The number of finished Cloudlets is:189
2515.409999999999: MET_Broker: Cloudlet #189 return received
2515.409999999999: MET_Broker: The number of finished Cloudlets is:190
2522.6099999999988: MET_Broker: Cloudlet #190 return received
2522.6099999999988: MET_Broker: The number of finished Cloudlets is:191
2555.6099999999988: MET_Broker: Cloudlet #191 return received
2555.6099999999988: MET_Broker: The number of finished Cloudlets is:192
2563.8099999999986: MET_Broker: Cloudlet #192 return received
2563.8099999999986: MET_Broker: The number of finished Cloudlets is:193
2582.6099999999988: MET_Broker: Cloudlet #193 return received
2582.6099999999988: MET_Broker: The number of finished Cloudlets is:194
2605.6099999999988: MET_Broker: Cloudlet #194 return received
2605.6099999999988: MET_Broker: The number of finished Cloudlets is:195
2609.409999999999: MET_Broker: Cloudlet #196 return received
2609.409999999999: MET_Broker: The number of finished Cloudlets is:196
2609.809999999999: MET_Broker: Cloudlet #195 return received
2609.809999999999: MET_Broker: The number of finished Cloudlets is:197
2631.609999999999: MET_Broker: Cloudlet #197 return received
2631.609999999999: MET_Broker: The number of finished Cloudlets is:198
2654.609999999999: MET_Broker: Cloudlet #198 return received
2654.609999999999: MET_Broker: The number of finished Cloudlets is:199
2657.4099999999994: MET_Broker: Cloudlet #199 return received
2657.4099999999994: MET_Broker: The number of finished Cloudlets is:200
2683.8099999999995: MET_Broker: Cloudlet #201 return received
2683.8099999999995: MET_Broker: The number of finished Cloudlets is:201
2690.6099999999997: MET_Broker: Cloudlet #202 return received
2690.6099999999997: MET_Broker: The number of finished Cloudlets is:202
2709.0099999999998: MET_Broker: Cloudlet #203 return received
2709.0099999999998: MET_Broker: The number of finished Cloudlets is:203
2729.41: MET_Broker: Cloudlet #205 return received
2729.41: MET_Broker: The number of finished Cloudlets is:204
2731.81: MET_Broker: Cloudlet #204 return received
2731.81: MET_Broker: The number of finished Cloudlets is:205
2773.81: MET_Broker: Cloudlet #207 return received
2773.81: MET_Broker: The number of finished Cloudlets is:206
2823.0099999999998: MET_Broker: Cloudlet #208 return received
2823.0099999999998: MET_Broker: The number of finished Cloudlets is:207
2870.6099999999997: MET_Broker: Cloudlet #209 return received
2870.6099999999997: MET_Broker: The number of finished Cloudlets is:208
2889.41: MET_Broker: Cloudlet #210 return received
2889.41: MET_Broker: The number of finished Cloudlets is:209
2916.6099999999997: MET_Broker: Cloudlet #200 return received
2916.6099999999997: MET_Broker: The number of finished Cloudlets is:210
2922.6099999999997: MET_Broker: Cloudlet #211 return received
2922.6099999999997: MET_Broker: The number of finished Cloudlets is:211
2955.0099999999998: MET_Broker: Cloudlet #213 return received
2955.0099999999998: MET_Broker: The number of finished Cloudlets is:212
2989.0099999999998: MET_Broker: Cloudlet #214 return received
2989.0099999999998: MET_Broker: The number of finished Cloudlets is:213
3032.6099999999997: MET_Broker: Cloudlet #215 return received
3032.6099999999997: MET_Broker: The number of finished Cloudlets is:214
3089.41: MET_Broker: Cloudlet #206 return received
3089.41: MET_Broker: The number of finished Cloudlets is:215
3126.6099999999997: MET_Broker: Cloudlet #212 return received
3126.6099999999997: MET_Broker: The number of finished Cloudlets is:216
3128.2099999999996: MET_Broker: Cloudlet #217 return received
3128.2099999999996: MET_Broker: The number of finished Cloudlets is:217
3144.6099999999997: MET_Broker: Cloudlet #218 return received
3144.6099999999997: MET_Broker: The number of finished Cloudlets is:218
3160.6099999999997: MET_Broker: Cloudlet #220 return received
3160.6099999999997: MET_Broker: The number of finished Cloudlets is:219
3168.6099999999997: MET_Broker: Cloudlet #219 return received
3168.6099999999997: MET_Broker: The number of finished Cloudlets is:220
3201.8099999999995: MET_Broker: Cloudlet #221 return received
3201.8099999999995: MET_Broker: The number of finished Cloudlets is:221
3204.2099999999996: MET_Broker: Cloudlet #222 return received
3204.2099999999996: MET_Broker: The number of finished Cloudlets is:222
3241.4099999999994: MET_Broker: Cloudlet #224 return received
3241.4099999999994: MET_Broker: The number of finished Cloudlets is:223
3255.8099999999995: MET_Broker: Cloudlet #223 return received
3255.8099999999995: MET_Broker: The number of finished Cloudlets is:224
3271.4099999999994: MET_Broker: Cloudlet #225 return received
3271.4099999999994: MET_Broker: The number of finished Cloudlets is:225
3293.8099999999995: MET_Broker: Cloudlet #226 return received
3293.8099999999995: MET_Broker: The number of finished Cloudlets is:226
3307.0099999999993: MET_Broker: Cloudlet #227 return received
3307.0099999999993: MET_Broker: The number of finished Cloudlets is:227
3313.0099999999993: MET_Broker: Cloudlet #229 return received
3313.0099999999993: MET_Broker: The number of finished Cloudlets is:228
3317.609999999999: MET_Broker: Cloudlet #216 return received
3317.609999999999: MET_Broker: The number of finished Cloudlets is:229
3326.209999999999: MET_Broker: Cloudlet #228 return received
3326.209999999999: MET_Broker: The number of finished Cloudlets is:230
3354.809999999999: MET_Broker: Cloudlet #231 return received
3354.809999999999: MET_Broker: The number of finished Cloudlets is:231
3376.209999999999: MET_Broker: Cloudlet #232 return received
3376.209999999999: MET_Broker: The number of finished Cloudlets is:232
3417.409999999999: MET_Broker: Cloudlet #234 return received
3417.409999999999: MET_Broker: The number of finished Cloudlets is:233
3450.6099999999988: MET_Broker: Cloudlet #235 return received
3450.6099999999988: MET_Broker: The number of finished Cloudlets is:234
3486.2099999999987: MET_Broker: Cloudlet #236 return received
3486.2099999999987: MET_Broker: The number of finished Cloudlets is:235
3517.009999999999: MET_Broker: Cloudlet #237 return received
3517.009999999999: MET_Broker: The number of finished Cloudlets is:236
3523.009999999999: MET_Broker: Cloudlet #230 return received
3523.009999999999: MET_Broker: The number of finished Cloudlets is:237
3547.809999999999: MET_Broker: Cloudlet #238 return received
3547.809999999999: MET_Broker: The number of finished Cloudlets is:238
3551.409999999999: MET_Broker: Cloudlet #239 return received
3551.409999999999: MET_Broker: The number of finished Cloudlets is:239
3565.809999999999: MET_Broker: Cloudlet #240 return received
3565.809999999999: MET_Broker: The number of finished Cloudlets is:240
3585.409999999999: MET_Broker: Cloudlet #242 return received
3585.409999999999: MET_Broker: The number of finished Cloudlets is:241
3592.6099999999988: MET_Broker: Cloudlet #241 return received
3592.6099999999988: MET_Broker: The number of finished Cloudlets is:242
3603.409999999999: MET_Broker: Cloudlet #243 return received
3603.409999999999: MET_Broker: The number of finished Cloudlets is:243
3622.6099999999988: MET_Broker: Cloudlet #244 return received
3622.6099999999988: MET_Broker: The number of finished Cloudlets is:244
3649.409999999999: MET_Broker: Cloudlet #245 return received
3649.409999999999: MET_Broker: The number of finished Cloudlets is:245
3659.809999999999: MET_Broker: Cloudlet #246 return received
3659.809999999999: MET_Broker: The number of finished Cloudlets is:246
3685.809999999999: MET_Broker: Cloudlet #248 return received
3685.809999999999: MET_Broker: The number of finished Cloudlets is:247
3697.809999999999: MET_Broker: Cloudlet #247 return received
3697.809999999999: MET_Broker: The number of finished Cloudlets is:248
3711.809999999999: MET_Broker: Cloudlet #249 return received
3711.809999999999: MET_Broker: The number of finished Cloudlets is:249
3714.809999999999: MET_Broker: Cloudlet #233 return received
3714.809999999999: MET_Broker: The number of finished Cloudlets is:250
3735.809999999999: MET_Broker: Cloudlet #250 return received
3735.809999999999: MET_Broker: The number of finished Cloudlets is:251
3752.009999999999: MET_Broker: Cloudlet #252 return received
3752.009999999999: MET_Broker: The number of finished Cloudlets is:252
3762.6099999999988: MET_Broker: Cloudlet #251 return received
3762.6099999999988: MET_Broker: The number of finished Cloudlets is:253
3775.409999999999: MET_Broker: Cloudlet #253 return received
3775.409999999999: MET_Broker: The number of finished Cloudlets is:254
3789.209999999999: MET_Broker: Cloudlet #254 return received
3789.209999999999: MET_Broker: The number of finished Cloudlets is:255
3795.0099999999993: MET_Broker: Cloudlet #256 return received
3795.0099999999993: MET_Broker: The number of finished Cloudlets is:256
3810.209999999999: MET_Broker: Cloudlet #255 return received
3810.209999999999: MET_Broker: The number of finished Cloudlets is:257
3837.0099999999993: MET_Broker: Cloudlet #258 return received
3837.0099999999993: MET_Broker: The number of finished Cloudlets is:258
3837.609999999999: MET_Broker: Cloudlet #257 return received
3837.609999999999: MET_Broker: The number of finished Cloudlets is:259
3852.209999999999: MET_Broker: Cloudlet #259 return received
3852.209999999999: MET_Broker: The number of finished Cloudlets is:260
3863.609999999999: MET_Broker: Cloudlet #261 return received
3863.609999999999: MET_Broker: The number of finished Cloudlets is:261
3865.4099999999994: MET_Broker: Cloudlet #260 return received
3865.4099999999994: MET_Broker: The number of finished Cloudlets is:262
3900.8099999999995: MET_Broker: Cloudlet #263 return received
3900.8099999999995: MET_Broker: The number of finished Cloudlets is:263
3924.4099999999994: MET_Broker: Cloudlet #265 return received
3924.4099999999994: MET_Broker: The number of finished Cloudlets is:264
3925.4099999999994: MET_Broker: Cloudlet #264 return received
3925.4099999999994: MET_Broker: The number of finished Cloudlets is:265
3952.2099999999996: MET_Broker: Cloudlet #267 return received
3952.2099999999996: MET_Broker: The number of finished Cloudlets is:266
3959.2099999999996: MET_Broker: Cloudlet #266 return received
3959.2099999999996: MET_Broker: The number of finished Cloudlets is:267
3981.2099999999996: MET_Broker: Cloudlet #269 return received
3981.2099999999996: MET_Broker: The number of finished Cloudlets is:268
3988.6099999999997: MET_Broker: Cloudlet #268 return received
3988.6099999999997: MET_Broker: The number of finished Cloudlets is:269
4000.8099999999995: MET_Broker: Cloudlet #270 return received
4000.8099999999995: MET_Broker: The number of finished Cloudlets is:270
4033.8099999999995: MET_Broker: Cloudlet #271 return received
4033.8099999999995: MET_Broker: The number of finished Cloudlets is:271
4050.8099999999995: MET_Broker: Cloudlet #272 return received
4050.8099999999995: MET_Broker: The number of finished Cloudlets is:272
4062.2099999999996: MET_Broker: Cloudlet #262 return received
4062.2099999999996: MET_Broker: The number of finished Cloudlets is:273
4065.4099999999994: MET_Broker: Cloudlet #273 return received
4065.4099999999994: MET_Broker: The number of finished Cloudlets is:274
4089.609999999999: MET_Broker: Cloudlet #274 return received
4089.609999999999: MET_Broker: The number of finished Cloudlets is:275
4095.4099999999994: MET_Broker: Cloudlet #275 return received
4095.4099999999994: MET_Broker: The number of finished Cloudlets is:276
4098.61: MET_Broker: Cloudlet #276 return received
4098.61: MET_Broker: The number of finished Cloudlets is:277
4121.41: MET_Broker: Cloudlet #278 return received
4121.41: MET_Broker: The number of finished Cloudlets is:278
4124.61: MET_Broker: Cloudlet #279 return received
4124.61: MET_Broker: The number of finished Cloudlets is:279
4162.61: MET_Broker: Cloudlet #281 return received
4162.61: MET_Broker: The number of finished Cloudlets is:280
4175.41: MET_Broker: Cloudlet #280 return received
4175.41: MET_Broker: The number of finished Cloudlets is:281
4201.41: MET_Broker: Cloudlet #282 return received
4201.41: MET_Broker: The number of finished Cloudlets is:282
4226.21: MET_Broker: Cloudlet #283 return received
4226.21: MET_Broker: The number of finished Cloudlets is:283
4239.41: MET_Broker: Cloudlet #284 return received
4239.41: MET_Broker: The number of finished Cloudlets is:284
4260.21: MET_Broker: Cloudlet #285 return received
4260.21: MET_Broker: The number of finished Cloudlets is:285
4283.01: MET_Broker: Cloudlet #286 return received
4283.01: MET_Broker: The number of finished Cloudlets is:286
4298.21: MET_Broker: Cloudlet #287 return received
4298.21: MET_Broker: The number of finished Cloudlets is:287
4309.01: MET_Broker: Cloudlet #288 return received
4309.01: MET_Broker: The number of finished Cloudlets is:288
4318.610000000001: MET_Broker: Cloudlet #289 return received
4318.610000000001: MET_Broker: The number of finished Cloudlets is:289
4348.610000000001: MET_Broker: Cloudlet #290 return received
4348.610000000001: MET_Broker: The number of finished Cloudlets is:290
4363.01: MET_Broker: Cloudlet #291 return received
4363.01: MET_Broker: The number of finished Cloudlets is:291
4377.81: MET_Broker: Cloudlet #292 return received
4377.81: MET_Broker: The number of finished Cloudlets is:292
4411.410000000001: MET_Broker: Cloudlet #293 return received
4411.410000000001: MET_Broker: The number of finished Cloudlets is:293
4412.610000000001: MET_Broker: Cloudlet #294 return received
4412.610000000001: MET_Broker: The number of finished Cloudlets is:294
4440.610000000001: MET_Broker: Cloudlet #295 return received
4440.610000000001: MET_Broker: The number of finished Cloudlets is:295
4449.610000000001: MET_Broker: Cloudlet #277 return received
4449.610000000001: MET_Broker: The number of finished Cloudlets is:296
4454.610000000001: MET_Broker: Cloudlet #296 return received
4454.610000000001: MET_Broker: The number of finished Cloudlets is:297
4474.610000000001: MET_Broker: Cloudlet #297 return received
4474.610000000001: MET_Broker: The number of finished Cloudlets is:298
4490.01: MET_Broker: Cloudlet #298 return received
4490.01: MET_Broker: The number of finished Cloudlets is:299
4501.01: MET_Broker: Cloudlet #301 return received
4501.01: MET_Broker: The number of finished Cloudlets is:300
4505.41: MET_Broker: Cloudlet #299 return received
4505.41: MET_Broker: The number of finished Cloudlets is:301
4508.61: MET_Broker: Cloudlet #300 return received
4508.61: MET_Broker: The number of finished Cloudlets is:302
4533.41: MET_Broker: Cloudlet #302 return received
4533.41: MET_Broker: The number of finished Cloudlets is:303
4545.01: MET_Broker: Cloudlet #304 return received
4545.01: MET_Broker: The number of finished Cloudlets is:304
4551.41: MET_Broker: Cloudlet #303 return received
4551.41: MET_Broker: The number of finished Cloudlets is:305
4574.61: MET_Broker: Cloudlet #305 return received
4574.61: MET_Broker: The number of finished Cloudlets is:306
4600.61: MET_Broker: Cloudlet #307 return received
4600.61: MET_Broker: The number of finished Cloudlets is:307
4615.8099999999995: MET_Broker: Cloudlet #308 return received
4615.8099999999995: MET_Broker: The number of finished Cloudlets is:308
4629.8099999999995: MET_Broker: Cloudlet #309 return received
4629.8099999999995: MET_Broker: The number of finished Cloudlets is:309
4633.8099999999995: MET_Broker: Cloudlet #310 return received
4633.8099999999995: MET_Broker: The number of finished Cloudlets is:310
4655.8099999999995: MET_Broker: Cloudlet #311 return received
4655.8099999999995: MET_Broker: The number of finished Cloudlets is:311
4684.61: MET_Broker: Cloudlet #312 return received
4684.61: MET_Broker: The number of finished Cloudlets is:312
4705.009999999999: MET_Broker: Cloudlet #313 return received
4705.009999999999: MET_Broker: The number of finished Cloudlets is:313
4720.209999999999: MET_Broker: Cloudlet #314 return received
4720.209999999999: MET_Broker: The number of finished Cloudlets is:314
4739.009999999999: MET_Broker: Cloudlet #315 return received
4739.009999999999: MET_Broker: The number of finished Cloudlets is:315
4745.409999999999: MET_Broker: Cloudlet #316 return received
4745.409999999999: MET_Broker: The number of finished Cloudlets is:316
4781.009999999999: MET_Broker: Cloudlet #317 return received
4781.009999999999: MET_Broker: The number of finished Cloudlets is:317
4793.009999999999: MET_Broker: Cloudlet #318 return received
4793.009999999999: MET_Broker: The number of finished Cloudlets is:318
4814.209999999999: MET_Broker: Cloudlet #320 return received
4814.209999999999: MET_Broker: The number of finished Cloudlets is:319
4815.009999999999: MET_Broker: Cloudlet #319 return received
4815.009999999999: MET_Broker: The number of finished Cloudlets is:320
4853.8099999999995: MET_Broker: Cloudlet #321 return received
4853.8099999999995: MET_Broker: The number of finished Cloudlets is:321
4861.009999999999: MET_Broker: Cloudlet #322 return received
4861.009999999999: MET_Broker: The number of finished Cloudlets is:322
4895.8099999999995: MET_Broker: Cloudlet #323 return received
4895.8099999999995: MET_Broker: The number of finished Cloudlets is:323
4905.009999999999: MET_Broker: Cloudlet #306 return received
4905.009999999999: MET_Broker: The number of finished Cloudlets is:324
4921.009999999999: MET_Broker: Cloudlet #324 return received
4921.009999999999: MET_Broker: The number of finished Cloudlets is:325
4937.8099999999995: MET_Broker: Cloudlet #325 return received
4937.8099999999995: MET_Broker: The number of finished Cloudlets is:326
4965.009999999999: MET_Broker: Cloudlet #326 return received
4965.009999999999: MET_Broker: The number of finished Cloudlets is:327
4981.009999999999: MET_Broker: Cloudlet #327 return received
4981.009999999999: MET_Broker: The number of finished Cloudlets is:328
4987.009999999999: MET_Broker: Cloudlet #328 return received
4987.009999999999: MET_Broker: The number of finished Cloudlets is:329
4995.8099999999995: MET_Broker: Cloudlet #329 return received
4995.8099999999995: MET_Broker: The number of finished Cloudlets is:330
5015.41: MET_Broker: Cloudlet #331 return received
5015.41: MET_Broker: The number of finished Cloudlets is:331
5035.8099999999995: MET_Broker: Cloudlet #333 return received
5035.8099999999995: MET_Broker: The number of finished Cloudlets is:332
5055.8099999999995: MET_Broker: Cloudlet #332 return received
5055.8099999999995: MET_Broker: The number of finished Cloudlets is:333
5061.8099999999995: MET_Broker: Cloudlet #334 return received
5061.8099999999995: MET_Broker: The number of finished Cloudlets is:334
5093.8099999999995: MET_Broker: Cloudlet #335 return received
5093.8099999999995: MET_Broker: The number of finished Cloudlets is:335
5107.8099999999995: MET_Broker: Cloudlet #336 return received
5107.8099999999995: MET_Broker: The number of finished Cloudlets is:336
5133.41: MET_Broker: Cloudlet #337 return received
5133.41: MET_Broker: The number of finished Cloudlets is:337
5156.21: MET_Broker: Cloudlet #338 return received
5156.21: MET_Broker: The number of finished Cloudlets is:338
5171.41: MET_Broker: Cloudlet #339 return received
5171.41: MET_Broker: The number of finished Cloudlets is:339
5191.01: MET_Broker: Cloudlet #341 return received
5191.01: MET_Broker: The number of finished Cloudlets is:340
5207.01: MET_Broker: Cloudlet #342 return received
5207.01: MET_Broker: The number of finished Cloudlets is:341
5210.21: MET_Broker: Cloudlet #340 return received
5210.21: MET_Broker: The number of finished Cloudlets is:342
5244.21: MET_Broker: Cloudlet #344 return received
5244.21: MET_Broker: The number of finished Cloudlets is:343
5258.61: MET_Broker: Cloudlet #343 return received
5258.61: MET_Broker: The number of finished Cloudlets is:344
5292.61: MET_Broker: Cloudlet #346 return received
5292.61: MET_Broker: The number of finished Cloudlets is:345
5303.61: MET_Broker: Cloudlet #347 return received
5303.61: MET_Broker: The number of finished Cloudlets is:346
5341.009999999999: MET_Broker: Cloudlet #330 return received
5341.009999999999: MET_Broker: The number of finished Cloudlets is:347
5364.61: MET_Broker: Cloudlet #349 return received
5364.61: MET_Broker: The number of finished Cloudlets is:348
5413.009999999999: MET_Broker: Cloudlet #350 return received
5413.009999999999: MET_Broker: The number of finished Cloudlets is:349
5437.409999999999: MET_Broker: Cloudlet #351 return received
5437.409999999999: MET_Broker: The number of finished Cloudlets is:350
5473.809999999999: MET_Broker: Cloudlet #352 return received
5473.809999999999: MET_Broker: The number of finished Cloudlets is:351
5498.209999999998: MET_Broker: Cloudlet #353 return received
5498.209999999998: MET_Broker: The number of finished Cloudlets is:352
5529.209999999998: MET_Broker: Cloudlet #345 return received
5529.209999999998: MET_Broker: The number of finished Cloudlets is:353
5530.609999999998: MET_Broker: Cloudlet #354 return received
5530.609999999998: MET_Broker: The number of finished Cloudlets is:354
5577.409999999998: MET_Broker: Cloudlet #356 return received
5577.409999999998: MET_Broker: The number of finished Cloudlets is:355
5588.609999999998: MET_Broker: Cloudlet #348 return received
5588.609999999998: MET_Broker: The number of finished Cloudlets is:356
5629.0099999999975: MET_Broker: Cloudlet #357 return received
5629.0099999999975: MET_Broker: The number of finished Cloudlets is:357
5632.209999999997: MET_Broker: Cloudlet #358 return received
5632.209999999997: MET_Broker: The number of finished Cloudlets is:358
5645.0099999999975: MET_Broker: Cloudlet #359 return received
5645.0099999999975: MET_Broker: The number of finished Cloudlets is:359
5680.609999999998: MET_Broker: Cloudlet #360 return received
5680.609999999998: MET_Broker: The number of finished Cloudlets is:360
5685.409999999998: MET_Broker: Cloudlet #361 return received
5685.409999999998: MET_Broker: The number of finished Cloudlets is:361
5735.409999999998: MET_Broker: Cloudlet #363 return received
5735.409999999998: MET_Broker: The number of finished Cloudlets is:362
5759.009999999998: MET_Broker: Cloudlet #364 return received
5759.009999999998: MET_Broker: The number of finished Cloudlets is:363
5775.009999999998: MET_Broker: Cloudlet #365 return received
5775.009999999998: MET_Broker: The number of finished Cloudlets is:364
5814.209999999998: MET_Broker: Cloudlet #355 return received
5814.209999999998: MET_Broker: The number of finished Cloudlets is:365
5814.609999999998: MET_Broker: Cloudlet #366 return received
5814.609999999998: MET_Broker: The number of finished Cloudlets is:366
5830.209999999998: MET_Broker: Cloudlet #367 return received
5830.209999999998: MET_Broker: The number of finished Cloudlets is:367
5838.209999999998: MET_Broker: Cloudlet #368 return received
5838.209999999998: MET_Broker: The number of finished Cloudlets is:368
5869.809999999999: MET_Broker: Cloudlet #369 return received
5869.809999999999: MET_Broker: The number of finished Cloudlets is:369
5889.409999999999: MET_Broker: Cloudlet #371 return received
5889.409999999999: MET_Broker: The number of finished Cloudlets is:370
5890.609999999999: MET_Broker: Cloudlet #362 return received
5890.609999999999: MET_Broker: The number of finished Cloudlets is:371
5919.809999999999: MET_Broker: Cloudlet #373 return received
5919.809999999999: MET_Broker: The number of finished Cloudlets is:372
5937.809999999999: MET_Broker: Cloudlet #374 return received
5937.809999999999: MET_Broker: The number of finished Cloudlets is:373
5971.809999999999: MET_Broker: Cloudlet #375 return received
5971.809999999999: MET_Broker: The number of finished Cloudlets is:374
6024.409999999999: MET_Broker: Cloudlet #372 return received
6024.409999999999: MET_Broker: The number of finished Cloudlets is:375
6031.809999999999: MET_Broker: Cloudlet #376 return received
6031.809999999999: MET_Broker: The number of finished Cloudlets is:376
6048.209999999998: MET_Broker: Cloudlet #370 return received
6048.209999999998: MET_Broker: The number of finished Cloudlets is:377
6075.209999999998: MET_Broker: Cloudlet #377 return received
6075.209999999998: MET_Broker: The number of finished Cloudlets is:378
6085.809999999999: MET_Broker: Cloudlet #378 return received
6085.809999999999: MET_Broker: The number of finished Cloudlets is:379
6092.609999999999: MET_Broker: Cloudlet #379 return received
6092.609999999999: MET_Broker: The number of finished Cloudlets is:380
6106.809999999999: MET_Broker: Cloudlet #380 return received
6106.809999999999: MET_Broker: The number of finished Cloudlets is:381
6127.809999999999: MET_Broker: Cloudlet #381 return received
6127.809999999999: MET_Broker: The number of finished Cloudlets is:382
6139.409999999999: MET_Broker: Cloudlet #382 return received
6139.409999999999: MET_Broker: The number of finished Cloudlets is:383
6152.009999999999: MET_Broker: Cloudlet #383 return received
6152.009999999999: MET_Broker: The number of finished Cloudlets is:384
6169.409999999999: MET_Broker: Cloudlet #385 return received
6169.409999999999: MET_Broker: The number of finished Cloudlets is:385
6173.009999999999: MET_Broker: Cloudlet #384 return received
6173.009999999999: MET_Broker: The number of finished Cloudlets is:386
6188.409999999999: MET_Broker: Cloudlet #386 return received
6188.409999999999: MET_Broker: The number of finished Cloudlets is:387
6211.009999999999: MET_Broker: Cloudlet #388 return received
6211.009999999999: MET_Broker: The number of finished Cloudlets is:388
6216.209999999999: MET_Broker: Cloudlet #387 return received
6216.209999999999: MET_Broker: The number of finished Cloudlets is:389
6228.009999999999: MET_Broker: Cloudlet #389 return received
6228.009999999999: MET_Broker: The number of finished Cloudlets is:390
6255.409999999999: MET_Broker: Cloudlet #390 return received
6255.409999999999: MET_Broker: The number of finished Cloudlets is:391
6264.609999999999: MET_Broker: Cloudlet #391 return received
6264.609999999999: MET_Broker: The number of finished Cloudlets is:392
6274.009999999998: MET_Broker: Cloudlet #392 return received
6274.009999999998: MET_Broker: The number of finished Cloudlets is:393
6287.009999999998: MET_Broker: Cloudlet #393 return received
6287.009999999998: MET_Broker: The number of finished Cloudlets is:394
6292.809999999999: MET_Broker: Cloudlet #395 return received
6292.809999999999: MET_Broker: The number of finished Cloudlets is:395
6308.209999999998: MET_Broker: Cloudlet #394 return received
6308.209999999998: MET_Broker: The number of finished Cloudlets is:396
6311.609999999998: MET_Broker: Cloudlet #397 return received
6311.609999999998: MET_Broker: The number of finished Cloudlets is:397
6341.0099999999975: MET_Broker: Cloudlet #396 return received
6341.0099999999975: MET_Broker: The number of finished Cloudlets is:398
6343.809999999998: MET_Broker: Cloudlet #398 return received
6343.809999999998: MET_Broker: The number of finished Cloudlets is:399
6344.0099999999975: MET_Broker: Cloudlet #399 return received
6344.0099999999975: MET_Broker: The number of finished Cloudlets is:400
6379.0099999999975: MET_Broker: Cloudlet #400 return received
6379.0099999999975: MET_Broker: The number of finished Cloudlets is:401
6379.409999999997: MET_Broker: Cloudlet #401 return received
6379.409999999997: MET_Broker: The number of finished Cloudlets is:402
6416.609999999997: MET_Broker: Cloudlet #404 return received
6416.609999999997: MET_Broker: The number of finished Cloudlets is:403
6425.809999999997: MET_Broker: Cloudlet #403 return received
6425.809999999997: MET_Broker: The number of finished Cloudlets is:404
6459.809999999997: MET_Broker: Cloudlet #406 return received
6459.809999999997: MET_Broker: The number of finished Cloudlets is:405
6464.209999999996: MET_Broker: Cloudlet #405 return received
6464.209999999996: MET_Broker: The number of finished Cloudlets is:406
6496.609999999996: MET_Broker: Cloudlet #408 return received
6496.609999999996: MET_Broker: The number of finished Cloudlets is:407
6508.209999999996: MET_Broker: Cloudlet #407 return received
6508.209999999996: MET_Broker: The number of finished Cloudlets is:408
6531.409999999996: MET_Broker: Cloudlet #409 return received
6531.409999999996: MET_Broker: The number of finished Cloudlets is:409
6542.209999999996: MET_Broker: Cloudlet #410 return received
6542.209999999996: MET_Broker: The number of finished Cloudlets is:410
6554.009999999997: MET_Broker: Cloudlet #402 return received
6554.009999999997: MET_Broker: The number of finished Cloudlets is:411
6585.409999999996: MET_Broker: Cloudlet #411 return received
6585.409999999996: MET_Broker: The number of finished Cloudlets is:412
6596.209999999996: MET_Broker: Cloudlet #412 return received
6596.209999999996: MET_Broker: The number of finished Cloudlets is:413
6605.609999999996: MET_Broker: Cloudlet #413 return received
6605.609999999996: MET_Broker: The number of finished Cloudlets is:414
6607.209999999996: MET_Broker: Cloudlet #415 return received
6607.209999999996: MET_Broker: The number of finished Cloudlets is:415
6612.209999999996: MET_Broker: Cloudlet #414 return received
6612.209999999996: MET_Broker: The number of finished Cloudlets is:416
6623.209999999996: MET_Broker: Cloudlet #417 return received
6623.209999999996: MET_Broker: The number of finished Cloudlets is:417
6629.209999999996: MET_Broker: Cloudlet #416 return received
6629.209999999996: MET_Broker: The number of finished Cloudlets is:418
6645.409999999996: MET_Broker: Cloudlet #418 return received
6645.409999999996: MET_Broker: The number of finished Cloudlets is:419
6651.609999999996: MET_Broker: Cloudlet #419 return received
6651.609999999996: MET_Broker: The number of finished Cloudlets is:420
6659.209999999996: MET_Broker: Cloudlet #420 return received
6659.209999999996: MET_Broker: The number of finished Cloudlets is:421
6672.809999999997: MET_Broker: Cloudlet #422 return received
6672.809999999997: MET_Broker: The number of finished Cloudlets is:422
6678.009999999997: MET_Broker: Cloudlet #423 return received
6678.009999999997: MET_Broker: The number of finished Cloudlets is:423
6695.409999999996: MET_Broker: Cloudlet #421 return received
6695.409999999996: MET_Broker: The number of finished Cloudlets is:424
6704.409999999996: MET_Broker: Cloudlet #424 return received
6704.409999999996: MET_Broker: The number of finished Cloudlets is:425
6711.209999999996: MET_Broker: Cloudlet #425 return received
6711.209999999996: MET_Broker: The number of finished Cloudlets is:426
6725.609999999996: MET_Broker: Cloudlet #427 return received
6725.609999999996: MET_Broker: The number of finished Cloudlets is:427
6728.609999999996: MET_Broker: Cloudlet #426 return received
6728.609999999996: MET_Broker: The number of finished Cloudlets is:428
6750.809999999996: MET_Broker: Cloudlet #428 return received
6750.809999999996: MET_Broker: The number of finished Cloudlets is:429
6772.2099999999955: MET_Broker: Cloudlet #430 return received
6772.2099999999955: MET_Broker: The number of finished Cloudlets is:430
6776.409999999995: MET_Broker: Cloudlet #429 return received
6776.409999999995: MET_Broker: The number of finished Cloudlets is:431
6784.009999999996: MET_Broker: Cloudlet #431 return received
6784.009999999996: MET_Broker: The number of finished Cloudlets is:432
6807.2099999999955: MET_Broker: Cloudlet #433 return received
6807.2099999999955: MET_Broker: The number of finished Cloudlets is:433
6807.809999999996: MET_Broker: Cloudlet #432 return received
6807.809999999996: MET_Broker: The number of finished Cloudlets is:434
6833.2099999999955: MET_Broker: Cloudlet #434 return received
6833.2099999999955: MET_Broker: The number of finished Cloudlets is:435
6843.409999999995: MET_Broker: Cloudlet #436 return received
6843.409999999995: MET_Broker: The number of finished Cloudlets is:436
6867.809999999995: MET_Broker: Cloudlet #438 return received
6867.809999999995: MET_Broker: The number of finished Cloudlets is:437
6881.609999999995: MET_Broker: Cloudlet #437 return received
6881.609999999995: MET_Broker: The number of finished Cloudlets is:438
6892.609999999995: MET_Broker: Cloudlet #440 return received
6892.609999999995: MET_Broker: The number of finished Cloudlets is:439
7002.809999999995: MET_Broker: Cloudlet #439 return received
7002.809999999995: MET_Broker: The number of finished Cloudlets is:440
7049.609999999995: MET_Broker: Cloudlet #442 return received
7049.609999999995: MET_Broker: The number of finished Cloudlets is:441
7084.409999999995: MET_Broker: Cloudlet #443 return received
7084.409999999995: MET_Broker: The number of finished Cloudlets is:442
7092.2099999999955: MET_Broker: Cloudlet #435 return received
7092.2099999999955: MET_Broker: The number of finished Cloudlets is:443
7177.609999999995: MET_Broker: Cloudlet #441 return received
7177.609999999995: MET_Broker: The number of finished Cloudlets is:444
7237.609999999995: MET_Broker: Cloudlet #446 return received
7237.609999999995: MET_Broker: The number of finished Cloudlets is:445
7286.009999999995: MET_Broker: Cloudlet #447 return received
7286.009999999995: MET_Broker: The number of finished Cloudlets is:446
7312.809999999995: MET_Broker: Cloudlet #448 return received
7312.809999999995: MET_Broker: The number of finished Cloudlets is:447
7350.009999999995: MET_Broker: Cloudlet #449 return received
7350.009999999995: MET_Broker: The number of finished Cloudlets is:448
7369.409999999994: MET_Broker: Cloudlet #444 return received
7369.409999999994: MET_Broker: The number of finished Cloudlets is:449
7377.209999999995: MET_Broker: Cloudlet #445 return received
7377.209999999995: MET_Broker: The number of finished Cloudlets is:450
7392.809999999995: MET_Broker: Cloudlet #450 return received
7392.809999999995: MET_Broker: The number of finished Cloudlets is:451
7417.809999999995: MET_Broker: Cloudlet #451 return received
7417.809999999995: MET_Broker: The number of finished Cloudlets is:452
7423.209999999995: MET_Broker: Cloudlet #452 return received
7423.209999999995: MET_Broker: The number of finished Cloudlets is:453
7436.409999999994: MET_Broker: Cloudlet #453 return received
7436.409999999994: MET_Broker: The number of finished Cloudlets is:454
7463.609999999994: MET_Broker: Cloudlet #455 return received
7463.609999999994: MET_Broker: The number of finished Cloudlets is:455
7468.009999999994: MET_Broker: Cloudlet #456 return received
7468.009999999994: MET_Broker: The number of finished Cloudlets is:456
7504.009999999994: MET_Broker: Cloudlet #457 return received
7504.009999999994: MET_Broker: The number of finished Cloudlets is:457
7504.4099999999935: MET_Broker: Cloudlet #458 return received
7504.4099999999935: MET_Broker: The number of finished Cloudlets is:458
7510.009999999994: MET_Broker: Cloudlet #459 return received
7510.009999999994: MET_Broker: The number of finished Cloudlets is:459
7536.809999999994: MET_Broker: Cloudlet #461 return received
7536.809999999994: MET_Broker: The number of finished Cloudlets is:460
7543.209999999994: MET_Broker: Cloudlet #460 return received
7543.209999999994: MET_Broker: The number of finished Cloudlets is:461
7560.4099999999935: MET_Broker: Cloudlet #462 return received
7560.4099999999935: MET_Broker: The number of finished Cloudlets is:462
7564.4099999999935: MET_Broker: Cloudlet #463 return received
7564.4099999999935: MET_Broker: The number of finished Cloudlets is:463
7586.4099999999935: MET_Broker: Cloudlet #465 return received
7586.4099999999935: MET_Broker: The number of finished Cloudlets is:464
7587.209999999994: MET_Broker: Cloudlet #464 return received
7587.209999999994: MET_Broker: The number of finished Cloudlets is:465
7611.609999999993: MET_Broker: Cloudlet #466 return received
7611.609999999993: MET_Broker: The number of finished Cloudlets is:466
7619.609999999993: MET_Broker: Cloudlet #467 return received
7619.609999999993: MET_Broker: The number of finished Cloudlets is:467
7644.009999999993: MET_Broker: Cloudlet #469 return received
7644.009999999993: MET_Broker: The number of finished Cloudlets is:468
7658.409999999993: MET_Broker: Cloudlet #468 return received
7658.409999999993: MET_Broker: The number of finished Cloudlets is:469
7660.009999999993: MET_Broker: Cloudlet #470 return received
7660.009999999993: MET_Broker: The number of finished Cloudlets is:470
7700.409999999993: MET_Broker: Cloudlet #472 return received
7700.409999999993: MET_Broker: The number of finished Cloudlets is:471
7702.809999999992: MET_Broker: Cloudlet #471 return received
7702.809999999992: MET_Broker: The number of finished Cloudlets is:472
7729.609999999992: MET_Broker: Cloudlet #474 return received
7729.609999999992: MET_Broker: The number of finished Cloudlets is:473
7745.609999999992: MET_Broker: Cloudlet #473 return received
7745.609999999992: MET_Broker: The number of finished Cloudlets is:474
7771.609999999992: MET_Broker: Cloudlet #476 return received
7771.609999999992: MET_Broker: The number of finished Cloudlets is:475
7777.809999999992: MET_Broker: Cloudlet #454 return received
7777.809999999992: MET_Broker: The number of finished Cloudlets is:476
7793.609999999992: MET_Broker: Cloudlet #477 return received
7793.609999999992: MET_Broker: The number of finished Cloudlets is:477
7812.609999999992: MET_Broker: Cloudlet #478 return received
7812.609999999992: MET_Broker: The number of finished Cloudlets is:478
7836.409999999993: MET_Broker: Cloudlet #479 return received
7836.409999999993: MET_Broker: The number of finished Cloudlets is:479
7861.009999999993: MET_Broker: Cloudlet #480 return received
7861.009999999993: MET_Broker: The number of finished Cloudlets is:480
7862.409999999993: MET_Broker: Cloudlet #481 return received
7862.409999999993: MET_Broker: The number of finished Cloudlets is:481
7887.009999999993: MET_Broker: Cloudlet #482 return received
7887.009999999993: MET_Broker: The number of finished Cloudlets is:482
7902.809999999993: MET_Broker: Cloudlet #483 return received
7902.809999999993: MET_Broker: The number of finished Cloudlets is:483
7926.4099999999935: MET_Broker: Cloudlet #485 return received
7926.4099999999935: MET_Broker: The number of finished Cloudlets is:484
7934.609999999993: MET_Broker: Cloudlet #484 return received
7934.609999999993: MET_Broker: The number of finished Cloudlets is:485
7955.009999999993: MET_Broker: Cloudlet #487 return received
7955.009999999993: MET_Broker: The number of finished Cloudlets is:486
7966.009999999993: MET_Broker: Cloudlet #486 return received
7966.009999999993: MET_Broker: The number of finished Cloudlets is:487
7987.409999999993: MET_Broker: Cloudlet #488 return received
7987.409999999993: MET_Broker: The number of finished Cloudlets is:488
7993.409999999993: MET_Broker: Cloudlet #490 return received
7993.409999999993: MET_Broker: The number of finished Cloudlets is:489
8013.609999999992: MET_Broker: Cloudlet #489 return received
8013.609999999992: MET_Broker: The number of finished Cloudlets is:490
8037.209999999993: MET_Broker: Cloudlet #492 return received
8037.209999999993: MET_Broker: The number of finished Cloudlets is:491
8043.409999999993: MET_Broker: Cloudlet #491 return received
8043.409999999993: MET_Broker: The number of finished Cloudlets is:492
8068.009999999993: MET_Broker: Cloudlet #493 return received
8068.009999999993: MET_Broker: The number of finished Cloudlets is:493
8076.609999999993: MET_Broker: Cloudlet #494 return received
8076.609999999993: MET_Broker: The number of finished Cloudlets is:494
8089.609999999993: MET_Broker: Cloudlet #475 return received
8089.609999999993: MET_Broker: The number of finished Cloudlets is:495
8099.609999999993: MET_Broker: Cloudlet #495 return received
8099.609999999993: MET_Broker: The number of finished Cloudlets is:496
8110.809999999993: MET_Broker: Cloudlet #497 return received
8110.809999999993: MET_Broker: The number of finished Cloudlets is:497
8114.609999999993: MET_Broker: Cloudlet #496 return received
8114.609999999993: MET_Broker: The number of finished Cloudlets is:498
8130.4099999999935: MET_Broker: Cloudlet #498 return received
8130.4099999999935: MET_Broker: The number of finished Cloudlets is:499
8142.4099999999935: MET_Broker: Cloudlet #499 return received
8142.4099999999935: MET_Broker: The number of finished Cloudlets is:500
8151.809999999993: MET_Broker: Cloudlet #500 return received
8151.809999999993: MET_Broker: The number of finished Cloudlets is:501
8165.209999999993: MET_Broker: Cloudlet #501 return received
8165.209999999993: MET_Broker: The number of finished Cloudlets is:502
8169.209999999993: MET_Broker: Cloudlet #502 return received
8169.209999999993: MET_Broker: The number of finished Cloudlets is:503
8189.809999999993: MET_Broker: Cloudlet #503 return received
8189.809999999993: MET_Broker: The number of finished Cloudlets is:504
8192.009999999993: MET_Broker: Cloudlet #504 return received
8192.009999999993: MET_Broker: The number of finished Cloudlets is:505
8216.009999999993: MET_Broker: Cloudlet #505 return received
8216.009999999993: MET_Broker: The number of finished Cloudlets is:506
8223.809999999992: MET_Broker: Cloudlet #506 return received
8223.809999999992: MET_Broker: The number of finished Cloudlets is:507
8255.409999999993: MET_Broker: Cloudlet #509 return received
8255.409999999993: MET_Broker: The number of finished Cloudlets is:508
8260.409999999993: MET_Broker: Cloudlet #508 return received
8260.409999999993: MET_Broker: The number of finished Cloudlets is:509
8289.609999999993: MET_Broker: Cloudlet #511 return received
8289.609999999993: MET_Broker: The number of finished Cloudlets is:510
8291.809999999994: MET_Broker: Cloudlet #510 return received
8291.809999999994: MET_Broker: The number of finished Cloudlets is:511
8308.409999999994: MET_Broker: Cloudlet #512 return received
8308.409999999994: MET_Broker: The number of finished Cloudlets is:512
8329.809999999994: MET_Broker: Cloudlet #513 return received
8329.809999999994: MET_Broker: The number of finished Cloudlets is:513
8334.409999999994: MET_Broker: Cloudlet #514 return received
8334.409999999994: MET_Broker: The number of finished Cloudlets is:514
8360.409999999994: MET_Broker: Cloudlet #516 return received
8360.409999999994: MET_Broker: The number of finished Cloudlets is:515
8366.209999999994: MET_Broker: Cloudlet #515 return received
8366.209999999994: MET_Broker: The number of finished Cloudlets is:516
8380.009999999993: MET_Broker: Cloudlet #517 return received
8380.009999999993: MET_Broker: The number of finished Cloudlets is:517
8402.009999999993: MET_Broker: Cloudlet #507 return received
8402.009999999993: MET_Broker: The number of finished Cloudlets is:518
8402.609999999993: MET_Broker: Cloudlet #518 return received
8402.609999999993: MET_Broker: The number of finished Cloudlets is:519
8421.209999999994: MET_Broker: Cloudlet #519 return received
8421.209999999994: MET_Broker: The number of finished Cloudlets is:520
8437.209999999994: MET_Broker: Cloudlet #522 return received
8437.209999999994: MET_Broker: The number of finished Cloudlets is:521
8446.209999999994: MET_Broker: Cloudlet #521 return received
8446.209999999994: MET_Broker: The number of finished Cloudlets is:522
8447.209999999994: MET_Broker: Cloudlet #520 return received
8447.209999999994: MET_Broker: The number of finished Cloudlets is:523
8476.809999999994: MET_Broker: Cloudlet #523 return received
8476.809999999994: MET_Broker: The number of finished Cloudlets is:524
8486.609999999993: MET_Broker: Cloudlet #524 return received
8486.609999999993: MET_Broker: The number of finished Cloudlets is:525
8495.609999999993: MET_Broker: Cloudlet #525 return received
8495.609999999993: MET_Broker: The number of finished Cloudlets is:526
8520.409999999993: MET_Broker: Cloudlet #526 return received
8520.409999999993: MET_Broker: The number of finished Cloudlets is:527
8534.209999999992: MET_Broker: Cloudlet #527 return received
8534.209999999992: MET_Broker: The number of finished Cloudlets is:528
8540.009999999991: MET_Broker: Cloudlet #528 return received
8540.009999999991: MET_Broker: The number of finished Cloudlets is:529
8547.209999999992: MET_Broker: Cloudlet #529 return received
8547.209999999992: MET_Broker: The number of finished Cloudlets is:530
8574.009999999991: MET_Broker: Cloudlet #531 return received
8574.009999999991: MET_Broker: The number of finished Cloudlets is:531
8594.80999999999: MET_Broker: Cloudlet #532 return received
8594.80999999999: MET_Broker: The number of finished Cloudlets is:532
8605.80999999999: MET_Broker: Cloudlet #534 return received
8605.80999999999: MET_Broker: The number of finished Cloudlets is:533
8616.009999999991: MET_Broker: Cloudlet #533 return received
8616.009999999991: MET_Broker: The number of finished Cloudlets is:534
8635.80999999999: MET_Broker: Cloudlet #535 return received
8635.80999999999: MET_Broker: The number of finished Cloudlets is:535
8661.80999999999: MET_Broker: Cloudlet #537 return received
8661.80999999999: MET_Broker: The number of finished Cloudlets is:536
8662.009999999991: MET_Broker: Cloudlet #536 return received
8662.009999999991: MET_Broker: The number of finished Cloudlets is:537
8683.80999999999: MET_Broker: Cloudlet #538 return received
8683.80999999999: MET_Broker: The number of finished Cloudlets is:538
8702.40999999999: MET_Broker: Cloudlet #539 return received
8702.40999999999: MET_Broker: The number of finished Cloudlets is:539
8733.80999999999: MET_Broker: Cloudlet #540 return received
8733.80999999999: MET_Broker: The number of finished Cloudlets is:540
8750.80999999999: MET_Broker: Cloudlet #541 return received
8750.80999999999: MET_Broker: The number of finished Cloudlets is:541
8776.009999999991: MET_Broker: Cloudlet #543 return received
8776.009999999991: MET_Broker: The number of finished Cloudlets is:542
8781.40999999999: MET_Broker: Cloudlet #542 return received
8781.40999999999: MET_Broker: The number of finished Cloudlets is:543
8802.009999999991: MET_Broker: Cloudlet #544 return received
8802.009999999991: MET_Broker: The number of finished Cloudlets is:544
8820.009999999991: MET_Broker: Cloudlet #546 return received
8820.009999999991: MET_Broker: The number of finished Cloudlets is:545
8827.40999999999: MET_Broker: Cloudlet #545 return received
8827.40999999999: MET_Broker: The number of finished Cloudlets is:546
8853.40999999999: MET_Broker: Cloudlet #548 return received
8853.40999999999: MET_Broker: The number of finished Cloudlets is:547
8865.20999999999: MET_Broker: Cloudlet #547 return received
8865.20999999999: MET_Broker: The number of finished Cloudlets is:548
8894.20999999999: MET_Broker: Cloudlet #530 return received
8894.20999999999: MET_Broker: The number of finished Cloudlets is:549
8896.00999999999: MET_Broker: Cloudlet #550 return received
8896.00999999999: MET_Broker: The number of finished Cloudlets is:550
8925.809999999989: MET_Broker: Cloudlet #551 return received
8925.809999999989: MET_Broker: The number of finished Cloudlets is:551
8945.209999999988: MET_Broker: Cloudlet #552 return received
8945.209999999988: MET_Broker: The number of finished Cloudlets is:552
8947.009999999987: MET_Broker: Cloudlet #553 return received
8947.009999999987: MET_Broker: The number of finished Cloudlets is:553
8969.009999999987: MET_Broker: Cloudlet #555 return received
8969.009999999987: MET_Broker: The number of finished Cloudlets is:554
8995.209999999988: MET_Broker: Cloudlet #554 return received
8995.209999999988: MET_Broker: The number of finished Cloudlets is:555
9013.409999999989: MET_Broker: Cloudlet #556 return received
9013.409999999989: MET_Broker: The number of finished Cloudlets is:556
9017.209999999988: MET_Broker: Cloudlet #557 return received
9017.209999999988: MET_Broker: The number of finished Cloudlets is:557
9043.209999999988: MET_Broker: Cloudlet #559 return received
9043.209999999988: MET_Broker: The number of finished Cloudlets is:558
9056.209999999988: MET_Broker: Cloudlet #558 return received
9056.209999999988: MET_Broker: The number of finished Cloudlets is:559
9082.209999999988: MET_Broker: Cloudlet #561 return received
9082.209999999988: MET_Broker: The number of finished Cloudlets is:560
9093.209999999988: MET_Broker: Cloudlet #560 return received
9093.209999999988: MET_Broker: The number of finished Cloudlets is:561
9106.609999999988: MET_Broker: Cloudlet #562 return received
9106.609999999988: MET_Broker: The number of finished Cloudlets is:562
9109.209999999988: MET_Broker: Cloudlet #563 return received
9109.209999999988: MET_Broker: The number of finished Cloudlets is:563
9134.409999999989: MET_Broker: Cloudlet #565 return received
9134.409999999989: MET_Broker: The number of finished Cloudlets is:564
9154.809999999989: MET_Broker: Cloudlet #566 return received
9154.809999999989: MET_Broker: The number of finished Cloudlets is:565
9156.609999999988: MET_Broker: Cloudlet #564 return received
9156.609999999988: MET_Broker: The number of finished Cloudlets is:566
9189.809999999989: MET_Broker: Cloudlet #568 return received
9189.809999999989: MET_Broker: The number of finished Cloudlets is:567
9190.409999999989: MET_Broker: Cloudlet #567 return received
9190.409999999989: MET_Broker: The number of finished Cloudlets is:568
9201.409999999989: MET_Broker: Cloudlet #570 return received
9201.409999999989: MET_Broker: The number of finished Cloudlets is:569
9213.409999999989: MET_Broker: Cloudlet #549 return received
9213.409999999989: MET_Broker: The number of finished Cloudlets is:570
9236.60999999999: MET_Broker: Cloudlet #569 return received
9236.60999999999: MET_Broker: The number of finished Cloudlets is:571
9253.00999999999: MET_Broker: Cloudlet #571 return received
9253.00999999999: MET_Broker: The number of finished Cloudlets is:572
9258.60999999999: MET_Broker: Cloudlet #572 return received
9258.60999999999: MET_Broker: The number of finished Cloudlets is:573
9261.00999999999: MET_Broker: Cloudlet #573 return received
9261.00999999999: MET_Broker: The number of finished Cloudlets is:574
9287.00999999999: MET_Broker: Cloudlet #575 return received
9287.00999999999: MET_Broker: The number of finished Cloudlets is:575
9298.20999999999: MET_Broker: Cloudlet #576 return received
9298.20999999999: MET_Broker: The number of finished Cloudlets is:576
9313.00999999999: MET_Broker: Cloudlet #574 return received
9313.00999999999: MET_Broker: The number of finished Cloudlets is:577
9313.00999999999: MET_Broker: Cloudlet #577 return received
9313.00999999999: MET_Broker: The number of finished Cloudlets is:578
9359.809999999989: MET_Broker: Cloudlet #579 return received
9359.809999999989: MET_Broker: The number of finished Cloudlets is:579
9397.809999999989: MET_Broker: Cloudlet #580 return received
9397.809999999989: MET_Broker: The number of finished Cloudlets is:580
9439.809999999989: MET_Broker: Cloudlet #581 return received
9439.809999999989: MET_Broker: The number of finished Cloudlets is:581
9463.409999999989: MET_Broker: Cloudlet #582 return received
9463.409999999989: MET_Broker: The number of finished Cloudlets is:582
9502.209999999988: MET_Broker: Cloudlet #583 return received
9502.209999999988: MET_Broker: The number of finished Cloudlets is:583
9508.209999999988: MET_Broker: Cloudlet #578 return received
9508.209999999988: MET_Broker: The number of finished Cloudlets is:584
9545.409999999989: MET_Broker: Cloudlet #585 return received
9545.409999999989: MET_Broker: The number of finished Cloudlets is:585
9546.60999999999: MET_Broker: Cloudlet #584 return received
9546.60999999999: MET_Broker: The number of finished Cloudlets is:586
9552.60999999999: MET_Broker: Cloudlet #587 return received
9552.60999999999: MET_Broker: The number of finished Cloudlets is:587
9576.20999999999: MET_Broker: Cloudlet #588 return received
9576.20999999999: MET_Broker: The number of finished Cloudlets is:588
9605.40999999999: MET_Broker: Cloudlet #586 return received
9605.40999999999: MET_Broker: The number of finished Cloudlets is:589
9607.80999999999: MET_Broker: Cloudlet #589 return received
9607.80999999999: MET_Broker: The number of finished Cloudlets is:590
9641.009999999991: MET_Broker: Cloudlet #590 return received
9641.009999999991: MET_Broker: The number of finished Cloudlets is:591
9674.209999999992: MET_Broker: Cloudlet #592 return received
9674.209999999992: MET_Broker: The number of finished Cloudlets is:592
9710.609999999991: MET_Broker: Cloudlet #593 return received
9710.609999999991: MET_Broker: The number of finished Cloudlets is:593
9743.809999999992: MET_Broker: Cloudlet #594 return received
9743.809999999992: MET_Broker: The number of finished Cloudlets is:594
9763.409999999993: MET_Broker: Cloudlet #595 return received
9763.409999999993: MET_Broker: The number of finished Cloudlets is:595
9798.209999999992: MET_Broker: Cloudlet #596 return received
9798.209999999992: MET_Broker: The number of finished Cloudlets is:596
9809.209999999992: MET_Broker: Cloudlet #597 return received
9809.209999999992: MET_Broker: The number of finished Cloudlets is:597
9815.209999999992: MET_Broker: Cloudlet #598 return received
9815.209999999992: MET_Broker: The number of finished Cloudlets is:598
9817.809999999992: MET_Broker: Cloudlet #591 return received
9817.809999999992: MET_Broker: The number of finished Cloudlets is:599
9849.409999999993: MET_Broker: Cloudlet #600 return received
9849.409999999993: MET_Broker: The number of finished Cloudlets is:600
9859.609999999993: MET_Broker: Cloudlet #599 return received
9859.609999999993: MET_Broker: The number of finished Cloudlets is:601
9880.809999999994: MET_Broker: Cloudlet #602 return received
9880.809999999994: MET_Broker: The number of finished Cloudlets is:602
9882.609999999993: MET_Broker: Cloudlet #601 return received
9882.609999999993: MET_Broker: The number of finished Cloudlets is:603
9891.809999999994: MET_Broker: Cloudlet #603 return received
9891.809999999994: MET_Broker: The number of finished Cloudlets is:604
9927.809999999994: MET_Broker: Cloudlet #604 return received
9927.809999999994: MET_Broker: The number of finished Cloudlets is:605
9930.609999999993: MET_Broker: Cloudlet #605 return received
9930.609999999993: MET_Broker: The number of finished Cloudlets is:606
9952.209999999994: MET_Broker: Cloudlet #606 return received
9952.209999999994: MET_Broker: The number of finished Cloudlets is:607
9978.209999999994: MET_Broker: Cloudlet #607 return received
9978.209999999994: MET_Broker: The number of finished Cloudlets is:608
9987.009999999993: MET_Broker: Cloudlet #608 return received
9987.009999999993: MET_Broker: The number of finished Cloudlets is:609
10005.009999999993: MET_Broker: Cloudlet #610 return received
10005.009999999993: MET_Broker: The number of finished Cloudlets is:610
10014.609999999993: MET_Broker: Cloudlet #609 return received
10014.609999999993: MET_Broker: The number of finished Cloudlets is:611
10038.209999999994: MET_Broker: Cloudlet #612 return received
10038.209999999994: MET_Broker: The number of finished Cloudlets is:612
10046.209999999994: MET_Broker: Cloudlet #611 return received
10046.209999999994: MET_Broker: The number of finished Cloudlets is:613
10064.209999999994: MET_Broker: Cloudlet #613 return received
10064.209999999994: MET_Broker: The number of finished Cloudlets is:614
10086.209999999994: MET_Broker: Cloudlet #615 return received
10086.209999999994: MET_Broker: The number of finished Cloudlets is:615
10090.609999999993: MET_Broker: Cloudlet #614 return received
10090.609999999993: MET_Broker: The number of finished Cloudlets is:616
10127.409999999993: MET_Broker: Cloudlet #616 return received
10127.409999999993: MET_Broker: The number of finished Cloudlets is:617
10137.409999999993: MET_Broker: Cloudlet #617 return received
10137.409999999993: MET_Broker: The number of finished Cloudlets is:618
10171.009999999993: MET_Broker: Cloudlet #618 return received
10171.009999999993: MET_Broker: The number of finished Cloudlets is:619
10177.009999999993: MET_Broker: Cloudlet #619 return received
10177.009999999993: MET_Broker: The number of finished Cloudlets is:620
10200.609999999993: MET_Broker: Cloudlet #621 return received
10200.609999999993: MET_Broker: The number of finished Cloudlets is:621
10219.409999999993: MET_Broker: Cloudlet #620 return received
10219.409999999993: MET_Broker: The number of finished Cloudlets is:622
10245.809999999992: MET_Broker: Cloudlet #622 return received
10245.809999999992: MET_Broker: The number of finished Cloudlets is:623
10263.809999999992: MET_Broker: Cloudlet #623 return received
10263.809999999992: MET_Broker: The number of finished Cloudlets is:624
10290.209999999992: MET_Broker: Cloudlet #624 return received
10290.209999999992: MET_Broker: The number of finished Cloudlets is:625
10425.209999999992: MET_Broker: Cloudlet #626 return received
10425.209999999992: MET_Broker: The number of finished Cloudlets is:626
10472.009999999991: MET_Broker: Cloudlet #627 return received
10472.009999999991: MET_Broker: The number of finished Cloudlets is:627
10519.609999999991: MET_Broker: Cloudlet #628 return received
10519.609999999991: MET_Broker: The number of finished Cloudlets is:628
10548.009999999991: MET_Broker: Cloudlet #629 return received
10548.009999999991: MET_Broker: The number of finished Cloudlets is:629
10597.209999999992: MET_Broker: Cloudlet #630 return received
10597.209999999992: MET_Broker: The number of finished Cloudlets is:630
10623.809999999992: MET_Broker: Cloudlet #625 return received
10623.809999999992: MET_Broker: The number of finished Cloudlets is:631
10668.209999999992: MET_Broker: Cloudlet #632 return received
10668.209999999992: MET_Broker: The number of finished Cloudlets is:632
10719.009999999991: MET_Broker: Cloudlet #633 return received
10719.009999999991: MET_Broker: The number of finished Cloudlets is:633
10749.80999999999: MET_Broker: Cloudlet #634 return received
10749.80999999999: MET_Broker: The number of finished Cloudlets is:634
10760.80999999999: MET_Broker: Cloudlet #635 return received
10760.80999999999: MET_Broker: The number of finished Cloudlets is:635
10791.60999999999: MET_Broker: Cloudlet #636 return received
10791.60999999999: MET_Broker: The number of finished Cloudlets is:636
10807.20999999999: MET_Broker: Cloudlet #631 return received
10807.20999999999: MET_Broker: The number of finished Cloudlets is:637
10828.40999999999: MET_Broker: Cloudlet #638 return received
10828.40999999999: MET_Broker: The number of finished Cloudlets is:638
10842.40999999999: MET_Broker: Cloudlet #637 return received
10842.40999999999: MET_Broker: The number of finished Cloudlets is:639
10864.009999999991: MET_Broker: Cloudlet #639 return received
10864.009999999991: MET_Broker: The number of finished Cloudlets is:640
10872.40999999999: MET_Broker: Cloudlet #640 return received
10872.40999999999: MET_Broker: The number of finished Cloudlets is:641
10882.009999999991: MET_Broker: Cloudlet #641 return received
10882.009999999991: MET_Broker: The number of finished Cloudlets is:642
10912.009999999991: MET_Broker: Cloudlet #642 return received
10912.009999999991: MET_Broker: The number of finished Cloudlets is:643
10932.80999999999: MET_Broker: Cloudlet #643 return received
10932.80999999999: MET_Broker: The number of finished Cloudlets is:644
10946.80999999999: MET_Broker: Cloudlet #644 return received
10946.80999999999: MET_Broker: The number of finished Cloudlets is:645
10950.80999999999: MET_Broker: Cloudlet #645 return received
10950.80999999999: MET_Broker: The number of finished Cloudlets is:646
10987.20999999999: MET_Broker: Cloudlet #646 return received
10987.20999999999: MET_Broker: The number of finished Cloudlets is:647
10991.20999999999: MET_Broker: Cloudlet #647 return received
10991.20999999999: MET_Broker: The number of finished Cloudlets is:648
11006.80999999999: MET_Broker: Cloudlet #648 return received
11006.80999999999: MET_Broker: The number of finished Cloudlets is:649
11030.80999999999: MET_Broker: Cloudlet #649 return received
11030.80999999999: MET_Broker: The number of finished Cloudlets is:650
11050.40999999999: MET_Broker: Cloudlet #651 return received
11050.40999999999: MET_Broker: The number of finished Cloudlets is:651
11057.609999999991: MET_Broker: Cloudlet #650 return received
11057.609999999991: MET_Broker: The number of finished Cloudlets is:652
11081.209999999992: MET_Broker: Cloudlet #652 return received
11081.209999999992: MET_Broker: The number of finished Cloudlets is:653
11111.609999999991: MET_Broker: Cloudlet #653 return received
11111.609999999991: MET_Broker: The number of finished Cloudlets is:654
11130.40999999999: MET_Broker: Cloudlet #655 return received
11130.40999999999: MET_Broker: The number of finished Cloudlets is:655
11141.20999999999: MET_Broker: Cloudlet #654 return received
11141.20999999999: MET_Broker: The number of finished Cloudlets is:656
11166.40999999999: MET_Broker: Cloudlet #657 return received
11166.40999999999: MET_Broker: The number of finished Cloudlets is:657
11194.80999999999: MET_Broker: Cloudlet #658 return received
11194.80999999999: MET_Broker: The number of finished Cloudlets is:658
11248.80999999999: MET_Broker: Cloudlet #659 return received
11248.80999999999: MET_Broker: The number of finished Cloudlets is:659
11267.60999999999: MET_Broker: Cloudlet #660 return received
11267.60999999999: MET_Broker: The number of finished Cloudlets is:660
11293.60999999999: MET_Broker: Cloudlet #661 return received
11293.60999999999: MET_Broker: The number of finished Cloudlets is:661
11322.00999999999: MET_Broker: Cloudlet #662 return received
11322.00999999999: MET_Broker: The number of finished Cloudlets is:662
11340.409999999989: MET_Broker: Cloudlet #656 return received
11340.409999999989: MET_Broker: The number of finished Cloudlets is:663
11348.00999999999: MET_Broker: Cloudlet #663 return received
11348.00999999999: MET_Broker: The number of finished Cloudlets is:664
11371.20999999999: MET_Broker: Cloudlet #664 return received
11371.20999999999: MET_Broker: The number of finished Cloudlets is:665
11394.80999999999: MET_Broker: Cloudlet #665 return received
11394.80999999999: MET_Broker: The number of finished Cloudlets is:666
11435.20999999999: MET_Broker: Cloudlet #667 return received
11435.20999999999: MET_Broker: The number of finished Cloudlets is:667
11465.20999999999: MET_Broker: Cloudlet #668 return received
11465.20999999999: MET_Broker: The number of finished Cloudlets is:668
11515.20999999999: MET_Broker: Cloudlet #669 return received
11515.20999999999: MET_Broker: The number of finished Cloudlets is:669
11556.40999999999: MET_Broker: Cloudlet #670 return received
11556.40999999999: MET_Broker: The number of finished Cloudlets is:670
11604.80999999999: MET_Broker: Cloudlet #671 return received
11604.80999999999: MET_Broker: The number of finished Cloudlets is:671
11655.60999999999: MET_Broker: Cloudlet #672 return received
11655.60999999999: MET_Broker: The number of finished Cloudlets is:672
11656.20999999999: MET_Broker: Cloudlet #666 return received
11656.20999999999: MET_Broker: The number of finished Cloudlets is:673
11672.20999999999: MET_Broker: Cloudlet #674 return received
11672.20999999999: MET_Broker: The number of finished Cloudlets is:674
11691.80999999999: MET_Broker: Cloudlet #675 return received
11691.80999999999: MET_Broker: The number of finished Cloudlets is:675
11696.009999999991: MET_Broker: Cloudlet #673 return received
11696.009999999991: MET_Broker: The number of finished Cloudlets is:676
11738.609999999991: MET_Broker: Cloudlet #676 return received
11738.609999999991: MET_Broker: The number of finished Cloudlets is:677
11747.609999999991: MET_Broker: Cloudlet #677 return received
11747.609999999991: MET_Broker: The number of finished Cloudlets is:678
11760.609999999991: MET_Broker: Cloudlet #678 return received
11760.609999999991: MET_Broker: The number of finished Cloudlets is:679
11766.40999999999: MET_Broker: Cloudlet #679 return received
11766.40999999999: MET_Broker: The number of finished Cloudlets is:680
11785.80999999999: MET_Broker: Cloudlet #680 return received
11785.80999999999: MET_Broker: The number of finished Cloudlets is:681
11804.40999999999: MET_Broker: Cloudlet #681 return received
11804.40999999999: MET_Broker: The number of finished Cloudlets is:682
11820.609999999991: MET_Broker: Cloudlet #682 return received
11820.609999999991: MET_Broker: The number of finished Cloudlets is:683
11852.809999999992: MET_Broker: Cloudlet #683 return received
11852.809999999992: MET_Broker: The number of finished Cloudlets is:684
11858.609999999991: MET_Broker: Cloudlet #684 return received
11858.609999999991: MET_Broker: The number of finished Cloudlets is:685
11878.809999999992: MET_Broker: Cloudlet #685 return received
11878.809999999992: MET_Broker: The number of finished Cloudlets is:686
11889.409999999993: MET_Broker: Cloudlet #686 return received
11889.409999999993: MET_Broker: The number of finished Cloudlets is:687
11909.009999999993: MET_Broker: Cloudlet #688 return received
11909.009999999993: MET_Broker: The number of finished Cloudlets is:688
11922.409999999993: MET_Broker: Cloudlet #687 return received
11922.409999999993: MET_Broker: The number of finished Cloudlets is:689
11959.809999999992: MET_Broker: Cloudlet #689 return received
11959.809999999992: MET_Broker: The number of finished Cloudlets is:690
11970.809999999992: MET_Broker: Cloudlet #690 return received
11970.809999999992: MET_Broker: The number of finished Cloudlets is:691
11975.809999999992: MET_Broker: Cloudlet #691 return received
11975.809999999992: MET_Broker: The number of finished Cloudlets is:692
12000.209999999992: MET_Broker: Cloudlet #693 return received
12000.209999999992: MET_Broker: The number of finished Cloudlets is:693
12001.609999999991: MET_Broker: Cloudlet #692 return received
12001.609999999991: MET_Broker: The number of finished Cloudlets is:694
12026.009999999991: MET_Broker: Cloudlet #695 return received
12026.009999999991: MET_Broker: The number of finished Cloudlets is:695
12051.209999999992: MET_Broker: Cloudlet #696 return received
12051.209999999992: MET_Broker: The number of finished Cloudlets is:696
12101.209999999992: MET_Broker: Cloudlet #697 return received
12101.209999999992: MET_Broker: The number of finished Cloudlets is:697
12135.209999999992: MET_Broker: Cloudlet #694 return received
12135.209999999992: MET_Broker: The number of finished Cloudlets is:698
12148.009999999991: MET_Broker: Cloudlet #698 return received
12148.009999999991: MET_Broker: The number of finished Cloudlets is:699
12162.009999999991: MET_Broker: Cloudlet #699 return received
12162.009999999991: MET_Broker: The number of finished Cloudlets is:700
12186.40999999999: MET_Broker: Cloudlet #701 return received
12186.40999999999: MET_Broker: The number of finished Cloudlets is:701
12190.80999999999: MET_Broker: Cloudlet #700 return received
12190.80999999999: MET_Broker: The number of finished Cloudlets is:702
12207.60999999999: MET_Broker: Cloudlet #702 return received
12207.60999999999: MET_Broker: The number of finished Cloudlets is:703
12248.00999999999: MET_Broker: Cloudlet #704 return received
12248.00999999999: MET_Broker: The number of finished Cloudlets is:704
12250.809999999989: MET_Broker: Cloudlet #703 return received
12250.809999999989: MET_Broker: The number of finished Cloudlets is:705
12280.809999999989: MET_Broker: Cloudlet #706 return received
12280.809999999989: MET_Broker: The number of finished Cloudlets is:706
12318.00999999999: MET_Broker: Cloudlet #707 return received
12318.00999999999: MET_Broker: The number of finished Cloudlets is:707
12348.809999999989: MET_Broker: Cloudlet #708 return received
12348.809999999989: MET_Broker: The number of finished Cloudlets is:708
12383.00999999999: MET_Broker: Cloudlet #705 return received
12383.00999999999: MET_Broker: The number of finished Cloudlets is:709
12383.60999999999: MET_Broker: Cloudlet #709 return received
12383.60999999999: MET_Broker: The number of finished Cloudlets is:710
12425.60999999999: MET_Broker: Cloudlet #711 return received
12425.60999999999: MET_Broker: The number of finished Cloudlets is:711
12427.409999999989: MET_Broker: Cloudlet #710 return received
12427.409999999989: MET_Broker: The number of finished Cloudlets is:712
12456.60999999999: MET_Broker: Cloudlet #713 return received
12456.60999999999: MET_Broker: The number of finished Cloudlets is:713
12467.60999999999: MET_Broker: Cloudlet #712 return received
12467.60999999999: MET_Broker: The number of finished Cloudlets is:714
12488.80999999999: MET_Broker: Cloudlet #715 return received
12488.80999999999: MET_Broker: The number of finished Cloudlets is:715
12503.40999999999: MET_Broker: Cloudlet #714 return received
12503.40999999999: MET_Broker: The number of finished Cloudlets is:716
12530.80999999999: MET_Broker: Cloudlet #716 return received
12530.80999999999: MET_Broker: The number of finished Cloudlets is:717
12555.20999999999: MET_Broker: Cloudlet #718 return received
12555.20999999999: MET_Broker: The number of finished Cloudlets is:718
12557.40999999999: MET_Broker: Cloudlet #717 return received
12557.40999999999: MET_Broker: The number of finished Cloudlets is:719
12577.80999999999: MET_Broker: Cloudlet #720 return received
12577.80999999999: MET_Broker: The number of finished Cloudlets is:720
12582.009999999991: MET_Broker: Cloudlet #719 return received
12582.009999999991: MET_Broker: The number of finished Cloudlets is:721
12597.40999999999: MET_Broker: Cloudlet #721 return received
12597.40999999999: MET_Broker: The number of finished Cloudlets is:722
12614.40999999999: MET_Broker: Cloudlet #722 return received
12614.40999999999: MET_Broker: The number of finished Cloudlets is:723
12635.40999999999: MET_Broker: Cloudlet #723 return received
12635.40999999999: MET_Broker: The number of finished Cloudlets is:724
12661.40999999999: MET_Broker: Cloudlet #725 return received
12661.40999999999: MET_Broker: The number of finished Cloudlets is:725
12666.009999999991: MET_Broker: Cloudlet #724 return received
12666.009999999991: MET_Broker: The number of finished Cloudlets is:726
12687.209999999992: MET_Broker: Cloudlet #727 return received
12687.209999999992: MET_Broker: The number of finished Cloudlets is:727
12693.809999999992: MET_Broker: Cloudlet #726 return received
12693.809999999992: MET_Broker: The number of finished Cloudlets is:728
12730.809999999992: MET_Broker: Cloudlet #728 return received
12730.809999999992: MET_Broker: The number of finished Cloudlets is:729
12753.809999999992: MET_Broker: Cloudlet #729 return received
12753.809999999992: MET_Broker: The number of finished Cloudlets is:730
12778.409999999993: MET_Broker: Cloudlet #730 return received
12778.409999999993: MET_Broker: The number of finished Cloudlets is:731
12779.009999999993: MET_Broker: Cloudlet #731 return received
12779.009999999993: MET_Broker: The number of finished Cloudlets is:732
12822.009999999993: MET_Broker: Cloudlet #732 return received
12822.009999999993: MET_Broker: The number of finished Cloudlets is:733
12828.009999999993: MET_Broker: Cloudlet #734 return received
12828.009999999993: MET_Broker: The number of finished Cloudlets is:734
12879.609999999993: MET_Broker: Cloudlet #735 return received
12879.609999999993: MET_Broker: The number of finished Cloudlets is:735
12914.009999999993: MET_Broker: Cloudlet #733 return received
12914.009999999993: MET_Broker: The number of finished Cloudlets is:736
12917.609999999993: MET_Broker: Cloudlet #736 return received
12917.609999999993: MET_Broker: The number of finished Cloudlets is:737
12954.409999999993: MET_Broker: Cloudlet #737 return received
12954.409999999993: MET_Broker: The number of finished Cloudlets is:738
12967.609999999993: MET_Broker: Cloudlet #738 return received
12967.609999999993: MET_Broker: The number of finished Cloudlets is:739
12979.609999999993: MET_Broker: Cloudlet #739 return received
12979.609999999993: MET_Broker: The number of finished Cloudlets is:740
13009.609999999993: MET_Broker: Cloudlet #740 return received
13009.609999999993: MET_Broker: The number of finished Cloudlets is:741
13015.609999999993: MET_Broker: Cloudlet #742 return received
13015.609999999993: MET_Broker: The number of finished Cloudlets is:742
13017.609999999993: MET_Broker: Cloudlet #741 return received
13017.609999999993: MET_Broker: The number of finished Cloudlets is:743
13048.409999999993: MET_Broker: Cloudlet #744 return received
13048.409999999993: MET_Broker: The number of finished Cloudlets is:744
13065.609999999993: MET_Broker: Cloudlet #743 return received
13065.609999999993: MET_Broker: The number of finished Cloudlets is:745
13074.409999999993: MET_Broker: Cloudlet #745 return received
13074.409999999993: MET_Broker: The number of finished Cloudlets is:746
13102.809999999992: MET_Broker: Cloudlet #746 return received
13102.809999999992: MET_Broker: The number of finished Cloudlets is:747
13133.609999999991: MET_Broker: Cloudlet #748 return received
13133.609999999991: MET_Broker: The number of finished Cloudlets is:748
13134.40999999999: MET_Broker: Cloudlet #747 return received
13134.40999999999: MET_Broker: The number of finished Cloudlets is:749
13154.009999999991: MET_Broker: Cloudlet #750 return received
13154.009999999991: MET_Broker: The number of finished Cloudlets is:750
13173.609999999991: MET_Broker: Cloudlet #751 return received
13173.609999999991: MET_Broker: The number of finished Cloudlets is:751
13187.609999999991: MET_Broker: Cloudlet #749 return received
13187.609999999991: MET_Broker: The number of finished Cloudlets is:752
13191.609999999991: MET_Broker: Cloudlet #752 return received
13191.609999999991: MET_Broker: The number of finished Cloudlets is:753
13235.209999999992: MET_Broker: Cloudlet #753 return received
13235.209999999992: MET_Broker: The number of finished Cloudlets is:754
13266.809999999992: MET_Broker: Cloudlet #755 return received
13266.809999999992: MET_Broker: The number of finished Cloudlets is:755
13303.209999999992: MET_Broker: Cloudlet #756 return received
13303.209999999992: MET_Broker: The number of finished Cloudlets is:756
13363.209999999992: MET_Broker: Cloudlet #757 return received
13363.209999999992: MET_Broker: The number of finished Cloudlets is:757
13394.009999999991: MET_Broker: Cloudlet #758 return received
13394.009999999991: MET_Broker: The number of finished Cloudlets is:758
13420.80999999999: MET_Broker: Cloudlet #759 return received
13420.80999999999: MET_Broker: The number of finished Cloudlets is:759
13447.60999999999: MET_Broker: Cloudlet #760 return received
13447.60999999999: MET_Broker: The number of finished Cloudlets is:760
13476.60999999999: MET_Broker: Cloudlet #754 return received
13476.60999999999: MET_Broker: The number of finished Cloudlets is:761
13495.20999999999: MET_Broker: Cloudlet #761 return received
13495.20999999999: MET_Broker: The number of finished Cloudlets is:762
13509.80999999999: MET_Broker: Cloudlet #762 return received
13509.80999999999: MET_Broker: The number of finished Cloudlets is:763
13511.20999999999: MET_Broker: Cloudlet #763 return received
13511.20999999999: MET_Broker: The number of finished Cloudlets is:764
13543.60999999999: MET_Broker: Cloudlet #765 return received
13543.60999999999: MET_Broker: The number of finished Cloudlets is:765
13544.60999999999: MET_Broker: Cloudlet #764 return received
13544.60999999999: MET_Broker: The number of finished Cloudlets is:766
13581.80999999999: MET_Broker: Cloudlet #767 return received
13581.80999999999: MET_Broker: The number of finished Cloudlets is:767
13588.80999999999: MET_Broker: Cloudlet #766 return received
13588.80999999999: MET_Broker: The number of finished Cloudlets is:768
13614.20999999999: MET_Broker: Cloudlet #768 return received
13614.20999999999: MET_Broker: The number of finished Cloudlets is:769
13634.60999999999: MET_Broker: Cloudlet #770 return received
13634.60999999999: MET_Broker: The number of finished Cloudlets is:770
13642.80999999999: MET_Broker: Cloudlet #769 return received
13642.80999999999: MET_Broker: The number of finished Cloudlets is:771
13667.009999999991: MET_Broker: Cloudlet #771 return received
13667.009999999991: MET_Broker: The number of finished Cloudlets is:772
13802.009999999991: MET_Broker: Cloudlet #773 return received
13802.009999999991: MET_Broker: The number of finished Cloudlets is:773
13825.609999999991: MET_Broker: Cloudlet #774 return received
13825.609999999991: MET_Broker: The number of finished Cloudlets is:774
13871.609999999991: MET_Broker: Cloudlet #775 return received
13871.609999999991: MET_Broker: The number of finished Cloudlets is:775
13919.209999999992: MET_Broker: Cloudlet #776 return received
13919.209999999992: MET_Broker: The number of finished Cloudlets is:776
13927.809999999992: MET_Broker: Cloudlet #772 return received
13927.809999999992: MET_Broker: The number of finished Cloudlets is:777
13974.609999999991: MET_Broker: Cloudlet #778 return received
13974.609999999991: MET_Broker: The number of finished Cloudlets is:778
14020.609999999991: MET_Broker: Cloudlet #779 return received
14020.609999999991: MET_Broker: The number of finished Cloudlets is:779
14057.809999999992: MET_Broker: Cloudlet #780 return received
14057.809999999992: MET_Broker: The number of finished Cloudlets is:780
14077.409999999993: MET_Broker: Cloudlet #781 return received
14077.409999999993: MET_Broker: The number of finished Cloudlets is:781
14109.809999999992: MET_Broker: Cloudlet #782 return received
14109.809999999992: MET_Broker: The number of finished Cloudlets is:782
14141.409999999993: MET_Broker: Cloudlet #783 return received
14141.409999999993: MET_Broker: The number of finished Cloudlets is:783
14178.609999999993: MET_Broker: Cloudlet #784 return received
14178.609999999993: MET_Broker: The number of finished Cloudlets is:784
14196.609999999993: MET_Broker: Cloudlet #785 return received
14196.609999999993: MET_Broker: The number of finished Cloudlets is:785
14217.009999999993: MET_Broker: Cloudlet #786 return received
14217.009999999993: MET_Broker: The number of finished Cloudlets is:786
14248.609999999993: MET_Broker: Cloudlet #787 return received
14248.609999999993: MET_Broker: The number of finished Cloudlets is:787
14277.809999999994: MET_Broker: Cloudlet #788 return received
14277.809999999994: MET_Broker: The number of finished Cloudlets is:788
14279.209999999994: MET_Broker: Cloudlet #777 return received
14279.209999999994: MET_Broker: The number of finished Cloudlets is:789
14314.009999999993: MET_Broker: Cloudlet #790 return received
14314.009999999993: MET_Broker: The number of finished Cloudlets is:790
14364.009999999993: MET_Broker: Cloudlet #791 return received
14364.009999999993: MET_Broker: The number of finished Cloudlets is:791
14402.009999999993: MET_Broker: Cloudlet #792 return received
14402.009999999993: MET_Broker: The number of finished Cloudlets is:792
14453.609999999993: MET_Broker: Cloudlet #793 return received
14453.609999999993: MET_Broker: The number of finished Cloudlets is:793
14486.009999999993: MET_Broker: Cloudlet #794 return received
14486.009999999993: MET_Broker: The number of finished Cloudlets is:794
14507.209999999994: MET_Broker: Cloudlet #795 return received
14507.209999999994: MET_Broker: The number of finished Cloudlets is:795
14542.009999999993: MET_Broker: Cloudlet #796 return received
14542.009999999993: MET_Broker: The number of finished Cloudlets is:796
14562.809999999992: MET_Broker: Cloudlet #789 return received
14562.809999999992: MET_Broker: The number of finished Cloudlets is:797
14583.209999999992: MET_Broker: Cloudlet #797 return received
14583.209999999992: MET_Broker: The number of finished Cloudlets is:798
14612.409999999993: MET_Broker: Cloudlet #799 return received
14612.409999999993: MET_Broker: The number of finished Cloudlets is:799
14616.809999999992: MET_Broker: Cloudlet #798 return received
14616.809999999992: MET_Broker: The number of finished Cloudlets is:800
14656.409999999993: MET_Broker: Cloudlet #801 return received
14656.409999999993: MET_Broker: The number of finished Cloudlets is:801
14656.809999999992: MET_Broker: Cloudlet #800 return received
14656.809999999992: MET_Broker: The number of finished Cloudlets is:802
14692.809999999992: MET_Broker: Cloudlet #802 return received
14692.809999999992: MET_Broker: The number of finished Cloudlets is:803
14701.209999999992: MET_Broker: Cloudlet #803 return received
14701.209999999992: MET_Broker: The number of finished Cloudlets is:804
14714.009999999991: MET_Broker: Cloudlet #804 return received
14714.009999999991: MET_Broker: The number of finished Cloudlets is:805
14751.209999999992: MET_Broker: Cloudlet #805 return received
14751.209999999992: MET_Broker: The number of finished Cloudlets is:806
14762.209999999992: MET_Broker: Cloudlet #807 return received
14762.209999999992: MET_Broker: The number of finished Cloudlets is:807
14784.209999999992: MET_Broker: Cloudlet #808 return received
14784.209999999992: MET_Broker: The number of finished Cloudlets is:808
14815.809999999992: MET_Broker: Cloudlet #809 return received
14815.809999999992: MET_Broker: The number of finished Cloudlets is:809
14853.809999999992: MET_Broker: Cloudlet #810 return received
14853.809999999992: MET_Broker: The number of finished Cloudlets is:810
15074.009999999993: MET_Broker: Cloudlet #806 return received
15074.009999999993: MET_Broker: The number of finished Cloudlets is:811
15102.409999999993: MET_Broker: Cloudlet #812 return received
15102.409999999993: MET_Broker: The number of finished Cloudlets is:812
15136.409999999993: MET_Broker: Cloudlet #813 return received
15136.409999999993: MET_Broker: The number of finished Cloudlets is:813
15182.409999999993: MET_Broker: Cloudlet #814 return received
15182.409999999993: MET_Broker: The number of finished Cloudlets is:814
15210.809999999992: MET_Broker: Cloudlet #815 return received
15210.809999999992: MET_Broker: The number of finished Cloudlets is:815
15213.809999999992: MET_Broker: Cloudlet #811 return received
15213.809999999992: MET_Broker: The number of finished Cloudlets is:816
15224.809999999992: MET_Broker: Cloudlet #817 return received
15224.809999999992: MET_Broker: The number of finished Cloudlets is:817
15251.209999999992: MET_Broker: Cloudlet #816 return received
15251.209999999992: MET_Broker: The number of finished Cloudlets is:818
15254.809999999992: MET_Broker: Cloudlet #818 return received
15254.809999999992: MET_Broker: The number of finished Cloudlets is:819
15287.209999999992: MET_Broker: Cloudlet #820 return received
15287.209999999992: MET_Broker: The number of finished Cloudlets is:820
15305.209999999992: MET_Broker: Cloudlet #819 return received
15305.209999999992: MET_Broker: The number of finished Cloudlets is:821
15333.209999999992: MET_Broker: Cloudlet #821 return received
15333.209999999992: MET_Broker: The number of finished Cloudlets is:822
15335.209999999992: MET_Broker: Cloudlet #822 return received
15335.209999999992: MET_Broker: The number of finished Cloudlets is:823
15385.209999999992: MET_Broker: Cloudlet #824 return received
15385.209999999992: MET_Broker: The number of finished Cloudlets is:824
15428.809999999992: MET_Broker: Cloudlet #825 return received
15428.809999999992: MET_Broker: The number of finished Cloudlets is:825
15460.409999999993: MET_Broker: Cloudlet #826 return received
15460.409999999993: MET_Broker: The number of finished Cloudlets is:826
15498.409999999993: MET_Broker: Cloudlet #827 return received
15498.409999999993: MET_Broker: The number of finished Cloudlets is:827
15538.809999999992: MET_Broker: Cloudlet #828 return received
15538.809999999992: MET_Broker: The number of finished Cloudlets is:828
15598.809999999992: MET_Broker: Cloudlet #829 return received
15598.809999999992: MET_Broker: The number of finished Cloudlets is:829
15618.209999999992: MET_Broker: Cloudlet #823 return received
15618.209999999992: MET_Broker: The number of finished Cloudlets is:830
15618.409999999993: MET_Broker: Cloudlet #830 return received
15618.409999999993: MET_Broker: The number of finished Cloudlets is:831
15640.209999999992: MET_Broker: Cloudlet #831 return received
15640.209999999992: MET_Broker: The number of finished Cloudlets is:832
15661.209999999992: MET_Broker: Cloudlet #832 return received
15661.209999999992: MET_Broker: The number of finished Cloudlets is:833
15672.609999999991: MET_Broker: Cloudlet #833 return received
15672.609999999991: MET_Broker: The number of finished Cloudlets is:834
15696.809999999992: MET_Broker: Cloudlet #834 return received
15696.809999999992: MET_Broker: The number of finished Cloudlets is:835
15736.409999999993: MET_Broker: Cloudlet #836 return received
15736.409999999993: MET_Broker: The number of finished Cloudlets is:836
15781.609999999993: MET_Broker: Cloudlet #837 return received
15781.609999999993: MET_Broker: The number of finished Cloudlets is:837
15818.009999999993: MET_Broker: Cloudlet #838 return received
15818.009999999993: MET_Broker: The number of finished Cloudlets is:838
15846.409999999993: MET_Broker: Cloudlet #839 return received
15846.409999999993: MET_Broker: The number of finished Cloudlets is:839
15865.209999999992: MET_Broker: Cloudlet #840 return received
15865.209999999992: MET_Broker: The number of finished Cloudlets is:840
15889.609999999991: MET_Broker: Cloudlet #841 return received
15889.609999999991: MET_Broker: The number of finished Cloudlets is:841
15915.609999999991: MET_Broker: Cloudlet #842 return received
15915.609999999991: MET_Broker: The number of finished Cloudlets is:842
15944.809999999992: MET_Broker: Cloudlet #843 return received
15944.809999999992: MET_Broker: The number of finished Cloudlets is:843
15978.809999999992: MET_Broker: Cloudlet #844 return received
15978.809999999992: MET_Broker: The number of finished Cloudlets is:844
16021.609999999991: MET_Broker: Cloudlet #845 return received
16021.609999999991: MET_Broker: The number of finished Cloudlets is:845
16032.609999999991: MET_Broker: Cloudlet #835 return received
16032.609999999991: MET_Broker: The number of finished Cloudlets is:846
16047.609999999991: MET_Broker: Cloudlet #846 return received
16047.609999999991: MET_Broker: The number of finished Cloudlets is:847
16065.809999999992: MET_Broker: Cloudlet #847 return received
16065.809999999992: MET_Broker: The number of finished Cloudlets is:848
16079.209999999992: MET_Broker: Cloudlet #848 return received
16079.209999999992: MET_Broker: The number of finished Cloudlets is:849
16095.809999999992: MET_Broker: Cloudlet #849 return received
16095.809999999992: MET_Broker: The number of finished Cloudlets is:850
16125.209999999992: MET_Broker: Cloudlet #850 return received
16125.209999999992: MET_Broker: The number of finished Cloudlets is:851
16145.009999999991: MET_Broker: Cloudlet #851 return received
16145.009999999991: MET_Broker: The number of finished Cloudlets is:852
16157.609999999991: MET_Broker: Cloudlet #852 return received
16157.609999999991: MET_Broker: The number of finished Cloudlets is:853
16164.609999999991: MET_Broker: Cloudlet #853 return received
16164.609999999991: MET_Broker: The number of finished Cloudlets is:854
16189.209999999992: MET_Broker: Cloudlet #854 return received
16189.209999999992: MET_Broker: The number of finished Cloudlets is:855
16216.009999999991: MET_Broker: Cloudlet #856 return received
16216.009999999991: MET_Broker: The number of finished Cloudlets is:856
16257.209999999992: MET_Broker: Cloudlet #857 return received
16257.209999999992: MET_Broker: The number of finished Cloudlets is:857
16291.209999999992: MET_Broker: Cloudlet #858 return received
16291.209999999992: MET_Broker: The number of finished Cloudlets is:858
16524.609999999993: MET_Broker: Cloudlet #855 return received
16524.609999999993: MET_Broker: The number of finished Cloudlets is:859
16570.609999999993: MET_Broker: Cloudlet #860 return received
16570.609999999993: MET_Broker: The number of finished Cloudlets is:860
16592.609999999993: MET_Broker: Cloudlet #861 return received
16592.609999999993: MET_Broker: The number of finished Cloudlets is:861
16613.809999999994: MET_Broker: Cloudlet #862 return received
16613.809999999994: MET_Broker: The number of finished Cloudlets is:862
16647.809999999994: MET_Broker: Cloudlet #863 return received
16647.809999999994: MET_Broker: The number of finished Cloudlets is:863
16651.209999999995: MET_Broker: Cloudlet #859 return received
16651.209999999995: MET_Broker: The number of finished Cloudlets is:864
16667.409999999996: MET_Broker: Cloudlet #864 return received
16667.409999999996: MET_Broker: The number of finished Cloudlets is:865
16698.809999999998: MET_Broker: Cloudlet #865 return received
16698.809999999998: MET_Broker: The number of finished Cloudlets is:866
16704.609999999997: MET_Broker: Cloudlet #866 return received
16704.609999999997: MET_Broker: The number of finished Cloudlets is:867
16748.209999999995: MET_Broker: Cloudlet #868 return received
16748.209999999995: MET_Broker: The number of finished Cloudlets is:868
16749.609999999997: MET_Broker: Cloudlet #867 return received
16749.609999999997: MET_Broker: The number of finished Cloudlets is:869
16770.01: MET_Broker: Cloudlet #870 return received
16770.01: MET_Broker: The number of finished Cloudlets is:870
16817.609999999997: MET_Broker: Cloudlet #871 return received
16817.609999999997: MET_Broker: The number of finished Cloudlets is:871
16853.209999999995: MET_Broker: Cloudlet #872 return received
16853.209999999995: MET_Broker: The number of finished Cloudlets is:872
16900.009999999995: MET_Broker: Cloudlet #873 return received
16900.009999999995: MET_Broker: The number of finished Cloudlets is:873
16934.009999999995: MET_Broker: Cloudlet #874 return received
16934.009999999995: MET_Broker: The number of finished Cloudlets is:874
16977.609999999993: MET_Broker: Cloudlet #875 return received
16977.609999999993: MET_Broker: The number of finished Cloudlets is:875
17006.009999999995: MET_Broker: Cloudlet #876 return received
17006.009999999995: MET_Broker: The number of finished Cloudlets is:876
17025.609999999993: MET_Broker: Cloudlet #877 return received
17025.609999999993: MET_Broker: The number of finished Cloudlets is:877
17108.209999999992: MET_Broker: Cloudlet #869 return received
17108.209999999992: MET_Broker: The number of finished Cloudlets is:878
17143.00999999999: MET_Broker: Cloudlet #879 return received
17143.00999999999: MET_Broker: The number of finished Cloudlets is:879
17160.60999999999: MET_Broker: Cloudlet #878 return received
17160.60999999999: MET_Broker: The number of finished Cloudlets is:880
17204.20999999999: MET_Broker: Cloudlet #881 return received
17204.20999999999: MET_Broker: The number of finished Cloudlets is:881
17252.60999999999: MET_Broker: Cloudlet #882 return received
17252.60999999999: MET_Broker: The number of finished Cloudlets is:882
17276.20999999999: MET_Broker: Cloudlet #883 return received
17276.20999999999: MET_Broker: The number of finished Cloudlets is:883
17278.009999999987: MET_Broker: Cloudlet #880 return received
17278.009999999987: MET_Broker: The number of finished Cloudlets is:884
17311.20999999999: MET_Broker: Cloudlet #885 return received
17311.20999999999: MET_Broker: The number of finished Cloudlets is:885
17316.60999999999: MET_Broker: Cloudlet #884 return received
17316.60999999999: MET_Broker: The number of finished Cloudlets is:886
17327.60999999999: MET_Broker: Cloudlet #887 return received
17327.60999999999: MET_Broker: The number of finished Cloudlets is:887
17341.20999999999: MET_Broker: Cloudlet #886 return received
17341.20999999999: MET_Broker: The number of finished Cloudlets is:888
17360.009999999987: MET_Broker: Cloudlet #889 return received
17360.009999999987: MET_Broker: The number of finished Cloudlets is:889
17387.609999999986: MET_Broker: Cloudlet #888 return received
17387.609999999986: MET_Broker: The number of finished Cloudlets is:890
17416.009999999987: MET_Broker: Cloudlet #891 return received
17416.009999999987: MET_Broker: The number of finished Cloudlets is:891
17460.40999999999: MET_Broker: Cloudlet #892 return received
17460.40999999999: MET_Broker: The number of finished Cloudlets is:892
17489.60999999999: MET_Broker: Cloudlet #893 return received
17489.60999999999: MET_Broker: The number of finished Cloudlets is:893
17495.60999999999: MET_Broker: Cloudlet #894 return received
17495.60999999999: MET_Broker: The number of finished Cloudlets is:894
17527.20999999999: MET_Broker: Cloudlet #895 return received
17527.20999999999: MET_Broker: The number of finished Cloudlets is:895
17566.809999999987: MET_Broker: Cloudlet #896 return received
17566.809999999987: MET_Broker: The number of finished Cloudlets is:896
17595.20999999999: MET_Broker: Cloudlet #897 return received
17595.20999999999: MET_Broker: The number of finished Cloudlets is:897
17646.009999999987: MET_Broker: Cloudlet #898 return received
17646.009999999987: MET_Broker: The number of finished Cloudlets is:898
17693.609999999986: MET_Broker: Cloudlet #899 return received
17693.609999999986: MET_Broker: The number of finished Cloudlets is:899
17715.609999999986: MET_Broker: Cloudlet #900 return received
17715.609999999986: MET_Broker: The number of finished Cloudlets is:900
17720.009999999987: MET_Broker: Cloudlet #890 return received
17720.009999999987: MET_Broker: The number of finished Cloudlets is:901
17758.809999999987: MET_Broker: Cloudlet #902 return received
17758.809999999987: MET_Broker: The number of finished Cloudlets is:902
17925.609999999986: MET_Broker: Cloudlet #901 return received
17925.609999999986: MET_Broker: The number of finished Cloudlets is:903
17962.009999999987: MET_Broker: Cloudlet #904 return received
17962.009999999987: MET_Broker: The number of finished Cloudlets is:904
17968.809999999987: MET_Broker: Cloudlet #903 return received
17968.809999999987: MET_Broker: The number of finished Cloudlets is:905
17992.409999999985: MET_Broker: Cloudlet #906 return received
17992.409999999985: MET_Broker: The number of finished Cloudlets is:906
18012.009999999984: MET_Broker: Cloudlet #905 return received
18012.009999999984: MET_Broker: The number of finished Cloudlets is:907
18032.409999999985: MET_Broker: Cloudlet #908 return received
18032.409999999985: MET_Broker: The number of finished Cloudlets is:908
18033.609999999986: MET_Broker: Cloudlet #907 return received
18033.609999999986: MET_Broker: The number of finished Cloudlets is:909
18069.609999999986: MET_Broker: Cloudlet #909 return received
18069.609999999986: MET_Broker: The number of finished Cloudlets is:910
18078.809999999987: MET_Broker: Cloudlet #910 return received
18078.809999999987: MET_Broker: The number of finished Cloudlets is:911
18096.409999999985: MET_Broker: Cloudlet #911 return received
18096.409999999985: MET_Broker: The number of finished Cloudlets is:912
18124.809999999987: MET_Broker: Cloudlet #912 return received
18124.809999999987: MET_Broker: The number of finished Cloudlets is:913
18125.609999999986: MET_Broker: Cloudlet #913 return received
18125.609999999986: MET_Broker: The number of finished Cloudlets is:914
18150.809999999987: MET_Broker: Cloudlet #915 return received
18150.809999999987: MET_Broker: The number of finished Cloudlets is:915
18176.409999999985: MET_Broker: Cloudlet #914 return received
18176.409999999985: MET_Broker: The number of finished Cloudlets is:916
18186.409999999985: MET_Broker: Cloudlet #916 return received
18186.409999999985: MET_Broker: The number of finished Cloudlets is:917
18227.609999999986: MET_Broker: Cloudlet #918 return received
18227.609999999986: MET_Broker: The number of finished Cloudlets is:918
18236.409999999985: MET_Broker: Cloudlet #917 return received
18236.409999999985: MET_Broker: The number of finished Cloudlets is:919
18279.209999999985: MET_Broker: Cloudlet #919 return received
18279.209999999985: MET_Broker: The number of finished Cloudlets is:920
18290.409999999985: MET_Broker: Cloudlet #920 return received
18290.409999999985: MET_Broker: The number of finished Cloudlets is:921
18295.209999999985: MET_Broker: Cloudlet #921 return received
18295.209999999985: MET_Broker: The number of finished Cloudlets is:922
18320.409999999985: MET_Broker: Cloudlet #923 return received
18320.409999999985: MET_Broker: The number of finished Cloudlets is:923
18326.009999999984: MET_Broker: Cloudlet #922 return received
18326.009999999984: MET_Broker: The number of finished Cloudlets is:924
18368.009999999984: MET_Broker: Cloudlet #925 return received
18368.009999999984: MET_Broker: The number of finished Cloudlets is:925
18371.209999999985: MET_Broker: Cloudlet #924 return received
18371.209999999985: MET_Broker: The number of finished Cloudlets is:926
18410.809999999983: MET_Broker: Cloudlet #926 return received
18410.809999999983: MET_Broker: The number of finished Cloudlets is:927
18410.809999999983: MET_Broker: Cloudlet #927 return received
18410.809999999983: MET_Broker: The number of finished Cloudlets is:928
18436.809999999983: MET_Broker: Cloudlet #928 return received
18436.809999999983: MET_Broker: The number of finished Cloudlets is:929
18474.809999999983: MET_Broker: Cloudlet #929 return received
18474.809999999983: MET_Broker: The number of finished Cloudlets is:930
18516.009999999984: MET_Broker: Cloudlet #930 return received
18516.009999999984: MET_Broker: The number of finished Cloudlets is:931
18551.609999999982: MET_Broker: Cloudlet #931 return received
18551.609999999982: MET_Broker: The number of finished Cloudlets is:932
18573.609999999982: MET_Broker: Cloudlet #932 return received
18573.609999999982: MET_Broker: The number of finished Cloudlets is:933
18610.809999999983: MET_Broker: Cloudlet #933 return received
18610.809999999983: MET_Broker: The number of finished Cloudlets is:934
18628.809999999983: MET_Broker: Cloudlet #934 return received
18628.809999999983: MET_Broker: The number of finished Cloudlets is:935
18662.809999999983: MET_Broker: Cloudlet #935 return received
18662.809999999983: MET_Broker: The number of finished Cloudlets is:936
18710.40999999998: MET_Broker: Cloudlet #936 return received
18710.40999999998: MET_Broker: The number of finished Cloudlets is:937
18729.20999999998: MET_Broker: Cloudlet #937 return received
18729.20999999998: MET_Broker: The number of finished Cloudlets is:938
18751.20999999998: MET_Broker: Cloudlet #938 return received
18751.20999999998: MET_Broker: The number of finished Cloudlets is:939
18802.80999999998: MET_Broker: Cloudlet #939 return received
18802.80999999998: MET_Broker: The number of finished Cloudlets is:940
18818.80999999998: MET_Broker: Cloudlet #940 return received
18818.80999999998: MET_Broker: The number of finished Cloudlets is:941
18860.00999999998: MET_Broker: Cloudlet #941 return received
18860.00999999998: MET_Broker: The number of finished Cloudlets is:942
18879.60999999998: MET_Broker: Cloudlet #942 return received
18879.60999999998: MET_Broker: The number of finished Cloudlets is:943
18927.209999999977: MET_Broker: Cloudlet #943 return received
18927.209999999977: MET_Broker: The number of finished Cloudlets is:944
18949.209999999977: MET_Broker: Cloudlet #944 return received
18949.209999999977: MET_Broker: The number of finished Cloudlets is:945
18969.60999999998: MET_Broker: Cloudlet #945 return received
18969.60999999998: MET_Broker: The number of finished Cloudlets is:946
19002.80999999998: MET_Broker: Cloudlet #946 return received
19002.80999999998: MET_Broker: The number of finished Cloudlets is:947
19008.80999999998: MET_Broker: Cloudlet #947 return received
19008.80999999998: MET_Broker: The number of finished Cloudlets is:948
19046.00999999998: MET_Broker: Cloudlet #948 return received
19046.00999999998: MET_Broker: The number of finished Cloudlets is:949
19331.00999999998: MET_Broker: Cloudlet #949 return received
19331.00999999998: MET_Broker: The number of finished Cloudlets is:950
19365.80999999998: MET_Broker: Cloudlet #950 return received
19365.80999999998: MET_Broker: The number of finished Cloudlets is:951
19407.80999999998: MET_Broker: Cloudlet #951 return received
19407.80999999998: MET_Broker: The number of finished Cloudlets is:952
19441.80999999998: MET_Broker: Cloudlet #952 return received
19441.80999999998: MET_Broker: The number of finished Cloudlets is:953
19467.00999999998: MET_Broker: Cloudlet #953 return received
19467.00999999998: MET_Broker: The number of finished Cloudlets is:954
19495.40999999998: MET_Broker: Cloudlet #954 return received
19495.40999999998: MET_Broker: The number of finished Cloudlets is:955
19515.00999999998: MET_Broker: Cloudlet #955 return received
19515.00999999998: MET_Broker: The number of finished Cloudlets is:956
19546.60999999998: MET_Broker: Cloudlet #956 return received
19546.60999999998: MET_Broker: The number of finished Cloudlets is:957
19592.60999999998: MET_Broker: Cloudlet #957 return received
19592.60999999998: MET_Broker: The number of finished Cloudlets is:958
19641.00999999998: MET_Broker: Cloudlet #958 return received
19641.00999999998: MET_Broker: The number of finished Cloudlets is:959
19679.80999999998: MET_Broker: Cloudlet #959 return received
19679.80999999998: MET_Broker: The number of finished Cloudlets is:960
19730.60999999998: MET_Broker: Cloudlet #960 return received
19730.60999999998: MET_Broker: The number of finished Cloudlets is:961
19782.209999999977: MET_Broker: Cloudlet #961 return received
19782.209999999977: MET_Broker: The number of finished Cloudlets is:962
19825.809999999976: MET_Broker: Cloudlet #962 return received
19825.809999999976: MET_Broker: The number of finished Cloudlets is:963
19845.409999999974: MET_Broker: Cloudlet #963 return received
19845.409999999974: MET_Broker: The number of finished Cloudlets is:964
19887.409999999974: MET_Broker: Cloudlet #964 return received
19887.409999999974: MET_Broker: The number of finished Cloudlets is:965
19905.409999999974: MET_Broker: Cloudlet #965 return received
19905.409999999974: MET_Broker: The number of finished Cloudlets is:966
19943.409999999974: MET_Broker: Cloudlet #966 return received
19943.409999999974: MET_Broker: The number of finished Cloudlets is:967
20228.409999999974: MET_Broker: Cloudlet #967 return received
20228.409999999974: MET_Broker: The number of finished Cloudlets is:968
20588.409999999974: MET_Broker: Cloudlet #968 return received
20588.409999999974: MET_Broker: The number of finished Cloudlets is:969
20614.409999999974: MET_Broker: Cloudlet #969 return received
20614.409999999974: MET_Broker: The number of finished Cloudlets is:970
20632.409999999974: MET_Broker: Cloudlet #970 return received
20632.409999999974: MET_Broker: The number of finished Cloudlets is:971
20680.009999999973: MET_Broker: Cloudlet #971 return received
20680.009999999973: MET_Broker: The number of finished Cloudlets is:972
20725.209999999974: MET_Broker: Cloudlet #972 return received
20725.209999999974: MET_Broker: The number of finished Cloudlets is:973
21085.209999999974: MET_Broker: Cloudlet #973 return received
21085.209999999974: MET_Broker: The number of finished Cloudlets is:974
21136.009999999973: MET_Broker: Cloudlet #974 return received
21136.009999999973: MET_Broker: The number of finished Cloudlets is:975
21190.009999999973: MET_Broker: Cloudlet #975 return received
21190.009999999973: MET_Broker: The number of finished Cloudlets is:976
21220.809999999972: MET_Broker: Cloudlet #976 return received
21220.809999999972: MET_Broker: The number of finished Cloudlets is:977
21259.60999999997: MET_Broker: Cloudlet #977 return received
21259.60999999997: MET_Broker: The number of finished Cloudlets is:978
21290.40999999997: MET_Broker: Cloudlet #978 return received
21290.40999999997: MET_Broker: The number of finished Cloudlets is:979
21331.60999999997: MET_Broker: Cloudlet #979 return received
21331.60999999997: MET_Broker: The number of finished Cloudlets is:980
21691.60999999997: MET_Broker: Cloudlet #980 return received
21691.60999999997: MET_Broker: The number of finished Cloudlets is:981
21736.809999999972: MET_Broker: Cloudlet #981 return received
21736.809999999972: MET_Broker: The number of finished Cloudlets is:982
21790.809999999972: MET_Broker: Cloudlet #982 return received
21790.809999999972: MET_Broker: The number of finished Cloudlets is:983
21814.40999999997: MET_Broker: Cloudlet #983 return received
21814.40999999997: MET_Broker: The number of finished Cloudlets is:984
21865.20999999997: MET_Broker: Cloudlet #984 return received
21865.20999999997: MET_Broker: The number of finished Cloudlets is:985
21919.20999999997: MET_Broker: Cloudlet #985 return received
21919.20999999997: MET_Broker: The number of finished Cloudlets is:986
21938.00999999997: MET_Broker: Cloudlet #986 return received
21938.00999999997: MET_Broker: The number of finished Cloudlets is:987
21944.00999999997: MET_Broker: Cloudlet #987 return received
21944.00999999997: MET_Broker: The number of finished Cloudlets is:988
21976.40999999997: MET_Broker: Cloudlet #988 return received
21976.40999999997: MET_Broker: The number of finished Cloudlets is:989
22000.00999999997: MET_Broker: Cloudlet #989 return received
22000.00999999997: MET_Broker: The number of finished Cloudlets is:990
22040.40999999997: MET_Broker: Cloudlet #990 return received
22040.40999999997: MET_Broker: The number of finished Cloudlets is:991
22072.809999999972: MET_Broker: Cloudlet #991 return received
22072.809999999972: MET_Broker: The number of finished Cloudlets is:992
22111.60999999997: MET_Broker: Cloudlet #992 return received
22111.60999999997: MET_Broker: The number of finished Cloudlets is:993
22471.60999999997: MET_Broker: Cloudlet #993 return received
22471.60999999997: MET_Broker: The number of finished Cloudlets is:994
22497.60999999997: MET_Broker: Cloudlet #994 return received
22497.60999999997: MET_Broker: The number of finished Cloudlets is:995
22527.60999999997: MET_Broker: Cloudlet #995 return received
22527.60999999997: MET_Broker: The number of finished Cloudlets is:996
22576.809999999972: MET_Broker: Cloudlet #996 return received
22576.809999999972: MET_Broker: The number of finished Cloudlets is:997
22711.809999999972: MET_Broker: Cloudlet #997 return received
22711.809999999972: MET_Broker: The number of finished Cloudlets is:998
22750.60999999997: MET_Broker: Cloudlet #998 return received
22750.60999999997: MET_Broker: The number of finished Cloudlets is:999
22779.809999999972: MET_Broker: Cloudlet #999 return received
22779.809999999972: MET_Broker: The number of finished Cloudlets is:1000
22779.809999999972: MET_Broker: All Cloudlets executed. Finishing...
22779.809999999972: MET_Broker: Destroying Vm #0
22779.809999999972: MET_Broker: Destroying Vm #1
22779.809999999972: MET_Broker: Destroying Vm #2
22779.809999999972: MET_Broker: Destroying Vm #3
22779.809999999972: MET_Broker: Destroying Vm #4
22779.809999999972: MET_Broker: Destroying Vm #5
22779.809999999972: MET_Broker: Destroying Vm #6
22779.809999999972: MET_Broker: Destroying Vm #7
22779.809999999972: MET_Broker: Destroying Vm #8
22779.809999999972: MET_Broker: Destroying Vm #9
22779.809999999972: MET_Broker: Destroying Vm #10
22779.809999999972: MET_Broker: Destroying Vm #11
22779.809999999972: MET_Broker: Destroying Vm #12
22779.809999999972: MET_Broker: Destroying Vm #13
22779.809999999972: MET_Broker: Destroying Vm #14
22779.809999999972: MET_Broker: Destroying Vm #15
22779.809999999972: MET_Broker: Destroying Vm #16
22779.809999999972: MET_Broker: Destroying Vm #17
22779.809999999972: MET_Broker: Destroying Vm #18
22779.809999999972: MET_Broker: Destroying Vm #19
22779.809999999972: MET_Broker is shutting down...
22779.809999999972: Simulation: No more future events
22779.809999999972: CloudInformationService is shutting down...
22779.809999999972: CloudInformationService: Notify all CloudSim entities for shutting down.
22779.809999999972: Datacenter_0 is shutting down...
22779.809999999972: MET_Broker is shutting down...
Simulation completed.
Simulation completed.

========== CLOUDLET RESULTS ==========
(only the first 20 successful Cloudlets are shown; METRICS below are still computed from all 1000 results)
Cloudlet ID	Status	VM ID	Exec Time	Start Time	Finish Time
3	SUCCESS	15	32.4	0.01	32.41
0	SUCCESS	15	33.2	0.01	33.21
2	SUCCESS	15	36.4	0.01	36.41
1	SUCCESS	15	38	0.01	38.01
4	SUCCESS	15	11	32.41	43.41
5	SUCCESS	15	19.6	33.21	52.81
8	SUCCESS	15	18.8	43.41	62.21
7	SUCCESS	15	38	38.01	76.01
6	SUCCESS	15	41.2	36.41	77.61
9	SUCCESS	15	28.4	52.81	81.21
10	SUCCESS	15	22	62.21	84.21
11	SUCCESS	15	16	76.01	92.01
12	SUCCESS	15	44.4	77.61	122.01
14	SUCCESS	15	39.6	84.21	123.81
13	SUCCESS	15	50	81.21	131.21
16	SUCCESS	15	34.8	122.01	156.81
17	SUCCESS	15	49.2	123.81	173.01
18	SUCCESS	15	42.8	131.21	174.01
19	SUCCESS	15	32.4	156.81	189.21
20	SUCCESS	15	20.4	173.01	193.41

========== METRICS ==========
Completed Cloudlets      : 1000
Makespan                 : 22779.81 s
Degree of Imbalance      : 20
Average Waiting Time     : 8748.2664 s
Throughput               : 0.0439 cloudlets/s
Average VM Utilization*  : 11.3839 %

* Utilization is calculated from aggregate Cloudlet CPU time
  over the available VM time in this simplified model.
Week4_MET_TaskScheduling finished!
[INFO] ------------------------------------------------------------------------
[INFO] BUILD SUCCESS
[INFO] ------------------------------------------------------------------------
[INFO] Total time:  0.923 s
[INFO] Finished at: 2026-10-05T12:10:03+07:00
[INFO] ------------------------------------------------------------------------
