[INFO] Scanning for projects...
[INFO] 
[INFO] --------------< org.cloudbus.cloudsim:cloudsim-examples >---------------
[INFO] Building cloudsim-examples 7.0.1
[INFO]   from pom.xml
[INFO] --------------------------------[ jar ]---------------------------------
[INFO] 
[INFO] --- exec:3.6.4:java (default-cli) @ cloudsim-examples ---
Starting Week4_MET_TaskScheduling...
Initialising...
Dataset loaded: dataset/GoCJ_Dataset_900.txt

========== CONFIGURATION ==========
Datacenters : 1
Hosts       : 10 (5 Class A + 5 Class B)
VMs         : 20
Cloudlets   : 900
Algorithm   : Minimum Execution Time (MET)

VM assignment distribution:
VM 0 -> 0 cloudlets
VM 1 -> 0 cloudlets
VM 2 -> 0 cloudlets
VM 3 -> 0 cloudlets
VM 4 -> 0 cloudlets
VM 5 -> 0 cloudlets
VM 6 -> 0 cloudlets
VM 7 -> 0 cloudlets
VM 8 -> 0 cloudlets
VM 9 -> 0 cloudlets
VM 10 -> 0 cloudlets
VM 11 -> 0 cloudlets
VM 12 -> 0 cloudlets
VM 13 -> 0 cloudlets
VM 14 -> 0 cloudlets
VM 15 -> 900 cloudlets
VM 16 -> 0 cloudlets
VM 17 -> 0 cloudlets
VM 18 -> 0 cloudlets
VM 19 -> 0 cloudlets

First 20 MET assignments:
Cloudlet 0 -> VM 15
Cloudlet 1 -> VM 15
Cloudlet 2 -> VM 15
Cloudlet 3 -> VM 15
Cloudlet 4 -> VM 15
Cloudlet 5 -> VM 15
Cloudlet 6 -> VM 15
Cloudlet 7 -> VM 15
Cloudlet 8 -> VM 15
Cloudlet 9 -> VM 15
Cloudlet 10 -> VM 15
Cloudlet 11 -> VM 15
Cloudlet 12 -> VM 15
Cloudlet 13 -> VM 15
Cloudlet 14 -> VM 15
Cloudlet 15 -> VM 15
Cloudlet 16 -> VM 15
Cloudlet 17 -> VM 15
Cloudlet 18 -> VM 15
Cloudlet 19 -> VM 15
Starting CloudSim version 7.0
0.0: Datacenter_0 is starting...
0.0: MET_Broker is starting...
Entities started.
0.0: MET_Broker: Cloud Resource List received with 1 datacenter(s)
0.0: MET_Broker: Trying to Create Vm #0 in Datacenter_0
0.0: MET_Broker: Trying to Create Vm #1 in Datacenter_0
0.0: MET_Broker: Trying to Create Vm #2 in Datacenter_0
0.0: MET_Broker: Trying to Create Vm #3 in Datacenter_0
0.0: MET_Broker: Trying to Create Vm #4 in Datacenter_0
0.0: MET_Broker: Trying to Create Vm #5 in Datacenter_0
0.0: MET_Broker: Trying to Create Vm #6 in Datacenter_0
0.0: MET_Broker: Trying to Create Vm #7 in Datacenter_0
0.0: MET_Broker: Trying to Create Vm #8 in Datacenter_0
0.0: MET_Broker: Trying to Create Vm #9 in Datacenter_0
0.0: MET_Broker: Trying to Create Vm #10 in Datacenter_0
0.0: MET_Broker: Trying to Create Vm #11 in Datacenter_0
0.0: MET_Broker: Trying to Create Vm #12 in Datacenter_0
0.0: MET_Broker: Trying to Create Vm #13 in Datacenter_0
0.0: MET_Broker: Trying to Create Vm #14 in Datacenter_0
0.0: MET_Broker: Trying to Create Vm #15 in Datacenter_0
0.0: MET_Broker: Trying to Create Vm #16 in Datacenter_0
0.0: MET_Broker: Trying to Create Vm #17 in Datacenter_0
0.0: MET_Broker: Trying to Create Vm #18 in Datacenter_0
0.0: MET_Broker: Trying to Create Vm #19 in Datacenter_0
0.0: Datacenter_0.guestAllocator: Vm #0 has been allocated to Host #5
0.0: Datacenter_0.guestAllocator: Vm #1 has been allocated to Host #6
0.0: Datacenter_0.guestAllocator: Vm #2 has been allocated to Host #7
0.0: Datacenter_0.guestAllocator: Vm #3 has been allocated to Host #8
0.0: Datacenter_0.guestAllocator: Vm #4 has been allocated to Host #9
0.0: Datacenter_0.guestAllocator: Vm #5 has been allocated to Host #5
0.0: Datacenter_0.guestAllocator: Vm #6 has been allocated to Host #6
0.0: Datacenter_0.guestAllocator: Vm #7 has been allocated to Host #7
0.0: Datacenter_0.guestAllocator: Vm #8 has been allocated to Host #8
0.0: Datacenter_0.guestAllocator: Vm #9 has been allocated to Host #9
0.0: Datacenter_0.guestAllocator: Vm #10 has been allocated to Host #5
0.0: Datacenter_0.guestAllocator: Vm #11 has been allocated to Host #6
0.0: Datacenter_0.guestAllocator: Vm #12 has been allocated to Host #7
0.0: Datacenter_0.guestAllocator: Vm #13 has been allocated to Host #8
0.0: Datacenter_0.guestAllocator: Vm #14 has been allocated to Host #9
0.0: Datacenter_0.guestAllocator: Vm #15 has been allocated to Host #5
0.0: Datacenter_0.guestAllocator: Vm #16 has been allocated to Host #6
0.0: Datacenter_0.guestAllocator: Vm #17 has been allocated to Host #7
0.0: Datacenter_0.guestAllocator: Vm #18 has been allocated to Host #8
0.0: Datacenter_0.guestAllocator: Vm #19 has been allocated to Host #9
0.01: MET_Broker: Vm #0 has been created in Datacenter #2, Host #5
0.01: MET_Broker: Vm #1 has been created in Datacenter #2, Host #6
0.01: MET_Broker: Vm #2 has been created in Datacenter #2, Host #7
0.01: MET_Broker: Vm #3 has been created in Datacenter #2, Host #8
0.01: MET_Broker: Vm #4 has been created in Datacenter #2, Host #9
0.01: MET_Broker: Vm #5 has been created in Datacenter #2, Host #5
0.01: MET_Broker: Vm #6 has been created in Datacenter #2, Host #6
0.01: MET_Broker: Vm #7 has been created in Datacenter #2, Host #7
0.01: MET_Broker: Vm #8 has been created in Datacenter #2, Host #8
0.01: MET_Broker: Vm #9 has been created in Datacenter #2, Host #9
0.01: MET_Broker: Vm #10 has been created in Datacenter #2, Host #5
0.01: MET_Broker: Vm #11 has been created in Datacenter #2, Host #6
0.01: MET_Broker: Vm #12 has been created in Datacenter #2, Host #7
0.01: MET_Broker: Vm #13 has been created in Datacenter #2, Host #8
0.01: MET_Broker: Vm #14 has been created in Datacenter #2, Host #9
0.01: MET_Broker: Vm #15 has been created in Datacenter #2, Host #5
0.01: MET_Broker: Vm #16 has been created in Datacenter #2, Host #6
0.01: MET_Broker: Vm #17 has been created in Datacenter #2, Host #7
0.01: MET_Broker: Vm #18 has been created in Datacenter #2, Host #8
0.01: MET_Broker: Vm #19 has been created in Datacenter #2, Host #9
0.01: MET_Broker: Sending Cloudlet #0 to Vm #15
0.01: MET_Broker: Sending Cloudlet #1 to Vm #15
0.01: MET_Broker: Sending Cloudlet #2 to Vm #15
0.01: MET_Broker: Sending Cloudlet #3 to Vm #15
0.01: MET_Broker: Sending Cloudlet #4 to Vm #15
0.01: MET_Broker: Sending Cloudlet #5 to Vm #15
0.01: MET_Broker: Sending Cloudlet #6 to Vm #15
0.01: MET_Broker: Sending Cloudlet #7 to Vm #15
0.01: MET_Broker: Sending Cloudlet #8 to Vm #15
0.01: MET_Broker: Sending Cloudlet #9 to Vm #15
0.01: MET_Broker: Sending Cloudlet #10 to Vm #15
0.01: MET_Broker: Sending Cloudlet #11 to Vm #15
0.01: MET_Broker: Sending Cloudlet #12 to Vm #15
0.01: MET_Broker: Sending Cloudlet #13 to Vm #15
0.01: MET_Broker: Sending Cloudlet #14 to Vm #15
0.01: MET_Broker: Sending Cloudlet #15 to Vm #15
0.01: MET_Broker: Sending Cloudlet #16 to Vm #15
0.01: MET_Broker: Sending Cloudlet #17 to Vm #15
0.01: MET_Broker: Sending Cloudlet #18 to Vm #15
0.01: MET_Broker: Sending Cloudlet #19 to Vm #15
0.01: MET_Broker: Sending Cloudlet #20 to Vm #15
0.01: MET_Broker: Sending Cloudlet #21 to Vm #15
0.01: MET_Broker: Sending Cloudlet #22 to Vm #15
0.01: MET_Broker: Sending Cloudlet #23 to Vm #15
0.01: MET_Broker: Sending Cloudlet #24 to Vm #15
0.01: MET_Broker: Sending Cloudlet #25 to Vm #15
0.01: MET_Broker: Sending Cloudlet #26 to Vm #15
0.01: MET_Broker: Sending Cloudlet #27 to Vm #15
0.01: MET_Broker: Sending Cloudlet #28 to Vm #15
0.01: MET_Broker: Sending Cloudlet #29 to Vm #15
0.01: MET_Broker: Sending Cloudlet #30 to Vm #15
0.01: MET_Broker: Sending Cloudlet #31 to Vm #15
0.01: MET_Broker: Sending Cloudlet #32 to Vm #15
0.01: MET_Broker: Sending Cloudlet #33 to Vm #15
0.01: MET_Broker: Sending Cloudlet #34 to Vm #15
0.01: MET_Broker: Sending Cloudlet #35 to Vm #15
0.01: MET_Broker: Sending Cloudlet #36 to Vm #15
0.01: MET_Broker: Sending Cloudlet #37 to Vm #15
0.01: MET_Broker: Sending Cloudlet #38 to Vm #15
0.01: MET_Broker: Sending Cloudlet #39 to Vm #15
0.01: MET_Broker: Sending Cloudlet #40 to Vm #15
0.01: MET_Broker: Sending Cloudlet #41 to Vm #15
0.01: MET_Broker: Sending Cloudlet #42 to Vm #15
0.01: MET_Broker: Sending Cloudlet #43 to Vm #15
0.01: MET_Broker: Sending Cloudlet #44 to Vm #15
0.01: MET_Broker: Sending Cloudlet #45 to Vm #15
0.01: MET_Broker: Sending Cloudlet #46 to Vm #15
0.01: MET_Broker: Sending Cloudlet #47 to Vm #15
0.01: MET_Broker: Sending Cloudlet #48 to Vm #15
0.01: MET_Broker: Sending Cloudlet #49 to Vm #15
0.01: MET_Broker: Sending Cloudlet #50 to Vm #15
0.01: MET_Broker: Sending Cloudlet #51 to Vm #15
0.01: MET_Broker: Sending Cloudlet #52 to Vm #15
0.01: MET_Broker: Sending Cloudlet #53 to Vm #15
0.01: MET_Broker: Sending Cloudlet #54 to Vm #15
0.01: MET_Broker: Sending Cloudlet #55 to Vm #15
0.01: MET_Broker: Sending Cloudlet #56 to Vm #15
0.01: MET_Broker: Sending Cloudlet #57 to Vm #15
0.01: MET_Broker: Sending Cloudlet #58 to Vm #15
0.01: MET_Broker: Sending Cloudlet #59 to Vm #15
0.01: MET_Broker: Sending Cloudlet #60 to Vm #15
0.01: MET_Broker: Sending Cloudlet #61 to Vm #15
0.01: MET_Broker: Sending Cloudlet #62 to Vm #15
0.01: MET_Broker: Sending Cloudlet #63 to Vm #15
0.01: MET_Broker: Sending Cloudlet #64 to Vm #15
0.01: MET_Broker: Sending Cloudlet #65 to Vm #15
0.01: MET_Broker: Sending Cloudlet #66 to Vm #15
0.01: MET_Broker: Sending Cloudlet #67 to Vm #15
0.01: MET_Broker: Sending Cloudlet #68 to Vm #15
0.01: MET_Broker: Sending Cloudlet #69 to Vm #15
0.01: MET_Broker: Sending Cloudlet #70 to Vm #15
0.01: MET_Broker: Sending Cloudlet #71 to Vm #15
0.01: MET_Broker: Sending Cloudlet #72 to Vm #15
0.01: MET_Broker: Sending Cloudlet #73 to Vm #15
0.01: MET_Broker: Sending Cloudlet #74 to Vm #15
0.01: MET_Broker: Sending Cloudlet #75 to Vm #15
0.01: MET_Broker: Sending Cloudlet #76 to Vm #15
0.01: MET_Broker: Sending Cloudlet #77 to Vm #15
0.01: MET_Broker: Sending Cloudlet #78 to Vm #15
0.01: MET_Broker: Sending Cloudlet #79 to Vm #15
0.01: MET_Broker: Sending Cloudlet #80 to Vm #15
0.01: MET_Broker: Sending Cloudlet #81 to Vm #15
0.01: MET_Broker: Sending Cloudlet #82 to Vm #15
0.01: MET_Broker: Sending Cloudlet #83 to Vm #15
0.01: MET_Broker: Sending Cloudlet #84 to Vm #15
0.01: MET_Broker: Sending Cloudlet #85 to Vm #15
0.01: MET_Broker: Sending Cloudlet #86 to Vm #15
0.01: MET_Broker: Sending Cloudlet #87 to Vm #15
0.01: MET_Broker: Sending Cloudlet #88 to Vm #15
0.01: MET_Broker: Sending Cloudlet #89 to Vm #15
0.01: MET_Broker: Sending Cloudlet #90 to Vm #15
0.01: MET_Broker: Sending Cloudlet #91 to Vm #15
0.01: MET_Broker: Sending Cloudlet #92 to Vm #15
0.01: MET_Broker: Sending Cloudlet #93 to Vm #15
0.01: MET_Broker: Sending Cloudlet #94 to Vm #15
0.01: MET_Broker: Sending Cloudlet #95 to Vm #15
0.01: MET_Broker: Sending Cloudlet #96 to Vm #15
0.01: MET_Broker: Sending Cloudlet #97 to Vm #15
0.01: MET_Broker: Sending Cloudlet #98 to Vm #15
0.01: MET_Broker: Sending Cloudlet #99 to Vm #15
0.01: MET_Broker: Sending Cloudlet #100 to Vm #15
0.01: MET_Broker: Sending Cloudlet #101 to Vm #15
0.01: MET_Broker: Sending Cloudlet #102 to Vm #15
0.01: MET_Broker: Sending Cloudlet #103 to Vm #15
0.01: MET_Broker: Sending Cloudlet #104 to Vm #15
0.01: MET_Broker: Sending Cloudlet #105 to Vm #15
0.01: MET_Broker: Sending Cloudlet #106 to Vm #15
0.01: MET_Broker: Sending Cloudlet #107 to Vm #15
0.01: MET_Broker: Sending Cloudlet #108 to Vm #15
0.01: MET_Broker: Sending Cloudlet #109 to Vm #15
0.01: MET_Broker: Sending Cloudlet #110 to Vm #15
0.01: MET_Broker: Sending Cloudlet #111 to Vm #15
0.01: MET_Broker: Sending Cloudlet #112 to Vm #15
0.01: MET_Broker: Sending Cloudlet #113 to Vm #15
0.01: MET_Broker: Sending Cloudlet #114 to Vm #15
0.01: MET_Broker: Sending Cloudlet #115 to Vm #15
0.01: MET_Broker: Sending Cloudlet #116 to Vm #15
0.01: MET_Broker: Sending Cloudlet #117 to Vm #15
0.01: MET_Broker: Sending Cloudlet #118 to Vm #15
0.01: MET_Broker: Sending Cloudlet #119 to Vm #15
0.01: MET_Broker: Sending Cloudlet #120 to Vm #15
0.01: MET_Broker: Sending Cloudlet #121 to Vm #15
0.01: MET_Broker: Sending Cloudlet #122 to Vm #15
0.01: MET_Broker: Sending Cloudlet #123 to Vm #15
0.01: MET_Broker: Sending Cloudlet #124 to Vm #15
0.01: MET_Broker: Sending Cloudlet #125 to Vm #15
0.01: MET_Broker: Sending Cloudlet #126 to Vm #15
0.01: MET_Broker: Sending Cloudlet #127 to Vm #15
0.01: MET_Broker: Sending Cloudlet #128 to Vm #15
0.01: MET_Broker: Sending Cloudlet #129 to Vm #15
0.01: MET_Broker: Sending Cloudlet #130 to Vm #15
0.01: MET_Broker: Sending Cloudlet #131 to Vm #15
0.01: MET_Broker: Sending Cloudlet #132 to Vm #15
0.01: MET_Broker: Sending Cloudlet #133 to Vm #15
0.01: MET_Broker: Sending Cloudlet #134 to Vm #15
0.01: MET_Broker: Sending Cloudlet #135 to Vm #15
0.01: MET_Broker: Sending Cloudlet #136 to Vm #15
0.01: MET_Broker: Sending Cloudlet #137 to Vm #15
0.01: MET_Broker: Sending Cloudlet #138 to Vm #15
0.01: MET_Broker: Sending Cloudlet #139 to Vm #15
0.01: MET_Broker: Sending Cloudlet #140 to Vm #15
0.01: MET_Broker: Sending Cloudlet #141 to Vm #15
0.01: MET_Broker: Sending Cloudlet #142 to Vm #15
0.01: MET_Broker: Sending Cloudlet #143 to Vm #15
0.01: MET_Broker: Sending Cloudlet #144 to Vm #15
0.01: MET_Broker: Sending Cloudlet #145 to Vm #15
0.01: MET_Broker: Sending Cloudlet #146 to Vm #15
0.01: MET_Broker: Sending Cloudlet #147 to Vm #15
0.01: MET_Broker: Sending Cloudlet #148 to Vm #15
0.01: MET_Broker: Sending Cloudlet #149 to Vm #15
0.01: MET_Broker: Sending Cloudlet #150 to Vm #15
0.01: MET_Broker: Sending Cloudlet #151 to Vm #15
0.01: MET_Broker: Sending Cloudlet #152 to Vm #15
0.01: MET_Broker: Sending Cloudlet #153 to Vm #15
0.01: MET_Broker: Sending Cloudlet #154 to Vm #15
0.01: MET_Broker: Sending Cloudlet #155 to Vm #15
0.01: MET_Broker: Sending Cloudlet #156 to Vm #15
0.01: MET_Broker: Sending Cloudlet #157 to Vm #15
0.01: MET_Broker: Sending Cloudlet #158 to Vm #15
0.01: MET_Broker: Sending Cloudlet #159 to Vm #15
0.01: MET_Broker: Sending Cloudlet #160 to Vm #15
0.01: MET_Broker: Sending Cloudlet #161 to Vm #15
0.01: MET_Broker: Sending Cloudlet #162 to Vm #15
0.01: MET_Broker: Sending Cloudlet #163 to Vm #15
0.01: MET_Broker: Sending Cloudlet #164 to Vm #15
0.01: MET_Broker: Sending Cloudlet #165 to Vm #15
0.01: MET_Broker: Sending Cloudlet #166 to Vm #15
0.01: MET_Broker: Sending Cloudlet #167 to Vm #15
0.01: MET_Broker: Sending Cloudlet #168 to Vm #15
0.01: MET_Broker: Sending Cloudlet #169 to Vm #15
0.01: MET_Broker: Sending Cloudlet #170 to Vm #15
0.01: MET_Broker: Sending Cloudlet #171 to Vm #15
0.01: MET_Broker: Sending Cloudlet #172 to Vm #15
0.01: MET_Broker: Sending Cloudlet #173 to Vm #15
0.01: MET_Broker: Sending Cloudlet #174 to Vm #15
0.01: MET_Broker: Sending Cloudlet #175 to Vm #15
0.01: MET_Broker: Sending Cloudlet #176 to Vm #15
0.01: MET_Broker: Sending Cloudlet #177 to Vm #15
0.01: MET_Broker: Sending Cloudlet #178 to Vm #15
0.01: MET_Broker: Sending Cloudlet #179 to Vm #15
0.01: MET_Broker: Sending Cloudlet #180 to Vm #15
0.01: MET_Broker: Sending Cloudlet #181 to Vm #15
0.01: MET_Broker: Sending Cloudlet #182 to Vm #15
0.01: MET_Broker: Sending Cloudlet #183 to Vm #15
0.01: MET_Broker: Sending Cloudlet #184 to Vm #15
0.01: MET_Broker: Sending Cloudlet #185 to Vm #15
0.01: MET_Broker: Sending Cloudlet #186 to Vm #15
0.01: MET_Broker: Sending Cloudlet #187 to Vm #15
0.01: MET_Broker: Sending Cloudlet #188 to Vm #15
0.01: MET_Broker: Sending Cloudlet #189 to Vm #15
0.01: MET_Broker: Sending Cloudlet #190 to Vm #15
0.01: MET_Broker: Sending Cloudlet #191 to Vm #15
0.01: MET_Broker: Sending Cloudlet #192 to Vm #15
0.01: MET_Broker: Sending Cloudlet #193 to Vm #15
0.01: MET_Broker: Sending Cloudlet #194 to Vm #15
0.01: MET_Broker: Sending Cloudlet #195 to Vm #15
0.01: MET_Broker: Sending Cloudlet #196 to Vm #15
0.01: MET_Broker: Sending Cloudlet #197 to Vm #15
0.01: MET_Broker: Sending Cloudlet #198 to Vm #15
0.01: MET_Broker: Sending Cloudlet #199 to Vm #15
0.01: MET_Broker: Sending Cloudlet #200 to Vm #15
0.01: MET_Broker: Sending Cloudlet #201 to Vm #15
0.01: MET_Broker: Sending Cloudlet #202 to Vm #15
0.01: MET_Broker: Sending Cloudlet #203 to Vm #15
0.01: MET_Broker: Sending Cloudlet #204 to Vm #15
0.01: MET_Broker: Sending Cloudlet #205 to Vm #15
0.01: MET_Broker: Sending Cloudlet #206 to Vm #15
0.01: MET_Broker: Sending Cloudlet #207 to Vm #15
0.01: MET_Broker: Sending Cloudlet #208 to Vm #15
0.01: MET_Broker: Sending Cloudlet #209 to Vm #15
0.01: MET_Broker: Sending Cloudlet #210 to Vm #15
0.01: MET_Broker: Sending Cloudlet #211 to Vm #15
0.01: MET_Broker: Sending Cloudlet #212 to Vm #15
0.01: MET_Broker: Sending Cloudlet #213 to Vm #15
0.01: MET_Broker: Sending Cloudlet #214 to Vm #15
0.01: MET_Broker: Sending Cloudlet #215 to Vm #15
0.01: MET_Broker: Sending Cloudlet #216 to Vm #15
0.01: MET_Broker: Sending Cloudlet #217 to Vm #15
0.01: MET_Broker: Sending Cloudlet #218 to Vm #15
0.01: MET_Broker: Sending Cloudlet #219 to Vm #15
0.01: MET_Broker: Sending Cloudlet #220 to Vm #15
0.01: MET_Broker: Sending Cloudlet #221 to Vm #15
0.01: MET_Broker: Sending Cloudlet #222 to Vm #15
0.01: MET_Broker: Sending Cloudlet #223 to Vm #15
0.01: MET_Broker: Sending Cloudlet #224 to Vm #15
0.01: MET_Broker: Sending Cloudlet #225 to Vm #15
0.01: MET_Broker: Sending Cloudlet #226 to Vm #15
0.01: MET_Broker: Sending Cloudlet #227 to Vm #15
0.01: MET_Broker: Sending Cloudlet #228 to Vm #15
0.01: MET_Broker: Sending Cloudlet #229 to Vm #15
0.01: MET_Broker: Sending Cloudlet #230 to Vm #15
0.01: MET_Broker: Sending Cloudlet #231 to Vm #15
0.01: MET_Broker: Sending Cloudlet #232 to Vm #15
0.01: MET_Broker: Sending Cloudlet #233 to Vm #15
0.01: MET_Broker: Sending Cloudlet #234 to Vm #15
0.01: MET_Broker: Sending Cloudlet #235 to Vm #15
0.01: MET_Broker: Sending Cloudlet #236 to Vm #15
0.01: MET_Broker: Sending Cloudlet #237 to Vm #15
0.01: MET_Broker: Sending Cloudlet #238 to Vm #15
0.01: MET_Broker: Sending Cloudlet #239 to Vm #15
0.01: MET_Broker: Sending Cloudlet #240 to Vm #15
0.01: MET_Broker: Sending Cloudlet #241 to Vm #15
0.01: MET_Broker: Sending Cloudlet #242 to Vm #15
0.01: MET_Broker: Sending Cloudlet #243 to Vm #15
0.01: MET_Broker: Sending Cloudlet #244 to Vm #15
0.01: MET_Broker: Sending Cloudlet #245 to Vm #15
0.01: MET_Broker: Sending Cloudlet #246 to Vm #15
0.01: MET_Broker: Sending Cloudlet #247 to Vm #15
0.01: MET_Broker: Sending Cloudlet #248 to Vm #15
0.01: MET_Broker: Sending Cloudlet #249 to Vm #15
0.01: MET_Broker: Sending Cloudlet #250 to Vm #15
0.01: MET_Broker: Sending Cloudlet #251 to Vm #15
0.01: MET_Broker: Sending Cloudlet #252 to Vm #15
0.01: MET_Broker: Sending Cloudlet #253 to Vm #15
0.01: MET_Broker: Sending Cloudlet #254 to Vm #15
0.01: MET_Broker: Sending Cloudlet #255 to Vm #15
0.01: MET_Broker: Sending Cloudlet #256 to Vm #15
0.01: MET_Broker: Sending Cloudlet #257 to Vm #15
0.01: MET_Broker: Sending Cloudlet #258 to Vm #15
0.01: MET_Broker: Sending Cloudlet #259 to Vm #15
0.01: MET_Broker: Sending Cloudlet #260 to Vm #15
0.01: MET_Broker: Sending Cloudlet #261 to Vm #15
0.01: MET_Broker: Sending Cloudlet #262 to Vm #15
0.01: MET_Broker: Sending Cloudlet #263 to Vm #15
0.01: MET_Broker: Sending Cloudlet #264 to Vm #15
0.01: MET_Broker: Sending Cloudlet #265 to Vm #15
0.01: MET_Broker: Sending Cloudlet #266 to Vm #15
0.01: MET_Broker: Sending Cloudlet #267 to Vm #15
0.01: MET_Broker: Sending Cloudlet #268 to Vm #15
0.01: MET_Broker: Sending Cloudlet #269 to Vm #15
0.01: MET_Broker: Sending Cloudlet #270 to Vm #15
0.01: MET_Broker: Sending Cloudlet #271 to Vm #15
0.01: MET_Broker: Sending Cloudlet #272 to Vm #15
0.01: MET_Broker: Sending Cloudlet #273 to Vm #15
0.01: MET_Broker: Sending Cloudlet #274 to Vm #15
0.01: MET_Broker: Sending Cloudlet #275 to Vm #15
0.01: MET_Broker: Sending Cloudlet #276 to Vm #15
0.01: MET_Broker: Sending Cloudlet #277 to Vm #15
0.01: MET_Broker: Sending Cloudlet #278 to Vm #15
0.01: MET_Broker: Sending Cloudlet #279 to Vm #15
0.01: MET_Broker: Sending Cloudlet #280 to Vm #15
0.01: MET_Broker: Sending Cloudlet #281 to Vm #15
0.01: MET_Broker: Sending Cloudlet #282 to Vm #15
0.01: MET_Broker: Sending Cloudlet #283 to Vm #15
0.01: MET_Broker: Sending Cloudlet #284 to Vm #15
0.01: MET_Broker: Sending Cloudlet #285 to Vm #15
0.01: MET_Broker: Sending Cloudlet #286 to Vm #15
0.01: MET_Broker: Sending Cloudlet #287 to Vm #15
0.01: MET_Broker: Sending Cloudlet #288 to Vm #15
0.01: MET_Broker: Sending Cloudlet #289 to Vm #15
0.01: MET_Broker: Sending Cloudlet #290 to Vm #15
0.01: MET_Broker: Sending Cloudlet #291 to Vm #15
0.01: MET_Broker: Sending Cloudlet #292 to Vm #15
0.01: MET_Broker: Sending Cloudlet #293 to Vm #15
0.01: MET_Broker: Sending Cloudlet #294 to Vm #15
0.01: MET_Broker: Sending Cloudlet #295 to Vm #15
0.01: MET_Broker: Sending Cloudlet #296 to Vm #15
0.01: MET_Broker: Sending Cloudlet #297 to Vm #15
0.01: MET_Broker: Sending Cloudlet #298 to Vm #15
0.01: MET_Broker: Sending Cloudlet #299 to Vm #15
0.01: MET_Broker: Sending Cloudlet #300 to Vm #15
0.01: MET_Broker: Sending Cloudlet #301 to Vm #15
0.01: MET_Broker: Sending Cloudlet #302 to Vm #15
0.01: MET_Broker: Sending Cloudlet #303 to Vm #15
0.01: MET_Broker: Sending Cloudlet #304 to Vm #15
0.01: MET_Broker: Sending Cloudlet #305 to Vm #15
0.01: MET_Broker: Sending Cloudlet #306 to Vm #15
0.01: MET_Broker: Sending Cloudlet #307 to Vm #15
0.01: MET_Broker: Sending Cloudlet #308 to Vm #15
0.01: MET_Broker: Sending Cloudlet #309 to Vm #15
0.01: MET_Broker: Sending Cloudlet #310 to Vm #15
0.01: MET_Broker: Sending Cloudlet #311 to Vm #15
0.01: MET_Broker: Sending Cloudlet #312 to Vm #15
0.01: MET_Broker: Sending Cloudlet #313 to Vm #15
0.01: MET_Broker: Sending Cloudlet #314 to Vm #15
0.01: MET_Broker: Sending Cloudlet #315 to Vm #15
0.01: MET_Broker: Sending Cloudlet #316 to Vm #15
0.01: MET_Broker: Sending Cloudlet #317 to Vm #15
0.01: MET_Broker: Sending Cloudlet #318 to Vm #15
0.01: MET_Broker: Sending Cloudlet #319 to Vm #15
0.01: MET_Broker: Sending Cloudlet #320 to Vm #15
0.01: MET_Broker: Sending Cloudlet #321 to Vm #15
0.01: MET_Broker: Sending Cloudlet #322 to Vm #15
0.01: MET_Broker: Sending Cloudlet #323 to Vm #15
0.01: MET_Broker: Sending Cloudlet #324 to Vm #15
0.01: MET_Broker: Sending Cloudlet #325 to Vm #15
0.01: MET_Broker: Sending Cloudlet #326 to Vm #15
0.01: MET_Broker: Sending Cloudlet #327 to Vm #15
0.01: MET_Broker: Sending Cloudlet #328 to Vm #15
0.01: MET_Broker: Sending Cloudlet #329 to Vm #15
0.01: MET_Broker: Sending Cloudlet #330 to Vm #15
0.01: MET_Broker: Sending Cloudlet #331 to Vm #15
0.01: MET_Broker: Sending Cloudlet #332 to Vm #15
0.01: MET_Broker: Sending Cloudlet #333 to Vm #15
0.01: MET_Broker: Sending Cloudlet #334 to Vm #15
0.01: MET_Broker: Sending Cloudlet #335 to Vm #15
0.01: MET_Broker: Sending Cloudlet #336 to Vm #15
0.01: MET_Broker: Sending Cloudlet #337 to Vm #15
0.01: MET_Broker: Sending Cloudlet #338 to Vm #15
0.01: MET_Broker: Sending Cloudlet #339 to Vm #15
0.01: MET_Broker: Sending Cloudlet #340 to Vm #15
0.01: MET_Broker: Sending Cloudlet #341 to Vm #15
0.01: MET_Broker: Sending Cloudlet #342 to Vm #15
0.01: MET_Broker: Sending Cloudlet #343 to Vm #15
0.01: MET_Broker: Sending Cloudlet #344 to Vm #15
0.01: MET_Broker: Sending Cloudlet #345 to Vm #15
0.01: MET_Broker: Sending Cloudlet #346 to Vm #15
0.01: MET_Broker: Sending Cloudlet #347 to Vm #15
0.01: MET_Broker: Sending Cloudlet #348 to Vm #15
0.01: MET_Broker: Sending Cloudlet #349 to Vm #15
0.01: MET_Broker: Sending Cloudlet #350 to Vm #15
0.01: MET_Broker: Sending Cloudlet #351 to Vm #15
0.01: MET_Broker: Sending Cloudlet #352 to Vm #15
0.01: MET_Broker: Sending Cloudlet #353 to Vm #15
0.01: MET_Broker: Sending Cloudlet #354 to Vm #15
0.01: MET_Broker: Sending Cloudlet #355 to Vm #15
0.01: MET_Broker: Sending Cloudlet #356 to Vm #15
0.01: MET_Broker: Sending Cloudlet #357 to Vm #15
0.01: MET_Broker: Sending Cloudlet #358 to Vm #15
0.01: MET_Broker: Sending Cloudlet #359 to Vm #15
0.01: MET_Broker: Sending Cloudlet #360 to Vm #15
0.01: MET_Broker: Sending Cloudlet #361 to Vm #15
0.01: MET_Broker: Sending Cloudlet #362 to Vm #15
0.01: MET_Broker: Sending Cloudlet #363 to Vm #15
0.01: MET_Broker: Sending Cloudlet #364 to Vm #15
0.01: MET_Broker: Sending Cloudlet #365 to Vm #15
0.01: MET_Broker: Sending Cloudlet #366 to Vm #15
0.01: MET_Broker: Sending Cloudlet #367 to Vm #15
0.01: MET_Broker: Sending Cloudlet #368 to Vm #15
0.01: MET_Broker: Sending Cloudlet #369 to Vm #15
0.01: MET_Broker: Sending Cloudlet #370 to Vm #15
0.01: MET_Broker: Sending Cloudlet #371 to Vm #15
0.01: MET_Broker: Sending Cloudlet #372 to Vm #15
0.01: MET_Broker: Sending Cloudlet #373 to Vm #15
0.01: MET_Broker: Sending Cloudlet #374 to Vm #15
0.01: MET_Broker: Sending Cloudlet #375 to Vm #15
0.01: MET_Broker: Sending Cloudlet #376 to Vm #15
0.01: MET_Broker: Sending Cloudlet #377 to Vm #15
0.01: MET_Broker: Sending Cloudlet #378 to Vm #15
0.01: MET_Broker: Sending Cloudlet #379 to Vm #15
0.01: MET_Broker: Sending Cloudlet #380 to Vm #15
0.01: MET_Broker: Sending Cloudlet #381 to Vm #15
0.01: MET_Broker: Sending Cloudlet #382 to Vm #15
0.01: MET_Broker: Sending Cloudlet #383 to Vm #15
0.01: MET_Broker: Sending Cloudlet #384 to Vm #15
0.01: MET_Broker: Sending Cloudlet #385 to Vm #15
0.01: MET_Broker: Sending Cloudlet #386 to Vm #15
0.01: MET_Broker: Sending Cloudlet #387 to Vm #15
0.01: MET_Broker: Sending Cloudlet #388 to Vm #15
0.01: MET_Broker: Sending Cloudlet #389 to Vm #15
0.01: MET_Broker: Sending Cloudlet #390 to Vm #15
0.01: MET_Broker: Sending Cloudlet #391 to Vm #15
0.01: MET_Broker: Sending Cloudlet #392 to Vm #15
0.01: MET_Broker: Sending Cloudlet #393 to Vm #15
0.01: MET_Broker: Sending Cloudlet #394 to Vm #15
0.01: MET_Broker: Sending Cloudlet #395 to Vm #15
0.01: MET_Broker: Sending Cloudlet #396 to Vm #15
0.01: MET_Broker: Sending Cloudlet #397 to Vm #15
0.01: MET_Broker: Sending Cloudlet #398 to Vm #15
0.01: MET_Broker: Sending Cloudlet #399 to Vm #15
0.01: MET_Broker: Sending Cloudlet #400 to Vm #15
0.01: MET_Broker: Sending Cloudlet #401 to Vm #15
0.01: MET_Broker: Sending Cloudlet #402 to Vm #15
0.01: MET_Broker: Sending Cloudlet #403 to Vm #15
0.01: MET_Broker: Sending Cloudlet #404 to Vm #15
0.01: MET_Broker: Sending Cloudlet #405 to Vm #15
0.01: MET_Broker: Sending Cloudlet #406 to Vm #15
0.01: MET_Broker: Sending Cloudlet #407 to Vm #15
0.01: MET_Broker: Sending Cloudlet #408 to Vm #15
0.01: MET_Broker: Sending Cloudlet #409 to Vm #15
0.01: MET_Broker: Sending Cloudlet #410 to Vm #15
0.01: MET_Broker: Sending Cloudlet #411 to Vm #15
0.01: MET_Broker: Sending Cloudlet #412 to Vm #15
0.01: MET_Broker: Sending Cloudlet #413 to Vm #15
0.01: MET_Broker: Sending Cloudlet #414 to Vm #15
0.01: MET_Broker: Sending Cloudlet #415 to Vm #15
0.01: MET_Broker: Sending Cloudlet #416 to Vm #15
0.01: MET_Broker: Sending Cloudlet #417 to Vm #15
0.01: MET_Broker: Sending Cloudlet #418 to Vm #15
0.01: MET_Broker: Sending Cloudlet #419 to Vm #15
0.01: MET_Broker: Sending Cloudlet #420 to Vm #15
0.01: MET_Broker: Sending Cloudlet #421 to Vm #15
0.01: MET_Broker: Sending Cloudlet #422 to Vm #15
0.01: MET_Broker: Sending Cloudlet #423 to Vm #15
0.01: MET_Broker: Sending Cloudlet #424 to Vm #15
0.01: MET_Broker: Sending Cloudlet #425 to Vm #15
0.01: MET_Broker: Sending Cloudlet #426 to Vm #15
0.01: MET_Broker: Sending Cloudlet #427 to Vm #15
0.01: MET_Broker: Sending Cloudlet #428 to Vm #15
0.01: MET_Broker: Sending Cloudlet #429 to Vm #15
0.01: MET_Broker: Sending Cloudlet #430 to Vm #15
0.01: MET_Broker: Sending Cloudlet #431 to Vm #15
0.01: MET_Broker: Sending Cloudlet #432 to Vm #15
0.01: MET_Broker: Sending Cloudlet #433 to Vm #15
0.01: MET_Broker: Sending Cloudlet #434 to Vm #15
0.01: MET_Broker: Sending Cloudlet #435 to Vm #15
0.01: MET_Broker: Sending Cloudlet #436 to Vm #15
0.01: MET_Broker: Sending Cloudlet #437 to Vm #15
0.01: MET_Broker: Sending Cloudlet #438 to Vm #15
0.01: MET_Broker: Sending Cloudlet #439 to Vm #15
0.01: MET_Broker: Sending Cloudlet #440 to Vm #15
0.01: MET_Broker: Sending Cloudlet #441 to Vm #15
0.01: MET_Broker: Sending Cloudlet #442 to Vm #15
0.01: MET_Broker: Sending Cloudlet #443 to Vm #15
0.01: MET_Broker: Sending Cloudlet #444 to Vm #15
0.01: MET_Broker: Sending Cloudlet #445 to Vm #15
0.01: MET_Broker: Sending Cloudlet #446 to Vm #15
0.01: MET_Broker: Sending Cloudlet #447 to Vm #15
0.01: MET_Broker: Sending Cloudlet #448 to Vm #15
0.01: MET_Broker: Sending Cloudlet #449 to Vm #15
0.01: MET_Broker: Sending Cloudlet #450 to Vm #15
0.01: MET_Broker: Sending Cloudlet #451 to Vm #15
0.01: MET_Broker: Sending Cloudlet #452 to Vm #15
0.01: MET_Broker: Sending Cloudlet #453 to Vm #15
0.01: MET_Broker: Sending Cloudlet #454 to Vm #15
0.01: MET_Broker: Sending Cloudlet #455 to Vm #15
0.01: MET_Broker: Sending Cloudlet #456 to Vm #15
0.01: MET_Broker: Sending Cloudlet #457 to Vm #15
0.01: MET_Broker: Sending Cloudlet #458 to Vm #15
0.01: MET_Broker: Sending Cloudlet #459 to Vm #15
0.01: MET_Broker: Sending Cloudlet #460 to Vm #15
0.01: MET_Broker: Sending Cloudlet #461 to Vm #15
0.01: MET_Broker: Sending Cloudlet #462 to Vm #15
0.01: MET_Broker: Sending Cloudlet #463 to Vm #15
0.01: MET_Broker: Sending Cloudlet #464 to Vm #15
0.01: MET_Broker: Sending Cloudlet #465 to Vm #15
0.01: MET_Broker: Sending Cloudlet #466 to Vm #15
0.01: MET_Broker: Sending Cloudlet #467 to Vm #15
0.01: MET_Broker: Sending Cloudlet #468 to Vm #15
0.01: MET_Broker: Sending Cloudlet #469 to Vm #15
0.01: MET_Broker: Sending Cloudlet #470 to Vm #15
0.01: MET_Broker: Sending Cloudlet #471 to Vm #15
0.01: MET_Broker: Sending Cloudlet #472 to Vm #15
0.01: MET_Broker: Sending Cloudlet #473 to Vm #15
0.01: MET_Broker: Sending Cloudlet #474 to Vm #15
0.01: MET_Broker: Sending Cloudlet #475 to Vm #15
0.01: MET_Broker: Sending Cloudlet #476 to Vm #15
0.01: MET_Broker: Sending Cloudlet #477 to Vm #15
0.01: MET_Broker: Sending Cloudlet #478 to Vm #15
0.01: MET_Broker: Sending Cloudlet #479 to Vm #15
0.01: MET_Broker: Sending Cloudlet #480 to Vm #15
0.01: MET_Broker: Sending Cloudlet #481 to Vm #15
0.01: MET_Broker: Sending Cloudlet #482 to Vm #15
0.01: MET_Broker: Sending Cloudlet #483 to Vm #15
0.01: MET_Broker: Sending Cloudlet #484 to Vm #15
0.01: MET_Broker: Sending Cloudlet #485 to Vm #15
0.01: MET_Broker: Sending Cloudlet #486 to Vm #15
0.01: MET_Broker: Sending Cloudlet #487 to Vm #15
0.01: MET_Broker: Sending Cloudlet #488 to Vm #15
0.01: MET_Broker: Sending Cloudlet #489 to Vm #15
0.01: MET_Broker: Sending Cloudlet #490 to Vm #15
0.01: MET_Broker: Sending Cloudlet #491 to Vm #15
0.01: MET_Broker: Sending Cloudlet #492 to Vm #15
0.01: MET_Broker: Sending Cloudlet #493 to Vm #15
0.01: MET_Broker: Sending Cloudlet #494 to Vm #15
0.01: MET_Broker: Sending Cloudlet #495 to Vm #15
0.01: MET_Broker: Sending Cloudlet #496 to Vm #15
0.01: MET_Broker: Sending Cloudlet #497 to Vm #15
0.01: MET_Broker: Sending Cloudlet #498 to Vm #15
0.01: MET_Broker: Sending Cloudlet #499 to Vm #15
0.01: MET_Broker: Sending Cloudlet #500 to Vm #15
0.01: MET_Broker: Sending Cloudlet #501 to Vm #15
0.01: MET_Broker: Sending Cloudlet #502 to Vm #15
0.01: MET_Broker: Sending Cloudlet #503 to Vm #15
0.01: MET_Broker: Sending Cloudlet #504 to Vm #15
0.01: MET_Broker: Sending Cloudlet #505 to Vm #15
0.01: MET_Broker: Sending Cloudlet #506 to Vm #15
0.01: MET_Broker: Sending Cloudlet #507 to Vm #15
0.01: MET_Broker: Sending Cloudlet #508 to Vm #15
0.01: MET_Broker: Sending Cloudlet #509 to Vm #15
0.01: MET_Broker: Sending Cloudlet #510 to Vm #15
0.01: MET_Broker: Sending Cloudlet #511 to Vm #15
0.01: MET_Broker: Sending Cloudlet #512 to Vm #15
0.01: MET_Broker: Sending Cloudlet #513 to Vm #15
0.01: MET_Broker: Sending Cloudlet #514 to Vm #15
0.01: MET_Broker: Sending Cloudlet #515 to Vm #15
0.01: MET_Broker: Sending Cloudlet #516 to Vm #15
0.01: MET_Broker: Sending Cloudlet #517 to Vm #15
0.01: MET_Broker: Sending Cloudlet #518 to Vm #15
0.01: MET_Broker: Sending Cloudlet #519 to Vm #15
0.01: MET_Broker: Sending Cloudlet #520 to Vm #15
0.01: MET_Broker: Sending Cloudlet #521 to Vm #15
0.01: MET_Broker: Sending Cloudlet #522 to Vm #15
0.01: MET_Broker: Sending Cloudlet #523 to Vm #15
0.01: MET_Broker: Sending Cloudlet #524 to Vm #15
0.01: MET_Broker: Sending Cloudlet #525 to Vm #15
0.01: MET_Broker: Sending Cloudlet #526 to Vm #15
0.01: MET_Broker: Sending Cloudlet #527 to Vm #15
0.01: MET_Broker: Sending Cloudlet #528 to Vm #15
0.01: MET_Broker: Sending Cloudlet #529 to Vm #15
0.01: MET_Broker: Sending Cloudlet #530 to Vm #15
0.01: MET_Broker: Sending Cloudlet #531 to Vm #15
0.01: MET_Broker: Sending Cloudlet #532 to Vm #15
0.01: MET_Broker: Sending Cloudlet #533 to Vm #15
0.01: MET_Broker: Sending Cloudlet #534 to Vm #15
0.01: MET_Broker: Sending Cloudlet #535 to Vm #15
0.01: MET_Broker: Sending Cloudlet #536 to Vm #15
0.01: MET_Broker: Sending Cloudlet #537 to Vm #15
0.01: MET_Broker: Sending Cloudlet #538 to Vm #15
0.01: MET_Broker: Sending Cloudlet #539 to Vm #15
0.01: MET_Broker: Sending Cloudlet #540 to Vm #15
0.01: MET_Broker: Sending Cloudlet #541 to Vm #15
0.01: MET_Broker: Sending Cloudlet #542 to Vm #15
0.01: MET_Broker: Sending Cloudlet #543 to Vm #15
0.01: MET_Broker: Sending Cloudlet #544 to Vm #15
0.01: MET_Broker: Sending Cloudlet #545 to Vm #15
0.01: MET_Broker: Sending Cloudlet #546 to Vm #15
0.01: MET_Broker: Sending Cloudlet #547 to Vm #15
0.01: MET_Broker: Sending Cloudlet #548 to Vm #15
0.01: MET_Broker: Sending Cloudlet #549 to Vm #15
0.01: MET_Broker: Sending Cloudlet #550 to Vm #15
0.01: MET_Broker: Sending Cloudlet #551 to Vm #15
0.01: MET_Broker: Sending Cloudlet #552 to Vm #15
0.01: MET_Broker: Sending Cloudlet #553 to Vm #15
0.01: MET_Broker: Sending Cloudlet #554 to Vm #15
0.01: MET_Broker: Sending Cloudlet #555 to Vm #15
0.01: MET_Broker: Sending Cloudlet #556 to Vm #15
0.01: MET_Broker: Sending Cloudlet #557 to Vm #15
0.01: MET_Broker: Sending Cloudlet #558 to Vm #15
0.01: MET_Broker: Sending Cloudlet #559 to Vm #15
0.01: MET_Broker: Sending Cloudlet #560 to Vm #15
0.01: MET_Broker: Sending Cloudlet #561 to Vm #15
0.01: MET_Broker: Sending Cloudlet #562 to Vm #15
0.01: MET_Broker: Sending Cloudlet #563 to Vm #15
0.01: MET_Broker: Sending Cloudlet #564 to Vm #15
0.01: MET_Broker: Sending Cloudlet #565 to Vm #15
0.01: MET_Broker: Sending Cloudlet #566 to Vm #15
0.01: MET_Broker: Sending Cloudlet #567 to Vm #15
0.01: MET_Broker: Sending Cloudlet #568 to Vm #15
0.01: MET_Broker: Sending Cloudlet #569 to Vm #15
0.01: MET_Broker: Sending Cloudlet #570 to Vm #15
0.01: MET_Broker: Sending Cloudlet #571 to Vm #15
0.01: MET_Broker: Sending Cloudlet #572 to Vm #15
0.01: MET_Broker: Sending Cloudlet #573 to Vm #15
0.01: MET_Broker: Sending Cloudlet #574 to Vm #15
0.01: MET_Broker: Sending Cloudlet #575 to Vm #15
0.01: MET_Broker: Sending Cloudlet #576 to Vm #15
0.01: MET_Broker: Sending Cloudlet #577 to Vm #15
0.01: MET_Broker: Sending Cloudlet #578 to Vm #15
0.01: MET_Broker: Sending Cloudlet #579 to Vm #15
0.01: MET_Broker: Sending Cloudlet #580 to Vm #15
0.01: MET_Broker: Sending Cloudlet #581 to Vm #15
0.01: MET_Broker: Sending Cloudlet #582 to Vm #15
0.01: MET_Broker: Sending Cloudlet #583 to Vm #15
0.01: MET_Broker: Sending Cloudlet #584 to Vm #15
0.01: MET_Broker: Sending Cloudlet #585 to Vm #15
0.01: MET_Broker: Sending Cloudlet #586 to Vm #15
0.01: MET_Broker: Sending Cloudlet #587 to Vm #15
0.01: MET_Broker: Sending Cloudlet #588 to Vm #15
0.01: MET_Broker: Sending Cloudlet #589 to Vm #15
0.01: MET_Broker: Sending Cloudlet #590 to Vm #15
0.01: MET_Broker: Sending Cloudlet #591 to Vm #15
0.01: MET_Broker: Sending Cloudlet #592 to Vm #15
0.01: MET_Broker: Sending Cloudlet #593 to Vm #15
0.01: MET_Broker: Sending Cloudlet #594 to Vm #15
0.01: MET_Broker: Sending Cloudlet #595 to Vm #15
0.01: MET_Broker: Sending Cloudlet #596 to Vm #15
0.01: MET_Broker: Sending Cloudlet #597 to Vm #15
0.01: MET_Broker: Sending Cloudlet #598 to Vm #15
0.01: MET_Broker: Sending Cloudlet #599 to Vm #15
0.01: MET_Broker: Sending Cloudlet #600 to Vm #15
0.01: MET_Broker: Sending Cloudlet #601 to Vm #15
0.01: MET_Broker: Sending Cloudlet #602 to Vm #15
0.01: MET_Broker: Sending Cloudlet #603 to Vm #15
0.01: MET_Broker: Sending Cloudlet #604 to Vm #15
0.01: MET_Broker: Sending Cloudlet #605 to Vm #15
0.01: MET_Broker: Sending Cloudlet #606 to Vm #15
0.01: MET_Broker: Sending Cloudlet #607 to Vm #15
0.01: MET_Broker: Sending Cloudlet #608 to Vm #15
0.01: MET_Broker: Sending Cloudlet #609 to Vm #15
0.01: MET_Broker: Sending Cloudlet #610 to Vm #15
0.01: MET_Broker: Sending Cloudlet #611 to Vm #15
0.01: MET_Broker: Sending Cloudlet #612 to Vm #15
0.01: MET_Broker: Sending Cloudlet #613 to Vm #15
0.01: MET_Broker: Sending Cloudlet #614 to Vm #15
0.01: MET_Broker: Sending Cloudlet #615 to Vm #15
0.01: MET_Broker: Sending Cloudlet #616 to Vm #15
0.01: MET_Broker: Sending Cloudlet #617 to Vm #15
0.01: MET_Broker: Sending Cloudlet #618 to Vm #15
0.01: MET_Broker: Sending Cloudlet #619 to Vm #15
0.01: MET_Broker: Sending Cloudlet #620 to Vm #15
0.01: MET_Broker: Sending Cloudlet #621 to Vm #15
0.01: MET_Broker: Sending Cloudlet #622 to Vm #15
0.01: MET_Broker: Sending Cloudlet #623 to Vm #15
0.01: MET_Broker: Sending Cloudlet #624 to Vm #15
0.01: MET_Broker: Sending Cloudlet #625 to Vm #15
0.01: MET_Broker: Sending Cloudlet #626 to Vm #15
0.01: MET_Broker: Sending Cloudlet #627 to Vm #15
0.01: MET_Broker: Sending Cloudlet #628 to Vm #15
0.01: MET_Broker: Sending Cloudlet #629 to Vm #15
0.01: MET_Broker: Sending Cloudlet #630 to Vm #15
0.01: MET_Broker: Sending Cloudlet #631 to Vm #15
0.01: MET_Broker: Sending Cloudlet #632 to Vm #15
0.01: MET_Broker: Sending Cloudlet #633 to Vm #15
0.01: MET_Broker: Sending Cloudlet #634 to Vm #15
0.01: MET_Broker: Sending Cloudlet #635 to Vm #15
0.01: MET_Broker: Sending Cloudlet #636 to Vm #15
0.01: MET_Broker: Sending Cloudlet #637 to Vm #15
0.01: MET_Broker: Sending Cloudlet #638 to Vm #15
0.01: MET_Broker: Sending Cloudlet #639 to Vm #15
0.01: MET_Broker: Sending Cloudlet #640 to Vm #15
0.01: MET_Broker: Sending Cloudlet #641 to Vm #15
0.01: MET_Broker: Sending Cloudlet #642 to Vm #15
0.01: MET_Broker: Sending Cloudlet #643 to Vm #15
0.01: MET_Broker: Sending Cloudlet #644 to Vm #15
0.01: MET_Broker: Sending Cloudlet #645 to Vm #15
0.01: MET_Broker: Sending Cloudlet #646 to Vm #15
0.01: MET_Broker: Sending Cloudlet #647 to Vm #15
0.01: MET_Broker: Sending Cloudlet #648 to Vm #15
0.01: MET_Broker: Sending Cloudlet #649 to Vm #15
0.01: MET_Broker: Sending Cloudlet #650 to Vm #15
0.01: MET_Broker: Sending Cloudlet #651 to Vm #15
0.01: MET_Broker: Sending Cloudlet #652 to Vm #15
0.01: MET_Broker: Sending Cloudlet #653 to Vm #15
0.01: MET_Broker: Sending Cloudlet #654 to Vm #15
0.01: MET_Broker: Sending Cloudlet #655 to Vm #15
0.01: MET_Broker: Sending Cloudlet #656 to Vm #15
0.01: MET_Broker: Sending Cloudlet #657 to Vm #15
0.01: MET_Broker: Sending Cloudlet #658 to Vm #15
0.01: MET_Broker: Sending Cloudlet #659 to Vm #15
0.01: MET_Broker: Sending Cloudlet #660 to Vm #15
0.01: MET_Broker: Sending Cloudlet #661 to Vm #15
0.01: MET_Broker: Sending Cloudlet #662 to Vm #15
0.01: MET_Broker: Sending Cloudlet #663 to Vm #15
0.01: MET_Broker: Sending Cloudlet #664 to Vm #15
0.01: MET_Broker: Sending Cloudlet #665 to Vm #15
0.01: MET_Broker: Sending Cloudlet #666 to Vm #15
0.01: MET_Broker: Sending Cloudlet #667 to Vm #15
0.01: MET_Broker: Sending Cloudlet #668 to Vm #15
0.01: MET_Broker: Sending Cloudlet #669 to Vm #15
0.01: MET_Broker: Sending Cloudlet #670 to Vm #15
0.01: MET_Broker: Sending Cloudlet #671 to Vm #15
0.01: MET_Broker: Sending Cloudlet #672 to Vm #15
0.01: MET_Broker: Sending Cloudlet #673 to Vm #15
0.01: MET_Broker: Sending Cloudlet #674 to Vm #15
0.01: MET_Broker: Sending Cloudlet #675 to Vm #15
0.01: MET_Broker: Sending Cloudlet #676 to Vm #15
0.01: MET_Broker: Sending Cloudlet #677 to Vm #15
0.01: MET_Broker: Sending Cloudlet #678 to Vm #15
0.01: MET_Broker: Sending Cloudlet #679 to Vm #15
0.01: MET_Broker: Sending Cloudlet #680 to Vm #15
0.01: MET_Broker: Sending Cloudlet #681 to Vm #15
0.01: MET_Broker: Sending Cloudlet #682 to Vm #15
0.01: MET_Broker: Sending Cloudlet #683 to Vm #15
0.01: MET_Broker: Sending Cloudlet #684 to Vm #15
0.01: MET_Broker: Sending Cloudlet #685 to Vm #15
0.01: MET_Broker: Sending Cloudlet #686 to Vm #15
0.01: MET_Broker: Sending Cloudlet #687 to Vm #15
0.01: MET_Broker: Sending Cloudlet #688 to Vm #15
0.01: MET_Broker: Sending Cloudlet #689 to Vm #15
0.01: MET_Broker: Sending Cloudlet #690 to Vm #15
0.01: MET_Broker: Sending Cloudlet #691 to Vm #15
0.01: MET_Broker: Sending Cloudlet #692 to Vm #15
0.01: MET_Broker: Sending Cloudlet #693 to Vm #15
0.01: MET_Broker: Sending Cloudlet #694 to Vm #15
0.01: MET_Broker: Sending Cloudlet #695 to Vm #15
0.01: MET_Broker: Sending Cloudlet #696 to Vm #15
0.01: MET_Broker: Sending Cloudlet #697 to Vm #15
0.01: MET_Broker: Sending Cloudlet #698 to Vm #15
0.01: MET_Broker: Sending Cloudlet #699 to Vm #15
0.01: MET_Broker: Sending Cloudlet #700 to Vm #15
0.01: MET_Broker: Sending Cloudlet #701 to Vm #15
0.01: MET_Broker: Sending Cloudlet #702 to Vm #15
0.01: MET_Broker: Sending Cloudlet #703 to Vm #15
0.01: MET_Broker: Sending Cloudlet #704 to Vm #15
0.01: MET_Broker: Sending Cloudlet #705 to Vm #15
0.01: MET_Broker: Sending Cloudlet #706 to Vm #15
0.01: MET_Broker: Sending Cloudlet #707 to Vm #15
0.01: MET_Broker: Sending Cloudlet #708 to Vm #15
0.01: MET_Broker: Sending Cloudlet #709 to Vm #15
0.01: MET_Broker: Sending Cloudlet #710 to Vm #15
0.01: MET_Broker: Sending Cloudlet #711 to Vm #15
0.01: MET_Broker: Sending Cloudlet #712 to Vm #15
0.01: MET_Broker: Sending Cloudlet #713 to Vm #15
0.01: MET_Broker: Sending Cloudlet #714 to Vm #15
0.01: MET_Broker: Sending Cloudlet #715 to Vm #15
0.01: MET_Broker: Sending Cloudlet #716 to Vm #15
0.01: MET_Broker: Sending Cloudlet #717 to Vm #15
0.01: MET_Broker: Sending Cloudlet #718 to Vm #15
0.01: MET_Broker: Sending Cloudlet #719 to Vm #15
0.01: MET_Broker: Sending Cloudlet #720 to Vm #15
0.01: MET_Broker: Sending Cloudlet #721 to Vm #15
0.01: MET_Broker: Sending Cloudlet #722 to Vm #15
0.01: MET_Broker: Sending Cloudlet #723 to Vm #15
0.01: MET_Broker: Sending Cloudlet #724 to Vm #15
0.01: MET_Broker: Sending Cloudlet #725 to Vm #15
0.01: MET_Broker: Sending Cloudlet #726 to Vm #15
0.01: MET_Broker: Sending Cloudlet #727 to Vm #15
0.01: MET_Broker: Sending Cloudlet #728 to Vm #15
0.01: MET_Broker: Sending Cloudlet #729 to Vm #15
0.01: MET_Broker: Sending Cloudlet #730 to Vm #15
0.01: MET_Broker: Sending Cloudlet #731 to Vm #15
0.01: MET_Broker: Sending Cloudlet #732 to Vm #15
0.01: MET_Broker: Sending Cloudlet #733 to Vm #15
0.01: MET_Broker: Sending Cloudlet #734 to Vm #15
0.01: MET_Broker: Sending Cloudlet #735 to Vm #15
0.01: MET_Broker: Sending Cloudlet #736 to Vm #15
0.01: MET_Broker: Sending Cloudlet #737 to Vm #15
0.01: MET_Broker: Sending Cloudlet #738 to Vm #15
0.01: MET_Broker: Sending Cloudlet #739 to Vm #15
0.01: MET_Broker: Sending Cloudlet #740 to Vm #15
0.01: MET_Broker: Sending Cloudlet #741 to Vm #15
0.01: MET_Broker: Sending Cloudlet #742 to Vm #15
0.01: MET_Broker: Sending Cloudlet #743 to Vm #15
0.01: MET_Broker: Sending Cloudlet #744 to Vm #15
0.01: MET_Broker: Sending Cloudlet #745 to Vm #15
0.01: MET_Broker: Sending Cloudlet #746 to Vm #15
0.01: MET_Broker: Sending Cloudlet #747 to Vm #15
0.01: MET_Broker: Sending Cloudlet #748 to Vm #15
0.01: MET_Broker: Sending Cloudlet #749 to Vm #15
0.01: MET_Broker: Sending Cloudlet #750 to Vm #15
0.01: MET_Broker: Sending Cloudlet #751 to Vm #15
0.01: MET_Broker: Sending Cloudlet #752 to Vm #15
0.01: MET_Broker: Sending Cloudlet #753 to Vm #15
0.01: MET_Broker: Sending Cloudlet #754 to Vm #15
0.01: MET_Broker: Sending Cloudlet #755 to Vm #15
0.01: MET_Broker: Sending Cloudlet #756 to Vm #15
0.01: MET_Broker: Sending Cloudlet #757 to Vm #15
0.01: MET_Broker: Sending Cloudlet #758 to Vm #15
0.01: MET_Broker: Sending Cloudlet #759 to Vm #15
0.01: MET_Broker: Sending Cloudlet #760 to Vm #15
0.01: MET_Broker: Sending Cloudlet #761 to Vm #15
0.01: MET_Broker: Sending Cloudlet #762 to Vm #15
0.01: MET_Broker: Sending Cloudlet #763 to Vm #15
0.01: MET_Broker: Sending Cloudlet #764 to Vm #15
0.01: MET_Broker: Sending Cloudlet #765 to Vm #15
0.01: MET_Broker: Sending Cloudlet #766 to Vm #15
0.01: MET_Broker: Sending Cloudlet #767 to Vm #15
0.01: MET_Broker: Sending Cloudlet #768 to Vm #15
0.01: MET_Broker: Sending Cloudlet #769 to Vm #15
0.01: MET_Broker: Sending Cloudlet #770 to Vm #15
0.01: MET_Broker: Sending Cloudlet #771 to Vm #15
0.01: MET_Broker: Sending Cloudlet #772 to Vm #15
0.01: MET_Broker: Sending Cloudlet #773 to Vm #15
0.01: MET_Broker: Sending Cloudlet #774 to Vm #15
0.01: MET_Broker: Sending Cloudlet #775 to Vm #15
0.01: MET_Broker: Sending Cloudlet #776 to Vm #15
0.01: MET_Broker: Sending Cloudlet #777 to Vm #15
0.01: MET_Broker: Sending Cloudlet #778 to Vm #15
0.01: MET_Broker: Sending Cloudlet #779 to Vm #15
0.01: MET_Broker: Sending Cloudlet #780 to Vm #15
0.01: MET_Broker: Sending Cloudlet #781 to Vm #15
0.01: MET_Broker: Sending Cloudlet #782 to Vm #15
0.01: MET_Broker: Sending Cloudlet #783 to Vm #15
0.01: MET_Broker: Sending Cloudlet #784 to Vm #15
0.01: MET_Broker: Sending Cloudlet #785 to Vm #15
0.01: MET_Broker: Sending Cloudlet #786 to Vm #15
0.01: MET_Broker: Sending Cloudlet #787 to Vm #15
0.01: MET_Broker: Sending Cloudlet #788 to Vm #15
0.01: MET_Broker: Sending Cloudlet #789 to Vm #15
0.01: MET_Broker: Sending Cloudlet #790 to Vm #15
0.01: MET_Broker: Sending Cloudlet #791 to Vm #15
0.01: MET_Broker: Sending Cloudlet #792 to Vm #15
0.01: MET_Broker: Sending Cloudlet #793 to Vm #15
0.01: MET_Broker: Sending Cloudlet #794 to Vm #15
0.01: MET_Broker: Sending Cloudlet #795 to Vm #15
0.01: MET_Broker: Sending Cloudlet #796 to Vm #15
0.01: MET_Broker: Sending Cloudlet #797 to Vm #15
0.01: MET_Broker: Sending Cloudlet #798 to Vm #15
0.01: MET_Broker: Sending Cloudlet #799 to Vm #15
0.01: MET_Broker: Sending Cloudlet #800 to Vm #15
0.01: MET_Broker: Sending Cloudlet #801 to Vm #15
0.01: MET_Broker: Sending Cloudlet #802 to Vm #15
0.01: MET_Broker: Sending Cloudlet #803 to Vm #15
0.01: MET_Broker: Sending Cloudlet #804 to Vm #15
0.01: MET_Broker: Sending Cloudlet #805 to Vm #15
0.01: MET_Broker: Sending Cloudlet #806 to Vm #15
0.01: MET_Broker: Sending Cloudlet #807 to Vm #15
0.01: MET_Broker: Sending Cloudlet #808 to Vm #15
0.01: MET_Broker: Sending Cloudlet #809 to Vm #15
0.01: MET_Broker: Sending Cloudlet #810 to Vm #15
0.01: MET_Broker: Sending Cloudlet #811 to Vm #15
0.01: MET_Broker: Sending Cloudlet #812 to Vm #15
0.01: MET_Broker: Sending Cloudlet #813 to Vm #15
0.01: MET_Broker: Sending Cloudlet #814 to Vm #15
0.01: MET_Broker: Sending Cloudlet #815 to Vm #15
0.01: MET_Broker: Sending Cloudlet #816 to Vm #15
0.01: MET_Broker: Sending Cloudlet #817 to Vm #15
0.01: MET_Broker: Sending Cloudlet #818 to Vm #15
0.01: MET_Broker: Sending Cloudlet #819 to Vm #15
0.01: MET_Broker: Sending Cloudlet #820 to Vm #15
0.01: MET_Broker: Sending Cloudlet #821 to Vm #15
0.01: MET_Broker: Sending Cloudlet #822 to Vm #15
0.01: MET_Broker: Sending Cloudlet #823 to Vm #15
0.01: MET_Broker: Sending Cloudlet #824 to Vm #15
0.01: MET_Broker: Sending Cloudlet #825 to Vm #15
0.01: MET_Broker: Sending Cloudlet #826 to Vm #15
0.01: MET_Broker: Sending Cloudlet #827 to Vm #15
0.01: MET_Broker: Sending Cloudlet #828 to Vm #15
0.01: MET_Broker: Sending Cloudlet #829 to Vm #15
0.01: MET_Broker: Sending Cloudlet #830 to Vm #15
0.01: MET_Broker: Sending Cloudlet #831 to Vm #15
0.01: MET_Broker: Sending Cloudlet #832 to Vm #15
0.01: MET_Broker: Sending Cloudlet #833 to Vm #15
0.01: MET_Broker: Sending Cloudlet #834 to Vm #15
0.01: MET_Broker: Sending Cloudlet #835 to Vm #15
0.01: MET_Broker: Sending Cloudlet #836 to Vm #15
0.01: MET_Broker: Sending Cloudlet #837 to Vm #15
0.01: MET_Broker: Sending Cloudlet #838 to Vm #15
0.01: MET_Broker: Sending Cloudlet #839 to Vm #15
0.01: MET_Broker: Sending Cloudlet #840 to Vm #15
0.01: MET_Broker: Sending Cloudlet #841 to Vm #15
0.01: MET_Broker: Sending Cloudlet #842 to Vm #15
0.01: MET_Broker: Sending Cloudlet #843 to Vm #15
0.01: MET_Broker: Sending Cloudlet #844 to Vm #15
0.01: MET_Broker: Sending Cloudlet #845 to Vm #15
0.01: MET_Broker: Sending Cloudlet #846 to Vm #15
0.01: MET_Broker: Sending Cloudlet #847 to Vm #15
0.01: MET_Broker: Sending Cloudlet #848 to Vm #15
0.01: MET_Broker: Sending Cloudlet #849 to Vm #15
0.01: MET_Broker: Sending Cloudlet #850 to Vm #15
0.01: MET_Broker: Sending Cloudlet #851 to Vm #15
0.01: MET_Broker: Sending Cloudlet #852 to Vm #15
0.01: MET_Broker: Sending Cloudlet #853 to Vm #15
0.01: MET_Broker: Sending Cloudlet #854 to Vm #15
0.01: MET_Broker: Sending Cloudlet #855 to Vm #15
0.01: MET_Broker: Sending Cloudlet #856 to Vm #15
0.01: MET_Broker: Sending Cloudlet #857 to Vm #15
0.01: MET_Broker: Sending Cloudlet #858 to Vm #15
0.01: MET_Broker: Sending Cloudlet #859 to Vm #15
0.01: MET_Broker: Sending Cloudlet #860 to Vm #15
0.01: MET_Broker: Sending Cloudlet #861 to Vm #15
0.01: MET_Broker: Sending Cloudlet #862 to Vm #15
0.01: MET_Broker: Sending Cloudlet #863 to Vm #15
0.01: MET_Broker: Sending Cloudlet #864 to Vm #15
0.01: MET_Broker: Sending Cloudlet #865 to Vm #15
0.01: MET_Broker: Sending Cloudlet #866 to Vm #15
0.01: MET_Broker: Sending Cloudlet #867 to Vm #15
0.01: MET_Broker: Sending Cloudlet #868 to Vm #15
0.01: MET_Broker: Sending Cloudlet #869 to Vm #15
0.01: MET_Broker: Sending Cloudlet #870 to Vm #15
0.01: MET_Broker: Sending Cloudlet #871 to Vm #15
0.01: MET_Broker: Sending Cloudlet #872 to Vm #15
0.01: MET_Broker: Sending Cloudlet #873 to Vm #15
0.01: MET_Broker: Sending Cloudlet #874 to Vm #15
0.01: MET_Broker: Sending Cloudlet #875 to Vm #15
0.01: MET_Broker: Sending Cloudlet #876 to Vm #15
0.01: MET_Broker: Sending Cloudlet #877 to Vm #15
0.01: MET_Broker: Sending Cloudlet #878 to Vm #15
0.01: MET_Broker: Sending Cloudlet #879 to Vm #15
0.01: MET_Broker: Sending Cloudlet #880 to Vm #15
0.01: MET_Broker: Sending Cloudlet #881 to Vm #15
0.01: MET_Broker: Sending Cloudlet #882 to Vm #15
0.01: MET_Broker: Sending Cloudlet #883 to Vm #15
0.01: MET_Broker: Sending Cloudlet #884 to Vm #15
0.01: MET_Broker: Sending Cloudlet #885 to Vm #15
0.01: MET_Broker: Sending Cloudlet #886 to Vm #15
0.01: MET_Broker: Sending Cloudlet #887 to Vm #15
0.01: MET_Broker: Sending Cloudlet #888 to Vm #15
0.01: MET_Broker: Sending Cloudlet #889 to Vm #15
0.01: MET_Broker: Sending Cloudlet #890 to Vm #15
0.01: MET_Broker: Sending Cloudlet #891 to Vm #15
0.01: MET_Broker: Sending Cloudlet #892 to Vm #15
0.01: MET_Broker: Sending Cloudlet #893 to Vm #15
0.01: MET_Broker: Sending Cloudlet #894 to Vm #15
0.01: MET_Broker: Sending Cloudlet #895 to Vm #15
0.01: MET_Broker: Sending Cloudlet #896 to Vm #15
0.01: MET_Broker: Sending Cloudlet #897 to Vm #15
0.01: MET_Broker: Sending Cloudlet #898 to Vm #15
0.01: MET_Broker: Sending Cloudlet #899 to Vm #15
16.01: MET_Broker: Cloudlet #1 return received
16.01: MET_Broker: The number of finished Cloudlets is:1
35.61: MET_Broker: Cloudlet #4 return received
35.61: MET_Broker: The number of finished Cloudlets is:2
38.809999999999995: MET_Broker: Cloudlet #2 return received
38.809999999999995: MET_Broker: The number of finished Cloudlets is:3
40.41: MET_Broker: Cloudlet #3 return received
40.41: MET_Broker: The number of finished Cloudlets is:4
50.01: MET_Broker: Cloudlet #0 return received
50.01: MET_Broker: The number of finished Cloudlets is:5
65.61: MET_Broker: Cloudlet #7 return received
65.61: MET_Broker: The number of finished Cloudlets is:6
72.81: MET_Broker: Cloudlet #6 return received
72.81: MET_Broker: The number of finished Cloudlets is:7
81.61: MET_Broker: Cloudlet #8 return received
81.61: MET_Broker: The number of finished Cloudlets is:8
83.21: MET_Broker: Cloudlet #5 return received
83.21: MET_Broker: The number of finished Cloudlets is:9
87.61: MET_Broker: Cloudlet #9 return received
87.61: MET_Broker: The number of finished Cloudlets is:10
105.21000000000001: MET_Broker: Cloudlet #11 return received
105.21000000000001: MET_Broker: The number of finished Cloudlets is:11
108.01: MET_Broker: Cloudlet #13 return received
108.01: MET_Broker: The number of finished Cloudlets is:12
111.61: MET_Broker: Cloudlet #10 return received
111.61: MET_Broker: The number of finished Cloudlets is:13
137.21: MET_Broker: Cloudlet #12 return received
137.21: MET_Broker: The number of finished Cloudlets is:14
140.81: MET_Broker: Cloudlet #16 return received
140.81: MET_Broker: The number of finished Cloudlets is:15
162.01: MET_Broker: Cloudlet #15 return received
162.01: MET_Broker: The number of finished Cloudlets is:16
185.60999999999999: MET_Broker: Cloudlet #17 return received
185.60999999999999: MET_Broker: The number of finished Cloudlets is:17
211.20999999999998: MET_Broker: Cloudlet #19 return received
211.20999999999998: MET_Broker: The number of finished Cloudlets is:18
226.01: MET_Broker: Cloudlet #20 return received
226.01: MET_Broker: The number of finished Cloudlets is:19
232.41: MET_Broker: Cloudlet #21 return received
232.41: MET_Broker: The number of finished Cloudlets is:20
250.41: MET_Broker: Cloudlet #22 return received
250.41: MET_Broker: The number of finished Cloudlets is:21
263.21: MET_Broker: Cloudlet #23 return received
263.21: MET_Broker: The number of finished Cloudlets is:22
288.40999999999997: MET_Broker: Cloudlet #25 return received
288.40999999999997: MET_Broker: The number of finished Cloudlets is:23
295.60999999999996: MET_Broker: Cloudlet #24 return received
295.60999999999996: MET_Broker: The number of finished Cloudlets is:24
326.40999999999997: MET_Broker: Cloudlet #27 return received
326.40999999999997: MET_Broker: The number of finished Cloudlets is:25
329.60999999999996: MET_Broker: Cloudlet #26 return received
329.60999999999996: MET_Broker: The number of finished Cloudlets is:26
347.60999999999996: MET_Broker: Cloudlet #28 return received
347.60999999999996: MET_Broker: The number of finished Cloudlets is:27
350.80999999999995: MET_Broker: Cloudlet #18 return received
350.80999999999995: MET_Broker: The number of finished Cloudlets is:28
351.60999999999996: MET_Broker: Cloudlet #29 return received
351.60999999999996: MET_Broker: The number of finished Cloudlets is:29
390.40999999999997: MET_Broker: Cloudlet #30 return received
390.40999999999997: MET_Broker: The number of finished Cloudlets is:30
391.21: MET_Broker: Cloudlet #31 return received
391.21: MET_Broker: The number of finished Cloudlets is:31
405.60999999999996: MET_Broker: Cloudlet #32 return received
405.60999999999996: MET_Broker: The number of finished Cloudlets is:32
431.60999999999996: MET_Broker: Cloudlet #34 return received
431.60999999999996: MET_Broker: The number of finished Cloudlets is:33
464.80999999999995: MET_Broker: Cloudlet #36 return received
464.80999999999995: MET_Broker: The number of finished Cloudlets is:34
465.2099999999999: MET_Broker: Cloudlet #14 return received
465.2099999999999: MET_Broker: The number of finished Cloudlets is:35
488.4099999999999: MET_Broker: Cloudlet #37 return received
488.4099999999999: MET_Broker: The number of finished Cloudlets is:36
498.4099999999999: MET_Broker: Cloudlet #38 return received
498.4099999999999: MET_Broker: The number of finished Cloudlets is:37
530.0099999999999: MET_Broker: Cloudlet #40 return received
530.0099999999999: MET_Broker: The number of finished Cloudlets is:38
532.0099999999999: MET_Broker: Cloudlet #39 return received
532.0099999999999: MET_Broker: The number of finished Cloudlets is:39
549.6099999999999: MET_Broker: Cloudlet #41 return received
549.6099999999999: MET_Broker: The number of finished Cloudlets is:40
554.0099999999999: MET_Broker: Cloudlet #42 return received
554.0099999999999: MET_Broker: The number of finished Cloudlets is:41
565.0099999999999: MET_Broker: Cloudlet #44 return received
565.0099999999999: MET_Broker: The number of finished Cloudlets is:42
581.2099999999999: MET_Broker: Cloudlet #43 return received
581.2099999999999: MET_Broker: The number of finished Cloudlets is:43
599.0099999999999: MET_Broker: Cloudlet #45 return received
599.0099999999999: MET_Broker: The number of finished Cloudlets is:44
615.6099999999999: MET_Broker: Cloudlet #35 return received
615.6099999999999: MET_Broker: The number of finished Cloudlets is:45
616.0099999999999: MET_Broker: Cloudlet #46 return received
616.0099999999999: MET_Broker: The number of finished Cloudlets is:46
631.4099999999999: MET_Broker: Cloudlet #47 return received
631.4099999999999: MET_Broker: The number of finished Cloudlets is:47
639.2099999999998: MET_Broker: Cloudlet #48 return received
639.2099999999998: MET_Broker: The number of finished Cloudlets is:48
670.0099999999998: MET_Broker: Cloudlet #49 return received
670.0099999999998: MET_Broker: The number of finished Cloudlets is:49
672.4099999999997: MET_Broker: Cloudlet #51 return received
672.4099999999997: MET_Broker: The number of finished Cloudlets is:50
681.4099999999997: MET_Broker: Cloudlet #50 return received
681.4099999999997: MET_Broker: The number of finished Cloudlets is:51
696.8099999999997: MET_Broker: Cloudlet #53 return received
696.8099999999997: MET_Broker: The number of finished Cloudlets is:52
699.2099999999997: MET_Broker: Cloudlet #52 return received
699.2099999999997: MET_Broker: The number of finished Cloudlets is:53
701.0099999999996: MET_Broker: Cloudlet #54 return received
701.0099999999996: MET_Broker: The number of finished Cloudlets is:54
723.0099999999996: MET_Broker: Cloudlet #57 return received
723.0099999999996: MET_Broker: The number of finished Cloudlets is:55
727.6099999999997: MET_Broker: Cloudlet #56 return received
727.6099999999997: MET_Broker: The number of finished Cloudlets is:56
746.8099999999997: MET_Broker: Cloudlet #55 return received
746.8099999999997: MET_Broker: The number of finished Cloudlets is:57
750.4099999999997: MET_Broker: Cloudlet #33 return received
750.4099999999997: MET_Broker: The number of finished Cloudlets is:58
760.0099999999998: MET_Broker: Cloudlet #59 return received
760.0099999999998: MET_Broker: The number of finished Cloudlets is:59
780.8099999999997: MET_Broker: Cloudlet #60 return received
780.8099999999997: MET_Broker: The number of finished Cloudlets is:60
783.0099999999998: MET_Broker: Cloudlet #58 return received
783.0099999999998: MET_Broker: The number of finished Cloudlets is:61
788.4099999999997: MET_Broker: Cloudlet #61 return received
788.4099999999997: MET_Broker: The number of finished Cloudlets is:62
809.2099999999997: MET_Broker: Cloudlet #62 return received
809.2099999999997: MET_Broker: The number of finished Cloudlets is:63
809.8099999999997: MET_Broker: Cloudlet #64 return received
809.8099999999997: MET_Broker: The number of finished Cloudlets is:64
820.2099999999997: MET_Broker: Cloudlet #66 return received
820.2099999999997: MET_Broker: The number of finished Cloudlets is:65
831.0099999999996: MET_Broker: Cloudlet #67 return received
831.0099999999996: MET_Broker: The number of finished Cloudlets is:66
832.8099999999996: MET_Broker: Cloudlet #65 return received
832.8099999999996: MET_Broker: The number of finished Cloudlets is:67
838.8099999999996: MET_Broker: Cloudlet #70 return received
838.8099999999996: MET_Broker: The number of finished Cloudlets is:68
865.0099999999996: MET_Broker: Cloudlet #69 return received
865.0099999999996: MET_Broker: The number of finished Cloudlets is:69
870.2099999999997: MET_Broker: Cloudlet #68 return received
870.2099999999997: MET_Broker: The number of finished Cloudlets is:70
889.6099999999997: MET_Broker: Cloudlet #71 return received
889.6099999999997: MET_Broker: The number of finished Cloudlets is:71
925.0099999999996: MET_Broker: Cloudlet #72 return received
925.0099999999996: MET_Broker: The number of finished Cloudlets is:72
928.4099999999996: MET_Broker: Cloudlet #74 return received
928.4099999999996: MET_Broker: The number of finished Cloudlets is:73
959.0099999999996: MET_Broker: Cloudlet #75 return received
959.0099999999996: MET_Broker: The number of finished Cloudlets is:74
978.6099999999997: MET_Broker: Cloudlet #77 return received
978.6099999999997: MET_Broker: The number of finished Cloudlets is:75
982.4099999999996: MET_Broker: Cloudlet #76 return received
982.4099999999996: MET_Broker: The number of finished Cloudlets is:76
1007.6099999999997: MET_Broker: Cloudlet #79 return received
1007.6099999999997: MET_Broker: The number of finished Cloudlets is:77
1007.8099999999997: MET_Broker: Cloudlet #78 return received
1007.8099999999997: MET_Broker: The number of finished Cloudlets is:78
1036.8099999999997: MET_Broker: Cloudlet #80 return received
1036.8099999999997: MET_Broker: The number of finished Cloudlets is:79
1061.8099999999997: MET_Broker: Cloudlet #81 return received
1061.8099999999997: MET_Broker: The number of finished Cloudlets is:80
1065.8099999999997: MET_Broker: Cloudlet #63 return received
1065.8099999999997: MET_Broker: The number of finished Cloudlets is:81
1070.8099999999997: MET_Broker: Cloudlet #82 return received
1070.8099999999997: MET_Broker: The number of finished Cloudlets is:82
1081.4099999999996: MET_Broker: Cloudlet #83 return received
1081.4099999999996: MET_Broker: The number of finished Cloudlets is:83
1113.6099999999997: MET_Broker: Cloudlet #85 return received
1113.6099999999997: MET_Broker: The number of finished Cloudlets is:84
1114.6099999999997: MET_Broker: Cloudlet #86 return received
1114.6099999999997: MET_Broker: The number of finished Cloudlets is:85
1124.6099999999997: MET_Broker: Cloudlet #87 return received
1124.6099999999997: MET_Broker: The number of finished Cloudlets is:86
1160.6099999999997: MET_Broker: Cloudlet #88 return received
1160.6099999999997: MET_Broker: The number of finished Cloudlets is:87
1174.6099999999997: MET_Broker: Cloudlet #89 return received
1174.6099999999997: MET_Broker: The number of finished Cloudlets is:88
1206.6099999999997: MET_Broker: Cloudlet #90 return received
1206.6099999999997: MET_Broker: The number of finished Cloudlets is:89
1210.2099999999996: MET_Broker: Cloudlet #91 return received
1210.2099999999996: MET_Broker: The number of finished Cloudlets is:90
1230.2099999999996: MET_Broker: Cloudlet #73 return received
1230.2099999999996: MET_Broker: The number of finished Cloudlets is:91
1230.2099999999996: MET_Broker: Cloudlet #92 return received
1230.2099999999996: MET_Broker: The number of finished Cloudlets is:92
1258.6099999999997: MET_Broker: Cloudlet #93 return received
1258.6099999999997: MET_Broker: The number of finished Cloudlets is:93
1281.8099999999997: MET_Broker: Cloudlet #94 return received
1281.8099999999997: MET_Broker: The number of finished Cloudlets is:94
1303.8099999999997: MET_Broker: Cloudlet #95 return received
1303.8099999999997: MET_Broker: The number of finished Cloudlets is:95
1323.0099999999998: MET_Broker: Cloudlet #96 return received
1323.0099999999998: MET_Broker: The number of finished Cloudlets is:96
1354.6099999999997: MET_Broker: Cloudlet #98 return received
1354.6099999999997: MET_Broker: The number of finished Cloudlets is:97
1355.4099999999996: MET_Broker: Cloudlet #97 return received
1355.4099999999996: MET_Broker: The number of finished Cloudlets is:98
1366.4099999999996: MET_Broker: Cloudlet #100 return received
1366.4099999999996: MET_Broker: The number of finished Cloudlets is:99
1413.2099999999996: MET_Broker: Cloudlet #101 return received
1413.2099999999996: MET_Broker: The number of finished Cloudlets is:100
1425.8099999999995: MET_Broker: Cloudlet #84 return received
1425.8099999999995: MET_Broker: The number of finished Cloudlets is:101
1458.2099999999996: MET_Broker: Cloudlet #103 return received
1458.2099999999996: MET_Broker: The number of finished Cloudlets is:102
1473.2099999999996: MET_Broker: Cloudlet #102 return received
1473.2099999999996: MET_Broker: The number of finished Cloudlets is:103
1494.6099999999997: MET_Broker: Cloudlet #104 return received
1494.6099999999997: MET_Broker: The number of finished Cloudlets is:104
1521.6099999999997: MET_Broker: Cloudlet #105 return received
1521.6099999999997: MET_Broker: The number of finished Cloudlets is:105
1548.6099999999997: MET_Broker: Cloudlet #106 return received
1548.6099999999997: MET_Broker: The number of finished Cloudlets is:106
1550.0099999999998: MET_Broker: Cloudlet #107 return received
1550.0099999999998: MET_Broker: The number of finished Cloudlets is:107
1575.4099999999999: MET_Broker: Cloudlet #108 return received
1575.4099999999999: MET_Broker: The number of finished Cloudlets is:108
1578.4099999999999: MET_Broker: Cloudlet #109 return received
1578.4099999999999: MET_Broker: The number of finished Cloudlets is:109
1602.2099999999998: MET_Broker: Cloudlet #110 return received
1602.2099999999998: MET_Broker: The number of finished Cloudlets is:110
1613.2099999999998: MET_Broker: Cloudlet #111 return received
1613.2099999999998: MET_Broker: The number of finished Cloudlets is:111
1639.61: MET_Broker: Cloudlet #99 return received
1639.61: MET_Broker: The number of finished Cloudlets is:112
1641.81: MET_Broker: Cloudlet #112 return received
1641.81: MET_Broker: The number of finished Cloudlets is:113
1658.4099999999999: MET_Broker: Cloudlet #113 return received
1658.4099999999999: MET_Broker: The number of finished Cloudlets is:114
1668.81: MET_Broker: Cloudlet #114 return received
1668.81: MET_Broker: The number of finished Cloudlets is:115
1679.81: MET_Broker: Cloudlet #115 return received
1679.81: MET_Broker: The number of finished Cloudlets is:116
1698.01: MET_Broker: Cloudlet #116 return received
1698.01: MET_Broker: The number of finished Cloudlets is:117
1703.61: MET_Broker: Cloudlet #117 return received
1703.61: MET_Broker: The number of finished Cloudlets is:118
1714.61: MET_Broker: Cloudlet #118 return received
1714.61: MET_Broker: The number of finished Cloudlets is:119
1730.4099999999999: MET_Broker: Cloudlet #119 return received
1730.4099999999999: MET_Broker: The number of finished Cloudlets is:120
1732.0099999999998: MET_Broker: Cloudlet #120 return received
1732.0099999999998: MET_Broker: The number of finished Cloudlets is:121
1748.4099999999999: MET_Broker: Cloudlet #122 return received
1748.4099999999999: MET_Broker: The number of finished Cloudlets is:122
1752.61: MET_Broker: Cloudlet #121 return received
1752.61: MET_Broker: The number of finished Cloudlets is:123
1757.2099999999998: MET_Broker: Cloudlet #123 return received
1757.2099999999998: MET_Broker: The number of finished Cloudlets is:124
1773.61: MET_Broker: Cloudlet #124 return received
1773.61: MET_Broker: The number of finished Cloudlets is:125
1792.81: MET_Broker: Cloudlet #126 return received
1792.81: MET_Broker: The number of finished Cloudlets is:126
1798.81: MET_Broker: Cloudlet #127 return received
1798.81: MET_Broker: The number of finished Cloudlets is:127
1798.81: MET_Broker: Cloudlet #128 return received
1798.81: MET_Broker: The number of finished Cloudlets is:128
1799.4099999999999: MET_Broker: Cloudlet #125 return received
1799.4099999999999: MET_Broker: The number of finished Cloudlets is:129
1819.81: MET_Broker: Cloudlet #130 return received
1819.81: MET_Broker: The number of finished Cloudlets is:130
1832.81: MET_Broker: Cloudlet #129 return received
1832.81: MET_Broker: The number of finished Cloudlets is:131
1853.81: MET_Broker: Cloudlet #131 return received
1853.81: MET_Broker: The number of finished Cloudlets is:132
1854.01: MET_Broker: Cloudlet #132 return received
1854.01: MET_Broker: The number of finished Cloudlets is:133
1871.81: MET_Broker: Cloudlet #133 return received
1871.81: MET_Broker: The number of finished Cloudlets is:134
1900.21: MET_Broker: Cloudlet #135 return received
1900.21: MET_Broker: The number of finished Cloudlets is:135
1904.01: MET_Broker: Cloudlet #134 return received
1904.01: MET_Broker: The number of finished Cloudlets is:136
1919.01: MET_Broker: Cloudlet #136 return received
1919.01: MET_Broker: The number of finished Cloudlets is:137
1936.41: MET_Broker: Cloudlet #137 return received
1936.41: MET_Broker: The number of finished Cloudlets is:138
1944.21: MET_Broker: Cloudlet #138 return received
1944.21: MET_Broker: The number of finished Cloudlets is:139
1975.21: MET_Broker: Cloudlet #139 return received
1975.21: MET_Broker: The number of finished Cloudlets is:140
1985.41: MET_Broker: Cloudlet #140 return received
1985.41: MET_Broker: The number of finished Cloudlets is:141
2014.01: MET_Broker: Cloudlet #141 return received
2014.01: MET_Broker: The number of finished Cloudlets is:142
2029.01: MET_Broker: Cloudlet #142 return received
2029.01: MET_Broker: The number of finished Cloudlets is:143
2046.41: MET_Broker: Cloudlet #143 return received
2046.41: MET_Broker: The number of finished Cloudlets is:144
2063.01: MET_Broker: Cloudlet #144 return received
2063.01: MET_Broker: The number of finished Cloudlets is:145
2078.01: MET_Broker: Cloudlet #145 return received
2078.01: MET_Broker: The number of finished Cloudlets is:146
2109.8100000000004: MET_Broker: Cloudlet #146 return received
2109.8100000000004: MET_Broker: The number of finished Cloudlets is:147
2119.2100000000005: MET_Broker: Cloudlet #147 return received
2119.2100000000005: MET_Broker: The number of finished Cloudlets is:148
2138.8100000000004: MET_Broker: Cloudlet #149 return received
2138.8100000000004: MET_Broker: The number of finished Cloudlets is:149
2150.2100000000005: MET_Broker: Cloudlet #148 return received
2150.2100000000005: MET_Broker: The number of finished Cloudlets is:150
2172.8100000000004: MET_Broker: Cloudlet #150 return received
2172.8100000000004: MET_Broker: The number of finished Cloudlets is:151
2190.6100000000006: MET_Broker: Cloudlet #151 return received
2190.6100000000006: MET_Broker: The number of finished Cloudlets is:152
2191.6100000000006: MET_Broker: Cloudlet #152 return received
2191.6100000000006: MET_Broker: The number of finished Cloudlets is:153
2202.6100000000006: MET_Broker: Cloudlet #154 return received
2202.6100000000006: MET_Broker: The number of finished Cloudlets is:154
2217.4100000000008: MET_Broker: Cloudlet #153 return received
2217.4100000000008: MET_Broker: The number of finished Cloudlets is:155
2234.210000000001: MET_Broker: Cloudlet #155 return received
2234.210000000001: MET_Broker: The number of finished Cloudlets is:156
2264.210000000001: MET_Broker: Cloudlet #157 return received
2264.210000000001: MET_Broker: The number of finished Cloudlets is:157
2269.010000000001: MET_Broker: Cloudlet #156 return received
2269.010000000001: MET_Broker: The number of finished Cloudlets is:158
2307.8100000000013: MET_Broker: Cloudlet #158 return received
2307.8100000000013: MET_Broker: The number of finished Cloudlets is:159
2310.2100000000014: MET_Broker: Cloudlet #159 return received
2310.2100000000014: MET_Broker: The number of finished Cloudlets is:160
2341.8100000000013: MET_Broker: Cloudlet #161 return received
2341.8100000000013: MET_Broker: The number of finished Cloudlets is:161
2386.2100000000014: MET_Broker: Cloudlet #162 return received
2386.2100000000014: MET_Broker: The number of finished Cloudlets is:162
2435.410000000001: MET_Broker: Cloudlet #163 return received
2435.410000000001: MET_Broker: The number of finished Cloudlets is:163
2467.8100000000013: MET_Broker: Cloudlet #164 return received
2467.8100000000013: MET_Broker: The number of finished Cloudlets is:164
2509.010000000001: MET_Broker: Cloudlet #165 return received
2509.010000000001: MET_Broker: The number of finished Cloudlets is:165
2538.210000000001: MET_Broker: Cloudlet #166 return received
2538.210000000001: MET_Broker: The number of finished Cloudlets is:166
2569.810000000001: MET_Broker: Cloudlet #167 return received
2569.810000000001: MET_Broker: The number of finished Cloudlets is:167
2629.810000000001: MET_Broker: Cloudlet #168 return received
2629.810000000001: MET_Broker: The number of finished Cloudlets is:168
2667.810000000001: MET_Broker: Cloudlet #160 return received
2667.810000000001: MET_Broker: The number of finished Cloudlets is:169
2689.810000000001: MET_Broker: Cloudlet #169 return received
2689.810000000001: MET_Broker: The number of finished Cloudlets is:170
2704.210000000001: MET_Broker: Cloudlet #170 return received
2704.210000000001: MET_Broker: The number of finished Cloudlets is:171
2735.810000000001: MET_Broker: Cloudlet #172 return received
2735.810000000001: MET_Broker: The number of finished Cloudlets is:172
2751.810000000001: MET_Broker: Cloudlet #173 return received
2751.810000000001: MET_Broker: The number of finished Cloudlets is:173
2776.210000000001: MET_Broker: Cloudlet #174 return received
2776.210000000001: MET_Broker: The number of finished Cloudlets is:174
2787.210000000001: MET_Broker: Cloudlet #175 return received
2787.210000000001: MET_Broker: The number of finished Cloudlets is:175
2818.010000000001: MET_Broker: Cloudlet #176 return received
2818.010000000001: MET_Broker: The number of finished Cloudlets is:176
2824.8100000000013: MET_Broker: Cloudlet #171 return received
2824.8100000000013: MET_Broker: The number of finished Cloudlets is:177
2848.410000000001: MET_Broker: Cloudlet #178 return received
2848.410000000001: MET_Broker: The number of finished Cloudlets is:178
2863.2100000000014: MET_Broker: Cloudlet #177 return received
2863.2100000000014: MET_Broker: The number of finished Cloudlets is:179
2902.0100000000016: MET_Broker: Cloudlet #180 return received
2902.0100000000016: MET_Broker: The number of finished Cloudlets is:180
2952.0100000000016: MET_Broker: Cloudlet #181 return received
2952.0100000000016: MET_Broker: The number of finished Cloudlets is:181
2958.0100000000016: MET_Broker: Cloudlet #182 return received
2958.0100000000016: MET_Broker: The number of finished Cloudlets is:182
3005.6100000000015: MET_Broker: Cloudlet #183 return received
3005.6100000000015: MET_Broker: The number of finished Cloudlets is:183
3049.2100000000014: MET_Broker: Cloudlet #184 return received
3049.2100000000014: MET_Broker: The number of finished Cloudlets is:184
3058.410000000001: MET_Broker: Cloudlet #179 return received
3058.410000000001: MET_Broker: The number of finished Cloudlets is:185
3085.610000000001: MET_Broker: Cloudlet #185 return received
3085.610000000001: MET_Broker: The number of finished Cloudlets is:186
3095.610000000001: MET_Broker: Cloudlet #186 return received
3095.610000000001: MET_Broker: The number of finished Cloudlets is:187
3129.610000000001: MET_Broker: Cloudlet #188 return received
3129.610000000001: MET_Broker: The number of finished Cloudlets is:188
3131.610000000001: MET_Broker: Cloudlet #187 return received
3131.610000000001: MET_Broker: The number of finished Cloudlets is:189
3179.210000000001: MET_Broker: Cloudlet #190 return received
3179.210000000001: MET_Broker: The number of finished Cloudlets is:190
3179.610000000001: MET_Broker: Cloudlet #189 return received
3179.610000000001: MET_Broker: The number of finished Cloudlets is:191
3205.210000000001: MET_Broker: Cloudlet #191 return received
3205.210000000001: MET_Broker: The number of finished Cloudlets is:192
3217.610000000001: MET_Broker: Cloudlet #192 return received
3217.610000000001: MET_Broker: The number of finished Cloudlets is:193
3246.810000000001: MET_Broker: Cloudlet #194 return received
3246.810000000001: MET_Broker: The number of finished Cloudlets is:194
3250.4100000000008: MET_Broker: Cloudlet #193 return received
3250.4100000000008: MET_Broker: The number of finished Cloudlets is:195
3267.210000000001: MET_Broker: Cloudlet #195 return received
3267.210000000001: MET_Broker: The number of finished Cloudlets is:196
3290.810000000001: MET_Broker: Cloudlet #196 return received
3290.810000000001: MET_Broker: The number of finished Cloudlets is:197
3308.4100000000008: MET_Broker: Cloudlet #197 return received
3308.4100000000008: MET_Broker: The number of finished Cloudlets is:198
3317.6100000000006: MET_Broker: Cloudlet #198 return received
3317.6100000000006: MET_Broker: The number of finished Cloudlets is:199
3335.6100000000006: MET_Broker: Cloudlet #200 return received
3335.6100000000006: MET_Broker: The number of finished Cloudlets is:200
3360.8100000000004: MET_Broker: Cloudlet #201 return received
3360.8100000000004: MET_Broker: The number of finished Cloudlets is:201
3382.8100000000004: MET_Broker: Cloudlet #202 return received
3382.8100000000004: MET_Broker: The number of finished Cloudlets is:202
3427.2100000000005: MET_Broker: Cloudlet #203 return received
3427.2100000000005: MET_Broker: The number of finished Cloudlets is:203
3446.0100000000007: MET_Broker: Cloudlet #204 return received
3446.0100000000007: MET_Broker: The number of finished Cloudlets is:204
3496.0100000000007: MET_Broker: Cloudlet #205 return received
3496.0100000000007: MET_Broker: The number of finished Cloudlets is:205
3518.4100000000008: MET_Broker: Cloudlet #199 return received
3518.4100000000008: MET_Broker: The number of finished Cloudlets is:206
3520.4100000000008: MET_Broker: Cloudlet #206 return received
3520.4100000000008: MET_Broker: The number of finished Cloudlets is:207
3568.810000000001: MET_Broker: Cloudlet #208 return received
3568.810000000001: MET_Broker: The number of finished Cloudlets is:208
3578.4100000000008: MET_Broker: Cloudlet #207 return received
3578.4100000000008: MET_Broker: The number of finished Cloudlets is:209
3602.810000000001: MET_Broker: Cloudlet #209 return received
3602.810000000001: MET_Broker: The number of finished Cloudlets is:210
3610.0100000000007: MET_Broker: Cloudlet #210 return received
3610.0100000000007: MET_Broker: The number of finished Cloudlets is:211
3635.2100000000005: MET_Broker: Cloudlet #211 return received
3635.2100000000005: MET_Broker: The number of finished Cloudlets is:212
3653.6100000000006: MET_Broker: Cloudlet #212 return received
3653.6100000000006: MET_Broker: The number of finished Cloudlets is:213
3668.4100000000008: MET_Broker: Cloudlet #213 return received
3668.4100000000008: MET_Broker: The number of finished Cloudlets is:214
3699.6100000000006: MET_Broker: Cloudlet #214 return received
3699.6100000000006: MET_Broker: The number of finished Cloudlets is:215
3834.6100000000006: MET_Broker: Cloudlet #216 return received
3834.6100000000006: MET_Broker: The number of finished Cloudlets is:216
3840.6100000000006: MET_Broker: Cloudlet #217 return received
3840.6100000000006: MET_Broker: The number of finished Cloudlets is:217
3873.0100000000007: MET_Broker: Cloudlet #218 return received
3873.0100000000007: MET_Broker: The number of finished Cloudlets is:218
3953.4100000000008: MET_Broker: Cloudlet #215 return received
3953.4100000000008: MET_Broker: The number of finished Cloudlets is:219
3999.4100000000008: MET_Broker: Cloudlet #220 return received
3999.4100000000008: MET_Broker: The number of finished Cloudlets is:220
4044.6100000000006: MET_Broker: Cloudlet #221 return received
4044.6100000000006: MET_Broker: The number of finished Cloudlets is:221
4050.6100000000006: MET_Broker: Cloudlet #222 return received
4050.6100000000006: MET_Broker: The number of finished Cloudlets is:222
4069.4100000000008: MET_Broker: Cloudlet #223 return received
4069.4100000000008: MET_Broker: The number of finished Cloudlets is:223
4120.210000000001: MET_Broker: Cloudlet #224 return received
4120.210000000001: MET_Broker: The number of finished Cloudlets is:224
4170.210000000001: MET_Broker: Cloudlet #225 return received
4170.210000000001: MET_Broker: The number of finished Cloudlets is:225
4204.210000000001: MET_Broker: Cloudlet #226 return received
4204.210000000001: MET_Broker: The number of finished Cloudlets is:226
4233.010000000001: MET_Broker: Cloudlet #219 return received
4233.010000000001: MET_Broker: The number of finished Cloudlets is:227
4239.010000000001: MET_Broker: Cloudlet #227 return received
4239.010000000001: MET_Broker: The number of finished Cloudlets is:228
4269.810000000001: MET_Broker: Cloudlet #229 return received
4269.810000000001: MET_Broker: The number of finished Cloudlets is:229
4281.410000000002: MET_Broker: Cloudlet #228 return received
4281.410000000002: MET_Broker: The number of finished Cloudlets is:230
4299.010000000002: MET_Broker: Cloudlet #230 return received
4299.010000000002: MET_Broker: The number of finished Cloudlets is:231
4301.810000000002: MET_Broker: Cloudlet #231 return received
4301.810000000002: MET_Broker: The number of finished Cloudlets is:232
4326.210000000002: MET_Broker: Cloudlet #233 return received
4326.210000000002: MET_Broker: The number of finished Cloudlets is:233
4333.010000000002: MET_Broker: Cloudlet #232 return received
4333.010000000002: MET_Broker: The number of finished Cloudlets is:234
4369.810000000002: MET_Broker: Cloudlet #234 return received
4369.810000000002: MET_Broker: The number of finished Cloudlets is:235
4376.610000000002: MET_Broker: Cloudlet #235 return received
4376.610000000002: MET_Broker: The number of finished Cloudlets is:236
4394.210000000003: MET_Broker: Cloudlet #236 return received
4394.210000000003: MET_Broker: The number of finished Cloudlets is:237
4405.010000000003: MET_Broker: Cloudlet #237 return received
4405.010000000003: MET_Broker: The number of finished Cloudlets is:238
4429.410000000003: MET_Broker: Cloudlet #239 return received
4429.410000000003: MET_Broker: The number of finished Cloudlets is:239
4445.010000000003: MET_Broker: Cloudlet #238 return received
4445.010000000003: MET_Broker: The number of finished Cloudlets is:240
4463.410000000003: MET_Broker: Cloudlet #240 return received
4463.410000000003: MET_Broker: The number of finished Cloudlets is:241
4497.410000000003: MET_Broker: Cloudlet #242 return received
4497.410000000003: MET_Broker: The number of finished Cloudlets is:242
4541.810000000002: MET_Broker: Cloudlet #243 return received
4541.810000000002: MET_Broker: The number of finished Cloudlets is:243
4575.810000000002: MET_Broker: Cloudlet #244 return received
4575.810000000002: MET_Broker: The number of finished Cloudlets is:244
4580.010000000002: MET_Broker: Cloudlet #241 return received
4580.010000000002: MET_Broker: The number of finished Cloudlets is:245
4598.010000000002: MET_Broker: Cloudlet #246 return received
4598.010000000002: MET_Broker: The number of finished Cloudlets is:246
4609.010000000002: MET_Broker: Cloudlet #245 return received
4609.010000000002: MET_Broker: The number of finished Cloudlets is:247
4634.410000000002: MET_Broker: Cloudlet #247 return received
4634.410000000002: MET_Broker: The number of finished Cloudlets is:248
4654.210000000002: MET_Broker: Cloudlet #248 return received
4654.210000000002: MET_Broker: The number of finished Cloudlets is:249
4664.410000000002: MET_Broker: Cloudlet #249 return received
4664.410000000002: MET_Broker: The number of finished Cloudlets is:250
4702.6100000000015: MET_Broker: Cloudlet #250 return received
4702.6100000000015: MET_Broker: The number of finished Cloudlets is:251
4715.210000000002: MET_Broker: Cloudlet #251 return received
4715.210000000002: MET_Broker: The number of finished Cloudlets is:252
4718.6100000000015: MET_Broker: Cloudlet #252 return received
4718.6100000000015: MET_Broker: The number of finished Cloudlets is:253
4735.6100000000015: MET_Broker: Cloudlet #253 return received
4735.6100000000015: MET_Broker: The number of finished Cloudlets is:254
4759.210000000002: MET_Broker: Cloudlet #255 return received
4759.210000000002: MET_Broker: The number of finished Cloudlets is:255
4765.210000000002: MET_Broker: Cloudlet #256 return received
4765.210000000002: MET_Broker: The number of finished Cloudlets is:256
4807.210000000002: MET_Broker: Cloudlet #257 return received
4807.210000000002: MET_Broker: The number of finished Cloudlets is:257
4835.6100000000015: MET_Broker: Cloudlet #258 return received
4835.6100000000015: MET_Broker: The number of finished Cloudlets is:258
4853.6100000000015: MET_Broker: Cloudlet #254 return received
4853.6100000000015: MET_Broker: The number of finished Cloudlets is:259
4856.810000000001: MET_Broker: Cloudlet #259 return received
4856.810000000001: MET_Broker: The number of finished Cloudlets is:260
4894.810000000001: MET_Broker: Cloudlet #260 return received
4894.810000000001: MET_Broker: The number of finished Cloudlets is:261
4902.810000000001: MET_Broker: Cloudlet #261 return received
4902.810000000001: MET_Broker: The number of finished Cloudlets is:262
4908.810000000001: MET_Broker: Cloudlet #263 return received
4908.810000000001: MET_Broker: The number of finished Cloudlets is:263
4929.6100000000015: MET_Broker: Cloudlet #262 return received
4929.6100000000015: MET_Broker: The number of finished Cloudlets is:264
4938.810000000001: MET_Broker: Cloudlet #264 return received
4938.810000000001: MET_Broker: The number of finished Cloudlets is:265
4949.210000000001: MET_Broker: Cloudlet #265 return received
4949.210000000001: MET_Broker: The number of finished Cloudlets is:266
4957.610000000001: MET_Broker: Cloudlet #266 return received
4957.610000000001: MET_Broker: The number of finished Cloudlets is:267
4975.610000000001: MET_Broker: Cloudlet #268 return received
4975.610000000001: MET_Broker: The number of finished Cloudlets is:268
4992.01: MET_Broker: Cloudlet #267 return received
4992.01: MET_Broker: The number of finished Cloudlets is:269
5008.81: MET_Broker: Cloudlet #269 return received
5008.81: MET_Broker: The number of finished Cloudlets is:270
5052.01: MET_Broker: Cloudlet #270 return received
5052.01: MET_Broker: The number of finished Cloudlets is:271
5059.610000000001: MET_Broker: Cloudlet #271 return received
5059.610000000001: MET_Broker: The number of finished Cloudlets is:272
5077.610000000001: MET_Broker: Cloudlet #273 return received
5077.610000000001: MET_Broker: The number of finished Cloudlets is:273
5090.01: MET_Broker: Cloudlet #272 return received
5090.01: MET_Broker: The number of finished Cloudlets is:274
5096.01: MET_Broker: Cloudlet #275 return received
5096.01: MET_Broker: The number of finished Cloudlets is:275
5108.41: MET_Broker: Cloudlet #274 return received
5108.41: MET_Broker: The number of finished Cloudlets is:276
5117.21: MET_Broker: Cloudlet #276 return received
5117.21: MET_Broker: The number of finished Cloudlets is:277
5119.41: MET_Broker: Cloudlet #277 return received
5119.41: MET_Broker: The number of finished Cloudlets is:278
5137.41: MET_Broker: Cloudlet #279 return received
5137.41: MET_Broker: The number of finished Cloudlets is:279
5139.21: MET_Broker: Cloudlet #278 return received
5139.21: MET_Broker: The number of finished Cloudlets is:280
5181.81: MET_Broker: Cloudlet #280 return received
5181.81: MET_Broker: The number of finished Cloudlets is:281
5199.21: MET_Broker: Cloudlet #281 return received
5199.21: MET_Broker: The number of finished Cloudlets is:282
5208.61: MET_Broker: Cloudlet #282 return received
5208.61: MET_Broker: The number of finished Cloudlets is:283
5238.8099999999995: MET_Broker: Cloudlet #283 return received
5238.8099999999995: MET_Broker: The number of finished Cloudlets is:284
5239.41: MET_Broker: Cloudlet #284 return received
5239.41: MET_Broker: The number of finished Cloudlets is:285
5282.21: MET_Broker: Cloudlet #286 return received
5282.21: MET_Broker: The number of finished Cloudlets is:286
5288.01: MET_Broker: Cloudlet #285 return received
5288.01: MET_Broker: The number of finished Cloudlets is:287
5318.81: MET_Broker: Cloudlet #288 return received
5318.81: MET_Broker: The number of finished Cloudlets is:288
5354.410000000001: MET_Broker: Cloudlet #289 return received
5354.410000000001: MET_Broker: The number of finished Cloudlets is:289
5417.210000000001: MET_Broker: Cloudlet #287 return received
5417.210000000001: MET_Broker: The number of finished Cloudlets is:290
5459.210000000001: MET_Broker: Cloudlet #291 return received
5459.210000000001: MET_Broker: The number of finished Cloudlets is:291
5505.210000000001: MET_Broker: Cloudlet #292 return received
5505.210000000001: MET_Broker: The number of finished Cloudlets is:292
5547.210000000001: MET_Broker: Cloudlet #293 return received
5547.210000000001: MET_Broker: The number of finished Cloudlets is:293
5601.210000000001: MET_Broker: Cloudlet #294 return received
5601.210000000001: MET_Broker: The number of finished Cloudlets is:294
5622.410000000001: MET_Broker: Cloudlet #295 return received
5622.410000000001: MET_Broker: The number of finished Cloudlets is:295
5639.410000000001: MET_Broker: Cloudlet #290 return received
5639.410000000001: MET_Broker: The number of finished Cloudlets is:296
5666.010000000001: MET_Broker: Cloudlet #296 return received
5666.010000000001: MET_Broker: The number of finished Cloudlets is:297
5687.010000000001: MET_Broker: Cloudlet #297 return received
5687.010000000001: MET_Broker: The number of finished Cloudlets is:298
5700.810000000001: MET_Broker: Cloudlet #298 return received
5700.810000000001: MET_Broker: The number of finished Cloudlets is:299
5729.810000000001: MET_Broker: Cloudlet #299 return received
5729.810000000001: MET_Broker: The number of finished Cloudlets is:300
5760.6100000000015: MET_Broker: Cloudlet #301 return received
5760.6100000000015: MET_Broker: The number of finished Cloudlets is:301
5793.810000000001: MET_Broker: Cloudlet #302 return received
5793.810000000001: MET_Broker: The number of finished Cloudlets is:302
5840.6100000000015: MET_Broker: Cloudlet #303 return received
5840.6100000000015: MET_Broker: The number of finished Cloudlets is:303
5890.6100000000015: MET_Broker: Cloudlet #304 return received
5890.6100000000015: MET_Broker: The number of finished Cloudlets is:304
5910.810000000001: MET_Broker: Cloudlet #300 return received
5910.810000000001: MET_Broker: The number of finished Cloudlets is:305
5914.210000000001: MET_Broker: Cloudlet #305 return received
5914.210000000001: MET_Broker: The number of finished Cloudlets is:306
5930.410000000001: MET_Broker: Cloudlet #306 return received
5930.410000000001: MET_Broker: The number of finished Cloudlets is:307
5961.210000000001: MET_Broker: Cloudlet #308 return received
5961.210000000001: MET_Broker: The number of finished Cloudlets is:308
5961.810000000001: MET_Broker: Cloudlet #307 return received
5961.810000000001: MET_Broker: The number of finished Cloudlets is:309
5983.010000000001: MET_Broker: Cloudlet #310 return received
5983.010000000001: MET_Broker: The number of finished Cloudlets is:310
6006.410000000001: MET_Broker: Cloudlet #309 return received
6006.410000000001: MET_Broker: The number of finished Cloudlets is:311
6025.210000000001: MET_Broker: Cloudlet #312 return received
6025.210000000001: MET_Broker: The number of finished Cloudlets is:312
6033.810000000001: MET_Broker: Cloudlet #311 return received
6033.810000000001: MET_Broker: The number of finished Cloudlets is:313
6059.010000000001: MET_Broker: Cloudlet #314 return received
6059.010000000001: MET_Broker: The number of finished Cloudlets is:314
6070.010000000001: MET_Broker: Cloudlet #315 return received
6070.010000000001: MET_Broker: The number of finished Cloudlets is:315
6076.810000000001: MET_Broker: Cloudlet #313 return received
6076.810000000001: MET_Broker: The number of finished Cloudlets is:316
6092.810000000001: MET_Broker: Cloudlet #317 return received
6092.810000000001: MET_Broker: The number of finished Cloudlets is:317
6103.810000000001: MET_Broker: Cloudlet #318 return received
6103.810000000001: MET_Broker: The number of finished Cloudlets is:318
6110.410000000002: MET_Broker: Cloudlet #316 return received
6110.410000000002: MET_Broker: The number of finished Cloudlets is:319
6129.210000000002: MET_Broker: Cloudlet #320 return received
6129.210000000002: MET_Broker: The number of finished Cloudlets is:320
6140.210000000002: MET_Broker: Cloudlet #319 return received
6140.210000000002: MET_Broker: The number of finished Cloudlets is:321
6162.410000000002: MET_Broker: Cloudlet #321 return received
6162.410000000002: MET_Broker: The number of finished Cloudlets is:322
6171.010000000002: MET_Broker: Cloudlet #322 return received
6171.010000000002: MET_Broker: The number of finished Cloudlets is:323
6192.210000000002: MET_Broker: Cloudlet #324 return received
6192.210000000002: MET_Broker: The number of finished Cloudlets is:324
6213.210000000002: MET_Broker: Cloudlet #323 return received
6213.210000000002: MET_Broker: The number of finished Cloudlets is:325
6217.410000000002: MET_Broker: Cloudlet #325 return received
6217.410000000002: MET_Broker: The number of finished Cloudlets is:326
6256.210000000002: MET_Broker: Cloudlet #327 return received
6256.210000000002: MET_Broker: The number of finished Cloudlets is:327
6264.810000000002: MET_Broker: Cloudlet #326 return received
6264.810000000002: MET_Broker: The number of finished Cloudlets is:328
6287.010000000002: MET_Broker: Cloudlet #328 return received
6287.010000000002: MET_Broker: The number of finished Cloudlets is:329
6298.010000000002: MET_Broker: Cloudlet #329 return received
6298.010000000002: MET_Broker: The number of finished Cloudlets is:330
6324.810000000002: MET_Broker: Cloudlet #331 return received
6324.810000000002: MET_Broker: The number of finished Cloudlets is:331
6325.810000000002: MET_Broker: Cloudlet #330 return received
6325.810000000002: MET_Broker: The number of finished Cloudlets is:332
6331.810000000002: MET_Broker: Cloudlet #333 return received
6331.810000000002: MET_Broker: The number of finished Cloudlets is:333
6350.610000000002: MET_Broker: Cloudlet #334 return received
6350.610000000002: MET_Broker: The number of finished Cloudlets is:334
6374.810000000002: MET_Broker: Cloudlet #332 return received
6374.810000000002: MET_Broker: The number of finished Cloudlets is:335
6400.610000000002: MET_Broker: Cloudlet #335 return received
6400.610000000002: MET_Broker: The number of finished Cloudlets is:336
6421.610000000002: MET_Broker: Cloudlet #336 return received
6421.610000000002: MET_Broker: The number of finished Cloudlets is:337
6434.610000000002: MET_Broker: Cloudlet #337 return received
6434.610000000002: MET_Broker: The number of finished Cloudlets is:338
6445.610000000002: MET_Broker: Cloudlet #339 return received
6445.610000000002: MET_Broker: The number of finished Cloudlets is:339
6463.610000000002: MET_Broker: Cloudlet #338 return received
6463.610000000002: MET_Broker: The number of finished Cloudlets is:340
6673.610000000002: MET_Broker: Cloudlet #341 return received
6673.610000000002: MET_Broker: The number of finished Cloudlets is:341
6805.610000000002: MET_Broker: Cloudlet #340 return received
6805.610000000002: MET_Broker: The number of finished Cloudlets is:342
6808.610000000002: MET_Broker: Cloudlet #342 return received
6808.610000000002: MET_Broker: The number of finished Cloudlets is:343
6833.810000000002: MET_Broker: Cloudlet #344 return received
6833.810000000002: MET_Broker: The number of finished Cloudlets is:344
6851.810000000002: MET_Broker: Cloudlet #345 return received
6851.810000000002: MET_Broker: The number of finished Cloudlets is:345
6869.810000000002: MET_Broker: Cloudlet #346 return received
6869.810000000002: MET_Broker: The number of finished Cloudlets is:346
6903.810000000002: MET_Broker: Cloudlet #347 return received
6903.810000000002: MET_Broker: The number of finished Cloudlets is:347
6950.610000000002: MET_Broker: Cloudlet #348 return received
6950.610000000002: MET_Broker: The number of finished Cloudlets is:348
6979.810000000002: MET_Broker: Cloudlet #349 return received
6979.810000000002: MET_Broker: The number of finished Cloudlets is:349
7018.610000000002: MET_Broker: Cloudlet #350 return received
7018.610000000002: MET_Broker: The number of finished Cloudlets is:350
7072.610000000002: MET_Broker: Cloudlet #351 return received
7072.610000000002: MET_Broker: The number of finished Cloudlets is:351
7090.610000000002: MET_Broker: Cloudlet #343 return received
7090.610000000002: MET_Broker: The number of finished Cloudlets is:352
7116.210000000003: MET_Broker: Cloudlet #352 return received
7116.210000000003: MET_Broker: The number of finished Cloudlets is:353
7121.410000000003: MET_Broker: Cloudlet #353 return received
7121.410000000003: MET_Broker: The number of finished Cloudlets is:354
7132.410000000003: MET_Broker: Cloudlet #355 return received
7132.410000000003: MET_Broker: The number of finished Cloudlets is:355
7145.410000000003: MET_Broker: Cloudlet #354 return received
7145.410000000003: MET_Broker: The number of finished Cloudlets is:356
7171.210000000003: MET_Broker: Cloudlet #356 return received
7171.210000000003: MET_Broker: The number of finished Cloudlets is:357
7182.210000000003: MET_Broker: Cloudlet #358 return received
7182.210000000003: MET_Broker: The number of finished Cloudlets is:358
7188.210000000003: MET_Broker: Cloudlet #357 return received
7188.210000000003: MET_Broker: The number of finished Cloudlets is:359
7216.210000000003: MET_Broker: Cloudlet #359 return received
7216.210000000003: MET_Broker: The number of finished Cloudlets is:360
7237.410000000003: MET_Broker: Cloudlet #360 return received
7237.410000000003: MET_Broker: The number of finished Cloudlets is:361
7287.410000000003: MET_Broker: Cloudlet #362 return received
7287.410000000003: MET_Broker: The number of finished Cloudlets is:362
7303.410000000003: MET_Broker: Cloudlet #363 return received
7303.410000000003: MET_Broker: The number of finished Cloudlets is:363
7347.810000000002: MET_Broker: Cloudlet #364 return received
7347.810000000002: MET_Broker: The number of finished Cloudlets is:364
7351.210000000002: MET_Broker: Cloudlet #361 return received
7351.210000000002: MET_Broker: The number of finished Cloudlets is:365
7375.6100000000015: MET_Broker: Cloudlet #366 return received
7375.6100000000015: MET_Broker: The number of finished Cloudlets is:366
7381.6100000000015: MET_Broker: Cloudlet #367 return received
7381.6100000000015: MET_Broker: The number of finished Cloudlets is:367
7387.410000000002: MET_Broker: Cloudlet #365 return received
7387.410000000002: MET_Broker: The number of finished Cloudlets is:368
7399.6100000000015: MET_Broker: Cloudlet #368 return received
7399.6100000000015: MET_Broker: The number of finished Cloudlets is:369
7436.6100000000015: MET_Broker: Cloudlet #369 return received
7436.6100000000015: MET_Broker: The number of finished Cloudlets is:370
7444.010000000001: MET_Broker: Cloudlet #370 return received
7444.010000000001: MET_Broker: The number of finished Cloudlets is:371
7463.410000000001: MET_Broker: Cloudlet #371 return received
7463.410000000001: MET_Broker: The number of finished Cloudlets is:372
7489.210000000001: MET_Broker: Cloudlet #372 return received
7489.210000000001: MET_Broker: The number of finished Cloudlets is:373
7537.610000000001: MET_Broker: Cloudlet #374 return received
7537.610000000001: MET_Broker: The number of finished Cloudlets is:374
7559.610000000001: MET_Broker: Cloudlet #375 return received
7559.610000000001: MET_Broker: The number of finished Cloudlets is:375
7613.610000000001: MET_Broker: Cloudlet #376 return received
7613.610000000001: MET_Broker: The number of finished Cloudlets is:376
7638.01: MET_Broker: Cloudlet #377 return received
7638.01: MET_Broker: The number of finished Cloudlets is:377
7748.41: MET_Broker: Cloudlet #373 return received
7748.41: MET_Broker: The number of finished Cloudlets is:378
7773.01: MET_Broker: Cloudlet #378 return received
7773.01: MET_Broker: The number of finished Cloudlets is:379
7798.41: MET_Broker: Cloudlet #379 return received
7798.41: MET_Broker: The number of finished Cloudlets is:380
7803.8099999999995: MET_Broker: Cloudlet #380 return received
7803.8099999999995: MET_Broker: The number of finished Cloudlets is:381
7823.41: MET_Broker: Cloudlet #382 return received
7823.41: MET_Broker: The number of finished Cloudlets is:382
7839.61: MET_Broker: Cloudlet #381 return received
7839.61: MET_Broker: The number of finished Cloudlets is:383
7877.41: MET_Broker: Cloudlet #383 return received
7877.41: MET_Broker: The number of finished Cloudlets is:384
7889.61: MET_Broker: Cloudlet #384 return received
7889.61: MET_Broker: The number of finished Cloudlets is:385
7913.8099999999995: MET_Broker: Cloudlet #385 return received
7913.8099999999995: MET_Broker: The number of finished Cloudlets is:386
7944.61: MET_Broker: Cloudlet #387 return received
7944.61: MET_Broker: The number of finished Cloudlets is:387
7976.21: MET_Broker: Cloudlet #388 return received
7976.21: MET_Broker: The number of finished Cloudlets is:388
8013.41: MET_Broker: Cloudlet #389 return received
8013.41: MET_Broker: The number of finished Cloudlets is:389
8042.61: MET_Broker: Cloudlet #390 return received
8042.61: MET_Broker: The number of finished Cloudlets is:390
8074.21: MET_Broker: Cloudlet #391 return received
8074.21: MET_Broker: The number of finished Cloudlets is:391
8099.61: MET_Broker: Cloudlet #386 return received
8099.61: MET_Broker: The number of finished Cloudlets is:392
8149.61: MET_Broker: Cloudlet #393 return received
8149.61: MET_Broker: The number of finished Cloudlets is:393
8209.21: MET_Broker: Cloudlet #392 return received
8209.21: MET_Broker: The number of finished Cloudlets is:394
8252.81: MET_Broker: Cloudlet #395 return received
8252.81: MET_Broker: The number of finished Cloudlets is:395
8294.81: MET_Broker: Cloudlet #396 return received
8294.81: MET_Broker: The number of finished Cloudlets is:396
8328.01: MET_Broker: Cloudlet #397 return received
8328.01: MET_Broker: The number of finished Cloudlets is:397
8344.01: MET_Broker: Cloudlet #398 return received
8344.01: MET_Broker: The number of finished Cloudlets is:398
8362.81: MET_Broker: Cloudlet #399 return received
8362.81: MET_Broker: The number of finished Cloudlets is:399
8381.609999999999: MET_Broker: Cloudlet #400 return received
8381.609999999999: MET_Broker: The number of finished Cloudlets is:400
8509.609999999999: MET_Broker: Cloudlet #394 return received
8509.609999999999: MET_Broker: The number of finished Cloudlets is:401
8552.409999999998: MET_Broker: Cloudlet #402 return received
8552.409999999998: MET_Broker: The number of finished Cloudlets is:402
8592.009999999998: MET_Broker: Cloudlet #403 return received
8592.009999999998: MET_Broker: The number of finished Cloudlets is:403
8610.009999999998: MET_Broker: Cloudlet #404 return received
8610.009999999998: MET_Broker: The number of finished Cloudlets is:404
8654.409999999998: MET_Broker: Cloudlet #405 return received
8654.409999999998: MET_Broker: The number of finished Cloudlets is:405
8686.009999999998: MET_Broker: Cloudlet #406 return received
8686.009999999998: MET_Broker: The number of finished Cloudlets is:406
8721.609999999999: MET_Broker: Cloudlet #407 return received
8721.609999999999: MET_Broker: The number of finished Cloudlets is:407
8741.609999999999: MET_Broker: Cloudlet #401 return received
8741.609999999999: MET_Broker: The number of finished Cloudlets is:408
8750.009999999998: MET_Broker: Cloudlet #408 return received
8750.009999999998: MET_Broker: The number of finished Cloudlets is:409
8759.609999999999: MET_Broker: Cloudlet #409 return received
8759.609999999999: MET_Broker: The number of finished Cloudlets is:410
8774.409999999998: MET_Broker: Cloudlet #410 return received
8774.409999999998: MET_Broker: The number of finished Cloudlets is:411
8795.609999999999: MET_Broker: Cloudlet #412 return received
8795.609999999999: MET_Broker: The number of finished Cloudlets is:412
8798.409999999998: MET_Broker: Cloudlet #411 return received
8798.409999999998: MET_Broker: The number of finished Cloudlets is:413
8826.409999999998: MET_Broker: Cloudlet #413 return received
8826.409999999998: MET_Broker: The number of finished Cloudlets is:414
8846.809999999998: MET_Broker: Cloudlet #414 return received
8846.809999999998: MET_Broker: The number of finished Cloudlets is:415
8855.609999999997: MET_Broker: Cloudlet #415 return received
8855.609999999997: MET_Broker: The number of finished Cloudlets is:416
8861.609999999997: MET_Broker: Cloudlet #417 return received
8861.609999999997: MET_Broker: The number of finished Cloudlets is:417
8885.609999999997: MET_Broker: Cloudlet #416 return received
8885.609999999997: MET_Broker: The number of finished Cloudlets is:418
8886.009999999997: MET_Broker: Cloudlet #418 return received
8886.009999999997: MET_Broker: The number of finished Cloudlets is:419
8902.009999999997: MET_Broker: Cloudlet #420 return received
8902.009999999997: MET_Broker: The number of finished Cloudlets is:420
8940.009999999997: MET_Broker: Cloudlet #421 return received
8940.009999999997: MET_Broker: The number of finished Cloudlets is:421
8945.609999999997: MET_Broker: Cloudlet #419 return received
8945.609999999997: MET_Broker: The number of finished Cloudlets is:422
8956.609999999997: MET_Broker: Cloudlet #423 return received
8956.609999999997: MET_Broker: The number of finished Cloudlets is:423
8985.809999999998: MET_Broker: Cloudlet #424 return received
8985.809999999998: MET_Broker: The number of finished Cloudlets is:424
9000.009999999998: MET_Broker: Cloudlet #422 return received
9000.009999999998: MET_Broker: The number of finished Cloudlets is:425
9027.009999999998: MET_Broker: Cloudlet #425 return received
9027.009999999998: MET_Broker: The number of finished Cloudlets is:426
9043.609999999999: MET_Broker: Cloudlet #426 return received
9043.609999999999: MET_Broker: The number of finished Cloudlets is:427
9064.81: MET_Broker: Cloudlet #428 return received
9064.81: MET_Broker: The number of finished Cloudlets is:428
9076.21: MET_Broker: Cloudlet #427 return received
9076.21: MET_Broker: The number of finished Cloudlets is:429
9094.81: MET_Broker: Cloudlet #429 return received
9094.81: MET_Broker: The number of finished Cloudlets is:430
9119.01: MET_Broker: Cloudlet #430 return received
9119.01: MET_Broker: The number of finished Cloudlets is:431
9135.210000000001: MET_Broker: Cloudlet #431 return received
9135.210000000001: MET_Broker: The number of finished Cloudlets is:432
9145.810000000001: MET_Broker: Cloudlet #432 return received
9145.810000000001: MET_Broker: The number of finished Cloudlets is:433
9154.010000000002: MET_Broker: Cloudlet #433 return received
9154.010000000002: MET_Broker: The number of finished Cloudlets is:434
9191.810000000001: MET_Broker: Cloudlet #434 return received
9191.810000000001: MET_Broker: The number of finished Cloudlets is:435
9195.210000000001: MET_Broker: Cloudlet #435 return received
9195.210000000001: MET_Broker: The number of finished Cloudlets is:436
9232.210000000001: MET_Broker: Cloudlet #436 return received
9232.210000000001: MET_Broker: The number of finished Cloudlets is:437
9240.410000000002: MET_Broker: Cloudlet #437 return received
9240.410000000002: MET_Broker: The number of finished Cloudlets is:438
9254.210000000001: MET_Broker: Cloudlet #438 return received
9254.210000000001: MET_Broker: The number of finished Cloudlets is:439
9272.210000000001: MET_Broker: Cloudlet #440 return received
9272.210000000001: MET_Broker: The number of finished Cloudlets is:440
9273.61: MET_Broker: Cloudlet #439 return received
9273.61: MET_Broker: The number of finished Cloudlets is:441
9312.41: MET_Broker: Cloudlet #442 return received
9312.41: MET_Broker: The number of finished Cloudlets is:442
9317.41: MET_Broker: Cloudlet #441 return received
9317.41: MET_Broker: The number of finished Cloudlets is:443
9343.41: MET_Broker: Cloudlet #444 return received
9343.41: MET_Broker: The number of finished Cloudlets is:444
9352.81: MET_Broker: Cloudlet #443 return received
9352.81: MET_Broker: The number of finished Cloudlets is:445
9393.41: MET_Broker: Cloudlet #445 return received
9393.41: MET_Broker: The number of finished Cloudlets is:446
9427.41: MET_Broker: Cloudlet #447 return received
9427.41: MET_Broker: The number of finished Cloudlets is:447
9476.61: MET_Broker: Cloudlet #448 return received
9476.61: MET_Broker: The number of finished Cloudlets is:448
9525.810000000001: MET_Broker: Cloudlet #449 return received
9525.810000000001: MET_Broker: The number of finished Cloudlets is:449
9563.810000000001: MET_Broker: Cloudlet #450 return received
9563.810000000001: MET_Broker: The number of finished Cloudlets is:450
9604.210000000001: MET_Broker: Cloudlet #451 return received
9604.210000000001: MET_Broker: The number of finished Cloudlets is:451
9629.410000000002: MET_Broker: Cloudlet #452 return received
9629.410000000002: MET_Broker: The number of finished Cloudlets is:452
9637.810000000001: MET_Broker: Cloudlet #446 return received
9637.810000000001: MET_Broker: The number of finished Cloudlets is:453
9673.010000000002: MET_Broker: Cloudlet #453 return received
9673.010000000002: MET_Broker: The number of finished Cloudlets is:454
9673.410000000002: MET_Broker: Cloudlet #454 return received
9673.410000000002: MET_Broker: The number of finished Cloudlets is:455
9705.010000000002: MET_Broker: Cloudlet #456 return received
9705.010000000002: MET_Broker: The number of finished Cloudlets is:456
9718.210000000003: MET_Broker: Cloudlet #455 return received
9718.210000000003: MET_Broker: The number of finished Cloudlets is:457
9729.210000000003: MET_Broker: Cloudlet #458 return received
9729.210000000003: MET_Broker: The number of finished Cloudlets is:458
9735.810000000003: MET_Broker: Cloudlet #457 return received
9735.810000000003: MET_Broker: The number of finished Cloudlets is:459
9776.810000000003: MET_Broker: Cloudlet #459 return received
9776.810000000003: MET_Broker: The number of finished Cloudlets is:460
9787.410000000003: MET_Broker: Cloudlet #460 return received
9787.410000000003: MET_Broker: The number of finished Cloudlets is:461
9811.610000000004: MET_Broker: Cloudlet #461 return received
9811.610000000004: MET_Broker: The number of finished Cloudlets is:462
9850.410000000003: MET_Broker: Cloudlet #463 return received
9850.410000000003: MET_Broker: The number of finished Cloudlets is:463
9870.010000000004: MET_Broker: Cloudlet #464 return received
9870.010000000004: MET_Broker: The number of finished Cloudlets is:464
9916.010000000004: MET_Broker: Cloudlet #465 return received
9916.010000000004: MET_Broker: The number of finished Cloudlets is:465
9946.010000000004: MET_Broker: Cloudlet #466 return received
9946.010000000004: MET_Broker: The number of finished Cloudlets is:466
10072.410000000003: MET_Broker: Cloudlet #462 return received
10072.410000000003: MET_Broker: The number of finished Cloudlets is:467
10081.010000000004: MET_Broker: Cloudlet #467 return received
10081.010000000004: MET_Broker: The number of finished Cloudlets is:468
10096.810000000003: MET_Broker: Cloudlet #468 return received
10096.810000000003: MET_Broker: The number of finished Cloudlets is:469
10112.610000000002: MET_Broker: Cloudlet #469 return received
10112.610000000002: MET_Broker: The number of finished Cloudlets is:470
10128.410000000002: MET_Broker: Cloudlet #470 return received
10128.410000000002: MET_Broker: The number of finished Cloudlets is:471
10153.010000000002: MET_Broker: Cloudlet #471 return received
10153.010000000002: MET_Broker: The number of finished Cloudlets is:472
10160.810000000001: MET_Broker: Cloudlet #472 return received
10160.810000000001: MET_Broker: The number of finished Cloudlets is:473
10183.810000000001: MET_Broker: Cloudlet #473 return received
10183.810000000001: MET_Broker: The number of finished Cloudlets is:474
10205.210000000001: MET_Broker: Cloudlet #474 return received
10205.210000000001: MET_Broker: The number of finished Cloudlets is:475
10229.61: MET_Broker: Cloudlet #476 return received
10229.61: MET_Broker: The number of finished Cloudlets is:476
10229.810000000001: MET_Broker: Cloudlet #475 return received
10229.810000000001: MET_Broker: The number of finished Cloudlets is:477
10255.810000000001: MET_Broker: Cloudlet #478 return received
10255.810000000001: MET_Broker: The number of finished Cloudlets is:478
10290.61: MET_Broker: Cloudlet #479 return received
10290.61: MET_Broker: The number of finished Cloudlets is:479
10500.61: MET_Broker: Cloudlet #480 return received
10500.61: MET_Broker: The number of finished Cloudlets is:480
10545.01: MET_Broker: Cloudlet #481 return received
10545.01: MET_Broker: The number of finished Cloudlets is:481
10563.81: MET_Broker: Cloudlet #482 return received
10563.81: MET_Broker: The number of finished Cloudlets is:482
10589.609999999999: MET_Broker: Cloudlet #477 return received
10589.609999999999: MET_Broker: The number of finished Cloudlets is:483
10606.609999999999: MET_Broker: Cloudlet #483 return received
10606.609999999999: MET_Broker: The number of finished Cloudlets is:484
10627.609999999999: MET_Broker: Cloudlet #484 return received
10627.609999999999: MET_Broker: The number of finished Cloudlets is:485
10655.009999999998: MET_Broker: Cloudlet #485 return received
10655.009999999998: MET_Broker: The number of finished Cloudlets is:486
10660.809999999998: MET_Broker: Cloudlet #486 return received
10660.809999999998: MET_Broker: The number of finished Cloudlets is:487
10689.809999999998: MET_Broker: Cloudlet #487 return received
10689.809999999998: MET_Broker: The number of finished Cloudlets is:488
10708.409999999998: MET_Broker: Cloudlet #488 return received
10708.409999999998: MET_Broker: The number of finished Cloudlets is:489
10731.009999999998: MET_Broker: Cloudlet #489 return received
10731.009999999998: MET_Broker: The number of finished Cloudlets is:490
10748.809999999998: MET_Broker: Cloudlet #490 return received
10748.809999999998: MET_Broker: The number of finished Cloudlets is:491
10759.809999999998: MET_Broker: Cloudlet #492 return received
10759.809999999998: MET_Broker: The number of finished Cloudlets is:492
10765.009999999998: MET_Broker: Cloudlet #491 return received
10765.009999999998: MET_Broker: The number of finished Cloudlets is:493
10795.409999999998: MET_Broker: Cloudlet #493 return received
10795.409999999998: MET_Broker: The number of finished Cloudlets is:494
10795.809999999998: MET_Broker: Cloudlet #494 return received
10795.809999999998: MET_Broker: The number of finished Cloudlets is:495
10831.409999999998: MET_Broker: Cloudlet #496 return received
10831.409999999998: MET_Broker: The number of finished Cloudlets is:496
10843.809999999998: MET_Broker: Cloudlet #495 return received
10843.809999999998: MET_Broker: The number of finished Cloudlets is:497
10853.409999999998: MET_Broker: Cloudlet #497 return received
10853.409999999998: MET_Broker: The number of finished Cloudlets is:498
10865.809999999998: MET_Broker: Cloudlet #498 return received
10865.809999999998: MET_Broker: The number of finished Cloudlets is:499
10872.209999999997: MET_Broker: Cloudlet #499 return received
10872.209999999997: MET_Broker: The number of finished Cloudlets is:500
10905.409999999998: MET_Broker: Cloudlet #500 return received
10905.409999999998: MET_Broker: The number of finished Cloudlets is:501
10932.209999999997: MET_Broker: Cloudlet #501 return received
10932.209999999997: MET_Broker: The number of finished Cloudlets is:502
11265.409999999998: MET_Broker: Cloudlet #502 return received
11265.409999999998: MET_Broker: The number of finished Cloudlets is:503
11292.209999999997: MET_Broker: Cloudlet #503 return received
11292.209999999997: MET_Broker: The number of finished Cloudlets is:504
11325.409999999998: MET_Broker: Cloudlet #504 return received
11325.409999999998: MET_Broker: The number of finished Cloudlets is:505
11339.009999999998: MET_Broker: Cloudlet #505 return received
11339.009999999998: MET_Broker: The number of finished Cloudlets is:506
11343.409999999998: MET_Broker: Cloudlet #506 return received
11343.409999999998: MET_Broker: The number of finished Cloudlets is:507
11386.609999999999: MET_Broker: Cloudlet #507 return received
11386.609999999999: MET_Broker: The number of finished Cloudlets is:508
11390.21: MET_Broker: Cloudlet #508 return received
11390.21: MET_Broker: The number of finished Cloudlets is:509
11416.21: MET_Broker: Cloudlet #510 return received
11416.21: MET_Broker: The number of finished Cloudlets is:510
11431.81: MET_Broker: Cloudlet #509 return received
11431.81: MET_Broker: The number of finished Cloudlets is:511
11450.609999999999: MET_Broker: Cloudlet #512 return received
11450.609999999999: MET_Broker: The number of finished Cloudlets is:512
11453.409999999998: MET_Broker: Cloudlet #511 return received
11453.409999999998: MET_Broker: The number of finished Cloudlets is:513
11482.609999999999: MET_Broker: Cloudlet #514 return received
11482.609999999999: MET_Broker: The number of finished Cloudlets is:514
11489.409999999998: MET_Broker: Cloudlet #513 return received
11489.409999999998: MET_Broker: The number of finished Cloudlets is:515
11525.409999999998: MET_Broker: Cloudlet #515 return received
11525.409999999998: MET_Broker: The number of finished Cloudlets is:516
11536.209999999997: MET_Broker: Cloudlet #516 return received
11536.209999999997: MET_Broker: The number of finished Cloudlets is:517
11561.009999999997: MET_Broker: Cloudlet #517 return received
11561.009999999997: MET_Broker: The number of finished Cloudlets is:518
11577.409999999996: MET_Broker: Cloudlet #518 return received
11577.409999999996: MET_Broker: The number of finished Cloudlets is:519
11599.409999999996: MET_Broker: Cloudlet #520 return received
11599.409999999996: MET_Broker: The number of finished Cloudlets is:520
11611.009999999997: MET_Broker: Cloudlet #519 return received
11611.009999999997: MET_Broker: The number of finished Cloudlets is:521
11622.009999999997: MET_Broker: Cloudlet #522 return received
11622.009999999997: MET_Broker: The number of finished Cloudlets is:522
11658.409999999996: MET_Broker: Cloudlet #523 return received
11658.409999999996: MET_Broker: The number of finished Cloudlets is:523
11680.409999999996: MET_Broker: Cloudlet #524 return received
11680.409999999996: MET_Broker: The number of finished Cloudlets is:524
11727.209999999995: MET_Broker: Cloudlet #525 return received
11727.209999999995: MET_Broker: The number of finished Cloudlets is:525
11809.409999999996: MET_Broker: Cloudlet #521 return received
11809.409999999996: MET_Broker: The number of finished Cloudlets is:526
11843.409999999996: MET_Broker: Cloudlet #527 return received
11843.409999999996: MET_Broker: The number of finished Cloudlets is:527
11862.209999999995: MET_Broker: Cloudlet #526 return received
11862.209999999995: MET_Broker: The number of finished Cloudlets is:528
11887.009999999995: MET_Broker: Cloudlet #528 return received
11887.009999999995: MET_Broker: The number of finished Cloudlets is:529
11906.609999999995: MET_Broker: Cloudlet #529 return received
11906.609999999995: MET_Broker: The number of finished Cloudlets is:530
11907.409999999994: MET_Broker: Cloudlet #530 return received
11907.409999999994: MET_Broker: The number of finished Cloudlets is:531
11939.009999999995: MET_Broker: Cloudlet #531 return received
11939.009999999995: MET_Broker: The number of finished Cloudlets is:532
11947.009999999995: MET_Broker: Cloudlet #532 return received
11947.009999999995: MET_Broker: The number of finished Cloudlets is:533
12074.009999999995: MET_Broker: Cloudlet #533 return received
12074.009999999995: MET_Broker: The number of finished Cloudlets is:534
12110.409999999994: MET_Broker: Cloudlet #535 return received
12110.409999999994: MET_Broker: The number of finished Cloudlets is:535
12164.409999999994: MET_Broker: Cloudlet #536 return received
12164.409999999994: MET_Broker: The number of finished Cloudlets is:536
12180.409999999994: MET_Broker: Cloudlet #537 return received
12180.409999999994: MET_Broker: The number of finished Cloudlets is:537
12232.009999999995: MET_Broker: Cloudlet #534 return received
12232.009999999995: MET_Broker: The number of finished Cloudlets is:538
12232.009999999995: MET_Broker: Cloudlet #538 return received
12232.009999999995: MET_Broker: The number of finished Cloudlets is:539
12283.609999999995: MET_Broker: Cloudlet #539 return received
12283.609999999995: MET_Broker: The number of finished Cloudlets is:540
12332.009999999995: MET_Broker: Cloudlet #540 return received
12332.009999999995: MET_Broker: The number of finished Cloudlets is:541
12360.409999999994: MET_Broker: Cloudlet #541 return received
12360.409999999994: MET_Broker: The number of finished Cloudlets is:542
12412.009999999995: MET_Broker: Cloudlet #542 return received
12412.009999999995: MET_Broker: The number of finished Cloudlets is:543
12622.009999999995: MET_Broker: Cloudlet #543 return received
12622.009999999995: MET_Broker: The number of finished Cloudlets is:544
12645.609999999995: MET_Broker: Cloudlet #544 return received
12645.609999999995: MET_Broker: The number of finished Cloudlets is:545
12694.009999999995: MET_Broker: Cloudlet #545 return received
12694.009999999995: MET_Broker: The number of finished Cloudlets is:546
12729.609999999995: MET_Broker: Cloudlet #546 return received
12729.609999999995: MET_Broker: The number of finished Cloudlets is:547
12767.609999999995: MET_Broker: Cloudlet #547 return received
12767.609999999995: MET_Broker: The number of finished Cloudlets is:548
12804.009999999995: MET_Broker: Cloudlet #548 return received
12804.009999999995: MET_Broker: The number of finished Cloudlets is:549
12853.209999999995: MET_Broker: Cloudlet #549 return received
12853.209999999995: MET_Broker: The number of finished Cloudlets is:550
12880.009999999995: MET_Broker: Cloudlet #550 return received
12880.009999999995: MET_Broker: The number of finished Cloudlets is:551
12910.809999999994: MET_Broker: Cloudlet #551 return received
12910.809999999994: MET_Broker: The number of finished Cloudlets is:552
12931.209999999994: MET_Broker: Cloudlet #552 return received
12931.209999999994: MET_Broker: The number of finished Cloudlets is:553
12971.609999999993: MET_Broker: Cloudlet #553 return received
12971.609999999993: MET_Broker: The number of finished Cloudlets is:554
13003.209999999994: MET_Broker: Cloudlet #554 return received
13003.209999999994: MET_Broker: The number of finished Cloudlets is:555
13044.409999999994: MET_Broker: Cloudlet #555 return received
13044.409999999994: MET_Broker: The number of finished Cloudlets is:556
13104.409999999994: MET_Broker: Cloudlet #556 return received
13104.409999999994: MET_Broker: The number of finished Cloudlets is:557
13128.809999999994: MET_Broker: Cloudlet #557 return received
13128.809999999994: MET_Broker: The number of finished Cloudlets is:558
13153.209999999994: MET_Broker: Cloudlet #558 return received
13153.209999999994: MET_Broker: The number of finished Cloudlets is:559
13175.209999999994: MET_Broker: Cloudlet #559 return received
13175.209999999994: MET_Broker: The number of finished Cloudlets is:560
13219.609999999993: MET_Broker: Cloudlet #560 return received
13219.609999999993: MET_Broker: The number of finished Cloudlets is:561
13251.209999999994: MET_Broker: Cloudlet #561 return received
13251.209999999994: MET_Broker: The number of finished Cloudlets is:562
13277.209999999994: MET_Broker: Cloudlet #562 return received
13277.209999999994: MET_Broker: The number of finished Cloudlets is:563
13288.209999999994: MET_Broker: Cloudlet #563 return received
13288.209999999994: MET_Broker: The number of finished Cloudlets is:564
13321.409999999994: MET_Broker: Cloudlet #564 return received
13321.409999999994: MET_Broker: The number of finished Cloudlets is:565
13360.209999999994: MET_Broker: Cloudlet #565 return received
13360.209999999994: MET_Broker: The number of finished Cloudlets is:566
13403.009999999993: MET_Broker: Cloudlet #566 return received
13403.009999999993: MET_Broker: The number of finished Cloudlets is:567
13436.209999999994: MET_Broker: Cloudlet #567 return received
13436.209999999994: MET_Broker: The number of finished Cloudlets is:568
13466.209999999994: MET_Broker: Cloudlet #568 return received
13466.209999999994: MET_Broker: The number of finished Cloudlets is:569
13494.609999999993: MET_Broker: Cloudlet #569 return received
13494.609999999993: MET_Broker: The number of finished Cloudlets is:570
13518.209999999994: MET_Broker: Cloudlet #570 return received
13518.209999999994: MET_Broker: The number of finished Cloudlets is:571
13578.209999999994: MET_Broker: Cloudlet #571 return received
13578.209999999994: MET_Broker: The number of finished Cloudlets is:572
13597.009999999993: MET_Broker: Cloudlet #572 return received
13597.009999999993: MET_Broker: The number of finished Cloudlets is:573
13621.409999999993: MET_Broker: Cloudlet #573 return received
13621.409999999993: MET_Broker: The number of finished Cloudlets is:574
13639.409999999993: MET_Broker: Cloudlet #574 return received
13639.409999999993: MET_Broker: The number of finished Cloudlets is:575
13666.209999999992: MET_Broker: Cloudlet #575 return received
13666.209999999992: MET_Broker: The number of finished Cloudlets is:576
13706.609999999991: MET_Broker: Cloudlet #576 return received
13706.609999999991: MET_Broker: The number of finished Cloudlets is:577
13916.609999999991: MET_Broker: Cloudlet #577 return received
13916.609999999991: MET_Broker: The number of finished Cloudlets is:578
13957.009999999991: MET_Broker: Cloudlet #578 return received
13957.009999999991: MET_Broker: The number of finished Cloudlets is:579
14001.40999999999: MET_Broker: Cloudlet #579 return received
14001.40999999999: MET_Broker: The number of finished Cloudlets is:580
14046.609999999991: MET_Broker: Cloudlet #580 return received
14046.609999999991: MET_Broker: The number of finished Cloudlets is:581
14087.809999999992: MET_Broker: Cloudlet #581 return received
14087.809999999992: MET_Broker: The number of finished Cloudlets is:582
14127.409999999993: MET_Broker: Cloudlet #582 return received
14127.409999999993: MET_Broker: The number of finished Cloudlets is:583
14171.809999999992: MET_Broker: Cloudlet #583 return received
14171.809999999992: MET_Broker: The number of finished Cloudlets is:584
14201.009999999993: MET_Broker: Cloudlet #584 return received
14201.009999999993: MET_Broker: The number of finished Cloudlets is:585
14225.409999999993: MET_Broker: Cloudlet #585 return received
14225.409999999993: MET_Broker: The number of finished Cloudlets is:586
14273.809999999992: MET_Broker: Cloudlet #586 return received
14273.809999999992: MET_Broker: The number of finished Cloudlets is:587
14312.609999999991: MET_Broker: Cloudlet #587 return received
14312.609999999991: MET_Broker: The number of finished Cloudlets is:588
14353.009999999991: MET_Broker: Cloudlet #588 return received
14353.009999999991: MET_Broker: The number of finished Cloudlets is:589
14395.80999999999: MET_Broker: Cloudlet #589 return received
14395.80999999999: MET_Broker: The number of finished Cloudlets is:590
14449.80999999999: MET_Broker: Cloudlet #590 return received
14449.80999999999: MET_Broker: The number of finished Cloudlets is:591
14460.80999999999: MET_Broker: Cloudlet #591 return received
14460.80999999999: MET_Broker: The number of finished Cloudlets is:592
14482.009999999991: MET_Broker: Cloudlet #592 return received
14482.009999999991: MET_Broker: The number of finished Cloudlets is:593
14692.009999999991: MET_Broker: Cloudlet #593 return received
14692.009999999991: MET_Broker: The number of finished Cloudlets is:594
14730.80999999999: MET_Broker: Cloudlet #594 return received
14730.80999999999: MET_Broker: The number of finished Cloudlets is:595
15015.80999999999: MET_Broker: Cloudlet #595 return received
15015.80999999999: MET_Broker: The number of finished Cloudlets is:596
15075.80999999999: MET_Broker: Cloudlet #596 return received
15075.80999999999: MET_Broker: The number of finished Cloudlets is:597
15210.80999999999: MET_Broker: Cloudlet #597 return received
15210.80999999999: MET_Broker: The number of finished Cloudlets is:598
15216.80999999999: MET_Broker: Cloudlet #598 return received
15216.80999999999: MET_Broker: The number of finished Cloudlets is:599
15262.80999999999: MET_Broker: Cloudlet #599 return received
15262.80999999999: MET_Broker: The number of finished Cloudlets is:600
15278.80999999999: MET_Broker: Cloudlet #600 return received
15278.80999999999: MET_Broker: The number of finished Cloudlets is:601
15320.009999999991: MET_Broker: Cloudlet #601 return received
15320.009999999991: MET_Broker: The number of finished Cloudlets is:602
15338.009999999991: MET_Broker: Cloudlet #602 return received
15338.009999999991: MET_Broker: The number of finished Cloudlets is:603
15358.40999999999: MET_Broker: Cloudlet #603 return received
15358.40999999999: MET_Broker: The number of finished Cloudlets is:604
15396.40999999999: MET_Broker: Cloudlet #604 return received
15396.40999999999: MET_Broker: The number of finished Cloudlets is:605
15446.40999999999: MET_Broker: Cloudlet #605 return received
15446.40999999999: MET_Broker: The number of finished Cloudlets is:606
15506.40999999999: MET_Broker: Cloudlet #606 return received
15506.40999999999: MET_Broker: The number of finished Cloudlets is:607
15525.20999999999: MET_Broker: Cloudlet #607 return received
15525.20999999999: MET_Broker: The number of finished Cloudlets is:608
15575.20999999999: MET_Broker: Cloudlet #608 return received
15575.20999999999: MET_Broker: The number of finished Cloudlets is:609
15860.20999999999: MET_Broker: Cloudlet #609 return received
15860.20999999999: MET_Broker: The number of finished Cloudlets is:610
15995.20999999999: MET_Broker: Cloudlet #610 return received
15995.20999999999: MET_Broker: The number of finished Cloudlets is:611
16037.20999999999: MET_Broker: Cloudlet #611 return received
16037.20999999999: MET_Broker: The number of finished Cloudlets is:612
16077.60999999999: MET_Broker: Cloudlet #612 return received
16077.60999999999: MET_Broker: The number of finished Cloudlets is:613
16101.20999999999: MET_Broker: Cloudlet #613 return received
16101.20999999999: MET_Broker: The number of finished Cloudlets is:614
16161.20999999999: MET_Broker: Cloudlet #614 return received
16161.20999999999: MET_Broker: The number of finished Cloudlets is:615
16204.80999999999: MET_Broker: Cloudlet #615 return received
16204.80999999999: MET_Broker: The number of finished Cloudlets is:616
16254.80999999999: MET_Broker: Cloudlet #616 return received
16254.80999999999: MET_Broker: The number of finished Cloudlets is:617
16279.20999999999: MET_Broker: Cloudlet #617 return received
16279.20999999999: MET_Broker: The number of finished Cloudlets is:618
16295.20999999999: MET_Broker: Cloudlet #618 return received
16295.20999999999: MET_Broker: The number of finished Cloudlets is:619
16339.60999999999: MET_Broker: Cloudlet #619 return received
16339.60999999999: MET_Broker: The number of finished Cloudlets is:620
16382.409999999989: MET_Broker: Cloudlet #620 return received
16382.409999999989: MET_Broker: The number of finished Cloudlets is:621
16403.60999999999: MET_Broker: Cloudlet #621 return received
16403.60999999999: MET_Broker: The number of finished Cloudlets is:622
16427.20999999999: MET_Broker: Cloudlet #622 return received
16427.20999999999: MET_Broker: The number of finished Cloudlets is:623
16477.20999999999: MET_Broker: Cloudlet #623 return received
16477.20999999999: MET_Broker: The number of finished Cloudlets is:624
16524.009999999987: MET_Broker: Cloudlet #624 return received
16524.009999999987: MET_Broker: The number of finished Cloudlets is:625
16570.809999999987: MET_Broker: Cloudlet #625 return received
16570.809999999987: MET_Broker: The number of finished Cloudlets is:626
16624.809999999987: MET_Broker: Cloudlet #626 return received
16624.809999999987: MET_Broker: The number of finished Cloudlets is:627
16909.809999999987: MET_Broker: Cloudlet #627 return received
16909.809999999987: MET_Broker: The number of finished Cloudlets is:628
17194.809999999987: MET_Broker: Cloudlet #628 return received
17194.809999999987: MET_Broker: The number of finished Cloudlets is:629
17479.809999999987: MET_Broker: Cloudlet #629 return received
17479.809999999987: MET_Broker: The number of finished Cloudlets is:630
17504.20999999999: MET_Broker: Cloudlet #630 return received
17504.20999999999: MET_Broker: The number of finished Cloudlets is:631
17714.20999999999: MET_Broker: Cloudlet #631 return received
17714.20999999999: MET_Broker: The number of finished Cloudlets is:632
17755.40999999999: MET_Broker: Cloudlet #632 return received
17755.40999999999: MET_Broker: The number of finished Cloudlets is:633
17799.80999999999: MET_Broker: Cloudlet #633 return received
17799.80999999999: MET_Broker: The number of finished Cloudlets is:634
17850.60999999999: MET_Broker: Cloudlet #634 return received
17850.60999999999: MET_Broker: The number of finished Cloudlets is:635
17866.60999999999: MET_Broker: Cloudlet #635 return received
17866.60999999999: MET_Broker: The number of finished Cloudlets is:636
17918.20999999999: MET_Broker: Cloudlet #636 return received
17918.20999999999: MET_Broker: The number of finished Cloudlets is:637
18128.20999999999: MET_Broker: Cloudlet #637 return received
18128.20999999999: MET_Broker: The number of finished Cloudlets is:638
18175.009999999987: MET_Broker: Cloudlet #638 return received
18175.009999999987: MET_Broker: The number of finished Cloudlets is:639
18208.20999999999: MET_Broker: Cloudlet #639 return received
18208.20999999999: MET_Broker: The number of finished Cloudlets is:640
18244.60999999999: MET_Broker: Cloudlet #640 return received
18244.60999999999: MET_Broker: The number of finished Cloudlets is:641
18265.80999999999: MET_Broker: Cloudlet #641 return received
18265.80999999999: MET_Broker: The number of finished Cloudlets is:642
18315.00999999999: MET_Broker: Cloudlet #642 return received
18315.00999999999: MET_Broker: The number of finished Cloudlets is:643
18351.409999999993: MET_Broker: Cloudlet #643 return received
18351.409999999993: MET_Broker: The number of finished Cloudlets is:644
18395.00999999999: MET_Broker: Cloudlet #644 return received
18395.00999999999: MET_Broker: The number of finished Cloudlets is:645
18429.00999999999: MET_Broker: Cloudlet #645 return received
18429.00999999999: MET_Broker: The number of finished Cloudlets is:646
18440.00999999999: MET_Broker: Cloudlet #646 return received
18440.00999999999: MET_Broker: The number of finished Cloudlets is:647
18650.00999999999: MET_Broker: Cloudlet #647 return received
18650.00999999999: MET_Broker: The number of finished Cloudlets is:648
18698.409999999993: MET_Broker: Cloudlet #648 return received
18698.409999999993: MET_Broker: The number of finished Cloudlets is:649
18724.409999999993: MET_Broker: Cloudlet #649 return received
18724.409999999993: MET_Broker: The number of finished Cloudlets is:650
18768.809999999994: MET_Broker: Cloudlet #650 return received
18768.809999999994: MET_Broker: The number of finished Cloudlets is:651
18794.009999999995: MET_Broker: Cloudlet #651 return received
18794.009999999995: MET_Broker: The number of finished Cloudlets is:652
18830.409999999996: MET_Broker: Cloudlet #652 return received
18830.409999999996: MET_Broker: The number of finished Cloudlets is:653
18857.209999999995: MET_Broker: Cloudlet #653 return received
18857.209999999995: MET_Broker: The number of finished Cloudlets is:654
18892.809999999994: MET_Broker: Cloudlet #654 return received
18892.809999999994: MET_Broker: The number of finished Cloudlets is:655
18921.209999999995: MET_Broker: Cloudlet #655 return received
18921.209999999995: MET_Broker: The number of finished Cloudlets is:656
18981.209999999995: MET_Broker: Cloudlet #656 return received
18981.209999999995: MET_Broker: The number of finished Cloudlets is:657
19019.209999999995: MET_Broker: Cloudlet #657 return received
19019.209999999995: MET_Broker: The number of finished Cloudlets is:658
19050.809999999994: MET_Broker: Cloudlet #658 return received
19050.809999999994: MET_Broker: The number of finished Cloudlets is:659
19077.609999999993: MET_Broker: Cloudlet #659 return received
19077.609999999993: MET_Broker: The number of finished Cloudlets is:660
19121.209999999992: MET_Broker: Cloudlet #660 return received
19121.209999999992: MET_Broker: The number of finished Cloudlets is:661
19160.00999999999: MET_Broker: Cloudlet #661 return received
19160.00999999999: MET_Broker: The number of finished Cloudlets is:662
19295.00999999999: MET_Broker: Cloudlet #662 return received
19295.00999999999: MET_Broker: The number of finished Cloudlets is:663
19321.80999999999: MET_Broker: Cloudlet #663 return received
19321.80999999999: MET_Broker: The number of finished Cloudlets is:664
19351.00999999999: MET_Broker: Cloudlet #664 return received
19351.00999999999: MET_Broker: The number of finished Cloudlets is:665
19486.00999999999: MET_Broker: Cloudlet #665 return received
19486.00999999999: MET_Broker: The number of finished Cloudlets is:666
19533.60999999999: MET_Broker: Cloudlet #666 return received
19533.60999999999: MET_Broker: The number of finished Cloudlets is:667
19577.20999999999: MET_Broker: Cloudlet #667 return received
19577.20999999999: MET_Broker: The number of finished Cloudlets is:668
19862.20999999999: MET_Broker: Cloudlet #668 return received
19862.20999999999: MET_Broker: The number of finished Cloudlets is:669
19897.809999999987: MET_Broker: Cloudlet #669 return received
19897.809999999987: MET_Broker: The number of finished Cloudlets is:670
19947.809999999987: MET_Broker: Cloudlet #670 return received
19947.809999999987: MET_Broker: The number of finished Cloudlets is:671
19999.409999999985: MET_Broker: Cloudlet #671 return received
19999.409999999985: MET_Broker: The number of finished Cloudlets is:672
20019.809999999987: MET_Broker: Cloudlet #672 return received
20019.809999999987: MET_Broker: The number of finished Cloudlets is:673
20038.609999999986: MET_Broker: Cloudlet #673 return received
20038.609999999986: MET_Broker: The number of finished Cloudlets is:674
20049.609999999986: MET_Broker: Cloudlet #674 return received
20049.609999999986: MET_Broker: The number of finished Cloudlets is:675
20074.809999999987: MET_Broker: Cloudlet #675 return received
20074.809999999987: MET_Broker: The number of finished Cloudlets is:676
20126.409999999985: MET_Broker: Cloudlet #676 return received
20126.409999999985: MET_Broker: The number of finished Cloudlets is:677
20151.609999999986: MET_Broker: Cloudlet #677 return received
20151.609999999986: MET_Broker: The number of finished Cloudlets is:678
20173.609999999986: MET_Broker: Cloudlet #678 return received
20173.609999999986: MET_Broker: The number of finished Cloudlets is:679
20207.609999999986: MET_Broker: Cloudlet #679 return received
20207.609999999986: MET_Broker: The number of finished Cloudlets is:680
20228.809999999987: MET_Broker: Cloudlet #680 return received
20228.809999999987: MET_Broker: The number of finished Cloudlets is:681
20263.609999999986: MET_Broker: Cloudlet #681 return received
20263.609999999986: MET_Broker: The number of finished Cloudlets is:682
20300.009999999987: MET_Broker: Cloudlet #682 return received
20300.009999999987: MET_Broker: The number of finished Cloudlets is:683
20322.009999999987: MET_Broker: Cloudlet #683 return received
20322.009999999987: MET_Broker: The number of finished Cloudlets is:684
20372.809999999987: MET_Broker: Cloudlet #684 return received
20372.809999999987: MET_Broker: The number of finished Cloudlets is:685
20406.809999999987: MET_Broker: Cloudlet #685 return received
20406.809999999987: MET_Broker: The number of finished Cloudlets is:686
20425.609999999986: MET_Broker: Cloudlet #686 return received
20425.609999999986: MET_Broker: The number of finished Cloudlets is:687
20455.609999999986: MET_Broker: Cloudlet #687 return received
20455.609999999986: MET_Broker: The number of finished Cloudlets is:688
20476.809999999987: MET_Broker: Cloudlet #688 return received
20476.809999999987: MET_Broker: The number of finished Cloudlets is:689
20511.609999999986: MET_Broker: Cloudlet #689 return received
20511.609999999986: MET_Broker: The number of finished Cloudlets is:690
20559.209999999985: MET_Broker: Cloudlet #690 return received
20559.209999999985: MET_Broker: The number of finished Cloudlets is:691
20590.809999999983: MET_Broker: Cloudlet #691 return received
20590.809999999983: MET_Broker: The number of finished Cloudlets is:692
20636.809999999983: MET_Broker: Cloudlet #692 return received
20636.809999999983: MET_Broker: The number of finished Cloudlets is:693
20680.40999999998: MET_Broker: Cloudlet #693 return received
20680.40999999998: MET_Broker: The number of finished Cloudlets is:694
20726.40999999998: MET_Broker: Cloudlet #694 return received
20726.40999999998: MET_Broker: The number of finished Cloudlets is:695
20778.00999999998: MET_Broker: Cloudlet #695 return received
20778.00999999998: MET_Broker: The number of finished Cloudlets is:696
20804.00999999998: MET_Broker: Cloudlet #696 return received
20804.00999999998: MET_Broker: The number of finished Cloudlets is:697
20830.00999999998: MET_Broker: Cloudlet #697 return received
20830.00999999998: MET_Broker: The number of finished Cloudlets is:698
20965.00999999998: MET_Broker: Cloudlet #698 return received
20965.00999999998: MET_Broker: The number of finished Cloudlets is:699
20994.20999999998: MET_Broker: Cloudlet #699 return received
20994.20999999998: MET_Broker: The number of finished Cloudlets is:700
21029.00999999998: MET_Broker: Cloudlet #700 return received
21029.00999999998: MET_Broker: The number of finished Cloudlets is:701
21076.60999999998: MET_Broker: Cloudlet #701 return received
21076.60999999998: MET_Broker: The number of finished Cloudlets is:702
21095.409999999978: MET_Broker: Cloudlet #702 return received
21095.409999999978: MET_Broker: The number of finished Cloudlets is:703
21143.009999999977: MET_Broker: Cloudlet #703 return received
21143.009999999977: MET_Broker: The number of finished Cloudlets is:704
21193.809999999976: MET_Broker: Cloudlet #704 return received
21193.809999999976: MET_Broker: The number of finished Cloudlets is:705
21230.209999999977: MET_Broker: Cloudlet #705 return received
21230.209999999977: MET_Broker: The number of finished Cloudlets is:706
21275.409999999978: MET_Broker: Cloudlet #706 return received
21275.409999999978: MET_Broker: The number of finished Cloudlets is:707
21296.60999999998: MET_Broker: Cloudlet #707 return received
21296.60999999998: MET_Broker: The number of finished Cloudlets is:708
21318.60999999998: MET_Broker: Cloudlet #708 return received
21318.60999999998: MET_Broker: The number of finished Cloudlets is:709
21340.60999999998: MET_Broker: Cloudlet #709 return received
21340.60999999998: MET_Broker: The number of finished Cloudlets is:710
21378.60999999998: MET_Broker: Cloudlet #710 return received
21378.60999999998: MET_Broker: The number of finished Cloudlets is:711
21427.80999999998: MET_Broker: Cloudlet #711 return received
21427.80999999998: MET_Broker: The number of finished Cloudlets is:712
21473.00999999998: MET_Broker: Cloudlet #712 return received
21473.00999999998: MET_Broker: The number of finished Cloudlets is:713
21518.20999999998: MET_Broker: Cloudlet #713 return received
21518.20999999998: MET_Broker: The number of finished Cloudlets is:714
21566.609999999982: MET_Broker: Cloudlet #714 return received
21566.609999999982: MET_Broker: The number of finished Cloudlets is:715
21609.40999999998: MET_Broker: Cloudlet #715 return received
21609.40999999998: MET_Broker: The number of finished Cloudlets is:716
21628.20999999998: MET_Broker: Cloudlet #716 return received
21628.20999999998: MET_Broker: The number of finished Cloudlets is:717
21651.80999999998: MET_Broker: Cloudlet #717 return received
21651.80999999998: MET_Broker: The number of finished Cloudlets is:718
21786.80999999998: MET_Broker: Cloudlet #718 return received
21786.80999999998: MET_Broker: The number of finished Cloudlets is:719
21832.00999999998: MET_Broker: Cloudlet #719 return received
21832.00999999998: MET_Broker: The number of finished Cloudlets is:720
21874.00999999998: MET_Broker: Cloudlet #720 return received
21874.00999999998: MET_Broker: The number of finished Cloudlets is:721
21920.00999999998: MET_Broker: Cloudlet #721 return received
21920.00999999998: MET_Broker: The number of finished Cloudlets is:722
21946.80999999998: MET_Broker: Cloudlet #722 return received
21946.80999999998: MET_Broker: The number of finished Cloudlets is:723
21977.60999999998: MET_Broker: Cloudlet #723 return received
21977.60999999998: MET_Broker: The number of finished Cloudlets is:724
22011.60999999998: MET_Broker: Cloudlet #724 return received
22011.60999999998: MET_Broker: The number of finished Cloudlets is:725
22040.00999999998: MET_Broker: Cloudlet #725 return received
22040.00999999998: MET_Broker: The number of finished Cloudlets is:726
22082.80999999998: MET_Broker: Cloudlet #726 return received
22082.80999999998: MET_Broker: The number of finished Cloudlets is:727
22120.00999999998: MET_Broker: Cloudlet #727 return received
22120.00999999998: MET_Broker: The number of finished Cloudlets is:728
22330.00999999998: MET_Broker: Cloudlet #728 return received
22330.00999999998: MET_Broker: The number of finished Cloudlets is:729
22361.60999999998: MET_Broker: Cloudlet #729 return received
22361.60999999998: MET_Broker: The number of finished Cloudlets is:730
22385.209999999977: MET_Broker: Cloudlet #730 return received
22385.209999999977: MET_Broker: The number of finished Cloudlets is:731
22745.209999999977: MET_Broker: Cloudlet #731 return received
22745.209999999977: MET_Broker: The number of finished Cloudlets is:732
22787.209999999977: MET_Broker: Cloudlet #732 return received
22787.209999999977: MET_Broker: The number of finished Cloudlets is:733
22826.809999999976: MET_Broker: Cloudlet #733 return received
22826.809999999976: MET_Broker: The number of finished Cloudlets is:734
22844.809999999976: MET_Broker: Cloudlet #734 return received
22844.809999999976: MET_Broker: The number of finished Cloudlets is:735
22883.609999999975: MET_Broker: Cloudlet #735 return received
22883.609999999975: MET_Broker: The number of finished Cloudlets is:736
22916.009999999977: MET_Broker: Cloudlet #736 return received
22916.009999999977: MET_Broker: The number of finished Cloudlets is:737
22937.209999999977: MET_Broker: Cloudlet #737 return received
22937.209999999977: MET_Broker: The number of finished Cloudlets is:738
22970.409999999978: MET_Broker: Cloudlet #738 return received
22970.409999999978: MET_Broker: The number of finished Cloudlets is:739
23010.009999999977: MET_Broker: Cloudlet #739 return received
23010.009999999977: MET_Broker: The number of finished Cloudlets is:740
23041.609999999975: MET_Broker: Cloudlet #740 return received
23041.609999999975: MET_Broker: The number of finished Cloudlets is:741
23068.409999999974: MET_Broker: Cloudlet #741 return received
23068.409999999974: MET_Broker: The number of finished Cloudlets is:742
23090.409999999974: MET_Broker: Cloudlet #742 return received
23090.409999999974: MET_Broker: The number of finished Cloudlets is:743
23225.409999999974: MET_Broker: Cloudlet #743 return received
23225.409999999974: MET_Broker: The number of finished Cloudlets is:744
23254.609999999975: MET_Broker: Cloudlet #744 return received
23254.609999999975: MET_Broker: The number of finished Cloudlets is:745
23308.609999999975: MET_Broker: Cloudlet #745 return received
23308.609999999975: MET_Broker: The number of finished Cloudlets is:746
23329.009999999977: MET_Broker: Cloudlet #746 return received
23329.009999999977: MET_Broker: The number of finished Cloudlets is:747
23383.009999999977: MET_Broker: Cloudlet #747 return received
23383.009999999977: MET_Broker: The number of finished Cloudlets is:748
23431.409999999978: MET_Broker: Cloudlet #748 return received
23431.409999999978: MET_Broker: The number of finished Cloudlets is:749
23453.409999999978: MET_Broker: Cloudlet #749 return received
23453.409999999978: MET_Broker: The number of finished Cloudlets is:750
23738.409999999978: MET_Broker: Cloudlet #750 return received
23738.409999999978: MET_Broker: The number of finished Cloudlets is:751
23762.80999999998: MET_Broker: Cloudlet #751 return received
23762.80999999998: MET_Broker: The number of finished Cloudlets is:752
23796.00999999998: MET_Broker: Cloudlet #752 return received
23796.00999999998: MET_Broker: The number of finished Cloudlets is:753
23846.80999999998: MET_Broker: Cloudlet #753 return received
23846.80999999998: MET_Broker: The number of finished Cloudlets is:754
23875.20999999998: MET_Broker: Cloudlet #754 return received
23875.20999999998: MET_Broker: The number of finished Cloudlets is:755
23924.40999999998: MET_Broker: Cloudlet #755 return received
23924.40999999998: MET_Broker: The number of finished Cloudlets is:756
23960.809999999983: MET_Broker: Cloudlet #756 return received
23960.809999999983: MET_Broker: The number of finished Cloudlets is:757
23986.009999999984: MET_Broker: Cloudlet #757 return received
23986.009999999984: MET_Broker: The number of finished Cloudlets is:758
24034.409999999985: MET_Broker: Cloudlet #758 return received
24034.409999999985: MET_Broker: The number of finished Cloudlets is:759
24081.209999999985: MET_Broker: Cloudlet #759 return received
24081.209999999985: MET_Broker: The number of finished Cloudlets is:760
24112.809999999983: MET_Broker: Cloudlet #760 return received
24112.809999999983: MET_Broker: The number of finished Cloudlets is:761
24158.809999999983: MET_Broker: Cloudlet #761 return received
24158.809999999983: MET_Broker: The number of finished Cloudlets is:762
24518.809999999983: MET_Broker: Cloudlet #762 return received
24518.809999999983: MET_Broker: The number of finished Cloudlets is:763
24548.809999999983: MET_Broker: Cloudlet #763 return received
24548.809999999983: MET_Broker: The number of finished Cloudlets is:764
24599.609999999982: MET_Broker: Cloudlet #764 return received
24599.609999999982: MET_Broker: The number of finished Cloudlets is:765
24959.609999999982: MET_Broker: Cloudlet #765 return received
24959.609999999982: MET_Broker: The number of finished Cloudlets is:766
25007.20999999998: MET_Broker: Cloudlet #766 return received
25007.20999999998: MET_Broker: The number of finished Cloudlets is:767
25037.20999999998: MET_Broker: Cloudlet #767 return received
25037.20999999998: MET_Broker: The number of finished Cloudlets is:768
25070.40999999998: MET_Broker: Cloudlet #768 return received
25070.40999999998: MET_Broker: The number of finished Cloudlets is:769
25130.40999999998: MET_Broker: Cloudlet #769 return received
25130.40999999998: MET_Broker: The number of finished Cloudlets is:770
25415.40999999998: MET_Broker: Cloudlet #770 return received
25415.40999999998: MET_Broker: The number of finished Cloudlets is:771
25460.609999999982: MET_Broker: Cloudlet #771 return received
25460.609999999982: MET_Broker: The number of finished Cloudlets is:772
25487.40999999998: MET_Broker: Cloudlet #772 return received
25487.40999999998: MET_Broker: The number of finished Cloudlets is:773
25519.00999999998: MET_Broker: Cloudlet #773 return received
25519.00999999998: MET_Broker: The number of finished Cloudlets is:774
25539.40999999998: MET_Broker: Cloudlet #774 return received
25539.40999999998: MET_Broker: The number of finished Cloudlets is:775
25578.20999999998: MET_Broker: Cloudlet #775 return received
25578.20999999998: MET_Broker: The number of finished Cloudlets is:776
25620.20999999998: MET_Broker: Cloudlet #776 return received
25620.20999999998: MET_Broker: The number of finished Cloudlets is:777
25651.00999999998: MET_Broker: Cloudlet #777 return received
25651.00999999998: MET_Broker: The number of finished Cloudlets is:778
25699.40999999998: MET_Broker: Cloudlet #778 return received
25699.40999999998: MET_Broker: The number of finished Cloudlets is:779
25731.809999999983: MET_Broker: Cloudlet #779 return received
25731.809999999983: MET_Broker: The number of finished Cloudlets is:780
25760.209999999985: MET_Broker: Cloudlet #780 return received
25760.209999999985: MET_Broker: The number of finished Cloudlets is:781
25806.209999999985: MET_Broker: Cloudlet #781 return received
25806.209999999985: MET_Broker: The number of finished Cloudlets is:782
25825.009999999984: MET_Broker: Cloudlet #782 return received
25825.009999999984: MET_Broker: The number of finished Cloudlets is:783
26035.009999999984: MET_Broker: Cloudlet #783 return received
26035.009999999984: MET_Broker: The number of finished Cloudlets is:784
26085.809999999983: MET_Broker: Cloudlet #784 return received
26085.809999999983: MET_Broker: The number of finished Cloudlets is:785
26131.009999999984: MET_Broker: Cloudlet #785 return received
26131.009999999984: MET_Broker: The number of finished Cloudlets is:786
26173.009999999984: MET_Broker: Cloudlet #786 return received
26173.009999999984: MET_Broker: The number of finished Cloudlets is:787
26213.409999999985: MET_Broker: Cloudlet #787 return received
26213.409999999985: MET_Broker: The number of finished Cloudlets is:788
26273.409999999985: MET_Broker: Cloudlet #788 return received
26273.409999999985: MET_Broker: The number of finished Cloudlets is:789
26297.009999999984: MET_Broker: Cloudlet #789 return received
26297.009999999984: MET_Broker: The number of finished Cloudlets is:790
26335.809999999983: MET_Broker: Cloudlet #790 return received
26335.809999999983: MET_Broker: The number of finished Cloudlets is:791
26386.609999999982: MET_Broker: Cloudlet #791 return received
26386.609999999982: MET_Broker: The number of finished Cloudlets is:792
26436.609999999982: MET_Broker: Cloudlet #792 return received
26436.609999999982: MET_Broker: The number of finished Cloudlets is:793
26467.40999999998: MET_Broker: Cloudlet #793 return received
26467.40999999998: MET_Broker: The number of finished Cloudlets is:794
26502.20999999998: MET_Broker: Cloudlet #794 return received
26502.20999999998: MET_Broker: The number of finished Cloudlets is:795
26549.80999999998: MET_Broker: Cloudlet #795 return received
26549.80999999998: MET_Broker: The number of finished Cloudlets is:796
26597.409999999978: MET_Broker: Cloudlet #796 return received
26597.409999999978: MET_Broker: The number of finished Cloudlets is:797
26638.60999999998: MET_Broker: Cloudlet #797 return received
26638.60999999998: MET_Broker: The number of finished Cloudlets is:798
26685.409999999978: MET_Broker: Cloudlet #798 return received
26685.409999999978: MET_Broker: The number of finished Cloudlets is:799
26895.409999999978: MET_Broker: Cloudlet #799 return received
26895.409999999978: MET_Broker: The number of finished Cloudlets is:800
26919.80999999998: MET_Broker: Cloudlet #800 return received
26919.80999999998: MET_Broker: The number of finished Cloudlets is:801
26956.20999999998: MET_Broker: Cloudlet #801 return received
26956.20999999998: MET_Broker: The number of finished Cloudlets is:802
26990.20999999998: MET_Broker: Cloudlet #802 return received
26990.20999999998: MET_Broker: The number of finished Cloudlets is:803
27031.40999999998: MET_Broker: Cloudlet #803 return received
27031.40999999998: MET_Broker: The number of finished Cloudlets is:804
27081.40999999998: MET_Broker: Cloudlet #804 return received
27081.40999999998: MET_Broker: The number of finished Cloudlets is:805
27100.20999999998: MET_Broker: Cloudlet #805 return received
27100.20999999998: MET_Broker: The number of finished Cloudlets is:806
27154.20999999998: MET_Broker: Cloudlet #806 return received
27154.20999999998: MET_Broker: The number of finished Cloudlets is:807
27200.20999999998: MET_Broker: Cloudlet #807 return received
27200.20999999998: MET_Broker: The number of finished Cloudlets is:808
27219.00999999998: MET_Broker: Cloudlet #808 return received
27219.00999999998: MET_Broker: The number of finished Cloudlets is:809
27261.00999999998: MET_Broker: Cloudlet #809 return received
27261.00999999998: MET_Broker: The number of finished Cloudlets is:810
27396.00999999998: MET_Broker: Cloudlet #810 return received
27396.00999999998: MET_Broker: The number of finished Cloudlets is:811
27433.20999999998: MET_Broker: Cloudlet #811 return received
27433.20999999998: MET_Broker: The number of finished Cloudlets is:812
27475.20999999998: MET_Broker: Cloudlet #812 return received
27475.20999999998: MET_Broker: The number of finished Cloudlets is:813
27518.80999999998: MET_Broker: Cloudlet #813 return received
27518.80999999998: MET_Broker: The number of finished Cloudlets is:814
27540.80999999998: MET_Broker: Cloudlet #814 return received
27540.80999999998: MET_Broker: The number of finished Cloudlets is:815
27561.20999999998: MET_Broker: Cloudlet #815 return received
27561.20999999998: MET_Broker: The number of finished Cloudlets is:816
27846.20999999998: MET_Broker: Cloudlet #816 return received
27846.20999999998: MET_Broker: The number of finished Cloudlets is:817
27876.20999999998: MET_Broker: Cloudlet #817 return received
27876.20999999998: MET_Broker: The number of finished Cloudlets is:818
27909.40999999998: MET_Broker: Cloudlet #818 return received
27909.40999999998: MET_Broker: The number of finished Cloudlets is:819
27969.40999999998: MET_Broker: Cloudlet #819 return received
27969.40999999998: MET_Broker: The number of finished Cloudlets is:820
27999.40999999998: MET_Broker: Cloudlet #820 return received
27999.40999999998: MET_Broker: The number of finished Cloudlets is:821
28036.609999999982: MET_Broker: Cloudlet #821 return received
28036.609999999982: MET_Broker: The number of finished Cloudlets is:822
28065.809999999983: MET_Broker: Cloudlet #822 return received
28065.809999999983: MET_Broker: The number of finished Cloudlets is:823
28086.209999999985: MET_Broker: Cloudlet #823 return received
28086.209999999985: MET_Broker: The number of finished Cloudlets is:824
28135.409999999985: MET_Broker: Cloudlet #824 return received
28135.409999999985: MET_Broker: The number of finished Cloudlets is:825
28175.009999999984: MET_Broker: Cloudlet #825 return received
28175.009999999984: MET_Broker: The number of finished Cloudlets is:826
28225.009999999984: MET_Broker: Cloudlet #826 return received
28225.009999999984: MET_Broker: The number of finished Cloudlets is:827
28251.009999999984: MET_Broker: Cloudlet #827 return received
28251.009999999984: MET_Broker: The number of finished Cloudlets is:828
28301.809999999983: MET_Broker: Cloudlet #828 return received
28301.809999999983: MET_Broker: The number of finished Cloudlets is:829
28328.609999999982: MET_Broker: Cloudlet #829 return received
28328.609999999982: MET_Broker: The number of finished Cloudlets is:830
28380.20999999998: MET_Broker: Cloudlet #830 return received
28380.20999999998: MET_Broker: The number of finished Cloudlets is:831
28440.20999999998: MET_Broker: Cloudlet #831 return received
28440.20999999998: MET_Broker: The number of finished Cloudlets is:832
28483.00999999998: MET_Broker: Cloudlet #832 return received
28483.00999999998: MET_Broker: The number of finished Cloudlets is:833
28768.00999999998: MET_Broker: Cloudlet #833 return received
28768.00999999998: MET_Broker: The number of finished Cloudlets is:834
28786.00999999998: MET_Broker: Cloudlet #834 return received
28786.00999999998: MET_Broker: The number of finished Cloudlets is:835
28921.00999999998: MET_Broker: Cloudlet #835 return received
28921.00999999998: MET_Broker: The number of finished Cloudlets is:836
28970.20999999998: MET_Broker: Cloudlet #836 return received
28970.20999999998: MET_Broker: The number of finished Cloudlets is:837
29255.20999999998: MET_Broker: Cloudlet #837 return received
29255.20999999998: MET_Broker: The number of finished Cloudlets is:838
29290.00999999998: MET_Broker: Cloudlet #838 return received
29290.00999999998: MET_Broker: The number of finished Cloudlets is:839
29344.00999999998: MET_Broker: Cloudlet #839 return received
29344.00999999998: MET_Broker: The number of finished Cloudlets is:840
29369.20999999998: MET_Broker: Cloudlet #840 return received
29369.20999999998: MET_Broker: The number of finished Cloudlets is:841
29420.80999999998: MET_Broker: Cloudlet #841 return received
29420.80999999998: MET_Broker: The number of finished Cloudlets is:842
29451.60999999998: MET_Broker: Cloudlet #842 return received
29451.60999999998: MET_Broker: The number of finished Cloudlets is:843
29492.00999999998: MET_Broker: Cloudlet #843 return received
29492.00999999998: MET_Broker: The number of finished Cloudlets is:844
29536.40999999998: MET_Broker: Cloudlet #844 return received
29536.40999999998: MET_Broker: The number of finished Cloudlets is:845
29577.609999999982: MET_Broker: Cloudlet #845 return received
29577.609999999982: MET_Broker: The number of finished Cloudlets is:846
29937.609999999982: MET_Broker: Cloudlet #846 return received
29937.609999999982: MET_Broker: The number of finished Cloudlets is:847
29982.009999999984: MET_Broker: Cloudlet #847 return received
29982.009999999984: MET_Broker: The number of finished Cloudlets is:848
30001.609999999982: MET_Broker: Cloudlet #848 return received
30001.609999999982: MET_Broker: The number of finished Cloudlets is:849
30023.609999999982: MET_Broker: Cloudlet #849 return received
30023.609999999982: MET_Broker: The number of finished Cloudlets is:850
30060.009999999984: MET_Broker: Cloudlet #850 return received
30060.009999999984: MET_Broker: The number of finished Cloudlets is:851
30089.209999999985: MET_Broker: Cloudlet #851 return received
30089.209999999985: MET_Broker: The number of finished Cloudlets is:852
30149.209999999985: MET_Broker: Cloudlet #852 return received
30149.209999999985: MET_Broker: The number of finished Cloudlets is:853
30180.809999999983: MET_Broker: Cloudlet #853 return received
30180.809999999983: MET_Broker: The number of finished Cloudlets is:854
30210.809999999983: MET_Broker: Cloudlet #854 return received
30210.809999999983: MET_Broker: The number of finished Cloudlets is:855
30260.009999999984: MET_Broker: Cloudlet #855 return received
30260.009999999984: MET_Broker: The number of finished Cloudlets is:856
30308.409999999985: MET_Broker: Cloudlet #856 return received
30308.409999999985: MET_Broker: The number of finished Cloudlets is:857
30352.809999999987: MET_Broker: Cloudlet #857 return received
30352.809999999987: MET_Broker: The number of finished Cloudlets is:858
30374.809999999987: MET_Broker: Cloudlet #858 return received
30374.809999999987: MET_Broker: The number of finished Cloudlets is:859
30420.009999999987: MET_Broker: Cloudlet #859 return received
30420.009999999987: MET_Broker: The number of finished Cloudlets is:860
30463.609999999986: MET_Broker: Cloudlet #860 return received
30463.609999999986: MET_Broker: The number of finished Cloudlets is:861
30510.409999999985: MET_Broker: Cloudlet #861 return received
30510.409999999985: MET_Broker: The number of finished Cloudlets is:862
30550.009999999984: MET_Broker: Cloudlet #862 return received
30550.009999999984: MET_Broker: The number of finished Cloudlets is:863
30587.209999999985: MET_Broker: Cloudlet #863 return received
30587.209999999985: MET_Broker: The number of finished Cloudlets is:864
30797.209999999985: MET_Broker: Cloudlet #864 return received
30797.209999999985: MET_Broker: The number of finished Cloudlets is:865
30844.809999999983: MET_Broker: Cloudlet #865 return received
30844.809999999983: MET_Broker: The number of finished Cloudlets is:866
30874.009999999984: MET_Broker: Cloudlet #866 return received
30874.009999999984: MET_Broker: The number of finished Cloudlets is:867
30885.009999999984: MET_Broker: Cloudlet #867 return received
30885.009999999984: MET_Broker: The number of finished Cloudlets is:868
30939.009999999984: MET_Broker: Cloudlet #868 return received
30939.009999999984: MET_Broker: The number of finished Cloudlets is:869
30972.209999999985: MET_Broker: Cloudlet #869 return received
30972.209999999985: MET_Broker: The number of finished Cloudlets is:870
30999.009999999984: MET_Broker: Cloudlet #870 return received
30999.009999999984: MET_Broker: The number of finished Cloudlets is:871
31019.409999999985: MET_Broker: Cloudlet #871 return received
31019.409999999985: MET_Broker: The number of finished Cloudlets is:872
31071.009999999984: MET_Broker: Cloudlet #872 return received
31071.009999999984: MET_Broker: The number of finished Cloudlets is:873
31082.009999999984: MET_Broker: Cloudlet #873 return received
31082.009999999984: MET_Broker: The number of finished Cloudlets is:874
31103.209999999985: MET_Broker: Cloudlet #874 return received
31103.209999999985: MET_Broker: The number of finished Cloudlets is:875
31142.009999999984: MET_Broker: Cloudlet #875 return received
31142.009999999984: MET_Broker: The number of finished Cloudlets is:876
31178.409999999985: MET_Broker: Cloudlet #876 return received
31178.409999999985: MET_Broker: The number of finished Cloudlets is:877
31210.009999999984: MET_Broker: Cloudlet #877 return received
31210.009999999984: MET_Broker: The number of finished Cloudlets is:878
31570.009999999984: MET_Broker: Cloudlet #878 return received
31570.009999999984: MET_Broker: The number of finished Cloudlets is:879
31588.809999999983: MET_Broker: Cloudlet #879 return received
31588.809999999983: MET_Broker: The number of finished Cloudlets is:880
31627.609999999982: MET_Broker: Cloudlet #880 return received
31627.609999999982: MET_Broker: The number of finished Cloudlets is:881
31662.40999999998: MET_Broker: Cloudlet #881 return received
31662.40999999998: MET_Broker: The number of finished Cloudlets is:882
31716.40999999998: MET_Broker: Cloudlet #882 return received
31716.40999999998: MET_Broker: The number of finished Cloudlets is:883
31759.20999999998: MET_Broker: Cloudlet #883 return received
31759.20999999998: MET_Broker: The number of finished Cloudlets is:884
31795.609999999982: MET_Broker: Cloudlet #884 return received
31795.609999999982: MET_Broker: The number of finished Cloudlets is:885
31828.809999999983: MET_Broker: Cloudlet #885 return received
31828.809999999983: MET_Broker: The number of finished Cloudlets is:886
31850.009999999984: MET_Broker: Cloudlet #886 return received
31850.009999999984: MET_Broker: The number of finished Cloudlets is:887
31883.209999999985: MET_Broker: Cloudlet #887 return received
31883.209999999985: MET_Broker: The number of finished Cloudlets is:888
31934.009999999984: MET_Broker: Cloudlet #888 return received
31934.009999999984: MET_Broker: The number of finished Cloudlets is:889
31980.009999999984: MET_Broker: Cloudlet #889 return received
31980.009999999984: MET_Broker: The number of finished Cloudlets is:890
31998.809999999983: MET_Broker: Cloudlet #890 return received
31998.809999999983: MET_Broker: The number of finished Cloudlets is:891
32041.609999999982: MET_Broker: Cloudlet #891 return received
32041.609999999982: MET_Broker: The number of finished Cloudlets is:892
32074.009999999984: MET_Broker: Cloudlet #892 return received
32074.009999999984: MET_Broker: The number of finished Cloudlets is:893
32111.209999999985: MET_Broker: Cloudlet #893 return received
32111.209999999985: MET_Broker: The number of finished Cloudlets is:894
32396.209999999985: MET_Broker: Cloudlet #894 return received
32396.209999999985: MET_Broker: The number of finished Cloudlets is:895
32412.209999999985: MET_Broker: Cloudlet #895 return received
32412.209999999985: MET_Broker: The number of finished Cloudlets is:896
32466.209999999985: MET_Broker: Cloudlet #896 return received
32466.209999999985: MET_Broker: The number of finished Cloudlets is:897
32505.009999999984: MET_Broker: Cloudlet #897 return received
32505.009999999984: MET_Broker: The number of finished Cloudlets is:898
32547.809999999983: MET_Broker: Cloudlet #898 return received
32547.809999999983: MET_Broker: The number of finished Cloudlets is:899
32757.809999999983: MET_Broker: Cloudlet #899 return received
32757.809999999983: MET_Broker: The number of finished Cloudlets is:900
32757.809999999983: MET_Broker: All Cloudlets executed. Finishing...
32757.809999999983: MET_Broker: Destroying Vm #0
32757.809999999983: MET_Broker: Destroying Vm #1
32757.809999999983: MET_Broker: Destroying Vm #2
32757.809999999983: MET_Broker: Destroying Vm #3
32757.809999999983: MET_Broker: Destroying Vm #4
32757.809999999983: MET_Broker: Destroying Vm #5
32757.809999999983: MET_Broker: Destroying Vm #6
32757.809999999983: MET_Broker: Destroying Vm #7
32757.809999999983: MET_Broker: Destroying Vm #8
32757.809999999983: MET_Broker: Destroying Vm #9
32757.809999999983: MET_Broker: Destroying Vm #10
32757.809999999983: MET_Broker: Destroying Vm #11
32757.809999999983: MET_Broker: Destroying Vm #12
32757.809999999983: MET_Broker: Destroying Vm #13
32757.809999999983: MET_Broker: Destroying Vm #14
32757.809999999983: MET_Broker: Destroying Vm #15
32757.809999999983: MET_Broker: Destroying Vm #16
32757.809999999983: MET_Broker: Destroying Vm #17
32757.809999999983: MET_Broker: Destroying Vm #18
32757.809999999983: MET_Broker: Destroying Vm #19
32757.809999999983: MET_Broker is shutting down...
32757.809999999983: Simulation: No more future events
32757.809999999983: CloudInformationService is shutting down...
32757.809999999983: CloudInformationService: Notify all CloudSim entities for shutting down.
32757.809999999983: Datacenter_0 is shutting down...
32757.809999999983: MET_Broker is shutting down...
Simulation completed.
Simulation completed.

========== CLOUDLET RESULTS ==========
(only the first 20 successful Cloudlets are shown; METRICS below are still computed from all 900 results)
Cloudlet ID	Status	VM ID	Exec Time	Start Time	Finish Time
1	SUCCESS	15	16	0.01	16.01
4	SUCCESS	15	19.6	16.01	35.61
2	SUCCESS	15	38.8	0.01	38.81
3	SUCCESS	15	40.4	0.01	40.41
0	SUCCESS	15	50	0.01	50.01
7	SUCCESS	15	25.2	40.41	65.61
6	SUCCESS	15	34	38.81	72.81
8	SUCCESS	15	31.6	50.01	81.61
5	SUCCESS	15	47.6	35.61	83.21
9	SUCCESS	15	22	65.61	87.61
11	SUCCESS	15	23.6	81.61	105.21
13	SUCCESS	15	20.4	87.61	108.01
10	SUCCESS	15	38.8	72.81	111.61
12	SUCCESS	15	54	83.21	137.21
16	SUCCESS	15	29.2	111.61	140.81
15	SUCCESS	15	54	108.01	162.01
17	SUCCESS	15	48.4	137.21	185.61
19	SUCCESS	15	49.2	162.01	211.21
20	SUCCESS	15	40.4	185.61	226.01
21	SUCCESS	15	21.2	211.21	232.41

========== METRICS ==========
Completed Cloudlets      : 900
Makespan                 : 32757.81 s
Degree of Imbalance      : 20
Average Waiting Time     : 12056.4467 s
Throughput               : 0.0275 cloudlets/s
Average VM Utilization*  : 7.3294 %

* Utilization is calculated from aggregate Cloudlet CPU time
  over the available VM time in this simplified model.
Week4_MET_TaskScheduling finished!
[INFO] ------------------------------------------------------------------------
[INFO] BUILD SUCCESS
[INFO] ------------------------------------------------------------------------
[INFO] Total time:  0.925 s
[INFO] Finished at: 2026-10-05T12:09:58+07:00
[INFO] ------------------------------------------------------------------------
