[INFO] Scanning for projects...
[INFO] 
[INFO] --------------< org.cloudbus.cloudsim:cloudsim-examples >---------------
[INFO] Building cloudsim-examples 7.0.1
[INFO]   from pom.xml
[INFO] --------------------------------[ jar ]---------------------------------
[INFO] 
[INFO] --- exec:3.6.4:java (default-cli) @ cloudsim-examples ---
Starting Week4_MET_TaskScheduling...
Initialising...
Dataset loaded: dataset/synthetic/Synthetic_3000.txt

========== CONFIGURATION ==========
Datacenters : 1
Hosts       : 10 (5 Class A + 5 Class B)
VMs         : 20
Cloudlets   : 3000
Algorithm   : Minimum Execution Time (MET)

VM assignment distribution:
VM 0 -> 0 cloudlets
VM 1 -> 0 cloudlets
VM 2 -> 0 cloudlets
VM 3 -> 0 cloudlets
VM 4 -> 0 cloudlets
VM 5 -> 0 cloudlets
VM 6 -> 0 cloudlets
VM 7 -> 0 cloudlets
VM 8 -> 0 cloudlets
VM 9 -> 0 cloudlets
VM 10 -> 0 cloudlets
VM 11 -> 0 cloudlets
VM 12 -> 0 cloudlets
VM 13 -> 0 cloudlets
VM 14 -> 0 cloudlets
VM 15 -> 3000 cloudlets
VM 16 -> 0 cloudlets
VM 17 -> 0 cloudlets
VM 18 -> 0 cloudlets
VM 19 -> 0 cloudlets

First 20 MET assignments:
Cloudlet 0 -> VM 15
Cloudlet 1 -> VM 15
Cloudlet 2 -> VM 15
Cloudlet 3 -> VM 15
Cloudlet 4 -> VM 15
Cloudlet 5 -> VM 15
Cloudlet 6 -> VM 15
Cloudlet 7 -> VM 15
Cloudlet 8 -> VM 15
Cloudlet 9 -> VM 15
Cloudlet 10 -> VM 15
Cloudlet 11 -> VM 15
Cloudlet 12 -> VM 15
Cloudlet 13 -> VM 15
Cloudlet 14 -> VM 15
Cloudlet 15 -> VM 15
Cloudlet 16 -> VM 15
Cloudlet 17 -> VM 15
Cloudlet 18 -> VM 15
Cloudlet 19 -> VM 15
Starting CloudSim version 7.0
0.0: Datacenter_0 is starting...
0.0: MET_Broker is starting...
Entities started.
0.0: MET_Broker: Cloud Resource List received with 1 datacenter(s)
0.0: MET_Broker: Trying to Create Vm #0 in Datacenter_0
0.0: MET_Broker: Trying to Create Vm #1 in Datacenter_0
0.0: MET_Broker: Trying to Create Vm #2 in Datacenter_0
0.0: MET_Broker: Trying to Create Vm #3 in Datacenter_0
0.0: MET_Broker: Trying to Create Vm #4 in Datacenter_0
0.0: MET_Broker: Trying to Create Vm #5 in Datacenter_0
0.0: MET_Broker: Trying to Create Vm #6 in Datacenter_0
0.0: MET_Broker: Trying to Create Vm #7 in Datacenter_0
0.0: MET_Broker: Trying to Create Vm #8 in Datacenter_0
0.0: MET_Broker: Trying to Create Vm #9 in Datacenter_0
0.0: MET_Broker: Trying to Create Vm #10 in Datacenter_0
0.0: MET_Broker: Trying to Create Vm #11 in Datacenter_0
0.0: MET_Broker: Trying to Create Vm #12 in Datacenter_0
0.0: MET_Broker: Trying to Create Vm #13 in Datacenter_0
0.0: MET_Broker: Trying to Create Vm #14 in Datacenter_0
0.0: MET_Broker: Trying to Create Vm #15 in Datacenter_0
0.0: MET_Broker: Trying to Create Vm #16 in Datacenter_0
0.0: MET_Broker: Trying to Create Vm #17 in Datacenter_0
0.0: MET_Broker: Trying to Create Vm #18 in Datacenter_0
0.0: MET_Broker: Trying to Create Vm #19 in Datacenter_0
0.0: Datacenter_0.guestAllocator: Vm #0 has been allocated to Host #5
0.0: Datacenter_0.guestAllocator: Vm #1 has been allocated to Host #6
0.0: Datacenter_0.guestAllocator: Vm #2 has been allocated to Host #7
0.0: Datacenter_0.guestAllocator: Vm #3 has been allocated to Host #8
0.0: Datacenter_0.guestAllocator: Vm #4 has been allocated to Host #9
0.0: Datacenter_0.guestAllocator: Vm #5 has been allocated to Host #5
0.0: Datacenter_0.guestAllocator: Vm #6 has been allocated to Host #6
0.0: Datacenter_0.guestAllocator: Vm #7 has been allocated to Host #7
0.0: Datacenter_0.guestAllocator: Vm #8 has been allocated to Host #8
0.0: Datacenter_0.guestAllocator: Vm #9 has been allocated to Host #9
0.0: Datacenter_0.guestAllocator: Vm #10 has been allocated to Host #5
0.0: Datacenter_0.guestAllocator: Vm #11 has been allocated to Host #6
0.0: Datacenter_0.guestAllocator: Vm #12 has been allocated to Host #7
0.0: Datacenter_0.guestAllocator: Vm #13 has been allocated to Host #8
0.0: Datacenter_0.guestAllocator: Vm #14 has been allocated to Host #9
0.0: Datacenter_0.guestAllocator: Vm #15 has been allocated to Host #5
0.0: Datacenter_0.guestAllocator: Vm #16 has been allocated to Host #6
0.0: Datacenter_0.guestAllocator: Vm #17 has been allocated to Host #7
0.0: Datacenter_0.guestAllocator: Vm #18 has been allocated to Host #8
0.0: Datacenter_0.guestAllocator: Vm #19 has been allocated to Host #9
0.01: MET_Broker: Vm #0 has been created in Datacenter #2, Host #5
0.01: MET_Broker: Vm #1 has been created in Datacenter #2, Host #6
0.01: MET_Broker: Vm #2 has been created in Datacenter #2, Host #7
0.01: MET_Broker: Vm #3 has been created in Datacenter #2, Host #8
0.01: MET_Broker: Vm #4 has been created in Datacenter #2, Host #9
0.01: MET_Broker: Vm #5 has been created in Datacenter #2, Host #5
0.01: MET_Broker: Vm #6 has been created in Datacenter #2, Host #6
0.01: MET_Broker: Vm #7 has been created in Datacenter #2, Host #7
0.01: MET_Broker: Vm #8 has been created in Datacenter #2, Host #8
0.01: MET_Broker: Vm #9 has been created in Datacenter #2, Host #9
0.01: MET_Broker: Vm #10 has been created in Datacenter #2, Host #5
0.01: MET_Broker: Vm #11 has been created in Datacenter #2, Host #6
0.01: MET_Broker: Vm #12 has been created in Datacenter #2, Host #7
0.01: MET_Broker: Vm #13 has been created in Datacenter #2, Host #8
0.01: MET_Broker: Vm #14 has been created in Datacenter #2, Host #9
0.01: MET_Broker: Vm #15 has been created in Datacenter #2, Host #5
0.01: MET_Broker: Vm #16 has been created in Datacenter #2, Host #6
0.01: MET_Broker: Vm #17 has been created in Datacenter #2, Host #7
0.01: MET_Broker: Vm #18 has been created in Datacenter #2, Host #8
0.01: MET_Broker: Vm #19 has been created in Datacenter #2, Host #9
0.01: MET_Broker: Sending Cloudlet #0 to Vm #15
0.01: MET_Broker: Sending Cloudlet #1 to Vm #15
0.01: MET_Broker: Sending Cloudlet #2 to Vm #15
0.01: MET_Broker: Sending Cloudlet #3 to Vm #15
0.01: MET_Broker: Sending Cloudlet #4 to Vm #15
0.01: MET_Broker: Sending Cloudlet #5 to Vm #15
0.01: MET_Broker: Sending Cloudlet #6 to Vm #15
0.01: MET_Broker: Sending Cloudlet #7 to Vm #15
0.01: MET_Broker: Sending Cloudlet #8 to Vm #15
0.01: MET_Broker: Sending Cloudlet #9 to Vm #15
0.01: MET_Broker: Sending Cloudlet #10 to Vm #15
0.01: MET_Broker: Sending Cloudlet #11 to Vm #15
0.01: MET_Broker: Sending Cloudlet #12 to Vm #15
0.01: MET_Broker: Sending Cloudlet #13 to Vm #15
0.01: MET_Broker: Sending Cloudlet #14 to Vm #15
0.01: MET_Broker: Sending Cloudlet #15 to Vm #15
0.01: MET_Broker: Sending Cloudlet #16 to Vm #15
0.01: MET_Broker: Sending Cloudlet #17 to Vm #15
0.01: MET_Broker: Sending Cloudlet #18 to Vm #15
0.01: MET_Broker: Sending Cloudlet #19 to Vm #15
0.01: MET_Broker: Sending Cloudlet #20 to Vm #15
0.01: MET_Broker: Sending Cloudlet #21 to Vm #15
0.01: MET_Broker: Sending Cloudlet #22 to Vm #15
0.01: MET_Broker: Sending Cloudlet #23 to Vm #15
0.01: MET_Broker: Sending Cloudlet #24 to Vm #15
0.01: MET_Broker: Sending Cloudlet #25 to Vm #15
0.01: MET_Broker: Sending Cloudlet #26 to Vm #15
0.01: MET_Broker: Sending Cloudlet #27 to Vm #15
0.01: MET_Broker: Sending Cloudlet #28 to Vm #15
0.01: MET_Broker: Sending Cloudlet #29 to Vm #15
0.01: MET_Broker: Sending Cloudlet #30 to Vm #15
0.01: MET_Broker: Sending Cloudlet #31 to Vm #15
0.01: MET_Broker: Sending Cloudlet #32 to Vm #15
0.01: MET_Broker: Sending Cloudlet #33 to Vm #15
0.01: MET_Broker: Sending Cloudlet #34 to Vm #15
0.01: MET_Broker: Sending Cloudlet #35 to Vm #15
0.01: MET_Broker: Sending Cloudlet #36 to Vm #15
0.01: MET_Broker: Sending Cloudlet #37 to Vm #15
0.01: MET_Broker: Sending Cloudlet #38 to Vm #15
0.01: MET_Broker: Sending Cloudlet #39 to Vm #15
0.01: MET_Broker: Sending Cloudlet #40 to Vm #15
0.01: MET_Broker: Sending Cloudlet #41 to Vm #15
0.01: MET_Broker: Sending Cloudlet #42 to Vm #15
0.01: MET_Broker: Sending Cloudlet #43 to Vm #15
0.01: MET_Broker: Sending Cloudlet #44 to Vm #15
0.01: MET_Broker: Sending Cloudlet #45 to Vm #15
0.01: MET_Broker: Sending Cloudlet #46 to Vm #15
0.01: MET_Broker: Sending Cloudlet #47 to Vm #15
0.01: MET_Broker: Sending Cloudlet #48 to Vm #15
0.01: MET_Broker: Sending Cloudlet #49 to Vm #15
0.01: MET_Broker: Sending Cloudlet #50 to Vm #15
0.01: MET_Broker: Sending Cloudlet #51 to Vm #15
0.01: MET_Broker: Sending Cloudlet #52 to Vm #15
0.01: MET_Broker: Sending Cloudlet #53 to Vm #15
0.01: MET_Broker: Sending Cloudlet #54 to Vm #15
0.01: MET_Broker: Sending Cloudlet #55 to Vm #15
0.01: MET_Broker: Sending Cloudlet #56 to Vm #15
0.01: MET_Broker: Sending Cloudlet #57 to Vm #15
0.01: MET_Broker: Sending Cloudlet #58 to Vm #15
0.01: MET_Broker: Sending Cloudlet #59 to Vm #15
0.01: MET_Broker: Sending Cloudlet #60 to Vm #15
0.01: MET_Broker: Sending Cloudlet #61 to Vm #15
0.01: MET_Broker: Sending Cloudlet #62 to Vm #15
0.01: MET_Broker: Sending Cloudlet #63 to Vm #15
0.01: MET_Broker: Sending Cloudlet #64 to Vm #15
0.01: MET_Broker: Sending Cloudlet #65 to Vm #15
0.01: MET_Broker: Sending Cloudlet #66 to Vm #15
0.01: MET_Broker: Sending Cloudlet #67 to Vm #15
0.01: MET_Broker: Sending Cloudlet #68 to Vm #15
0.01: MET_Broker: Sending Cloudlet #69 to Vm #15
0.01: MET_Broker: Sending Cloudlet #70 to Vm #15
0.01: MET_Broker: Sending Cloudlet #71 to Vm #15
0.01: MET_Broker: Sending Cloudlet #72 to Vm #15
0.01: MET_Broker: Sending Cloudlet #73 to Vm #15
0.01: MET_Broker: Sending Cloudlet #74 to Vm #15
0.01: MET_Broker: Sending Cloudlet #75 to Vm #15
0.01: MET_Broker: Sending Cloudlet #76 to Vm #15
0.01: MET_Broker: Sending Cloudlet #77 to Vm #15
0.01: MET_Broker: Sending Cloudlet #78 to Vm #15
0.01: MET_Broker: Sending Cloudlet #79 to Vm #15
0.01: MET_Broker: Sending Cloudlet #80 to Vm #15
0.01: MET_Broker: Sending Cloudlet #81 to Vm #15
0.01: MET_Broker: Sending Cloudlet #82 to Vm #15
0.01: MET_Broker: Sending Cloudlet #83 to Vm #15
0.01: MET_Broker: Sending Cloudlet #84 to Vm #15
0.01: MET_Broker: Sending Cloudlet #85 to Vm #15
0.01: MET_Broker: Sending Cloudlet #86 to Vm #15
0.01: MET_Broker: Sending Cloudlet #87 to Vm #15
0.01: MET_Broker: Sending Cloudlet #88 to Vm #15
0.01: MET_Broker: Sending Cloudlet #89 to Vm #15
0.01: MET_Broker: Sending Cloudlet #90 to Vm #15
0.01: MET_Broker: Sending Cloudlet #91 to Vm #15
0.01: MET_Broker: Sending Cloudlet #92 to Vm #15
0.01: MET_Broker: Sending Cloudlet #93 to Vm #15
0.01: MET_Broker: Sending Cloudlet #94 to Vm #15
0.01: MET_Broker: Sending Cloudlet #95 to Vm #15
0.01: MET_Broker: Sending Cloudlet #96 to Vm #15
0.01: MET_Broker: Sending Cloudlet #97 to Vm #15
0.01: MET_Broker: Sending Cloudlet #98 to Vm #15
0.01: MET_Broker: Sending Cloudlet #99 to Vm #15
0.01: MET_Broker: Sending Cloudlet #100 to Vm #15
0.01: MET_Broker: Sending Cloudlet #101 to Vm #15
0.01: MET_Broker: Sending Cloudlet #102 to Vm #15
0.01: MET_Broker: Sending Cloudlet #103 to Vm #15
0.01: MET_Broker: Sending Cloudlet #104 to Vm #15
0.01: MET_Broker: Sending Cloudlet #105 to Vm #15
0.01: MET_Broker: Sending Cloudlet #106 to Vm #15
0.01: MET_Broker: Sending Cloudlet #107 to Vm #15
0.01: MET_Broker: Sending Cloudlet #108 to Vm #15
0.01: MET_Broker: Sending Cloudlet #109 to Vm #15
0.01: MET_Broker: Sending Cloudlet #110 to Vm #15
0.01: MET_Broker: Sending Cloudlet #111 to Vm #15
0.01: MET_Broker: Sending Cloudlet #112 to Vm #15
0.01: MET_Broker: Sending Cloudlet #113 to Vm #15
0.01: MET_Broker: Sending Cloudlet #114 to Vm #15
0.01: MET_Broker: Sending Cloudlet #115 to Vm #15
0.01: MET_Broker: Sending Cloudlet #116 to Vm #15
0.01: MET_Broker: Sending Cloudlet #117 to Vm #15
0.01: MET_Broker: Sending Cloudlet #118 to Vm #15
0.01: MET_Broker: Sending Cloudlet #119 to Vm #15
0.01: MET_Broker: Sending Cloudlet #120 to Vm #15
0.01: MET_Broker: Sending Cloudlet #121 to Vm #15
0.01: MET_Broker: Sending Cloudlet #122 to Vm #15
0.01: MET_Broker: Sending Cloudlet #123 to Vm #15
0.01: MET_Broker: Sending Cloudlet #124 to Vm #15
0.01: MET_Broker: Sending Cloudlet #125 to Vm #15
0.01: MET_Broker: Sending Cloudlet #126 to Vm #15
0.01: MET_Broker: Sending Cloudlet #127 to Vm #15
0.01: MET_Broker: Sending Cloudlet #128 to Vm #15
0.01: MET_Broker: Sending Cloudlet #129 to Vm #15
0.01: MET_Broker: Sending Cloudlet #130 to Vm #15
0.01: MET_Broker: Sending Cloudlet #131 to Vm #15
0.01: MET_Broker: Sending Cloudlet #132 to Vm #15
0.01: MET_Broker: Sending Cloudlet #133 to Vm #15
0.01: MET_Broker: Sending Cloudlet #134 to Vm #15
0.01: MET_Broker: Sending Cloudlet #135 to Vm #15
0.01: MET_Broker: Sending Cloudlet #136 to Vm #15
0.01: MET_Broker: Sending Cloudlet #137 to Vm #15
0.01: MET_Broker: Sending Cloudlet #138 to Vm #15
0.01: MET_Broker: Sending Cloudlet #139 to Vm #15
0.01: MET_Broker: Sending Cloudlet #140 to Vm #15
0.01: MET_Broker: Sending Cloudlet #141 to Vm #15
0.01: MET_Broker: Sending Cloudlet #142 to Vm #15
0.01: MET_Broker: Sending Cloudlet #143 to Vm #15
0.01: MET_Broker: Sending Cloudlet #144 to Vm #15
0.01: MET_Broker: Sending Cloudlet #145 to Vm #15
0.01: MET_Broker: Sending Cloudlet #146 to Vm #15
0.01: MET_Broker: Sending Cloudlet #147 to Vm #15
0.01: MET_Broker: Sending Cloudlet #148 to Vm #15
0.01: MET_Broker: Sending Cloudlet #149 to Vm #15
0.01: MET_Broker: Sending Cloudlet #150 to Vm #15
0.01: MET_Broker: Sending Cloudlet #151 to Vm #15
0.01: MET_Broker: Sending Cloudlet #152 to Vm #15
0.01: MET_Broker: Sending Cloudlet #153 to Vm #15
0.01: MET_Broker: Sending Cloudlet #154 to Vm #15
0.01: MET_Broker: Sending Cloudlet #155 to Vm #15
0.01: MET_Broker: Sending Cloudlet #156 to Vm #15
0.01: MET_Broker: Sending Cloudlet #157 to Vm #15
0.01: MET_Broker: Sending Cloudlet #158 to Vm #15
0.01: MET_Broker: Sending Cloudlet #159 to Vm #15
0.01: MET_Broker: Sending Cloudlet #160 to Vm #15
0.01: MET_Broker: Sending Cloudlet #161 to Vm #15
0.01: MET_Broker: Sending Cloudlet #162 to Vm #15
0.01: MET_Broker: Sending Cloudlet #163 to Vm #15
0.01: MET_Broker: Sending Cloudlet #164 to Vm #15
0.01: MET_Broker: Sending Cloudlet #165 to Vm #15
0.01: MET_Broker: Sending Cloudlet #166 to Vm #15
0.01: MET_Broker: Sending Cloudlet #167 to Vm #15
0.01: MET_Broker: Sending Cloudlet #168 to Vm #15
0.01: MET_Broker: Sending Cloudlet #169 to Vm #15
0.01: MET_Broker: Sending Cloudlet #170 to Vm #15
0.01: MET_Broker: Sending Cloudlet #171 to Vm #15
0.01: MET_Broker: Sending Cloudlet #172 to Vm #15
0.01: MET_Broker: Sending Cloudlet #173 to Vm #15
0.01: MET_Broker: Sending Cloudlet #174 to Vm #15
0.01: MET_Broker: Sending Cloudlet #175 to Vm #15
0.01: MET_Broker: Sending Cloudlet #176 to Vm #15
0.01: MET_Broker: Sending Cloudlet #177 to Vm #15
0.01: MET_Broker: Sending Cloudlet #178 to Vm #15
0.01: MET_Broker: Sending Cloudlet #179 to Vm #15
0.01: MET_Broker: Sending Cloudlet #180 to Vm #15
0.01: MET_Broker: Sending Cloudlet #181 to Vm #15
0.01: MET_Broker: Sending Cloudlet #182 to Vm #15
0.01: MET_Broker: Sending Cloudlet #183 to Vm #15
0.01: MET_Broker: Sending Cloudlet #184 to Vm #15
0.01: MET_Broker: Sending Cloudlet #185 to Vm #15
0.01: MET_Broker: Sending Cloudlet #186 to Vm #15
0.01: MET_Broker: Sending Cloudlet #187 to Vm #15
0.01: MET_Broker: Sending Cloudlet #188 to Vm #15
0.01: MET_Broker: Sending Cloudlet #189 to Vm #15
0.01: MET_Broker: Sending Cloudlet #190 to Vm #15
0.01: MET_Broker: Sending Cloudlet #191 to Vm #15
0.01: MET_Broker: Sending Cloudlet #192 to Vm #15
0.01: MET_Broker: Sending Cloudlet #193 to Vm #15
0.01: MET_Broker: Sending Cloudlet #194 to Vm #15
0.01: MET_Broker: Sending Cloudlet #195 to Vm #15
0.01: MET_Broker: Sending Cloudlet #196 to Vm #15
0.01: MET_Broker: Sending Cloudlet #197 to Vm #15
0.01: MET_Broker: Sending Cloudlet #198 to Vm #15
0.01: MET_Broker: Sending Cloudlet #199 to Vm #15
0.01: MET_Broker: Sending Cloudlet #200 to Vm #15
0.01: MET_Broker: Sending Cloudlet #201 to Vm #15
0.01: MET_Broker: Sending Cloudlet #202 to Vm #15
0.01: MET_Broker: Sending Cloudlet #203 to Vm #15
0.01: MET_Broker: Sending Cloudlet #204 to Vm #15
0.01: MET_Broker: Sending Cloudlet #205 to Vm #15
0.01: MET_Broker: Sending Cloudlet #206 to Vm #15
0.01: MET_Broker: Sending Cloudlet #207 to Vm #15
0.01: MET_Broker: Sending Cloudlet #208 to Vm #15
0.01: MET_Broker: Sending Cloudlet #209 to Vm #15
0.01: MET_Broker: Sending Cloudlet #210 to Vm #15
0.01: MET_Broker: Sending Cloudlet #211 to Vm #15
0.01: MET_Broker: Sending Cloudlet #212 to Vm #15
0.01: MET_Broker: Sending Cloudlet #213 to Vm #15
0.01: MET_Broker: Sending Cloudlet #214 to Vm #15
0.01: MET_Broker: Sending Cloudlet #215 to Vm #15
0.01: MET_Broker: Sending Cloudlet #216 to Vm #15
0.01: MET_Broker: Sending Cloudlet #217 to Vm #15
0.01: MET_Broker: Sending Cloudlet #218 to Vm #15
0.01: MET_Broker: Sending Cloudlet #219 to Vm #15
0.01: MET_Broker: Sending Cloudlet #220 to Vm #15
0.01: MET_Broker: Sending Cloudlet #221 to Vm #15
0.01: MET_Broker: Sending Cloudlet #222 to Vm #15
0.01: MET_Broker: Sending Cloudlet #223 to Vm #15
0.01: MET_Broker: Sending Cloudlet #224 to Vm #15
0.01: MET_Broker: Sending Cloudlet #225 to Vm #15
0.01: MET_Broker: Sending Cloudlet #226 to Vm #15
0.01: MET_Broker: Sending Cloudlet #227 to Vm #15
0.01: MET_Broker: Sending Cloudlet #228 to Vm #15
0.01: MET_Broker: Sending Cloudlet #229 to Vm #15
0.01: MET_Broker: Sending Cloudlet #230 to Vm #15
0.01: MET_Broker: Sending Cloudlet #231 to Vm #15
0.01: MET_Broker: Sending Cloudlet #232 to Vm #15
0.01: MET_Broker: Sending Cloudlet #233 to Vm #15
0.01: MET_Broker: Sending Cloudlet #234 to Vm #15
0.01: MET_Broker: Sending Cloudlet #235 to Vm #15
0.01: MET_Broker: Sending Cloudlet #236 to Vm #15
0.01: MET_Broker: Sending Cloudlet #237 to Vm #15
0.01: MET_Broker: Sending Cloudlet #238 to Vm #15
0.01: MET_Broker: Sending Cloudlet #239 to Vm #15
0.01: MET_Broker: Sending Cloudlet #240 to Vm #15
0.01: MET_Broker: Sending Cloudlet #241 to Vm #15
0.01: MET_Broker: Sending Cloudlet #242 to Vm #15
0.01: MET_Broker: Sending Cloudlet #243 to Vm #15
0.01: MET_Broker: Sending Cloudlet #244 to Vm #15
0.01: MET_Broker: Sending Cloudlet #245 to Vm #15
0.01: MET_Broker: Sending Cloudlet #246 to Vm #15
0.01: MET_Broker: Sending Cloudlet #247 to Vm #15
0.01: MET_Broker: Sending Cloudlet #248 to Vm #15
0.01: MET_Broker: Sending Cloudlet #249 to Vm #15
0.01: MET_Broker: Sending Cloudlet #250 to Vm #15
0.01: MET_Broker: Sending Cloudlet #251 to Vm #15
0.01: MET_Broker: Sending Cloudlet #252 to Vm #15
0.01: MET_Broker: Sending Cloudlet #253 to Vm #15
0.01: MET_Broker: Sending Cloudlet #254 to Vm #15
0.01: MET_Broker: Sending Cloudlet #255 to Vm #15
0.01: MET_Broker: Sending Cloudlet #256 to Vm #15
0.01: MET_Broker: Sending Cloudlet #257 to Vm #15
0.01: MET_Broker: Sending Cloudlet #258 to Vm #15
0.01: MET_Broker: Sending Cloudlet #259 to Vm #15
0.01: MET_Broker: Sending Cloudlet #260 to Vm #15
0.01: MET_Broker: Sending Cloudlet #261 to Vm #15
0.01: MET_Broker: Sending Cloudlet #262 to Vm #15
0.01: MET_Broker: Sending Cloudlet #263 to Vm #15
0.01: MET_Broker: Sending Cloudlet #264 to Vm #15
0.01: MET_Broker: Sending Cloudlet #265 to Vm #15
0.01: MET_Broker: Sending Cloudlet #266 to Vm #15
0.01: MET_Broker: Sending Cloudlet #267 to Vm #15
0.01: MET_Broker: Sending Cloudlet #268 to Vm #15
0.01: MET_Broker: Sending Cloudlet #269 to Vm #15
0.01: MET_Broker: Sending Cloudlet #270 to Vm #15
0.01: MET_Broker: Sending Cloudlet #271 to Vm #15
0.01: MET_Broker: Sending Cloudlet #272 to Vm #15
0.01: MET_Broker: Sending Cloudlet #273 to Vm #15
0.01: MET_Broker: Sending Cloudlet #274 to Vm #15
0.01: MET_Broker: Sending Cloudlet #275 to Vm #15
0.01: MET_Broker: Sending Cloudlet #276 to Vm #15
0.01: MET_Broker: Sending Cloudlet #277 to Vm #15
0.01: MET_Broker: Sending Cloudlet #278 to Vm #15
0.01: MET_Broker: Sending Cloudlet #279 to Vm #15
0.01: MET_Broker: Sending Cloudlet #280 to Vm #15
0.01: MET_Broker: Sending Cloudlet #281 to Vm #15
0.01: MET_Broker: Sending Cloudlet #282 to Vm #15
0.01: MET_Broker: Sending Cloudlet #283 to Vm #15
0.01: MET_Broker: Sending Cloudlet #284 to Vm #15
0.01: MET_Broker: Sending Cloudlet #285 to Vm #15
0.01: MET_Broker: Sending Cloudlet #286 to Vm #15
0.01: MET_Broker: Sending Cloudlet #287 to Vm #15
0.01: MET_Broker: Sending Cloudlet #288 to Vm #15
0.01: MET_Broker: Sending Cloudlet #289 to Vm #15
0.01: MET_Broker: Sending Cloudlet #290 to Vm #15
0.01: MET_Broker: Sending Cloudlet #291 to Vm #15
0.01: MET_Broker: Sending Cloudlet #292 to Vm #15
0.01: MET_Broker: Sending Cloudlet #293 to Vm #15
0.01: MET_Broker: Sending Cloudlet #294 to Vm #15
0.01: MET_Broker: Sending Cloudlet #295 to Vm #15
0.01: MET_Broker: Sending Cloudlet #296 to Vm #15
0.01: MET_Broker: Sending Cloudlet #297 to Vm #15
0.01: MET_Broker: Sending Cloudlet #298 to Vm #15
0.01: MET_Broker: Sending Cloudlet #299 to Vm #15
0.01: MET_Broker: Sending Cloudlet #300 to Vm #15
0.01: MET_Broker: Sending Cloudlet #301 to Vm #15
0.01: MET_Broker: Sending Cloudlet #302 to Vm #15
0.01: MET_Broker: Sending Cloudlet #303 to Vm #15
0.01: MET_Broker: Sending Cloudlet #304 to Vm #15
0.01: MET_Broker: Sending Cloudlet #305 to Vm #15
0.01: MET_Broker: Sending Cloudlet #306 to Vm #15
0.01: MET_Broker: Sending Cloudlet #307 to Vm #15
0.01: MET_Broker: Sending Cloudlet #308 to Vm #15
0.01: MET_Broker: Sending Cloudlet #309 to Vm #15
0.01: MET_Broker: Sending Cloudlet #310 to Vm #15
0.01: MET_Broker: Sending Cloudlet #311 to Vm #15
0.01: MET_Broker: Sending Cloudlet #312 to Vm #15
0.01: MET_Broker: Sending Cloudlet #313 to Vm #15
0.01: MET_Broker: Sending Cloudlet #314 to Vm #15
0.01: MET_Broker: Sending Cloudlet #315 to Vm #15
0.01: MET_Broker: Sending Cloudlet #316 to Vm #15
0.01: MET_Broker: Sending Cloudlet #317 to Vm #15
0.01: MET_Broker: Sending Cloudlet #318 to Vm #15
0.01: MET_Broker: Sending Cloudlet #319 to Vm #15
0.01: MET_Broker: Sending Cloudlet #320 to Vm #15
0.01: MET_Broker: Sending Cloudlet #321 to Vm #15
0.01: MET_Broker: Sending Cloudlet #322 to Vm #15
0.01: MET_Broker: Sending Cloudlet #323 to Vm #15
0.01: MET_Broker: Sending Cloudlet #324 to Vm #15
0.01: MET_Broker: Sending Cloudlet #325 to Vm #15
0.01: MET_Broker: Sending Cloudlet #326 to Vm #15
0.01: MET_Broker: Sending Cloudlet #327 to Vm #15
0.01: MET_Broker: Sending Cloudlet #328 to Vm #15
0.01: MET_Broker: Sending Cloudlet #329 to Vm #15
0.01: MET_Broker: Sending Cloudlet #330 to Vm #15
0.01: MET_Broker: Sending Cloudlet #331 to Vm #15
0.01: MET_Broker: Sending Cloudlet #332 to Vm #15
0.01: MET_Broker: Sending Cloudlet #333 to Vm #15
0.01: MET_Broker: Sending Cloudlet #334 to Vm #15
0.01: MET_Broker: Sending Cloudlet #335 to Vm #15
0.01: MET_Broker: Sending Cloudlet #336 to Vm #15
0.01: MET_Broker: Sending Cloudlet #337 to Vm #15
0.01: MET_Broker: Sending Cloudlet #338 to Vm #15
0.01: MET_Broker: Sending Cloudlet #339 to Vm #15
0.01: MET_Broker: Sending Cloudlet #340 to Vm #15
0.01: MET_Broker: Sending Cloudlet #341 to Vm #15
0.01: MET_Broker: Sending Cloudlet #342 to Vm #15
0.01: MET_Broker: Sending Cloudlet #343 to Vm #15
0.01: MET_Broker: Sending Cloudlet #344 to Vm #15
0.01: MET_Broker: Sending Cloudlet #345 to Vm #15
0.01: MET_Broker: Sending Cloudlet #346 to Vm #15
0.01: MET_Broker: Sending Cloudlet #347 to Vm #15
0.01: MET_Broker: Sending Cloudlet #348 to Vm #15
0.01: MET_Broker: Sending Cloudlet #349 to Vm #15
0.01: MET_Broker: Sending Cloudlet #350 to Vm #15
0.01: MET_Broker: Sending Cloudlet #351 to Vm #15
0.01: MET_Broker: Sending Cloudlet #352 to Vm #15
0.01: MET_Broker: Sending Cloudlet #353 to Vm #15
0.01: MET_Broker: Sending Cloudlet #354 to Vm #15
0.01: MET_Broker: Sending Cloudlet #355 to Vm #15
0.01: MET_Broker: Sending Cloudlet #356 to Vm #15
0.01: MET_Broker: Sending Cloudlet #357 to Vm #15
0.01: MET_Broker: Sending Cloudlet #358 to Vm #15
0.01: MET_Broker: Sending Cloudlet #359 to Vm #15
0.01: MET_Broker: Sending Cloudlet #360 to Vm #15
0.01: MET_Broker: Sending Cloudlet #361 to Vm #15
0.01: MET_Broker: Sending Cloudlet #362 to Vm #15
0.01: MET_Broker: Sending Cloudlet #363 to Vm #15
0.01: MET_Broker: Sending Cloudlet #364 to Vm #15
0.01: MET_Broker: Sending Cloudlet #365 to Vm #15
0.01: MET_Broker: Sending Cloudlet #366 to Vm #15
0.01: MET_Broker: Sending Cloudlet #367 to Vm #15
0.01: MET_Broker: Sending Cloudlet #368 to Vm #15
0.01: MET_Broker: Sending Cloudlet #369 to Vm #15
0.01: MET_Broker: Sending Cloudlet #370 to Vm #15
0.01: MET_Broker: Sending Cloudlet #371 to Vm #15
0.01: MET_Broker: Sending Cloudlet #372 to Vm #15
0.01: MET_Broker: Sending Cloudlet #373 to Vm #15
0.01: MET_Broker: Sending Cloudlet #374 to Vm #15
0.01: MET_Broker: Sending Cloudlet #375 to Vm #15
0.01: MET_Broker: Sending Cloudlet #376 to Vm #15
0.01: MET_Broker: Sending Cloudlet #377 to Vm #15
0.01: MET_Broker: Sending Cloudlet #378 to Vm #15
0.01: MET_Broker: Sending Cloudlet #379 to Vm #15
0.01: MET_Broker: Sending Cloudlet #380 to Vm #15
0.01: MET_Broker: Sending Cloudlet #381 to Vm #15
0.01: MET_Broker: Sending Cloudlet #382 to Vm #15
0.01: MET_Broker: Sending Cloudlet #383 to Vm #15
0.01: MET_Broker: Sending Cloudlet #384 to Vm #15
0.01: MET_Broker: Sending Cloudlet #385 to Vm #15
0.01: MET_Broker: Sending Cloudlet #386 to Vm #15
0.01: MET_Broker: Sending Cloudlet #387 to Vm #15
0.01: MET_Broker: Sending Cloudlet #388 to Vm #15
0.01: MET_Broker: Sending Cloudlet #389 to Vm #15
0.01: MET_Broker: Sending Cloudlet #390 to Vm #15
0.01: MET_Broker: Sending Cloudlet #391 to Vm #15
0.01: MET_Broker: Sending Cloudlet #392 to Vm #15
0.01: MET_Broker: Sending Cloudlet #393 to Vm #15
0.01: MET_Broker: Sending Cloudlet #394 to Vm #15
0.01: MET_Broker: Sending Cloudlet #395 to Vm #15
0.01: MET_Broker: Sending Cloudlet #396 to Vm #15
0.01: MET_Broker: Sending Cloudlet #397 to Vm #15
0.01: MET_Broker: Sending Cloudlet #398 to Vm #15
0.01: MET_Broker: Sending Cloudlet #399 to Vm #15
0.01: MET_Broker: Sending Cloudlet #400 to Vm #15
0.01: MET_Broker: Sending Cloudlet #401 to Vm #15
0.01: MET_Broker: Sending Cloudlet #402 to Vm #15
0.01: MET_Broker: Sending Cloudlet #403 to Vm #15
0.01: MET_Broker: Sending Cloudlet #404 to Vm #15
0.01: MET_Broker: Sending Cloudlet #405 to Vm #15
0.01: MET_Broker: Sending Cloudlet #406 to Vm #15
0.01: MET_Broker: Sending Cloudlet #407 to Vm #15
0.01: MET_Broker: Sending Cloudlet #408 to Vm #15
0.01: MET_Broker: Sending Cloudlet #409 to Vm #15
0.01: MET_Broker: Sending Cloudlet #410 to Vm #15
0.01: MET_Broker: Sending Cloudlet #411 to Vm #15
0.01: MET_Broker: Sending Cloudlet #412 to Vm #15
0.01: MET_Broker: Sending Cloudlet #413 to Vm #15
0.01: MET_Broker: Sending Cloudlet #414 to Vm #15
0.01: MET_Broker: Sending Cloudlet #415 to Vm #15
0.01: MET_Broker: Sending Cloudlet #416 to Vm #15
0.01: MET_Broker: Sending Cloudlet #417 to Vm #15
0.01: MET_Broker: Sending Cloudlet #418 to Vm #15
0.01: MET_Broker: Sending Cloudlet #419 to Vm #15
0.01: MET_Broker: Sending Cloudlet #420 to Vm #15
0.01: MET_Broker: Sending Cloudlet #421 to Vm #15
0.01: MET_Broker: Sending Cloudlet #422 to Vm #15
0.01: MET_Broker: Sending Cloudlet #423 to Vm #15
0.01: MET_Broker: Sending Cloudlet #424 to Vm #15
0.01: MET_Broker: Sending Cloudlet #425 to Vm #15
0.01: MET_Broker: Sending Cloudlet #426 to Vm #15
0.01: MET_Broker: Sending Cloudlet #427 to Vm #15
0.01: MET_Broker: Sending Cloudlet #428 to Vm #15
0.01: MET_Broker: Sending Cloudlet #429 to Vm #15
0.01: MET_Broker: Sending Cloudlet #430 to Vm #15
0.01: MET_Broker: Sending Cloudlet #431 to Vm #15
0.01: MET_Broker: Sending Cloudlet #432 to Vm #15
0.01: MET_Broker: Sending Cloudlet #433 to Vm #15
0.01: MET_Broker: Sending Cloudlet #434 to Vm #15
0.01: MET_Broker: Sending Cloudlet #435 to Vm #15
0.01: MET_Broker: Sending Cloudlet #436 to Vm #15
0.01: MET_Broker: Sending Cloudlet #437 to Vm #15
0.01: MET_Broker: Sending Cloudlet #438 to Vm #15
0.01: MET_Broker: Sending Cloudlet #439 to Vm #15
0.01: MET_Broker: Sending Cloudlet #440 to Vm #15
0.01: MET_Broker: Sending Cloudlet #441 to Vm #15
0.01: MET_Broker: Sending Cloudlet #442 to Vm #15
0.01: MET_Broker: Sending Cloudlet #443 to Vm #15
0.01: MET_Broker: Sending Cloudlet #444 to Vm #15
0.01: MET_Broker: Sending Cloudlet #445 to Vm #15
0.01: MET_Broker: Sending Cloudlet #446 to Vm #15
0.01: MET_Broker: Sending Cloudlet #447 to Vm #15
0.01: MET_Broker: Sending Cloudlet #448 to Vm #15
0.01: MET_Broker: Sending Cloudlet #449 to Vm #15
0.01: MET_Broker: Sending Cloudlet #450 to Vm #15
0.01: MET_Broker: Sending Cloudlet #451 to Vm #15
0.01: MET_Broker: Sending Cloudlet #452 to Vm #15
0.01: MET_Broker: Sending Cloudlet #453 to Vm #15
0.01: MET_Broker: Sending Cloudlet #454 to Vm #15
0.01: MET_Broker: Sending Cloudlet #455 to Vm #15
0.01: MET_Broker: Sending Cloudlet #456 to Vm #15
0.01: MET_Broker: Sending Cloudlet #457 to Vm #15
0.01: MET_Broker: Sending Cloudlet #458 to Vm #15
0.01: MET_Broker: Sending Cloudlet #459 to Vm #15
0.01: MET_Broker: Sending Cloudlet #460 to Vm #15
0.01: MET_Broker: Sending Cloudlet #461 to Vm #15
0.01: MET_Broker: Sending Cloudlet #462 to Vm #15
0.01: MET_Broker: Sending Cloudlet #463 to Vm #15
0.01: MET_Broker: Sending Cloudlet #464 to Vm #15
0.01: MET_Broker: Sending Cloudlet #465 to Vm #15
0.01: MET_Broker: Sending Cloudlet #466 to Vm #15
0.01: MET_Broker: Sending Cloudlet #467 to Vm #15
0.01: MET_Broker: Sending Cloudlet #468 to Vm #15
0.01: MET_Broker: Sending Cloudlet #469 to Vm #15
0.01: MET_Broker: Sending Cloudlet #470 to Vm #15
0.01: MET_Broker: Sending Cloudlet #471 to Vm #15
0.01: MET_Broker: Sending Cloudlet #472 to Vm #15
0.01: MET_Broker: Sending Cloudlet #473 to Vm #15
0.01: MET_Broker: Sending Cloudlet #474 to Vm #15
0.01: MET_Broker: Sending Cloudlet #475 to Vm #15
0.01: MET_Broker: Sending Cloudlet #476 to Vm #15
0.01: MET_Broker: Sending Cloudlet #477 to Vm #15
0.01: MET_Broker: Sending Cloudlet #478 to Vm #15
0.01: MET_Broker: Sending Cloudlet #479 to Vm #15
0.01: MET_Broker: Sending Cloudlet #480 to Vm #15
0.01: MET_Broker: Sending Cloudlet #481 to Vm #15
0.01: MET_Broker: Sending Cloudlet #482 to Vm #15
0.01: MET_Broker: Sending Cloudlet #483 to Vm #15
0.01: MET_Broker: Sending Cloudlet #484 to Vm #15
0.01: MET_Broker: Sending Cloudlet #485 to Vm #15
0.01: MET_Broker: Sending Cloudlet #486 to Vm #15
0.01: MET_Broker: Sending Cloudlet #487 to Vm #15
0.01: MET_Broker: Sending Cloudlet #488 to Vm #15
0.01: MET_Broker: Sending Cloudlet #489 to Vm #15
0.01: MET_Broker: Sending Cloudlet #490 to Vm #15
0.01: MET_Broker: Sending Cloudlet #491 to Vm #15
0.01: MET_Broker: Sending Cloudlet #492 to Vm #15
0.01: MET_Broker: Sending Cloudlet #493 to Vm #15
0.01: MET_Broker: Sending Cloudlet #494 to Vm #15
0.01: MET_Broker: Sending Cloudlet #495 to Vm #15
0.01: MET_Broker: Sending Cloudlet #496 to Vm #15
0.01: MET_Broker: Sending Cloudlet #497 to Vm #15
0.01: MET_Broker: Sending Cloudlet #498 to Vm #15
0.01: MET_Broker: Sending Cloudlet #499 to Vm #15
0.01: MET_Broker: Sending Cloudlet #500 to Vm #15
0.01: MET_Broker: Sending Cloudlet #501 to Vm #15
0.01: MET_Broker: Sending Cloudlet #502 to Vm #15
0.01: MET_Broker: Sending Cloudlet #503 to Vm #15
0.01: MET_Broker: Sending Cloudlet #504 to Vm #15
0.01: MET_Broker: Sending Cloudlet #505 to Vm #15
0.01: MET_Broker: Sending Cloudlet #506 to Vm #15
0.01: MET_Broker: Sending Cloudlet #507 to Vm #15
0.01: MET_Broker: Sending Cloudlet #508 to Vm #15
0.01: MET_Broker: Sending Cloudlet #509 to Vm #15
0.01: MET_Broker: Sending Cloudlet #510 to Vm #15
0.01: MET_Broker: Sending Cloudlet #511 to Vm #15
0.01: MET_Broker: Sending Cloudlet #512 to Vm #15
0.01: MET_Broker: Sending Cloudlet #513 to Vm #15
0.01: MET_Broker: Sending Cloudlet #514 to Vm #15
0.01: MET_Broker: Sending Cloudlet #515 to Vm #15
0.01: MET_Broker: Sending Cloudlet #516 to Vm #15
0.01: MET_Broker: Sending Cloudlet #517 to Vm #15
0.01: MET_Broker: Sending Cloudlet #518 to Vm #15
0.01: MET_Broker: Sending Cloudlet #519 to Vm #15
0.01: MET_Broker: Sending Cloudlet #520 to Vm #15
0.01: MET_Broker: Sending Cloudlet #521 to Vm #15
0.01: MET_Broker: Sending Cloudlet #522 to Vm #15
0.01: MET_Broker: Sending Cloudlet #523 to Vm #15
0.01: MET_Broker: Sending Cloudlet #524 to Vm #15
0.01: MET_Broker: Sending Cloudlet #525 to Vm #15
0.01: MET_Broker: Sending Cloudlet #526 to Vm #15
0.01: MET_Broker: Sending Cloudlet #527 to Vm #15
0.01: MET_Broker: Sending Cloudlet #528 to Vm #15
0.01: MET_Broker: Sending Cloudlet #529 to Vm #15
0.01: MET_Broker: Sending Cloudlet #530 to Vm #15
0.01: MET_Broker: Sending Cloudlet #531 to Vm #15
0.01: MET_Broker: Sending Cloudlet #532 to Vm #15
0.01: MET_Broker: Sending Cloudlet #533 to Vm #15
0.01: MET_Broker: Sending Cloudlet #534 to Vm #15
0.01: MET_Broker: Sending Cloudlet #535 to Vm #15
0.01: MET_Broker: Sending Cloudlet #536 to Vm #15
0.01: MET_Broker: Sending Cloudlet #537 to Vm #15
0.01: MET_Broker: Sending Cloudlet #538 to Vm #15
0.01: MET_Broker: Sending Cloudlet #539 to Vm #15
0.01: MET_Broker: Sending Cloudlet #540 to Vm #15
0.01: MET_Broker: Sending Cloudlet #541 to Vm #15
0.01: MET_Broker: Sending Cloudlet #542 to Vm #15
0.01: MET_Broker: Sending Cloudlet #543 to Vm #15
0.01: MET_Broker: Sending Cloudlet #544 to Vm #15
0.01: MET_Broker: Sending Cloudlet #545 to Vm #15
0.01: MET_Broker: Sending Cloudlet #546 to Vm #15
0.01: MET_Broker: Sending Cloudlet #547 to Vm #15
0.01: MET_Broker: Sending Cloudlet #548 to Vm #15
0.01: MET_Broker: Sending Cloudlet #549 to Vm #15
0.01: MET_Broker: Sending Cloudlet #550 to Vm #15
0.01: MET_Broker: Sending Cloudlet #551 to Vm #15
0.01: MET_Broker: Sending Cloudlet #552 to Vm #15
0.01: MET_Broker: Sending Cloudlet #553 to Vm #15
0.01: MET_Broker: Sending Cloudlet #554 to Vm #15
0.01: MET_Broker: Sending Cloudlet #555 to Vm #15
0.01: MET_Broker: Sending Cloudlet #556 to Vm #15
0.01: MET_Broker: Sending Cloudlet #557 to Vm #15
0.01: MET_Broker: Sending Cloudlet #558 to Vm #15
0.01: MET_Broker: Sending Cloudlet #559 to Vm #15
0.01: MET_Broker: Sending Cloudlet #560 to Vm #15
0.01: MET_Broker: Sending Cloudlet #561 to Vm #15
0.01: MET_Broker: Sending Cloudlet #562 to Vm #15
0.01: MET_Broker: Sending Cloudlet #563 to Vm #15
0.01: MET_Broker: Sending Cloudlet #564 to Vm #15
0.01: MET_Broker: Sending Cloudlet #565 to Vm #15
0.01: MET_Broker: Sending Cloudlet #566 to Vm #15
0.01: MET_Broker: Sending Cloudlet #567 to Vm #15
0.01: MET_Broker: Sending Cloudlet #568 to Vm #15
0.01: MET_Broker: Sending Cloudlet #569 to Vm #15
0.01: MET_Broker: Sending Cloudlet #570 to Vm #15
0.01: MET_Broker: Sending Cloudlet #571 to Vm #15
0.01: MET_Broker: Sending Cloudlet #572 to Vm #15
0.01: MET_Broker: Sending Cloudlet #573 to Vm #15
0.01: MET_Broker: Sending Cloudlet #574 to Vm #15
0.01: MET_Broker: Sending Cloudlet #575 to Vm #15
0.01: MET_Broker: Sending Cloudlet #576 to Vm #15
0.01: MET_Broker: Sending Cloudlet #577 to Vm #15
0.01: MET_Broker: Sending Cloudlet #578 to Vm #15
0.01: MET_Broker: Sending Cloudlet #579 to Vm #15
0.01: MET_Broker: Sending Cloudlet #580 to Vm #15
0.01: MET_Broker: Sending Cloudlet #581 to Vm #15
0.01: MET_Broker: Sending Cloudlet #582 to Vm #15
0.01: MET_Broker: Sending Cloudlet #583 to Vm #15
0.01: MET_Broker: Sending Cloudlet #584 to Vm #15
0.01: MET_Broker: Sending Cloudlet #585 to Vm #15
0.01: MET_Broker: Sending Cloudlet #586 to Vm #15
0.01: MET_Broker: Sending Cloudlet #587 to Vm #15
0.01: MET_Broker: Sending Cloudlet #588 to Vm #15
0.01: MET_Broker: Sending Cloudlet #589 to Vm #15
0.01: MET_Broker: Sending Cloudlet #590 to Vm #15
0.01: MET_Broker: Sending Cloudlet #591 to Vm #15
0.01: MET_Broker: Sending Cloudlet #592 to Vm #15
0.01: MET_Broker: Sending Cloudlet #593 to Vm #15
0.01: MET_Broker: Sending Cloudlet #594 to Vm #15
0.01: MET_Broker: Sending Cloudlet #595 to Vm #15
0.01: MET_Broker: Sending Cloudlet #596 to Vm #15
0.01: MET_Broker: Sending Cloudlet #597 to Vm #15
0.01: MET_Broker: Sending Cloudlet #598 to Vm #15
0.01: MET_Broker: Sending Cloudlet #599 to Vm #15
0.01: MET_Broker: Sending Cloudlet #600 to Vm #15
0.01: MET_Broker: Sending Cloudlet #601 to Vm #15
0.01: MET_Broker: Sending Cloudlet #602 to Vm #15
0.01: MET_Broker: Sending Cloudlet #603 to Vm #15
0.01: MET_Broker: Sending Cloudlet #604 to Vm #15
0.01: MET_Broker: Sending Cloudlet #605 to Vm #15
0.01: MET_Broker: Sending Cloudlet #606 to Vm #15
0.01: MET_Broker: Sending Cloudlet #607 to Vm #15
0.01: MET_Broker: Sending Cloudlet #608 to Vm #15
0.01: MET_Broker: Sending Cloudlet #609 to Vm #15
0.01: MET_Broker: Sending Cloudlet #610 to Vm #15
0.01: MET_Broker: Sending Cloudlet #611 to Vm #15
0.01: MET_Broker: Sending Cloudlet #612 to Vm #15
0.01: MET_Broker: Sending Cloudlet #613 to Vm #15
0.01: MET_Broker: Sending Cloudlet #614 to Vm #15
0.01: MET_Broker: Sending Cloudlet #615 to Vm #15
0.01: MET_Broker: Sending Cloudlet #616 to Vm #15
0.01: MET_Broker: Sending Cloudlet #617 to Vm #15
0.01: MET_Broker: Sending Cloudlet #618 to Vm #15
0.01: MET_Broker: Sending Cloudlet #619 to Vm #15
0.01: MET_Broker: Sending Cloudlet #620 to Vm #15
0.01: MET_Broker: Sending Cloudlet #621 to Vm #15
0.01: MET_Broker: Sending Cloudlet #622 to Vm #15
0.01: MET_Broker: Sending Cloudlet #623 to Vm #15
0.01: MET_Broker: Sending Cloudlet #624 to Vm #15
0.01: MET_Broker: Sending Cloudlet #625 to Vm #15
0.01: MET_Broker: Sending Cloudlet #626 to Vm #15
0.01: MET_Broker: Sending Cloudlet #627 to Vm #15
0.01: MET_Broker: Sending Cloudlet #628 to Vm #15
0.01: MET_Broker: Sending Cloudlet #629 to Vm #15
0.01: MET_Broker: Sending Cloudlet #630 to Vm #15
0.01: MET_Broker: Sending Cloudlet #631 to Vm #15
0.01: MET_Broker: Sending Cloudlet #632 to Vm #15
0.01: MET_Broker: Sending Cloudlet #633 to Vm #15
0.01: MET_Broker: Sending Cloudlet #634 to Vm #15
0.01: MET_Broker: Sending Cloudlet #635 to Vm #15
0.01: MET_Broker: Sending Cloudlet #636 to Vm #15
0.01: MET_Broker: Sending Cloudlet #637 to Vm #15
0.01: MET_Broker: Sending Cloudlet #638 to Vm #15
0.01: MET_Broker: Sending Cloudlet #639 to Vm #15
0.01: MET_Broker: Sending Cloudlet #640 to Vm #15
0.01: MET_Broker: Sending Cloudlet #641 to Vm #15
0.01: MET_Broker: Sending Cloudlet #642 to Vm #15
0.01: MET_Broker: Sending Cloudlet #643 to Vm #15
0.01: MET_Broker: Sending Cloudlet #644 to Vm #15
0.01: MET_Broker: Sending Cloudlet #645 to Vm #15
0.01: MET_Broker: Sending Cloudlet #646 to Vm #15
0.01: MET_Broker: Sending Cloudlet #647 to Vm #15
0.01: MET_Broker: Sending Cloudlet #648 to Vm #15
0.01: MET_Broker: Sending Cloudlet #649 to Vm #15
0.01: MET_Broker: Sending Cloudlet #650 to Vm #15
0.01: MET_Broker: Sending Cloudlet #651 to Vm #15
0.01: MET_Broker: Sending Cloudlet #652 to Vm #15
0.01: MET_Broker: Sending Cloudlet #653 to Vm #15
0.01: MET_Broker: Sending Cloudlet #654 to Vm #15
0.01: MET_Broker: Sending Cloudlet #655 to Vm #15
0.01: MET_Broker: Sending Cloudlet #656 to Vm #15
0.01: MET_Broker: Sending Cloudlet #657 to Vm #15
0.01: MET_Broker: Sending Cloudlet #658 to Vm #15
0.01: MET_Broker: Sending Cloudlet #659 to Vm #15
0.01: MET_Broker: Sending Cloudlet #660 to Vm #15
0.01: MET_Broker: Sending Cloudlet #661 to Vm #15
0.01: MET_Broker: Sending Cloudlet #662 to Vm #15
0.01: MET_Broker: Sending Cloudlet #663 to Vm #15
0.01: MET_Broker: Sending Cloudlet #664 to Vm #15
0.01: MET_Broker: Sending Cloudlet #665 to Vm #15
0.01: MET_Broker: Sending Cloudlet #666 to Vm #15
0.01: MET_Broker: Sending Cloudlet #667 to Vm #15
0.01: MET_Broker: Sending Cloudlet #668 to Vm #15
0.01: MET_Broker: Sending Cloudlet #669 to Vm #15
0.01: MET_Broker: Sending Cloudlet #670 to Vm #15
0.01: MET_Broker: Sending Cloudlet #671 to Vm #15
0.01: MET_Broker: Sending Cloudlet #672 to Vm #15
0.01: MET_Broker: Sending Cloudlet #673 to Vm #15
0.01: MET_Broker: Sending Cloudlet #674 to Vm #15
0.01: MET_Broker: Sending Cloudlet #675 to Vm #15
0.01: MET_Broker: Sending Cloudlet #676 to Vm #15
0.01: MET_Broker: Sending Cloudlet #677 to Vm #15
0.01: MET_Broker: Sending Cloudlet #678 to Vm #15
0.01: MET_Broker: Sending Cloudlet #679 to Vm #15
0.01: MET_Broker: Sending Cloudlet #680 to Vm #15
0.01: MET_Broker: Sending Cloudlet #681 to Vm #15
0.01: MET_Broker: Sending Cloudlet #682 to Vm #15
0.01: MET_Broker: Sending Cloudlet #683 to Vm #15
0.01: MET_Broker: Sending Cloudlet #684 to Vm #15
0.01: MET_Broker: Sending Cloudlet #685 to Vm #15
0.01: MET_Broker: Sending Cloudlet #686 to Vm #15
0.01: MET_Broker: Sending Cloudlet #687 to Vm #15
0.01: MET_Broker: Sending Cloudlet #688 to Vm #15
0.01: MET_Broker: Sending Cloudlet #689 to Vm #15
0.01: MET_Broker: Sending Cloudlet #690 to Vm #15
0.01: MET_Broker: Sending Cloudlet #691 to Vm #15
0.01: MET_Broker: Sending Cloudlet #692 to Vm #15
0.01: MET_Broker: Sending Cloudlet #693 to Vm #15
0.01: MET_Broker: Sending Cloudlet #694 to Vm #15
0.01: MET_Broker: Sending Cloudlet #695 to Vm #15
0.01: MET_Broker: Sending Cloudlet #696 to Vm #15
0.01: MET_Broker: Sending Cloudlet #697 to Vm #15
0.01: MET_Broker: Sending Cloudlet #698 to Vm #15
0.01: MET_Broker: Sending Cloudlet #699 to Vm #15
0.01: MET_Broker: Sending Cloudlet #700 to Vm #15
0.01: MET_Broker: Sending Cloudlet #701 to Vm #15
0.01: MET_Broker: Sending Cloudlet #702 to Vm #15
0.01: MET_Broker: Sending Cloudlet #703 to Vm #15
0.01: MET_Broker: Sending Cloudlet #704 to Vm #15
0.01: MET_Broker: Sending Cloudlet #705 to Vm #15
0.01: MET_Broker: Sending Cloudlet #706 to Vm #15
0.01: MET_Broker: Sending Cloudlet #707 to Vm #15
0.01: MET_Broker: Sending Cloudlet #708 to Vm #15
0.01: MET_Broker: Sending Cloudlet #709 to Vm #15
0.01: MET_Broker: Sending Cloudlet #710 to Vm #15
0.01: MET_Broker: Sending Cloudlet #711 to Vm #15
0.01: MET_Broker: Sending Cloudlet #712 to Vm #15
0.01: MET_Broker: Sending Cloudlet #713 to Vm #15
0.01: MET_Broker: Sending Cloudlet #714 to Vm #15
0.01: MET_Broker: Sending Cloudlet #715 to Vm #15
0.01: MET_Broker: Sending Cloudlet #716 to Vm #15
0.01: MET_Broker: Sending Cloudlet #717 to Vm #15
0.01: MET_Broker: Sending Cloudlet #718 to Vm #15
0.01: MET_Broker: Sending Cloudlet #719 to Vm #15
0.01: MET_Broker: Sending Cloudlet #720 to Vm #15
0.01: MET_Broker: Sending Cloudlet #721 to Vm #15
0.01: MET_Broker: Sending Cloudlet #722 to Vm #15
0.01: MET_Broker: Sending Cloudlet #723 to Vm #15
0.01: MET_Broker: Sending Cloudlet #724 to Vm #15
0.01: MET_Broker: Sending Cloudlet #725 to Vm #15
0.01: MET_Broker: Sending Cloudlet #726 to Vm #15
0.01: MET_Broker: Sending Cloudlet #727 to Vm #15
0.01: MET_Broker: Sending Cloudlet #728 to Vm #15
0.01: MET_Broker: Sending Cloudlet #729 to Vm #15
0.01: MET_Broker: Sending Cloudlet #730 to Vm #15
0.01: MET_Broker: Sending Cloudlet #731 to Vm #15
0.01: MET_Broker: Sending Cloudlet #732 to Vm #15
0.01: MET_Broker: Sending Cloudlet #733 to Vm #15
0.01: MET_Broker: Sending Cloudlet #734 to Vm #15
0.01: MET_Broker: Sending Cloudlet #735 to Vm #15
0.01: MET_Broker: Sending Cloudlet #736 to Vm #15
0.01: MET_Broker: Sending Cloudlet #737 to Vm #15
0.01: MET_Broker: Sending Cloudlet #738 to Vm #15
0.01: MET_Broker: Sending Cloudlet #739 to Vm #15
0.01: MET_Broker: Sending Cloudlet #740 to Vm #15
0.01: MET_Broker: Sending Cloudlet #741 to Vm #15
0.01: MET_Broker: Sending Cloudlet #742 to Vm #15
0.01: MET_Broker: Sending Cloudlet #743 to Vm #15
0.01: MET_Broker: Sending Cloudlet #744 to Vm #15
0.01: MET_Broker: Sending Cloudlet #745 to Vm #15
0.01: MET_Broker: Sending Cloudlet #746 to Vm #15
0.01: MET_Broker: Sending Cloudlet #747 to Vm #15
0.01: MET_Broker: Sending Cloudlet #748 to Vm #15
0.01: MET_Broker: Sending Cloudlet #749 to Vm #15
0.01: MET_Broker: Sending Cloudlet #750 to Vm #15
0.01: MET_Broker: Sending Cloudlet #751 to Vm #15
0.01: MET_Broker: Sending Cloudlet #752 to Vm #15
0.01: MET_Broker: Sending Cloudlet #753 to Vm #15
0.01: MET_Broker: Sending Cloudlet #754 to Vm #15
0.01: MET_Broker: Sending Cloudlet #755 to Vm #15
0.01: MET_Broker: Sending Cloudlet #756 to Vm #15
0.01: MET_Broker: Sending Cloudlet #757 to Vm #15
0.01: MET_Broker: Sending Cloudlet #758 to Vm #15
0.01: MET_Broker: Sending Cloudlet #759 to Vm #15
0.01: MET_Broker: Sending Cloudlet #760 to Vm #15
0.01: MET_Broker: Sending Cloudlet #761 to Vm #15
0.01: MET_Broker: Sending Cloudlet #762 to Vm #15
0.01: MET_Broker: Sending Cloudlet #763 to Vm #15
0.01: MET_Broker: Sending Cloudlet #764 to Vm #15
0.01: MET_Broker: Sending Cloudlet #765 to Vm #15
0.01: MET_Broker: Sending Cloudlet #766 to Vm #15
0.01: MET_Broker: Sending Cloudlet #767 to Vm #15
0.01: MET_Broker: Sending Cloudlet #768 to Vm #15
0.01: MET_Broker: Sending Cloudlet #769 to Vm #15
0.01: MET_Broker: Sending Cloudlet #770 to Vm #15
0.01: MET_Broker: Sending Cloudlet #771 to Vm #15
0.01: MET_Broker: Sending Cloudlet #772 to Vm #15
0.01: MET_Broker: Sending Cloudlet #773 to Vm #15
0.01: MET_Broker: Sending Cloudlet #774 to Vm #15
0.01: MET_Broker: Sending Cloudlet #775 to Vm #15
0.01: MET_Broker: Sending Cloudlet #776 to Vm #15
0.01: MET_Broker: Sending Cloudlet #777 to Vm #15
0.01: MET_Broker: Sending Cloudlet #778 to Vm #15
0.01: MET_Broker: Sending Cloudlet #779 to Vm #15
0.01: MET_Broker: Sending Cloudlet #780 to Vm #15
0.01: MET_Broker: Sending Cloudlet #781 to Vm #15
0.01: MET_Broker: Sending Cloudlet #782 to Vm #15
0.01: MET_Broker: Sending Cloudlet #783 to Vm #15
0.01: MET_Broker: Sending Cloudlet #784 to Vm #15
0.01: MET_Broker: Sending Cloudlet #785 to Vm #15
0.01: MET_Broker: Sending Cloudlet #786 to Vm #15
0.01: MET_Broker: Sending Cloudlet #787 to Vm #15
0.01: MET_Broker: Sending Cloudlet #788 to Vm #15
0.01: MET_Broker: Sending Cloudlet #789 to Vm #15
0.01: MET_Broker: Sending Cloudlet #790 to Vm #15
0.01: MET_Broker: Sending Cloudlet #791 to Vm #15
0.01: MET_Broker: Sending Cloudlet #792 to Vm #15
0.01: MET_Broker: Sending Cloudlet #793 to Vm #15
0.01: MET_Broker: Sending Cloudlet #794 to Vm #15
0.01: MET_Broker: Sending Cloudlet #795 to Vm #15
0.01: MET_Broker: Sending Cloudlet #796 to Vm #15
0.01: MET_Broker: Sending Cloudlet #797 to Vm #15
0.01: MET_Broker: Sending Cloudlet #798 to Vm #15
0.01: MET_Broker: Sending Cloudlet #799 to Vm #15
0.01: MET_Broker: Sending Cloudlet #800 to Vm #15
0.01: MET_Broker: Sending Cloudlet #801 to Vm #15
0.01: MET_Broker: Sending Cloudlet #802 to Vm #15
0.01: MET_Broker: Sending Cloudlet #803 to Vm #15
0.01: MET_Broker: Sending Cloudlet #804 to Vm #15
0.01: MET_Broker: Sending Cloudlet #805 to Vm #15
0.01: MET_Broker: Sending Cloudlet #806 to Vm #15
0.01: MET_Broker: Sending Cloudlet #807 to Vm #15
0.01: MET_Broker: Sending Cloudlet #808 to Vm #15
0.01: MET_Broker: Sending Cloudlet #809 to Vm #15
0.01: MET_Broker: Sending Cloudlet #810 to Vm #15
0.01: MET_Broker: Sending Cloudlet #811 to Vm #15
0.01: MET_Broker: Sending Cloudlet #812 to Vm #15
0.01: MET_Broker: Sending Cloudlet #813 to Vm #15
0.01: MET_Broker: Sending Cloudlet #814 to Vm #15
0.01: MET_Broker: Sending Cloudlet #815 to Vm #15
0.01: MET_Broker: Sending Cloudlet #816 to Vm #15
0.01: MET_Broker: Sending Cloudlet #817 to Vm #15
0.01: MET_Broker: Sending Cloudlet #818 to Vm #15
0.01: MET_Broker: Sending Cloudlet #819 to Vm #15
0.01: MET_Broker: Sending Cloudlet #820 to Vm #15
0.01: MET_Broker: Sending Cloudlet #821 to Vm #15
0.01: MET_Broker: Sending Cloudlet #822 to Vm #15
0.01: MET_Broker: Sending Cloudlet #823 to Vm #15
0.01: MET_Broker: Sending Cloudlet #824 to Vm #15
0.01: MET_Broker: Sending Cloudlet #825 to Vm #15
0.01: MET_Broker: Sending Cloudlet #826 to Vm #15
0.01: MET_Broker: Sending Cloudlet #827 to Vm #15
0.01: MET_Broker: Sending Cloudlet #828 to Vm #15
0.01: MET_Broker: Sending Cloudlet #829 to Vm #15
0.01: MET_Broker: Sending Cloudlet #830 to Vm #15
0.01: MET_Broker: Sending Cloudlet #831 to Vm #15
0.01: MET_Broker: Sending Cloudlet #832 to Vm #15
0.01: MET_Broker: Sending Cloudlet #833 to Vm #15
0.01: MET_Broker: Sending Cloudlet #834 to Vm #15
0.01: MET_Broker: Sending Cloudlet #835 to Vm #15
0.01: MET_Broker: Sending Cloudlet #836 to Vm #15
0.01: MET_Broker: Sending Cloudlet #837 to Vm #15
0.01: MET_Broker: Sending Cloudlet #838 to Vm #15
0.01: MET_Broker: Sending Cloudlet #839 to Vm #15
0.01: MET_Broker: Sending Cloudlet #840 to Vm #15
0.01: MET_Broker: Sending Cloudlet #841 to Vm #15
0.01: MET_Broker: Sending Cloudlet #842 to Vm #15
0.01: MET_Broker: Sending Cloudlet #843 to Vm #15
0.01: MET_Broker: Sending Cloudlet #844 to Vm #15
0.01: MET_Broker: Sending Cloudlet #845 to Vm #15
0.01: MET_Broker: Sending Cloudlet #846 to Vm #15
0.01: MET_Broker: Sending Cloudlet #847 to Vm #15
0.01: MET_Broker: Sending Cloudlet #848 to Vm #15
0.01: MET_Broker: Sending Cloudlet #849 to Vm #15
0.01: MET_Broker: Sending Cloudlet #850 to Vm #15
0.01: MET_Broker: Sending Cloudlet #851 to Vm #15
0.01: MET_Broker: Sending Cloudlet #852 to Vm #15
0.01: MET_Broker: Sending Cloudlet #853 to Vm #15
0.01: MET_Broker: Sending Cloudlet #854 to Vm #15
0.01: MET_Broker: Sending Cloudlet #855 to Vm #15
0.01: MET_Broker: Sending Cloudlet #856 to Vm #15
0.01: MET_Broker: Sending Cloudlet #857 to Vm #15
0.01: MET_Broker: Sending Cloudlet #858 to Vm #15
0.01: MET_Broker: Sending Cloudlet #859 to Vm #15
0.01: MET_Broker: Sending Cloudlet #860 to Vm #15
0.01: MET_Broker: Sending Cloudlet #861 to Vm #15
0.01: MET_Broker: Sending Cloudlet #862 to Vm #15
0.01: MET_Broker: Sending Cloudlet #863 to Vm #15
0.01: MET_Broker: Sending Cloudlet #864 to Vm #15
0.01: MET_Broker: Sending Cloudlet #865 to Vm #15
0.01: MET_Broker: Sending Cloudlet #866 to Vm #15
0.01: MET_Broker: Sending Cloudlet #867 to Vm #15
0.01: MET_Broker: Sending Cloudlet #868 to Vm #15
0.01: MET_Broker: Sending Cloudlet #869 to Vm #15
0.01: MET_Broker: Sending Cloudlet #870 to Vm #15
0.01: MET_Broker: Sending Cloudlet #871 to Vm #15
0.01: MET_Broker: Sending Cloudlet #872 to Vm #15
0.01: MET_Broker: Sending Cloudlet #873 to Vm #15
0.01: MET_Broker: Sending Cloudlet #874 to Vm #15
0.01: MET_Broker: Sending Cloudlet #875 to Vm #15
0.01: MET_Broker: Sending Cloudlet #876 to Vm #15
0.01: MET_Broker: Sending Cloudlet #877 to Vm #15
0.01: MET_Broker: Sending Cloudlet #878 to Vm #15
0.01: MET_Broker: Sending Cloudlet #879 to Vm #15
0.01: MET_Broker: Sending Cloudlet #880 to Vm #15
0.01: MET_Broker: Sending Cloudlet #881 to Vm #15
0.01: MET_Broker: Sending Cloudlet #882 to Vm #15
0.01: MET_Broker: Sending Cloudlet #883 to Vm #15
0.01: MET_Broker: Sending Cloudlet #884 to Vm #15
0.01: MET_Broker: Sending Cloudlet #885 to Vm #15
0.01: MET_Broker: Sending Cloudlet #886 to Vm #15
0.01: MET_Broker: Sending Cloudlet #887 to Vm #15
0.01: MET_Broker: Sending Cloudlet #888 to Vm #15
0.01: MET_Broker: Sending Cloudlet #889 to Vm #15
0.01: MET_Broker: Sending Cloudlet #890 to Vm #15
0.01: MET_Broker: Sending Cloudlet #891 to Vm #15
0.01: MET_Broker: Sending Cloudlet #892 to Vm #15
0.01: MET_Broker: Sending Cloudlet #893 to Vm #15
0.01: MET_Broker: Sending Cloudlet #894 to Vm #15
0.01: MET_Broker: Sending Cloudlet #895 to Vm #15
0.01: MET_Broker: Sending Cloudlet #896 to Vm #15
0.01: MET_Broker: Sending Cloudlet #897 to Vm #15
0.01: MET_Broker: Sending Cloudlet #898 to Vm #15
0.01: MET_Broker: Sending Cloudlet #899 to Vm #15
0.01: MET_Broker: Sending Cloudlet #900 to Vm #15
0.01: MET_Broker: Sending Cloudlet #901 to Vm #15
0.01: MET_Broker: Sending Cloudlet #902 to Vm #15
0.01: MET_Broker: Sending Cloudlet #903 to Vm #15
0.01: MET_Broker: Sending Cloudlet #904 to Vm #15
0.01: MET_Broker: Sending Cloudlet #905 to Vm #15
0.01: MET_Broker: Sending Cloudlet #906 to Vm #15
0.01: MET_Broker: Sending Cloudlet #907 to Vm #15
0.01: MET_Broker: Sending Cloudlet #908 to Vm #15
0.01: MET_Broker: Sending Cloudlet #909 to Vm #15
0.01: MET_Broker: Sending Cloudlet #910 to Vm #15
0.01: MET_Broker: Sending Cloudlet #911 to Vm #15
0.01: MET_Broker: Sending Cloudlet #912 to Vm #15
0.01: MET_Broker: Sending Cloudlet #913 to Vm #15
0.01: MET_Broker: Sending Cloudlet #914 to Vm #15
0.01: MET_Broker: Sending Cloudlet #915 to Vm #15
0.01: MET_Broker: Sending Cloudlet #916 to Vm #15
0.01: MET_Broker: Sending Cloudlet #917 to Vm #15
0.01: MET_Broker: Sending Cloudlet #918 to Vm #15
0.01: MET_Broker: Sending Cloudlet #919 to Vm #15
0.01: MET_Broker: Sending Cloudlet #920 to Vm #15
0.01: MET_Broker: Sending Cloudlet #921 to Vm #15
0.01: MET_Broker: Sending Cloudlet #922 to Vm #15
0.01: MET_Broker: Sending Cloudlet #923 to Vm #15
0.01: MET_Broker: Sending Cloudlet #924 to Vm #15
0.01: MET_Broker: Sending Cloudlet #925 to Vm #15
0.01: MET_Broker: Sending Cloudlet #926 to Vm #15
0.01: MET_Broker: Sending Cloudlet #927 to Vm #15
0.01: MET_Broker: Sending Cloudlet #928 to Vm #15
0.01: MET_Broker: Sending Cloudlet #929 to Vm #15
0.01: MET_Broker: Sending Cloudlet #930 to Vm #15
0.01: MET_Broker: Sending Cloudlet #931 to Vm #15
0.01: MET_Broker: Sending Cloudlet #932 to Vm #15
0.01: MET_Broker: Sending Cloudlet #933 to Vm #15
0.01: MET_Broker: Sending Cloudlet #934 to Vm #15
0.01: MET_Broker: Sending Cloudlet #935 to Vm #15
0.01: MET_Broker: Sending Cloudlet #936 to Vm #15
0.01: MET_Broker: Sending Cloudlet #937 to Vm #15
0.01: MET_Broker: Sending Cloudlet #938 to Vm #15
0.01: MET_Broker: Sending Cloudlet #939 to Vm #15
0.01: MET_Broker: Sending Cloudlet #940 to Vm #15
0.01: MET_Broker: Sending Cloudlet #941 to Vm #15
0.01: MET_Broker: Sending Cloudlet #942 to Vm #15
0.01: MET_Broker: Sending Cloudlet #943 to Vm #15
0.01: MET_Broker: Sending Cloudlet #944 to Vm #15
0.01: MET_Broker: Sending Cloudlet #945 to Vm #15
0.01: MET_Broker: Sending Cloudlet #946 to Vm #15
0.01: MET_Broker: Sending Cloudlet #947 to Vm #15
0.01: MET_Broker: Sending Cloudlet #948 to Vm #15
0.01: MET_Broker: Sending Cloudlet #949 to Vm #15
0.01: MET_Broker: Sending Cloudlet #950 to Vm #15
0.01: MET_Broker: Sending Cloudlet #951 to Vm #15
0.01: MET_Broker: Sending Cloudlet #952 to Vm #15
0.01: MET_Broker: Sending Cloudlet #953 to Vm #15
0.01: MET_Broker: Sending Cloudlet #954 to Vm #15
0.01: MET_Broker: Sending Cloudlet #955 to Vm #15
0.01: MET_Broker: Sending Cloudlet #956 to Vm #15
0.01: MET_Broker: Sending Cloudlet #957 to Vm #15
0.01: MET_Broker: Sending Cloudlet #958 to Vm #15
0.01: MET_Broker: Sending Cloudlet #959 to Vm #15
0.01: MET_Broker: Sending Cloudlet #960 to Vm #15
0.01: MET_Broker: Sending Cloudlet #961 to Vm #15
0.01: MET_Broker: Sending Cloudlet #962 to Vm #15
0.01: MET_Broker: Sending Cloudlet #963 to Vm #15
0.01: MET_Broker: Sending Cloudlet #964 to Vm #15
0.01: MET_Broker: Sending Cloudlet #965 to Vm #15
0.01: MET_Broker: Sending Cloudlet #966 to Vm #15
0.01: MET_Broker: Sending Cloudlet #967 to Vm #15
0.01: MET_Broker: Sending Cloudlet #968 to Vm #15
0.01: MET_Broker: Sending Cloudlet #969 to Vm #15
0.01: MET_Broker: Sending Cloudlet #970 to Vm #15
0.01: MET_Broker: Sending Cloudlet #971 to Vm #15
0.01: MET_Broker: Sending Cloudlet #972 to Vm #15
0.01: MET_Broker: Sending Cloudlet #973 to Vm #15
0.01: MET_Broker: Sending Cloudlet #974 to Vm #15
0.01: MET_Broker: Sending Cloudlet #975 to Vm #15
0.01: MET_Broker: Sending Cloudlet #976 to Vm #15
0.01: MET_Broker: Sending Cloudlet #977 to Vm #15
0.01: MET_Broker: Sending Cloudlet #978 to Vm #15
0.01: MET_Broker: Sending Cloudlet #979 to Vm #15
0.01: MET_Broker: Sending Cloudlet #980 to Vm #15
0.01: MET_Broker: Sending Cloudlet #981 to Vm #15
0.01: MET_Broker: Sending Cloudlet #982 to Vm #15
0.01: MET_Broker: Sending Cloudlet #983 to Vm #15
0.01: MET_Broker: Sending Cloudlet #984 to Vm #15
0.01: MET_Broker: Sending Cloudlet #985 to Vm #15
0.01: MET_Broker: Sending Cloudlet #986 to Vm #15
0.01: MET_Broker: Sending Cloudlet #987 to Vm #15
0.01: MET_Broker: Sending Cloudlet #988 to Vm #15
0.01: MET_Broker: Sending Cloudlet #989 to Vm #15
0.01: MET_Broker: Sending Cloudlet #990 to Vm #15
0.01: MET_Broker: Sending Cloudlet #991 to Vm #15
0.01: MET_Broker: Sending Cloudlet #992 to Vm #15
0.01: MET_Broker: Sending Cloudlet #993 to Vm #15
0.01: MET_Broker: Sending Cloudlet #994 to Vm #15
0.01: MET_Broker: Sending Cloudlet #995 to Vm #15
0.01: MET_Broker: Sending Cloudlet #996 to Vm #15
0.01: MET_Broker: Sending Cloudlet #997 to Vm #15
0.01: MET_Broker: Sending Cloudlet #998 to Vm #15
0.01: MET_Broker: Sending Cloudlet #999 to Vm #15
0.01: MET_Broker: Sending Cloudlet #1000 to Vm #15
0.01: MET_Broker: Sending Cloudlet #1001 to Vm #15
0.01: MET_Broker: Sending Cloudlet #1002 to Vm #15
0.01: MET_Broker: Sending Cloudlet #1003 to Vm #15
0.01: MET_Broker: Sending Cloudlet #1004 to Vm #15
0.01: MET_Broker: Sending Cloudlet #1005 to Vm #15
0.01: MET_Broker: Sending Cloudlet #1006 to Vm #15
0.01: MET_Broker: Sending Cloudlet #1007 to Vm #15
0.01: MET_Broker: Sending Cloudlet #1008 to Vm #15
0.01: MET_Broker: Sending Cloudlet #1009 to Vm #15
0.01: MET_Broker: Sending Cloudlet #1010 to Vm #15
0.01: MET_Broker: Sending Cloudlet #1011 to Vm #15
0.01: MET_Broker: Sending Cloudlet #1012 to Vm #15
0.01: MET_Broker: Sending Cloudlet #1013 to Vm #15
0.01: MET_Broker: Sending Cloudlet #1014 to Vm #15
0.01: MET_Broker: Sending Cloudlet #1015 to Vm #15
0.01: MET_Broker: Sending Cloudlet #1016 to Vm #15
0.01: MET_Broker: Sending Cloudlet #1017 to Vm #15
0.01: MET_Broker: Sending Cloudlet #1018 to Vm #15
0.01: MET_Broker: Sending Cloudlet #1019 to Vm #15
0.01: MET_Broker: Sending Cloudlet #1020 to Vm #15
0.01: MET_Broker: Sending Cloudlet #1021 to Vm #15
0.01: MET_Broker: Sending Cloudlet #1022 to Vm #15
0.01: MET_Broker: Sending Cloudlet #1023 to Vm #15
0.01: MET_Broker: Sending Cloudlet #1024 to Vm #15
0.01: MET_Broker: Sending Cloudlet #1025 to Vm #15
0.01: MET_Broker: Sending Cloudlet #1026 to Vm #15
0.01: MET_Broker: Sending Cloudlet #1027 to Vm #15
0.01: MET_Broker: Sending Cloudlet #1028 to Vm #15
0.01: MET_Broker: Sending Cloudlet #1029 to Vm #15
0.01: MET_Broker: Sending Cloudlet #1030 to Vm #15
0.01: MET_Broker: Sending Cloudlet #1031 to Vm #15
0.01: MET_Broker: Sending Cloudlet #1032 to Vm #15
0.01: MET_Broker: Sending Cloudlet #1033 to Vm #15
0.01: MET_Broker: Sending Cloudlet #1034 to Vm #15
0.01: MET_Broker: Sending Cloudlet #1035 to Vm #15
0.01: MET_Broker: Sending Cloudlet #1036 to Vm #15
0.01: MET_Broker: Sending Cloudlet #1037 to Vm #15
0.01: MET_Broker: Sending Cloudlet #1038 to Vm #15
0.01: MET_Broker: Sending Cloudlet #1039 to Vm #15
0.01: MET_Broker: Sending Cloudlet #1040 to Vm #15
0.01: MET_Broker: Sending Cloudlet #1041 to Vm #15
0.01: MET_Broker: Sending Cloudlet #1042 to Vm #15
0.01: MET_Broker: Sending Cloudlet #1043 to Vm #15
0.01: MET_Broker: Sending Cloudlet #1044 to Vm #15
0.01: MET_Broker: Sending Cloudlet #1045 to Vm #15
0.01: MET_Broker: Sending Cloudlet #1046 to Vm #15
0.01: MET_Broker: Sending Cloudlet #1047 to Vm #15
0.01: MET_Broker: Sending Cloudlet #1048 to Vm #15
0.01: MET_Broker: Sending Cloudlet #1049 to Vm #15
0.01: MET_Broker: Sending Cloudlet #1050 to Vm #15
0.01: MET_Broker: Sending Cloudlet #1051 to Vm #15
0.01: MET_Broker: Sending Cloudlet #1052 to Vm #15
0.01: MET_Broker: Sending Cloudlet #1053 to Vm #15
0.01: MET_Broker: Sending Cloudlet #1054 to Vm #15
0.01: MET_Broker: Sending Cloudlet #1055 to Vm #15
0.01: MET_Broker: Sending Cloudlet #1056 to Vm #15
0.01: MET_Broker: Sending Cloudlet #1057 to Vm #15
0.01: MET_Broker: Sending Cloudlet #1058 to Vm #15
0.01: MET_Broker: Sending Cloudlet #1059 to Vm #15
0.01: MET_Broker: Sending Cloudlet #1060 to Vm #15
0.01: MET_Broker: Sending Cloudlet #1061 to Vm #15
0.01: MET_Broker: Sending Cloudlet #1062 to Vm #15
0.01: MET_Broker: Sending Cloudlet #1063 to Vm #15
0.01: MET_Broker: Sending Cloudlet #1064 to Vm #15
0.01: MET_Broker: Sending Cloudlet #1065 to Vm #15
0.01: MET_Broker: Sending Cloudlet #1066 to Vm #15
0.01: MET_Broker: Sending Cloudlet #1067 to Vm #15
0.01: MET_Broker: Sending Cloudlet #1068 to Vm #15
0.01: MET_Broker: Sending Cloudlet #1069 to Vm #15
0.01: MET_Broker: Sending Cloudlet #1070 to Vm #15
0.01: MET_Broker: Sending Cloudlet #1071 to Vm #15
0.01: MET_Broker: Sending Cloudlet #1072 to Vm #15
0.01: MET_Broker: Sending Cloudlet #1073 to Vm #15
0.01: MET_Broker: Sending Cloudlet #1074 to Vm #15
0.01: MET_Broker: Sending Cloudlet #1075 to Vm #15
0.01: MET_Broker: Sending Cloudlet #1076 to Vm #15
0.01: MET_Broker: Sending Cloudlet #1077 to Vm #15
0.01: MET_Broker: Sending Cloudlet #1078 to Vm #15
0.01: MET_Broker: Sending Cloudlet #1079 to Vm #15
0.01: MET_Broker: Sending Cloudlet #1080 to Vm #15
0.01: MET_Broker: Sending Cloudlet #1081 to Vm #15
0.01: MET_Broker: Sending Cloudlet #1082 to Vm #15
0.01: MET_Broker: Sending Cloudlet #1083 to Vm #15
0.01: MET_Broker: Sending Cloudlet #1084 to Vm #15
0.01: MET_Broker: Sending Cloudlet #1085 to Vm #15
0.01: MET_Broker: Sending Cloudlet #1086 to Vm #15
0.01: MET_Broker: Sending Cloudlet #1087 to Vm #15
0.01: MET_Broker: Sending Cloudlet #1088 to Vm #15
0.01: MET_Broker: Sending Cloudlet #1089 to Vm #15
0.01: MET_Broker: Sending Cloudlet #1090 to Vm #15
0.01: MET_Broker: Sending Cloudlet #1091 to Vm #15
0.01: MET_Broker: Sending Cloudlet #1092 to Vm #15
0.01: MET_Broker: Sending Cloudlet #1093 to Vm #15
0.01: MET_Broker: Sending Cloudlet #1094 to Vm #15
0.01: MET_Broker: Sending Cloudlet #1095 to Vm #15
0.01: MET_Broker: Sending Cloudlet #1096 to Vm #15
0.01: MET_Broker: Sending Cloudlet #1097 to Vm #15
0.01: MET_Broker: Sending Cloudlet #1098 to Vm #15
0.01: MET_Broker: Sending Cloudlet #1099 to Vm #15
0.01: MET_Broker: Sending Cloudlet #1100 to Vm #15
0.01: MET_Broker: Sending Cloudlet #1101 to Vm #15
0.01: MET_Broker: Sending Cloudlet #1102 to Vm #15
0.01: MET_Broker: Sending Cloudlet #1103 to Vm #15
0.01: MET_Broker: Sending Cloudlet #1104 to Vm #15
0.01: MET_Broker: Sending Cloudlet #1105 to Vm #15
0.01: MET_Broker: Sending Cloudlet #1106 to Vm #15
0.01: MET_Broker: Sending Cloudlet #1107 to Vm #15
0.01: MET_Broker: Sending Cloudlet #1108 to Vm #15
0.01: MET_Broker: Sending Cloudlet #1109 to Vm #15
0.01: MET_Broker: Sending Cloudlet #1110 to Vm #15
0.01: MET_Broker: Sending Cloudlet #1111 to Vm #15
0.01: MET_Broker: Sending Cloudlet #1112 to Vm #15
0.01: MET_Broker: Sending Cloudlet #1113 to Vm #15
0.01: MET_Broker: Sending Cloudlet #1114 to Vm #15
0.01: MET_Broker: Sending Cloudlet #1115 to Vm #15
0.01: MET_Broker: Sending Cloudlet #1116 to Vm #15
0.01: MET_Broker: Sending Cloudlet #1117 to Vm #15
0.01: MET_Broker: Sending Cloudlet #1118 to Vm #15
0.01: MET_Broker: Sending Cloudlet #1119 to Vm #15
0.01: MET_Broker: Sending Cloudlet #1120 to Vm #15
0.01: MET_Broker: Sending Cloudlet #1121 to Vm #15
0.01: MET_Broker: Sending Cloudlet #1122 to Vm #15
0.01: MET_Broker: Sending Cloudlet #1123 to Vm #15
0.01: MET_Broker: Sending Cloudlet #1124 to Vm #15
0.01: MET_Broker: Sending Cloudlet #1125 to Vm #15
0.01: MET_Broker: Sending Cloudlet #1126 to Vm #15
0.01: MET_Broker: Sending Cloudlet #1127 to Vm #15
0.01: MET_Broker: Sending Cloudlet #1128 to Vm #15
0.01: MET_Broker: Sending Cloudlet #1129 to Vm #15
0.01: MET_Broker: Sending Cloudlet #1130 to Vm #15
0.01: MET_Broker: Sending Cloudlet #1131 to Vm #15
0.01: MET_Broker: Sending Cloudlet #1132 to Vm #15
0.01: MET_Broker: Sending Cloudlet #1133 to Vm #15
0.01: MET_Broker: Sending Cloudlet #1134 to Vm #15
0.01: MET_Broker: Sending Cloudlet #1135 to Vm #15
0.01: MET_Broker: Sending Cloudlet #1136 to Vm #15
0.01: MET_Broker: Sending Cloudlet #1137 to Vm #15
0.01: MET_Broker: Sending Cloudlet #1138 to Vm #15
0.01: MET_Broker: Sending Cloudlet #1139 to Vm #15
0.01: MET_Broker: Sending Cloudlet #1140 to Vm #15
0.01: MET_Broker: Sending Cloudlet #1141 to Vm #15
0.01: MET_Broker: Sending Cloudlet #1142 to Vm #15
0.01: MET_Broker: Sending Cloudlet #1143 to Vm #15
0.01: MET_Broker: Sending Cloudlet #1144 to Vm #15
0.01: MET_Broker: Sending Cloudlet #1145 to Vm #15
0.01: MET_Broker: Sending Cloudlet #1146 to Vm #15
0.01: MET_Broker: Sending Cloudlet #1147 to Vm #15
0.01: MET_Broker: Sending Cloudlet #1148 to Vm #15
0.01: MET_Broker: Sending Cloudlet #1149 to Vm #15
0.01: MET_Broker: Sending Cloudlet #1150 to Vm #15
0.01: MET_Broker: Sending Cloudlet #1151 to Vm #15
0.01: MET_Broker: Sending Cloudlet #1152 to Vm #15
0.01: MET_Broker: Sending Cloudlet #1153 to Vm #15
0.01: MET_Broker: Sending Cloudlet #1154 to Vm #15
0.01: MET_Broker: Sending Cloudlet #1155 to Vm #15
0.01: MET_Broker: Sending Cloudlet #1156 to Vm #15
0.01: MET_Broker: Sending Cloudlet #1157 to Vm #15
0.01: MET_Broker: Sending Cloudlet #1158 to Vm #15
0.01: MET_Broker: Sending Cloudlet #1159 to Vm #15
0.01: MET_Broker: Sending Cloudlet #1160 to Vm #15
0.01: MET_Broker: Sending Cloudlet #1161 to Vm #15
0.01: MET_Broker: Sending Cloudlet #1162 to Vm #15
0.01: MET_Broker: Sending Cloudlet #1163 to Vm #15
0.01: MET_Broker: Sending Cloudlet #1164 to Vm #15
0.01: MET_Broker: Sending Cloudlet #1165 to Vm #15
0.01: MET_Broker: Sending Cloudlet #1166 to Vm #15
0.01: MET_Broker: Sending Cloudlet #1167 to Vm #15
0.01: MET_Broker: Sending Cloudlet #1168 to Vm #15
0.01: MET_Broker: Sending Cloudlet #1169 to Vm #15
0.01: MET_Broker: Sending Cloudlet #1170 to Vm #15
0.01: MET_Broker: Sending Cloudlet #1171 to Vm #15
0.01: MET_Broker: Sending Cloudlet #1172 to Vm #15
0.01: MET_Broker: Sending Cloudlet #1173 to Vm #15
0.01: MET_Broker: Sending Cloudlet #1174 to Vm #15
0.01: MET_Broker: Sending Cloudlet #1175 to Vm #15
0.01: MET_Broker: Sending Cloudlet #1176 to Vm #15
0.01: MET_Broker: Sending Cloudlet #1177 to Vm #15
0.01: MET_Broker: Sending Cloudlet #1178 to Vm #15
0.01: MET_Broker: Sending Cloudlet #1179 to Vm #15
0.01: MET_Broker: Sending Cloudlet #1180 to Vm #15
0.01: MET_Broker: Sending Cloudlet #1181 to Vm #15
0.01: MET_Broker: Sending Cloudlet #1182 to Vm #15
0.01: MET_Broker: Sending Cloudlet #1183 to Vm #15
0.01: MET_Broker: Sending Cloudlet #1184 to Vm #15
0.01: MET_Broker: Sending Cloudlet #1185 to Vm #15
0.01: MET_Broker: Sending Cloudlet #1186 to Vm #15
0.01: MET_Broker: Sending Cloudlet #1187 to Vm #15
0.01: MET_Broker: Sending Cloudlet #1188 to Vm #15
0.01: MET_Broker: Sending Cloudlet #1189 to Vm #15
0.01: MET_Broker: Sending Cloudlet #1190 to Vm #15
0.01: MET_Broker: Sending Cloudlet #1191 to Vm #15
0.01: MET_Broker: Sending Cloudlet #1192 to Vm #15
0.01: MET_Broker: Sending Cloudlet #1193 to Vm #15
0.01: MET_Broker: Sending Cloudlet #1194 to Vm #15
0.01: MET_Broker: Sending Cloudlet #1195 to Vm #15
0.01: MET_Broker: Sending Cloudlet #1196 to Vm #15
0.01: MET_Broker: Sending Cloudlet #1197 to Vm #15
0.01: MET_Broker: Sending Cloudlet #1198 to Vm #15
0.01: MET_Broker: Sending Cloudlet #1199 to Vm #15
0.01: MET_Broker: Sending Cloudlet #1200 to Vm #15
0.01: MET_Broker: Sending Cloudlet #1201 to Vm #15
0.01: MET_Broker: Sending Cloudlet #1202 to Vm #15
0.01: MET_Broker: Sending Cloudlet #1203 to Vm #15
0.01: MET_Broker: Sending Cloudlet #1204 to Vm #15
0.01: MET_Broker: Sending Cloudlet #1205 to Vm #15
0.01: MET_Broker: Sending Cloudlet #1206 to Vm #15
0.01: MET_Broker: Sending Cloudlet #1207 to Vm #15
0.01: MET_Broker: Sending Cloudlet #1208 to Vm #15
0.01: MET_Broker: Sending Cloudlet #1209 to Vm #15
0.01: MET_Broker: Sending Cloudlet #1210 to Vm #15
0.01: MET_Broker: Sending Cloudlet #1211 to Vm #15
0.01: MET_Broker: Sending Cloudlet #1212 to Vm #15
0.01: MET_Broker: Sending Cloudlet #1213 to Vm #15
0.01: MET_Broker: Sending Cloudlet #1214 to Vm #15
0.01: MET_Broker: Sending Cloudlet #1215 to Vm #15
0.01: MET_Broker: Sending Cloudlet #1216 to Vm #15
0.01: MET_Broker: Sending Cloudlet #1217 to Vm #15
0.01: MET_Broker: Sending Cloudlet #1218 to Vm #15
0.01: MET_Broker: Sending Cloudlet #1219 to Vm #15
0.01: MET_Broker: Sending Cloudlet #1220 to Vm #15
0.01: MET_Broker: Sending Cloudlet #1221 to Vm #15
0.01: MET_Broker: Sending Cloudlet #1222 to Vm #15
0.01: MET_Broker: Sending Cloudlet #1223 to Vm #15
0.01: MET_Broker: Sending Cloudlet #1224 to Vm #15
0.01: MET_Broker: Sending Cloudlet #1225 to Vm #15
0.01: MET_Broker: Sending Cloudlet #1226 to Vm #15
0.01: MET_Broker: Sending Cloudlet #1227 to Vm #15
0.01: MET_Broker: Sending Cloudlet #1228 to Vm #15
0.01: MET_Broker: Sending Cloudlet #1229 to Vm #15
0.01: MET_Broker: Sending Cloudlet #1230 to Vm #15
0.01: MET_Broker: Sending Cloudlet #1231 to Vm #15
0.01: MET_Broker: Sending Cloudlet #1232 to Vm #15
0.01: MET_Broker: Sending Cloudlet #1233 to Vm #15
0.01: MET_Broker: Sending Cloudlet #1234 to Vm #15
0.01: MET_Broker: Sending Cloudlet #1235 to Vm #15
0.01: MET_Broker: Sending Cloudlet #1236 to Vm #15
0.01: MET_Broker: Sending Cloudlet #1237 to Vm #15
0.01: MET_Broker: Sending Cloudlet #1238 to Vm #15
0.01: MET_Broker: Sending Cloudlet #1239 to Vm #15
0.01: MET_Broker: Sending Cloudlet #1240 to Vm #15
0.01: MET_Broker: Sending Cloudlet #1241 to Vm #15
0.01: MET_Broker: Sending Cloudlet #1242 to Vm #15
0.01: MET_Broker: Sending Cloudlet #1243 to Vm #15
0.01: MET_Broker: Sending Cloudlet #1244 to Vm #15
0.01: MET_Broker: Sending Cloudlet #1245 to Vm #15
0.01: MET_Broker: Sending Cloudlet #1246 to Vm #15
0.01: MET_Broker: Sending Cloudlet #1247 to Vm #15
0.01: MET_Broker: Sending Cloudlet #1248 to Vm #15
0.01: MET_Broker: Sending Cloudlet #1249 to Vm #15
0.01: MET_Broker: Sending Cloudlet #1250 to Vm #15
0.01: MET_Broker: Sending Cloudlet #1251 to Vm #15
0.01: MET_Broker: Sending Cloudlet #1252 to Vm #15
0.01: MET_Broker: Sending Cloudlet #1253 to Vm #15
0.01: MET_Broker: Sending Cloudlet #1254 to Vm #15
0.01: MET_Broker: Sending Cloudlet #1255 to Vm #15
0.01: MET_Broker: Sending Cloudlet #1256 to Vm #15
0.01: MET_Broker: Sending Cloudlet #1257 to Vm #15
0.01: MET_Broker: Sending Cloudlet #1258 to Vm #15
0.01: MET_Broker: Sending Cloudlet #1259 to Vm #15
0.01: MET_Broker: Sending Cloudlet #1260 to Vm #15
0.01: MET_Broker: Sending Cloudlet #1261 to Vm #15
0.01: MET_Broker: Sending Cloudlet #1262 to Vm #15
0.01: MET_Broker: Sending Cloudlet #1263 to Vm #15
0.01: MET_Broker: Sending Cloudlet #1264 to Vm #15
0.01: MET_Broker: Sending Cloudlet #1265 to Vm #15
0.01: MET_Broker: Sending Cloudlet #1266 to Vm #15
0.01: MET_Broker: Sending Cloudlet #1267 to Vm #15
0.01: MET_Broker: Sending Cloudlet #1268 to Vm #15
0.01: MET_Broker: Sending Cloudlet #1269 to Vm #15
0.01: MET_Broker: Sending Cloudlet #1270 to Vm #15
0.01: MET_Broker: Sending Cloudlet #1271 to Vm #15
0.01: MET_Broker: Sending Cloudlet #1272 to Vm #15
0.01: MET_Broker: Sending Cloudlet #1273 to Vm #15
0.01: MET_Broker: Sending Cloudlet #1274 to Vm #15
0.01: MET_Broker: Sending Cloudlet #1275 to Vm #15
0.01: MET_Broker: Sending Cloudlet #1276 to Vm #15
0.01: MET_Broker: Sending Cloudlet #1277 to Vm #15
0.01: MET_Broker: Sending Cloudlet #1278 to Vm #15
0.01: MET_Broker: Sending Cloudlet #1279 to Vm #15
0.01: MET_Broker: Sending Cloudlet #1280 to Vm #15
0.01: MET_Broker: Sending Cloudlet #1281 to Vm #15
0.01: MET_Broker: Sending Cloudlet #1282 to Vm #15
0.01: MET_Broker: Sending Cloudlet #1283 to Vm #15
0.01: MET_Broker: Sending Cloudlet #1284 to Vm #15
0.01: MET_Broker: Sending Cloudlet #1285 to Vm #15
0.01: MET_Broker: Sending Cloudlet #1286 to Vm #15
0.01: MET_Broker: Sending Cloudlet #1287 to Vm #15
0.01: MET_Broker: Sending Cloudlet #1288 to Vm #15
0.01: MET_Broker: Sending Cloudlet #1289 to Vm #15
0.01: MET_Broker: Sending Cloudlet #1290 to Vm #15
0.01: MET_Broker: Sending Cloudlet #1291 to Vm #15
0.01: MET_Broker: Sending Cloudlet #1292 to Vm #15
0.01: MET_Broker: Sending Cloudlet #1293 to Vm #15
0.01: MET_Broker: Sending Cloudlet #1294 to Vm #15
0.01: MET_Broker: Sending Cloudlet #1295 to Vm #15
0.01: MET_Broker: Sending Cloudlet #1296 to Vm #15
0.01: MET_Broker: Sending Cloudlet #1297 to Vm #15
0.01: MET_Broker: Sending Cloudlet #1298 to Vm #15
0.01: MET_Broker: Sending Cloudlet #1299 to Vm #15
0.01: MET_Broker: Sending Cloudlet #1300 to Vm #15
0.01: MET_Broker: Sending Cloudlet #1301 to Vm #15
0.01: MET_Broker: Sending Cloudlet #1302 to Vm #15
0.01: MET_Broker: Sending Cloudlet #1303 to Vm #15
0.01: MET_Broker: Sending Cloudlet #1304 to Vm #15
0.01: MET_Broker: Sending Cloudlet #1305 to Vm #15
0.01: MET_Broker: Sending Cloudlet #1306 to Vm #15
0.01: MET_Broker: Sending Cloudlet #1307 to Vm #15
0.01: MET_Broker: Sending Cloudlet #1308 to Vm #15
0.01: MET_Broker: Sending Cloudlet #1309 to Vm #15
0.01: MET_Broker: Sending Cloudlet #1310 to Vm #15
0.01: MET_Broker: Sending Cloudlet #1311 to Vm #15
0.01: MET_Broker: Sending Cloudlet #1312 to Vm #15
0.01: MET_Broker: Sending Cloudlet #1313 to Vm #15
0.01: MET_Broker: Sending Cloudlet #1314 to Vm #15
0.01: MET_Broker: Sending Cloudlet #1315 to Vm #15
0.01: MET_Broker: Sending Cloudlet #1316 to Vm #15
0.01: MET_Broker: Sending Cloudlet #1317 to Vm #15
0.01: MET_Broker: Sending Cloudlet #1318 to Vm #15
0.01: MET_Broker: Sending Cloudlet #1319 to Vm #15
0.01: MET_Broker: Sending Cloudlet #1320 to Vm #15
0.01: MET_Broker: Sending Cloudlet #1321 to Vm #15
0.01: MET_Broker: Sending Cloudlet #1322 to Vm #15
0.01: MET_Broker: Sending Cloudlet #1323 to Vm #15
0.01: MET_Broker: Sending Cloudlet #1324 to Vm #15
0.01: MET_Broker: Sending Cloudlet #1325 to Vm #15
0.01: MET_Broker: Sending Cloudlet #1326 to Vm #15
0.01: MET_Broker: Sending Cloudlet #1327 to Vm #15
0.01: MET_Broker: Sending Cloudlet #1328 to Vm #15
0.01: MET_Broker: Sending Cloudlet #1329 to Vm #15
0.01: MET_Broker: Sending Cloudlet #1330 to Vm #15
0.01: MET_Broker: Sending Cloudlet #1331 to Vm #15
0.01: MET_Broker: Sending Cloudlet #1332 to Vm #15
0.01: MET_Broker: Sending Cloudlet #1333 to Vm #15
0.01: MET_Broker: Sending Cloudlet #1334 to Vm #15
0.01: MET_Broker: Sending Cloudlet #1335 to Vm #15
0.01: MET_Broker: Sending Cloudlet #1336 to Vm #15
0.01: MET_Broker: Sending Cloudlet #1337 to Vm #15
0.01: MET_Broker: Sending Cloudlet #1338 to Vm #15
0.01: MET_Broker: Sending Cloudlet #1339 to Vm #15
0.01: MET_Broker: Sending Cloudlet #1340 to Vm #15
0.01: MET_Broker: Sending Cloudlet #1341 to Vm #15
0.01: MET_Broker: Sending Cloudlet #1342 to Vm #15
0.01: MET_Broker: Sending Cloudlet #1343 to Vm #15
0.01: MET_Broker: Sending Cloudlet #1344 to Vm #15
0.01: MET_Broker: Sending Cloudlet #1345 to Vm #15
0.01: MET_Broker: Sending Cloudlet #1346 to Vm #15
0.01: MET_Broker: Sending Cloudlet #1347 to Vm #15
0.01: MET_Broker: Sending Cloudlet #1348 to Vm #15
0.01: MET_Broker: Sending Cloudlet #1349 to Vm #15
0.01: MET_Broker: Sending Cloudlet #1350 to Vm #15
0.01: MET_Broker: Sending Cloudlet #1351 to Vm #15
0.01: MET_Broker: Sending Cloudlet #1352 to Vm #15
0.01: MET_Broker: Sending Cloudlet #1353 to Vm #15
0.01: MET_Broker: Sending Cloudlet #1354 to Vm #15
0.01: MET_Broker: Sending Cloudlet #1355 to Vm #15
0.01: MET_Broker: Sending Cloudlet #1356 to Vm #15
0.01: MET_Broker: Sending Cloudlet #1357 to Vm #15
0.01: MET_Broker: Sending Cloudlet #1358 to Vm #15
0.01: MET_Broker: Sending Cloudlet #1359 to Vm #15
0.01: MET_Broker: Sending Cloudlet #1360 to Vm #15
0.01: MET_Broker: Sending Cloudlet #1361 to Vm #15
0.01: MET_Broker: Sending Cloudlet #1362 to Vm #15
0.01: MET_Broker: Sending Cloudlet #1363 to Vm #15
0.01: MET_Broker: Sending Cloudlet #1364 to Vm #15
0.01: MET_Broker: Sending Cloudlet #1365 to Vm #15
0.01: MET_Broker: Sending Cloudlet #1366 to Vm #15
0.01: MET_Broker: Sending Cloudlet #1367 to Vm #15
0.01: MET_Broker: Sending Cloudlet #1368 to Vm #15
0.01: MET_Broker: Sending Cloudlet #1369 to Vm #15
0.01: MET_Broker: Sending Cloudlet #1370 to Vm #15
0.01: MET_Broker: Sending Cloudlet #1371 to Vm #15
0.01: MET_Broker: Sending Cloudlet #1372 to Vm #15
0.01: MET_Broker: Sending Cloudlet #1373 to Vm #15
0.01: MET_Broker: Sending Cloudlet #1374 to Vm #15
0.01: MET_Broker: Sending Cloudlet #1375 to Vm #15
0.01: MET_Broker: Sending Cloudlet #1376 to Vm #15
0.01: MET_Broker: Sending Cloudlet #1377 to Vm #15
0.01: MET_Broker: Sending Cloudlet #1378 to Vm #15
0.01: MET_Broker: Sending Cloudlet #1379 to Vm #15
0.01: MET_Broker: Sending Cloudlet #1380 to Vm #15
0.01: MET_Broker: Sending Cloudlet #1381 to Vm #15
0.01: MET_Broker: Sending Cloudlet #1382 to Vm #15
0.01: MET_Broker: Sending Cloudlet #1383 to Vm #15
0.01: MET_Broker: Sending Cloudlet #1384 to Vm #15
0.01: MET_Broker: Sending Cloudlet #1385 to Vm #15
0.01: MET_Broker: Sending Cloudlet #1386 to Vm #15
0.01: MET_Broker: Sending Cloudlet #1387 to Vm #15
0.01: MET_Broker: Sending Cloudlet #1388 to Vm #15
0.01: MET_Broker: Sending Cloudlet #1389 to Vm #15
0.01: MET_Broker: Sending Cloudlet #1390 to Vm #15
0.01: MET_Broker: Sending Cloudlet #1391 to Vm #15
0.01: MET_Broker: Sending Cloudlet #1392 to Vm #15
0.01: MET_Broker: Sending Cloudlet #1393 to Vm #15
0.01: MET_Broker: Sending Cloudlet #1394 to Vm #15
0.01: MET_Broker: Sending Cloudlet #1395 to Vm #15
0.01: MET_Broker: Sending Cloudlet #1396 to Vm #15
0.01: MET_Broker: Sending Cloudlet #1397 to Vm #15
0.01: MET_Broker: Sending Cloudlet #1398 to Vm #15
0.01: MET_Broker: Sending Cloudlet #1399 to Vm #15
0.01: MET_Broker: Sending Cloudlet #1400 to Vm #15
0.01: MET_Broker: Sending Cloudlet #1401 to Vm #15
0.01: MET_Broker: Sending Cloudlet #1402 to Vm #15
0.01: MET_Broker: Sending Cloudlet #1403 to Vm #15
0.01: MET_Broker: Sending Cloudlet #1404 to Vm #15
0.01: MET_Broker: Sending Cloudlet #1405 to Vm #15
0.01: MET_Broker: Sending Cloudlet #1406 to Vm #15
0.01: MET_Broker: Sending Cloudlet #1407 to Vm #15
0.01: MET_Broker: Sending Cloudlet #1408 to Vm #15
0.01: MET_Broker: Sending Cloudlet #1409 to Vm #15
0.01: MET_Broker: Sending Cloudlet #1410 to Vm #15
0.01: MET_Broker: Sending Cloudlet #1411 to Vm #15
0.01: MET_Broker: Sending Cloudlet #1412 to Vm #15
0.01: MET_Broker: Sending Cloudlet #1413 to Vm #15
0.01: MET_Broker: Sending Cloudlet #1414 to Vm #15
0.01: MET_Broker: Sending Cloudlet #1415 to Vm #15
0.01: MET_Broker: Sending Cloudlet #1416 to Vm #15
0.01: MET_Broker: Sending Cloudlet #1417 to Vm #15
0.01: MET_Broker: Sending Cloudlet #1418 to Vm #15
0.01: MET_Broker: Sending Cloudlet #1419 to Vm #15
0.01: MET_Broker: Sending Cloudlet #1420 to Vm #15
0.01: MET_Broker: Sending Cloudlet #1421 to Vm #15
0.01: MET_Broker: Sending Cloudlet #1422 to Vm #15
0.01: MET_Broker: Sending Cloudlet #1423 to Vm #15
0.01: MET_Broker: Sending Cloudlet #1424 to Vm #15
0.01: MET_Broker: Sending Cloudlet #1425 to Vm #15
0.01: MET_Broker: Sending Cloudlet #1426 to Vm #15
0.01: MET_Broker: Sending Cloudlet #1427 to Vm #15
0.01: MET_Broker: Sending Cloudlet #1428 to Vm #15
0.01: MET_Broker: Sending Cloudlet #1429 to Vm #15
0.01: MET_Broker: Sending Cloudlet #1430 to Vm #15
0.01: MET_Broker: Sending Cloudlet #1431 to Vm #15
0.01: MET_Broker: Sending Cloudlet #1432 to Vm #15
0.01: MET_Broker: Sending Cloudlet #1433 to Vm #15
0.01: MET_Broker: Sending Cloudlet #1434 to Vm #15
0.01: MET_Broker: Sending Cloudlet #1435 to Vm #15
0.01: MET_Broker: Sending Cloudlet #1436 to Vm #15
0.01: MET_Broker: Sending Cloudlet #1437 to Vm #15
0.01: MET_Broker: Sending Cloudlet #1438 to Vm #15
0.01: MET_Broker: Sending Cloudlet #1439 to Vm #15
0.01: MET_Broker: Sending Cloudlet #1440 to Vm #15
0.01: MET_Broker: Sending Cloudlet #1441 to Vm #15
0.01: MET_Broker: Sending Cloudlet #1442 to Vm #15
0.01: MET_Broker: Sending Cloudlet #1443 to Vm #15
0.01: MET_Broker: Sending Cloudlet #1444 to Vm #15
0.01: MET_Broker: Sending Cloudlet #1445 to Vm #15
0.01: MET_Broker: Sending Cloudlet #1446 to Vm #15
0.01: MET_Broker: Sending Cloudlet #1447 to Vm #15
0.01: MET_Broker: Sending Cloudlet #1448 to Vm #15
0.01: MET_Broker: Sending Cloudlet #1449 to Vm #15
0.01: MET_Broker: Sending Cloudlet #1450 to Vm #15
0.01: MET_Broker: Sending Cloudlet #1451 to Vm #15
0.01: MET_Broker: Sending Cloudlet #1452 to Vm #15
0.01: MET_Broker: Sending Cloudlet #1453 to Vm #15
0.01: MET_Broker: Sending Cloudlet #1454 to Vm #15
0.01: MET_Broker: Sending Cloudlet #1455 to Vm #15
0.01: MET_Broker: Sending Cloudlet #1456 to Vm #15
0.01: MET_Broker: Sending Cloudlet #1457 to Vm #15
0.01: MET_Broker: Sending Cloudlet #1458 to Vm #15
0.01: MET_Broker: Sending Cloudlet #1459 to Vm #15
0.01: MET_Broker: Sending Cloudlet #1460 to Vm #15
0.01: MET_Broker: Sending Cloudlet #1461 to Vm #15
0.01: MET_Broker: Sending Cloudlet #1462 to Vm #15
0.01: MET_Broker: Sending Cloudlet #1463 to Vm #15
0.01: MET_Broker: Sending Cloudlet #1464 to Vm #15
0.01: MET_Broker: Sending Cloudlet #1465 to Vm #15
0.01: MET_Broker: Sending Cloudlet #1466 to Vm #15
0.01: MET_Broker: Sending Cloudlet #1467 to Vm #15
0.01: MET_Broker: Sending Cloudlet #1468 to Vm #15
0.01: MET_Broker: Sending Cloudlet #1469 to Vm #15
0.01: MET_Broker: Sending Cloudlet #1470 to Vm #15
0.01: MET_Broker: Sending Cloudlet #1471 to Vm #15
0.01: MET_Broker: Sending Cloudlet #1472 to Vm #15
0.01: MET_Broker: Sending Cloudlet #1473 to Vm #15
0.01: MET_Broker: Sending Cloudlet #1474 to Vm #15
0.01: MET_Broker: Sending Cloudlet #1475 to Vm #15
0.01: MET_Broker: Sending Cloudlet #1476 to Vm #15
0.01: MET_Broker: Sending Cloudlet #1477 to Vm #15
0.01: MET_Broker: Sending Cloudlet #1478 to Vm #15
0.01: MET_Broker: Sending Cloudlet #1479 to Vm #15
0.01: MET_Broker: Sending Cloudlet #1480 to Vm #15
0.01: MET_Broker: Sending Cloudlet #1481 to Vm #15
0.01: MET_Broker: Sending Cloudlet #1482 to Vm #15
0.01: MET_Broker: Sending Cloudlet #1483 to Vm #15
0.01: MET_Broker: Sending Cloudlet #1484 to Vm #15
0.01: MET_Broker: Sending Cloudlet #1485 to Vm #15
0.01: MET_Broker: Sending Cloudlet #1486 to Vm #15
0.01: MET_Broker: Sending Cloudlet #1487 to Vm #15
0.01: MET_Broker: Sending Cloudlet #1488 to Vm #15
0.01: MET_Broker: Sending Cloudlet #1489 to Vm #15
0.01: MET_Broker: Sending Cloudlet #1490 to Vm #15
0.01: MET_Broker: Sending Cloudlet #1491 to Vm #15
0.01: MET_Broker: Sending Cloudlet #1492 to Vm #15
0.01: MET_Broker: Sending Cloudlet #1493 to Vm #15
0.01: MET_Broker: Sending Cloudlet #1494 to Vm #15
0.01: MET_Broker: Sending Cloudlet #1495 to Vm #15
0.01: MET_Broker: Sending Cloudlet #1496 to Vm #15
0.01: MET_Broker: Sending Cloudlet #1497 to Vm #15
0.01: MET_Broker: Sending Cloudlet #1498 to Vm #15
0.01: MET_Broker: Sending Cloudlet #1499 to Vm #15
0.01: MET_Broker: Sending Cloudlet #1500 to Vm #15
0.01: MET_Broker: Sending Cloudlet #1501 to Vm #15
0.01: MET_Broker: Sending Cloudlet #1502 to Vm #15
0.01: MET_Broker: Sending Cloudlet #1503 to Vm #15
0.01: MET_Broker: Sending Cloudlet #1504 to Vm #15
0.01: MET_Broker: Sending Cloudlet #1505 to Vm #15
0.01: MET_Broker: Sending Cloudlet #1506 to Vm #15
0.01: MET_Broker: Sending Cloudlet #1507 to Vm #15
0.01: MET_Broker: Sending Cloudlet #1508 to Vm #15
0.01: MET_Broker: Sending Cloudlet #1509 to Vm #15
0.01: MET_Broker: Sending Cloudlet #1510 to Vm #15
0.01: MET_Broker: Sending Cloudlet #1511 to Vm #15
0.01: MET_Broker: Sending Cloudlet #1512 to Vm #15
0.01: MET_Broker: Sending Cloudlet #1513 to Vm #15
0.01: MET_Broker: Sending Cloudlet #1514 to Vm #15
0.01: MET_Broker: Sending Cloudlet #1515 to Vm #15
0.01: MET_Broker: Sending Cloudlet #1516 to Vm #15
0.01: MET_Broker: Sending Cloudlet #1517 to Vm #15
0.01: MET_Broker: Sending Cloudlet #1518 to Vm #15
0.01: MET_Broker: Sending Cloudlet #1519 to Vm #15
0.01: MET_Broker: Sending Cloudlet #1520 to Vm #15
0.01: MET_Broker: Sending Cloudlet #1521 to Vm #15
0.01: MET_Broker: Sending Cloudlet #1522 to Vm #15
0.01: MET_Broker: Sending Cloudlet #1523 to Vm #15
0.01: MET_Broker: Sending Cloudlet #1524 to Vm #15
0.01: MET_Broker: Sending Cloudlet #1525 to Vm #15
0.01: MET_Broker: Sending Cloudlet #1526 to Vm #15
0.01: MET_Broker: Sending Cloudlet #1527 to Vm #15
0.01: MET_Broker: Sending Cloudlet #1528 to Vm #15
0.01: MET_Broker: Sending Cloudlet #1529 to Vm #15
0.01: MET_Broker: Sending Cloudlet #1530 to Vm #15
0.01: MET_Broker: Sending Cloudlet #1531 to Vm #15
0.01: MET_Broker: Sending Cloudlet #1532 to Vm #15
0.01: MET_Broker: Sending Cloudlet #1533 to Vm #15
0.01: MET_Broker: Sending Cloudlet #1534 to Vm #15
0.01: MET_Broker: Sending Cloudlet #1535 to Vm #15
0.01: MET_Broker: Sending Cloudlet #1536 to Vm #15
0.01: MET_Broker: Sending Cloudlet #1537 to Vm #15
0.01: MET_Broker: Sending Cloudlet #1538 to Vm #15
0.01: MET_Broker: Sending Cloudlet #1539 to Vm #15
0.01: MET_Broker: Sending Cloudlet #1540 to Vm #15
0.01: MET_Broker: Sending Cloudlet #1541 to Vm #15
0.01: MET_Broker: Sending Cloudlet #1542 to Vm #15
0.01: MET_Broker: Sending Cloudlet #1543 to Vm #15
0.01: MET_Broker: Sending Cloudlet #1544 to Vm #15
0.01: MET_Broker: Sending Cloudlet #1545 to Vm #15
0.01: MET_Broker: Sending Cloudlet #1546 to Vm #15
0.01: MET_Broker: Sending Cloudlet #1547 to Vm #15
0.01: MET_Broker: Sending Cloudlet #1548 to Vm #15
0.01: MET_Broker: Sending Cloudlet #1549 to Vm #15
0.01: MET_Broker: Sending Cloudlet #1550 to Vm #15
0.01: MET_Broker: Sending Cloudlet #1551 to Vm #15
0.01: MET_Broker: Sending Cloudlet #1552 to Vm #15
0.01: MET_Broker: Sending Cloudlet #1553 to Vm #15
0.01: MET_Broker: Sending Cloudlet #1554 to Vm #15
0.01: MET_Broker: Sending Cloudlet #1555 to Vm #15
0.01: MET_Broker: Sending Cloudlet #1556 to Vm #15
0.01: MET_Broker: Sending Cloudlet #1557 to Vm #15
0.01: MET_Broker: Sending Cloudlet #1558 to Vm #15
0.01: MET_Broker: Sending Cloudlet #1559 to Vm #15
0.01: MET_Broker: Sending Cloudlet #1560 to Vm #15
0.01: MET_Broker: Sending Cloudlet #1561 to Vm #15
0.01: MET_Broker: Sending Cloudlet #1562 to Vm #15
0.01: MET_Broker: Sending Cloudlet #1563 to Vm #15
0.01: MET_Broker: Sending Cloudlet #1564 to Vm #15
0.01: MET_Broker: Sending Cloudlet #1565 to Vm #15
0.01: MET_Broker: Sending Cloudlet #1566 to Vm #15
0.01: MET_Broker: Sending Cloudlet #1567 to Vm #15
0.01: MET_Broker: Sending Cloudlet #1568 to Vm #15
0.01: MET_Broker: Sending Cloudlet #1569 to Vm #15
0.01: MET_Broker: Sending Cloudlet #1570 to Vm #15
0.01: MET_Broker: Sending Cloudlet #1571 to Vm #15
0.01: MET_Broker: Sending Cloudlet #1572 to Vm #15
0.01: MET_Broker: Sending Cloudlet #1573 to Vm #15
0.01: MET_Broker: Sending Cloudlet #1574 to Vm #15
0.01: MET_Broker: Sending Cloudlet #1575 to Vm #15
0.01: MET_Broker: Sending Cloudlet #1576 to Vm #15
0.01: MET_Broker: Sending Cloudlet #1577 to Vm #15
0.01: MET_Broker: Sending Cloudlet #1578 to Vm #15
0.01: MET_Broker: Sending Cloudlet #1579 to Vm #15
0.01: MET_Broker: Sending Cloudlet #1580 to Vm #15
0.01: MET_Broker: Sending Cloudlet #1581 to Vm #15
0.01: MET_Broker: Sending Cloudlet #1582 to Vm #15
0.01: MET_Broker: Sending Cloudlet #1583 to Vm #15
0.01: MET_Broker: Sending Cloudlet #1584 to Vm #15
0.01: MET_Broker: Sending Cloudlet #1585 to Vm #15
0.01: MET_Broker: Sending Cloudlet #1586 to Vm #15
0.01: MET_Broker: Sending Cloudlet #1587 to Vm #15
0.01: MET_Broker: Sending Cloudlet #1588 to Vm #15
0.01: MET_Broker: Sending Cloudlet #1589 to Vm #15
0.01: MET_Broker: Sending Cloudlet #1590 to Vm #15
0.01: MET_Broker: Sending Cloudlet #1591 to Vm #15
0.01: MET_Broker: Sending Cloudlet #1592 to Vm #15
0.01: MET_Broker: Sending Cloudlet #1593 to Vm #15
0.01: MET_Broker: Sending Cloudlet #1594 to Vm #15
0.01: MET_Broker: Sending Cloudlet #1595 to Vm #15
0.01: MET_Broker: Sending Cloudlet #1596 to Vm #15
0.01: MET_Broker: Sending Cloudlet #1597 to Vm #15
0.01: MET_Broker: Sending Cloudlet #1598 to Vm #15
0.01: MET_Broker: Sending Cloudlet #1599 to Vm #15
0.01: MET_Broker: Sending Cloudlet #1600 to Vm #15
0.01: MET_Broker: Sending Cloudlet #1601 to Vm #15
0.01: MET_Broker: Sending Cloudlet #1602 to Vm #15
0.01: MET_Broker: Sending Cloudlet #1603 to Vm #15
0.01: MET_Broker: Sending Cloudlet #1604 to Vm #15
0.01: MET_Broker: Sending Cloudlet #1605 to Vm #15
0.01: MET_Broker: Sending Cloudlet #1606 to Vm #15
0.01: MET_Broker: Sending Cloudlet #1607 to Vm #15
0.01: MET_Broker: Sending Cloudlet #1608 to Vm #15
0.01: MET_Broker: Sending Cloudlet #1609 to Vm #15
0.01: MET_Broker: Sending Cloudlet #1610 to Vm #15
0.01: MET_Broker: Sending Cloudlet #1611 to Vm #15
0.01: MET_Broker: Sending Cloudlet #1612 to Vm #15
0.01: MET_Broker: Sending Cloudlet #1613 to Vm #15
0.01: MET_Broker: Sending Cloudlet #1614 to Vm #15
0.01: MET_Broker: Sending Cloudlet #1615 to Vm #15
0.01: MET_Broker: Sending Cloudlet #1616 to Vm #15
0.01: MET_Broker: Sending Cloudlet #1617 to Vm #15
0.01: MET_Broker: Sending Cloudlet #1618 to Vm #15
0.01: MET_Broker: Sending Cloudlet #1619 to Vm #15
0.01: MET_Broker: Sending Cloudlet #1620 to Vm #15
0.01: MET_Broker: Sending Cloudlet #1621 to Vm #15
0.01: MET_Broker: Sending Cloudlet #1622 to Vm #15
0.01: MET_Broker: Sending Cloudlet #1623 to Vm #15
0.01: MET_Broker: Sending Cloudlet #1624 to Vm #15
0.01: MET_Broker: Sending Cloudlet #1625 to Vm #15
0.01: MET_Broker: Sending Cloudlet #1626 to Vm #15
0.01: MET_Broker: Sending Cloudlet #1627 to Vm #15
0.01: MET_Broker: Sending Cloudlet #1628 to Vm #15
0.01: MET_Broker: Sending Cloudlet #1629 to Vm #15
0.01: MET_Broker: Sending Cloudlet #1630 to Vm #15
0.01: MET_Broker: Sending Cloudlet #1631 to Vm #15
0.01: MET_Broker: Sending Cloudlet #1632 to Vm #15
0.01: MET_Broker: Sending Cloudlet #1633 to Vm #15
0.01: MET_Broker: Sending Cloudlet #1634 to Vm #15
0.01: MET_Broker: Sending Cloudlet #1635 to Vm #15
0.01: MET_Broker: Sending Cloudlet #1636 to Vm #15
0.01: MET_Broker: Sending Cloudlet #1637 to Vm #15
0.01: MET_Broker: Sending Cloudlet #1638 to Vm #15
0.01: MET_Broker: Sending Cloudlet #1639 to Vm #15
0.01: MET_Broker: Sending Cloudlet #1640 to Vm #15
0.01: MET_Broker: Sending Cloudlet #1641 to Vm #15
0.01: MET_Broker: Sending Cloudlet #1642 to Vm #15
0.01: MET_Broker: Sending Cloudlet #1643 to Vm #15
0.01: MET_Broker: Sending Cloudlet #1644 to Vm #15
0.01: MET_Broker: Sending Cloudlet #1645 to Vm #15
0.01: MET_Broker: Sending Cloudlet #1646 to Vm #15
0.01: MET_Broker: Sending Cloudlet #1647 to Vm #15
0.01: MET_Broker: Sending Cloudlet #1648 to Vm #15
0.01: MET_Broker: Sending Cloudlet #1649 to Vm #15
0.01: MET_Broker: Sending Cloudlet #1650 to Vm #15
0.01: MET_Broker: Sending Cloudlet #1651 to Vm #15
0.01: MET_Broker: Sending Cloudlet #1652 to Vm #15
0.01: MET_Broker: Sending Cloudlet #1653 to Vm #15
0.01: MET_Broker: Sending Cloudlet #1654 to Vm #15
0.01: MET_Broker: Sending Cloudlet #1655 to Vm #15
0.01: MET_Broker: Sending Cloudlet #1656 to Vm #15
0.01: MET_Broker: Sending Cloudlet #1657 to Vm #15
0.01: MET_Broker: Sending Cloudlet #1658 to Vm #15
0.01: MET_Broker: Sending Cloudlet #1659 to Vm #15
0.01: MET_Broker: Sending Cloudlet #1660 to Vm #15
0.01: MET_Broker: Sending Cloudlet #1661 to Vm #15
0.01: MET_Broker: Sending Cloudlet #1662 to Vm #15
0.01: MET_Broker: Sending Cloudlet #1663 to Vm #15
0.01: MET_Broker: Sending Cloudlet #1664 to Vm #15
0.01: MET_Broker: Sending Cloudlet #1665 to Vm #15
0.01: MET_Broker: Sending Cloudlet #1666 to Vm #15
0.01: MET_Broker: Sending Cloudlet #1667 to Vm #15
0.01: MET_Broker: Sending Cloudlet #1668 to Vm #15
0.01: MET_Broker: Sending Cloudlet #1669 to Vm #15
0.01: MET_Broker: Sending Cloudlet #1670 to Vm #15
0.01: MET_Broker: Sending Cloudlet #1671 to Vm #15
0.01: MET_Broker: Sending Cloudlet #1672 to Vm #15
0.01: MET_Broker: Sending Cloudlet #1673 to Vm #15
0.01: MET_Broker: Sending Cloudlet #1674 to Vm #15
0.01: MET_Broker: Sending Cloudlet #1675 to Vm #15
0.01: MET_Broker: Sending Cloudlet #1676 to Vm #15
0.01: MET_Broker: Sending Cloudlet #1677 to Vm #15
0.01: MET_Broker: Sending Cloudlet #1678 to Vm #15
0.01: MET_Broker: Sending Cloudlet #1679 to Vm #15
0.01: MET_Broker: Sending Cloudlet #1680 to Vm #15
0.01: MET_Broker: Sending Cloudlet #1681 to Vm #15
0.01: MET_Broker: Sending Cloudlet #1682 to Vm #15
0.01: MET_Broker: Sending Cloudlet #1683 to Vm #15
0.01: MET_Broker: Sending Cloudlet #1684 to Vm #15
0.01: MET_Broker: Sending Cloudlet #1685 to Vm #15
0.01: MET_Broker: Sending Cloudlet #1686 to Vm #15
0.01: MET_Broker: Sending Cloudlet #1687 to Vm #15
0.01: MET_Broker: Sending Cloudlet #1688 to Vm #15
0.01: MET_Broker: Sending Cloudlet #1689 to Vm #15
0.01: MET_Broker: Sending Cloudlet #1690 to Vm #15
0.01: MET_Broker: Sending Cloudlet #1691 to Vm #15
0.01: MET_Broker: Sending Cloudlet #1692 to Vm #15
0.01: MET_Broker: Sending Cloudlet #1693 to Vm #15
0.01: MET_Broker: Sending Cloudlet #1694 to Vm #15
0.01: MET_Broker: Sending Cloudlet #1695 to Vm #15
0.01: MET_Broker: Sending Cloudlet #1696 to Vm #15
0.01: MET_Broker: Sending Cloudlet #1697 to Vm #15
0.01: MET_Broker: Sending Cloudlet #1698 to Vm #15
0.01: MET_Broker: Sending Cloudlet #1699 to Vm #15
0.01: MET_Broker: Sending Cloudlet #1700 to Vm #15
0.01: MET_Broker: Sending Cloudlet #1701 to Vm #15
0.01: MET_Broker: Sending Cloudlet #1702 to Vm #15
0.01: MET_Broker: Sending Cloudlet #1703 to Vm #15
0.01: MET_Broker: Sending Cloudlet #1704 to Vm #15
0.01: MET_Broker: Sending Cloudlet #1705 to Vm #15
0.01: MET_Broker: Sending Cloudlet #1706 to Vm #15
0.01: MET_Broker: Sending Cloudlet #1707 to Vm #15
0.01: MET_Broker: Sending Cloudlet #1708 to Vm #15
0.01: MET_Broker: Sending Cloudlet #1709 to Vm #15
0.01: MET_Broker: Sending Cloudlet #1710 to Vm #15
0.01: MET_Broker: Sending Cloudlet #1711 to Vm #15
0.01: MET_Broker: Sending Cloudlet #1712 to Vm #15
0.01: MET_Broker: Sending Cloudlet #1713 to Vm #15
0.01: MET_Broker: Sending Cloudlet #1714 to Vm #15
0.01: MET_Broker: Sending Cloudlet #1715 to Vm #15
0.01: MET_Broker: Sending Cloudlet #1716 to Vm #15
0.01: MET_Broker: Sending Cloudlet #1717 to Vm #15
0.01: MET_Broker: Sending Cloudlet #1718 to Vm #15
0.01: MET_Broker: Sending Cloudlet #1719 to Vm #15
0.01: MET_Broker: Sending Cloudlet #1720 to Vm #15
0.01: MET_Broker: Sending Cloudlet #1721 to Vm #15
0.01: MET_Broker: Sending Cloudlet #1722 to Vm #15
0.01: MET_Broker: Sending Cloudlet #1723 to Vm #15
0.01: MET_Broker: Sending Cloudlet #1724 to Vm #15
0.01: MET_Broker: Sending Cloudlet #1725 to Vm #15
0.01: MET_Broker: Sending Cloudlet #1726 to Vm #15
0.01: MET_Broker: Sending Cloudlet #1727 to Vm #15
0.01: MET_Broker: Sending Cloudlet #1728 to Vm #15
0.01: MET_Broker: Sending Cloudlet #1729 to Vm #15
0.01: MET_Broker: Sending Cloudlet #1730 to Vm #15
0.01: MET_Broker: Sending Cloudlet #1731 to Vm #15
0.01: MET_Broker: Sending Cloudlet #1732 to Vm #15
0.01: MET_Broker: Sending Cloudlet #1733 to Vm #15
0.01: MET_Broker: Sending Cloudlet #1734 to Vm #15
0.01: MET_Broker: Sending Cloudlet #1735 to Vm #15
0.01: MET_Broker: Sending Cloudlet #1736 to Vm #15
0.01: MET_Broker: Sending Cloudlet #1737 to Vm #15
0.01: MET_Broker: Sending Cloudlet #1738 to Vm #15
0.01: MET_Broker: Sending Cloudlet #1739 to Vm #15
0.01: MET_Broker: Sending Cloudlet #1740 to Vm #15
0.01: MET_Broker: Sending Cloudlet #1741 to Vm #15
0.01: MET_Broker: Sending Cloudlet #1742 to Vm #15
0.01: MET_Broker: Sending Cloudlet #1743 to Vm #15
0.01: MET_Broker: Sending Cloudlet #1744 to Vm #15
0.01: MET_Broker: Sending Cloudlet #1745 to Vm #15
0.01: MET_Broker: Sending Cloudlet #1746 to Vm #15
0.01: MET_Broker: Sending Cloudlet #1747 to Vm #15
0.01: MET_Broker: Sending Cloudlet #1748 to Vm #15
0.01: MET_Broker: Sending Cloudlet #1749 to Vm #15
0.01: MET_Broker: Sending Cloudlet #1750 to Vm #15
0.01: MET_Broker: Sending Cloudlet #1751 to Vm #15
0.01: MET_Broker: Sending Cloudlet #1752 to Vm #15
0.01: MET_Broker: Sending Cloudlet #1753 to Vm #15
0.01: MET_Broker: Sending Cloudlet #1754 to Vm #15
0.01: MET_Broker: Sending Cloudlet #1755 to Vm #15
0.01: MET_Broker: Sending Cloudlet #1756 to Vm #15
0.01: MET_Broker: Sending Cloudlet #1757 to Vm #15
0.01: MET_Broker: Sending Cloudlet #1758 to Vm #15
0.01: MET_Broker: Sending Cloudlet #1759 to Vm #15
0.01: MET_Broker: Sending Cloudlet #1760 to Vm #15
0.01: MET_Broker: Sending Cloudlet #1761 to Vm #15
0.01: MET_Broker: Sending Cloudlet #1762 to Vm #15
0.01: MET_Broker: Sending Cloudlet #1763 to Vm #15
0.01: MET_Broker: Sending Cloudlet #1764 to Vm #15
0.01: MET_Broker: Sending Cloudlet #1765 to Vm #15
0.01: MET_Broker: Sending Cloudlet #1766 to Vm #15
0.01: MET_Broker: Sending Cloudlet #1767 to Vm #15
0.01: MET_Broker: Sending Cloudlet #1768 to Vm #15
0.01: MET_Broker: Sending Cloudlet #1769 to Vm #15
0.01: MET_Broker: Sending Cloudlet #1770 to Vm #15
0.01: MET_Broker: Sending Cloudlet #1771 to Vm #15
0.01: MET_Broker: Sending Cloudlet #1772 to Vm #15
0.01: MET_Broker: Sending Cloudlet #1773 to Vm #15
0.01: MET_Broker: Sending Cloudlet #1774 to Vm #15
0.01: MET_Broker: Sending Cloudlet #1775 to Vm #15
0.01: MET_Broker: Sending Cloudlet #1776 to Vm #15
0.01: MET_Broker: Sending Cloudlet #1777 to Vm #15
0.01: MET_Broker: Sending Cloudlet #1778 to Vm #15
0.01: MET_Broker: Sending Cloudlet #1779 to Vm #15
0.01: MET_Broker: Sending Cloudlet #1780 to Vm #15
0.01: MET_Broker: Sending Cloudlet #1781 to Vm #15
0.01: MET_Broker: Sending Cloudlet #1782 to Vm #15
0.01: MET_Broker: Sending Cloudlet #1783 to Vm #15
0.01: MET_Broker: Sending Cloudlet #1784 to Vm #15
0.01: MET_Broker: Sending Cloudlet #1785 to Vm #15
0.01: MET_Broker: Sending Cloudlet #1786 to Vm #15
0.01: MET_Broker: Sending Cloudlet #1787 to Vm #15
0.01: MET_Broker: Sending Cloudlet #1788 to Vm #15
0.01: MET_Broker: Sending Cloudlet #1789 to Vm #15
0.01: MET_Broker: Sending Cloudlet #1790 to Vm #15
0.01: MET_Broker: Sending Cloudlet #1791 to Vm #15
0.01: MET_Broker: Sending Cloudlet #1792 to Vm #15
0.01: MET_Broker: Sending Cloudlet #1793 to Vm #15
0.01: MET_Broker: Sending Cloudlet #1794 to Vm #15
0.01: MET_Broker: Sending Cloudlet #1795 to Vm #15
0.01: MET_Broker: Sending Cloudlet #1796 to Vm #15
0.01: MET_Broker: Sending Cloudlet #1797 to Vm #15
0.01: MET_Broker: Sending Cloudlet #1798 to Vm #15
0.01: MET_Broker: Sending Cloudlet #1799 to Vm #15
0.01: MET_Broker: Sending Cloudlet #1800 to Vm #15
0.01: MET_Broker: Sending Cloudlet #1801 to Vm #15
0.01: MET_Broker: Sending Cloudlet #1802 to Vm #15
0.01: MET_Broker: Sending Cloudlet #1803 to Vm #15
0.01: MET_Broker: Sending Cloudlet #1804 to Vm #15
0.01: MET_Broker: Sending Cloudlet #1805 to Vm #15
0.01: MET_Broker: Sending Cloudlet #1806 to Vm #15
0.01: MET_Broker: Sending Cloudlet #1807 to Vm #15
0.01: MET_Broker: Sending Cloudlet #1808 to Vm #15
0.01: MET_Broker: Sending Cloudlet #1809 to Vm #15
0.01: MET_Broker: Sending Cloudlet #1810 to Vm #15
0.01: MET_Broker: Sending Cloudlet #1811 to Vm #15
0.01: MET_Broker: Sending Cloudlet #1812 to Vm #15
0.01: MET_Broker: Sending Cloudlet #1813 to Vm #15
0.01: MET_Broker: Sending Cloudlet #1814 to Vm #15
0.01: MET_Broker: Sending Cloudlet #1815 to Vm #15
0.01: MET_Broker: Sending Cloudlet #1816 to Vm #15
0.01: MET_Broker: Sending Cloudlet #1817 to Vm #15
0.01: MET_Broker: Sending Cloudlet #1818 to Vm #15
0.01: MET_Broker: Sending Cloudlet #1819 to Vm #15
0.01: MET_Broker: Sending Cloudlet #1820 to Vm #15
0.01: MET_Broker: Sending Cloudlet #1821 to Vm #15
0.01: MET_Broker: Sending Cloudlet #1822 to Vm #15
0.01: MET_Broker: Sending Cloudlet #1823 to Vm #15
0.01: MET_Broker: Sending Cloudlet #1824 to Vm #15
0.01: MET_Broker: Sending Cloudlet #1825 to Vm #15
0.01: MET_Broker: Sending Cloudlet #1826 to Vm #15
0.01: MET_Broker: Sending Cloudlet #1827 to Vm #15
0.01: MET_Broker: Sending Cloudlet #1828 to Vm #15
0.01: MET_Broker: Sending Cloudlet #1829 to Vm #15
0.01: MET_Broker: Sending Cloudlet #1830 to Vm #15
0.01: MET_Broker: Sending Cloudlet #1831 to Vm #15
0.01: MET_Broker: Sending Cloudlet #1832 to Vm #15
0.01: MET_Broker: Sending Cloudlet #1833 to Vm #15
0.01: MET_Broker: Sending Cloudlet #1834 to Vm #15
0.01: MET_Broker: Sending Cloudlet #1835 to Vm #15
0.01: MET_Broker: Sending Cloudlet #1836 to Vm #15
0.01: MET_Broker: Sending Cloudlet #1837 to Vm #15
0.01: MET_Broker: Sending Cloudlet #1838 to Vm #15
0.01: MET_Broker: Sending Cloudlet #1839 to Vm #15
0.01: MET_Broker: Sending Cloudlet #1840 to Vm #15
0.01: MET_Broker: Sending Cloudlet #1841 to Vm #15
0.01: MET_Broker: Sending Cloudlet #1842 to Vm #15
0.01: MET_Broker: Sending Cloudlet #1843 to Vm #15
0.01: MET_Broker: Sending Cloudlet #1844 to Vm #15
0.01: MET_Broker: Sending Cloudlet #1845 to Vm #15
0.01: MET_Broker: Sending Cloudlet #1846 to Vm #15
0.01: MET_Broker: Sending Cloudlet #1847 to Vm #15
0.01: MET_Broker: Sending Cloudlet #1848 to Vm #15
0.01: MET_Broker: Sending Cloudlet #1849 to Vm #15
0.01: MET_Broker: Sending Cloudlet #1850 to Vm #15
0.01: MET_Broker: Sending Cloudlet #1851 to Vm #15
0.01: MET_Broker: Sending Cloudlet #1852 to Vm #15
0.01: MET_Broker: Sending Cloudlet #1853 to Vm #15
0.01: MET_Broker: Sending Cloudlet #1854 to Vm #15
0.01: MET_Broker: Sending Cloudlet #1855 to Vm #15
0.01: MET_Broker: Sending Cloudlet #1856 to Vm #15
0.01: MET_Broker: Sending Cloudlet #1857 to Vm #15
0.01: MET_Broker: Sending Cloudlet #1858 to Vm #15
0.01: MET_Broker: Sending Cloudlet #1859 to Vm #15
0.01: MET_Broker: Sending Cloudlet #1860 to Vm #15
0.01: MET_Broker: Sending Cloudlet #1861 to Vm #15
0.01: MET_Broker: Sending Cloudlet #1862 to Vm #15
0.01: MET_Broker: Sending Cloudlet #1863 to Vm #15
0.01: MET_Broker: Sending Cloudlet #1864 to Vm #15
0.01: MET_Broker: Sending Cloudlet #1865 to Vm #15
0.01: MET_Broker: Sending Cloudlet #1866 to Vm #15
0.01: MET_Broker: Sending Cloudlet #1867 to Vm #15
0.01: MET_Broker: Sending Cloudlet #1868 to Vm #15
0.01: MET_Broker: Sending Cloudlet #1869 to Vm #15
0.01: MET_Broker: Sending Cloudlet #1870 to Vm #15
0.01: MET_Broker: Sending Cloudlet #1871 to Vm #15
0.01: MET_Broker: Sending Cloudlet #1872 to Vm #15
0.01: MET_Broker: Sending Cloudlet #1873 to Vm #15
0.01: MET_Broker: Sending Cloudlet #1874 to Vm #15
0.01: MET_Broker: Sending Cloudlet #1875 to Vm #15
0.01: MET_Broker: Sending Cloudlet #1876 to Vm #15
0.01: MET_Broker: Sending Cloudlet #1877 to Vm #15
0.01: MET_Broker: Sending Cloudlet #1878 to Vm #15
0.01: MET_Broker: Sending Cloudlet #1879 to Vm #15
0.01: MET_Broker: Sending Cloudlet #1880 to Vm #15
0.01: MET_Broker: Sending Cloudlet #1881 to Vm #15
0.01: MET_Broker: Sending Cloudlet #1882 to Vm #15
0.01: MET_Broker: Sending Cloudlet #1883 to Vm #15
0.01: MET_Broker: Sending Cloudlet #1884 to Vm #15
0.01: MET_Broker: Sending Cloudlet #1885 to Vm #15
0.01: MET_Broker: Sending Cloudlet #1886 to Vm #15
0.01: MET_Broker: Sending Cloudlet #1887 to Vm #15
0.01: MET_Broker: Sending Cloudlet #1888 to Vm #15
0.01: MET_Broker: Sending Cloudlet #1889 to Vm #15
0.01: MET_Broker: Sending Cloudlet #1890 to Vm #15
0.01: MET_Broker: Sending Cloudlet #1891 to Vm #15
0.01: MET_Broker: Sending Cloudlet #1892 to Vm #15
0.01: MET_Broker: Sending Cloudlet #1893 to Vm #15
0.01: MET_Broker: Sending Cloudlet #1894 to Vm #15
0.01: MET_Broker: Sending Cloudlet #1895 to Vm #15
0.01: MET_Broker: Sending Cloudlet #1896 to Vm #15
0.01: MET_Broker: Sending Cloudlet #1897 to Vm #15
0.01: MET_Broker: Sending Cloudlet #1898 to Vm #15
0.01: MET_Broker: Sending Cloudlet #1899 to Vm #15
0.01: MET_Broker: Sending Cloudlet #1900 to Vm #15
0.01: MET_Broker: Sending Cloudlet #1901 to Vm #15
0.01: MET_Broker: Sending Cloudlet #1902 to Vm #15
0.01: MET_Broker: Sending Cloudlet #1903 to Vm #15
0.01: MET_Broker: Sending Cloudlet #1904 to Vm #15
0.01: MET_Broker: Sending Cloudlet #1905 to Vm #15
0.01: MET_Broker: Sending Cloudlet #1906 to Vm #15
0.01: MET_Broker: Sending Cloudlet #1907 to Vm #15
0.01: MET_Broker: Sending Cloudlet #1908 to Vm #15
0.01: MET_Broker: Sending Cloudlet #1909 to Vm #15
0.01: MET_Broker: Sending Cloudlet #1910 to Vm #15
0.01: MET_Broker: Sending Cloudlet #1911 to Vm #15
0.01: MET_Broker: Sending Cloudlet #1912 to Vm #15
0.01: MET_Broker: Sending Cloudlet #1913 to Vm #15
0.01: MET_Broker: Sending Cloudlet #1914 to Vm #15
0.01: MET_Broker: Sending Cloudlet #1915 to Vm #15
0.01: MET_Broker: Sending Cloudlet #1916 to Vm #15
0.01: MET_Broker: Sending Cloudlet #1917 to Vm #15
0.01: MET_Broker: Sending Cloudlet #1918 to Vm #15
0.01: MET_Broker: Sending Cloudlet #1919 to Vm #15
0.01: MET_Broker: Sending Cloudlet #1920 to Vm #15
0.01: MET_Broker: Sending Cloudlet #1921 to Vm #15
0.01: MET_Broker: Sending Cloudlet #1922 to Vm #15
0.01: MET_Broker: Sending Cloudlet #1923 to Vm #15
0.01: MET_Broker: Sending Cloudlet #1924 to Vm #15
0.01: MET_Broker: Sending Cloudlet #1925 to Vm #15
0.01: MET_Broker: Sending Cloudlet #1926 to Vm #15
0.01: MET_Broker: Sending Cloudlet #1927 to Vm #15
0.01: MET_Broker: Sending Cloudlet #1928 to Vm #15
0.01: MET_Broker: Sending Cloudlet #1929 to Vm #15
0.01: MET_Broker: Sending Cloudlet #1930 to Vm #15
0.01: MET_Broker: Sending Cloudlet #1931 to Vm #15
0.01: MET_Broker: Sending Cloudlet #1932 to Vm #15
0.01: MET_Broker: Sending Cloudlet #1933 to Vm #15
0.01: MET_Broker: Sending Cloudlet #1934 to Vm #15
0.01: MET_Broker: Sending Cloudlet #1935 to Vm #15
0.01: MET_Broker: Sending Cloudlet #1936 to Vm #15
0.01: MET_Broker: Sending Cloudlet #1937 to Vm #15
0.01: MET_Broker: Sending Cloudlet #1938 to Vm #15
0.01: MET_Broker: Sending Cloudlet #1939 to Vm #15
0.01: MET_Broker: Sending Cloudlet #1940 to Vm #15
0.01: MET_Broker: Sending Cloudlet #1941 to Vm #15
0.01: MET_Broker: Sending Cloudlet #1942 to Vm #15
0.01: MET_Broker: Sending Cloudlet #1943 to Vm #15
0.01: MET_Broker: Sending Cloudlet #1944 to Vm #15
0.01: MET_Broker: Sending Cloudlet #1945 to Vm #15
0.01: MET_Broker: Sending Cloudlet #1946 to Vm #15
0.01: MET_Broker: Sending Cloudlet #1947 to Vm #15
0.01: MET_Broker: Sending Cloudlet #1948 to Vm #15
0.01: MET_Broker: Sending Cloudlet #1949 to Vm #15
0.01: MET_Broker: Sending Cloudlet #1950 to Vm #15
0.01: MET_Broker: Sending Cloudlet #1951 to Vm #15
0.01: MET_Broker: Sending Cloudlet #1952 to Vm #15
0.01: MET_Broker: Sending Cloudlet #1953 to Vm #15
0.01: MET_Broker: Sending Cloudlet #1954 to Vm #15
0.01: MET_Broker: Sending Cloudlet #1955 to Vm #15
0.01: MET_Broker: Sending Cloudlet #1956 to Vm #15
0.01: MET_Broker: Sending Cloudlet #1957 to Vm #15
0.01: MET_Broker: Sending Cloudlet #1958 to Vm #15
0.01: MET_Broker: Sending Cloudlet #1959 to Vm #15
0.01: MET_Broker: Sending Cloudlet #1960 to Vm #15
0.01: MET_Broker: Sending Cloudlet #1961 to Vm #15
0.01: MET_Broker: Sending Cloudlet #1962 to Vm #15
0.01: MET_Broker: Sending Cloudlet #1963 to Vm #15
0.01: MET_Broker: Sending Cloudlet #1964 to Vm #15
0.01: MET_Broker: Sending Cloudlet #1965 to Vm #15
0.01: MET_Broker: Sending Cloudlet #1966 to Vm #15
0.01: MET_Broker: Sending Cloudlet #1967 to Vm #15
0.01: MET_Broker: Sending Cloudlet #1968 to Vm #15
0.01: MET_Broker: Sending Cloudlet #1969 to Vm #15
0.01: MET_Broker: Sending Cloudlet #1970 to Vm #15
0.01: MET_Broker: Sending Cloudlet #1971 to Vm #15
0.01: MET_Broker: Sending Cloudlet #1972 to Vm #15
0.01: MET_Broker: Sending Cloudlet #1973 to Vm #15
0.01: MET_Broker: Sending Cloudlet #1974 to Vm #15
0.01: MET_Broker: Sending Cloudlet #1975 to Vm #15
0.01: MET_Broker: Sending Cloudlet #1976 to Vm #15
0.01: MET_Broker: Sending Cloudlet #1977 to Vm #15
0.01: MET_Broker: Sending Cloudlet #1978 to Vm #15
0.01: MET_Broker: Sending Cloudlet #1979 to Vm #15
0.01: MET_Broker: Sending Cloudlet #1980 to Vm #15
0.01: MET_Broker: Sending Cloudlet #1981 to Vm #15
0.01: MET_Broker: Sending Cloudlet #1982 to Vm #15
0.01: MET_Broker: Sending Cloudlet #1983 to Vm #15
0.01: MET_Broker: Sending Cloudlet #1984 to Vm #15
0.01: MET_Broker: Sending Cloudlet #1985 to Vm #15
0.01: MET_Broker: Sending Cloudlet #1986 to Vm #15
0.01: MET_Broker: Sending Cloudlet #1987 to Vm #15
0.01: MET_Broker: Sending Cloudlet #1988 to Vm #15
0.01: MET_Broker: Sending Cloudlet #1989 to Vm #15
0.01: MET_Broker: Sending Cloudlet #1990 to Vm #15
0.01: MET_Broker: Sending Cloudlet #1991 to Vm #15
0.01: MET_Broker: Sending Cloudlet #1992 to Vm #15
0.01: MET_Broker: Sending Cloudlet #1993 to Vm #15
0.01: MET_Broker: Sending Cloudlet #1994 to Vm #15
0.01: MET_Broker: Sending Cloudlet #1995 to Vm #15
0.01: MET_Broker: Sending Cloudlet #1996 to Vm #15
0.01: MET_Broker: Sending Cloudlet #1997 to Vm #15
0.01: MET_Broker: Sending Cloudlet #1998 to Vm #15
0.01: MET_Broker: Sending Cloudlet #1999 to Vm #15
0.01: MET_Broker: Sending Cloudlet #2000 to Vm #15
0.01: MET_Broker: Sending Cloudlet #2001 to Vm #15
0.01: MET_Broker: Sending Cloudlet #2002 to Vm #15
0.01: MET_Broker: Sending Cloudlet #2003 to Vm #15
0.01: MET_Broker: Sending Cloudlet #2004 to Vm #15
0.01: MET_Broker: Sending Cloudlet #2005 to Vm #15
0.01: MET_Broker: Sending Cloudlet #2006 to Vm #15
0.01: MET_Broker: Sending Cloudlet #2007 to Vm #15
0.01: MET_Broker: Sending Cloudlet #2008 to Vm #15
0.01: MET_Broker: Sending Cloudlet #2009 to Vm #15
0.01: MET_Broker: Sending Cloudlet #2010 to Vm #15
0.01: MET_Broker: Sending Cloudlet #2011 to Vm #15
0.01: MET_Broker: Sending Cloudlet #2012 to Vm #15
0.01: MET_Broker: Sending Cloudlet #2013 to Vm #15
0.01: MET_Broker: Sending Cloudlet #2014 to Vm #15
0.01: MET_Broker: Sending Cloudlet #2015 to Vm #15
0.01: MET_Broker: Sending Cloudlet #2016 to Vm #15
0.01: MET_Broker: Sending Cloudlet #2017 to Vm #15
0.01: MET_Broker: Sending Cloudlet #2018 to Vm #15
0.01: MET_Broker: Sending Cloudlet #2019 to Vm #15
0.01: MET_Broker: Sending Cloudlet #2020 to Vm #15
0.01: MET_Broker: Sending Cloudlet #2021 to Vm #15
0.01: MET_Broker: Sending Cloudlet #2022 to Vm #15
0.01: MET_Broker: Sending Cloudlet #2023 to Vm #15
0.01: MET_Broker: Sending Cloudlet #2024 to Vm #15
0.01: MET_Broker: Sending Cloudlet #2025 to Vm #15
0.01: MET_Broker: Sending Cloudlet #2026 to Vm #15
0.01: MET_Broker: Sending Cloudlet #2027 to Vm #15
0.01: MET_Broker: Sending Cloudlet #2028 to Vm #15
0.01: MET_Broker: Sending Cloudlet #2029 to Vm #15
0.01: MET_Broker: Sending Cloudlet #2030 to Vm #15
0.01: MET_Broker: Sending Cloudlet #2031 to Vm #15
0.01: MET_Broker: Sending Cloudlet #2032 to Vm #15
0.01: MET_Broker: Sending Cloudlet #2033 to Vm #15
0.01: MET_Broker: Sending Cloudlet #2034 to Vm #15
0.01: MET_Broker: Sending Cloudlet #2035 to Vm #15
0.01: MET_Broker: Sending Cloudlet #2036 to Vm #15
0.01: MET_Broker: Sending Cloudlet #2037 to Vm #15
0.01: MET_Broker: Sending Cloudlet #2038 to Vm #15
0.01: MET_Broker: Sending Cloudlet #2039 to Vm #15
0.01: MET_Broker: Sending Cloudlet #2040 to Vm #15
0.01: MET_Broker: Sending Cloudlet #2041 to Vm #15
0.01: MET_Broker: Sending Cloudlet #2042 to Vm #15
0.01: MET_Broker: Sending Cloudlet #2043 to Vm #15
0.01: MET_Broker: Sending Cloudlet #2044 to Vm #15
0.01: MET_Broker: Sending Cloudlet #2045 to Vm #15
0.01: MET_Broker: Sending Cloudlet #2046 to Vm #15
0.01: MET_Broker: Sending Cloudlet #2047 to Vm #15
0.01: MET_Broker: Sending Cloudlet #2048 to Vm #15
0.01: MET_Broker: Sending Cloudlet #2049 to Vm #15
0.01: MET_Broker: Sending Cloudlet #2050 to Vm #15
0.01: MET_Broker: Sending Cloudlet #2051 to Vm #15
0.01: MET_Broker: Sending Cloudlet #2052 to Vm #15
0.01: MET_Broker: Sending Cloudlet #2053 to Vm #15
0.01: MET_Broker: Sending Cloudlet #2054 to Vm #15
0.01: MET_Broker: Sending Cloudlet #2055 to Vm #15
0.01: MET_Broker: Sending Cloudlet #2056 to Vm #15
0.01: MET_Broker: Sending Cloudlet #2057 to Vm #15
0.01: MET_Broker: Sending Cloudlet #2058 to Vm #15
0.01: MET_Broker: Sending Cloudlet #2059 to Vm #15
0.01: MET_Broker: Sending Cloudlet #2060 to Vm #15
0.01: MET_Broker: Sending Cloudlet #2061 to Vm #15
0.01: MET_Broker: Sending Cloudlet #2062 to Vm #15
0.01: MET_Broker: Sending Cloudlet #2063 to Vm #15
0.01: MET_Broker: Sending Cloudlet #2064 to Vm #15
0.01: MET_Broker: Sending Cloudlet #2065 to Vm #15
0.01: MET_Broker: Sending Cloudlet #2066 to Vm #15
0.01: MET_Broker: Sending Cloudlet #2067 to Vm #15
0.01: MET_Broker: Sending Cloudlet #2068 to Vm #15
0.01: MET_Broker: Sending Cloudlet #2069 to Vm #15
0.01: MET_Broker: Sending Cloudlet #2070 to Vm #15
0.01: MET_Broker: Sending Cloudlet #2071 to Vm #15
0.01: MET_Broker: Sending Cloudlet #2072 to Vm #15
0.01: MET_Broker: Sending Cloudlet #2073 to Vm #15
0.01: MET_Broker: Sending Cloudlet #2074 to Vm #15
0.01: MET_Broker: Sending Cloudlet #2075 to Vm #15
0.01: MET_Broker: Sending Cloudlet #2076 to Vm #15
0.01: MET_Broker: Sending Cloudlet #2077 to Vm #15
0.01: MET_Broker: Sending Cloudlet #2078 to Vm #15
0.01: MET_Broker: Sending Cloudlet #2079 to Vm #15
0.01: MET_Broker: Sending Cloudlet #2080 to Vm #15
0.01: MET_Broker: Sending Cloudlet #2081 to Vm #15
0.01: MET_Broker: Sending Cloudlet #2082 to Vm #15
0.01: MET_Broker: Sending Cloudlet #2083 to Vm #15
0.01: MET_Broker: Sending Cloudlet #2084 to Vm #15
0.01: MET_Broker: Sending Cloudlet #2085 to Vm #15
0.01: MET_Broker: Sending Cloudlet #2086 to Vm #15
0.01: MET_Broker: Sending Cloudlet #2087 to Vm #15
0.01: MET_Broker: Sending Cloudlet #2088 to Vm #15
0.01: MET_Broker: Sending Cloudlet #2089 to Vm #15
0.01: MET_Broker: Sending Cloudlet #2090 to Vm #15
0.01: MET_Broker: Sending Cloudlet #2091 to Vm #15
0.01: MET_Broker: Sending Cloudlet #2092 to Vm #15
0.01: MET_Broker: Sending Cloudlet #2093 to Vm #15
0.01: MET_Broker: Sending Cloudlet #2094 to Vm #15
0.01: MET_Broker: Sending Cloudlet #2095 to Vm #15
0.01: MET_Broker: Sending Cloudlet #2096 to Vm #15
0.01: MET_Broker: Sending Cloudlet #2097 to Vm #15
0.01: MET_Broker: Sending Cloudlet #2098 to Vm #15
0.01: MET_Broker: Sending Cloudlet #2099 to Vm #15
0.01: MET_Broker: Sending Cloudlet #2100 to Vm #15
0.01: MET_Broker: Sending Cloudlet #2101 to Vm #15
0.01: MET_Broker: Sending Cloudlet #2102 to Vm #15
0.01: MET_Broker: Sending Cloudlet #2103 to Vm #15
0.01: MET_Broker: Sending Cloudlet #2104 to Vm #15
0.01: MET_Broker: Sending Cloudlet #2105 to Vm #15
0.01: MET_Broker: Sending Cloudlet #2106 to Vm #15
0.01: MET_Broker: Sending Cloudlet #2107 to Vm #15
0.01: MET_Broker: Sending Cloudlet #2108 to Vm #15
0.01: MET_Broker: Sending Cloudlet #2109 to Vm #15
0.01: MET_Broker: Sending Cloudlet #2110 to Vm #15
0.01: MET_Broker: Sending Cloudlet #2111 to Vm #15
0.01: MET_Broker: Sending Cloudlet #2112 to Vm #15
0.01: MET_Broker: Sending Cloudlet #2113 to Vm #15
0.01: MET_Broker: Sending Cloudlet #2114 to Vm #15
0.01: MET_Broker: Sending Cloudlet #2115 to Vm #15
0.01: MET_Broker: Sending Cloudlet #2116 to Vm #15
0.01: MET_Broker: Sending Cloudlet #2117 to Vm #15
0.01: MET_Broker: Sending Cloudlet #2118 to Vm #15
0.01: MET_Broker: Sending Cloudlet #2119 to Vm #15
0.01: MET_Broker: Sending Cloudlet #2120 to Vm #15
0.01: MET_Broker: Sending Cloudlet #2121 to Vm #15
0.01: MET_Broker: Sending Cloudlet #2122 to Vm #15
0.01: MET_Broker: Sending Cloudlet #2123 to Vm #15
0.01: MET_Broker: Sending Cloudlet #2124 to Vm #15
0.01: MET_Broker: Sending Cloudlet #2125 to Vm #15
0.01: MET_Broker: Sending Cloudlet #2126 to Vm #15
0.01: MET_Broker: Sending Cloudlet #2127 to Vm #15
0.01: MET_Broker: Sending Cloudlet #2128 to Vm #15
0.01: MET_Broker: Sending Cloudlet #2129 to Vm #15
0.01: MET_Broker: Sending Cloudlet #2130 to Vm #15
0.01: MET_Broker: Sending Cloudlet #2131 to Vm #15
0.01: MET_Broker: Sending Cloudlet #2132 to Vm #15
0.01: MET_Broker: Sending Cloudlet #2133 to Vm #15
0.01: MET_Broker: Sending Cloudlet #2134 to Vm #15
0.01: MET_Broker: Sending Cloudlet #2135 to Vm #15
0.01: MET_Broker: Sending Cloudlet #2136 to Vm #15
0.01: MET_Broker: Sending Cloudlet #2137 to Vm #15
0.01: MET_Broker: Sending Cloudlet #2138 to Vm #15
0.01: MET_Broker: Sending Cloudlet #2139 to Vm #15
0.01: MET_Broker: Sending Cloudlet #2140 to Vm #15
0.01: MET_Broker: Sending Cloudlet #2141 to Vm #15
0.01: MET_Broker: Sending Cloudlet #2142 to Vm #15
0.01: MET_Broker: Sending Cloudlet #2143 to Vm #15
0.01: MET_Broker: Sending Cloudlet #2144 to Vm #15
0.01: MET_Broker: Sending Cloudlet #2145 to Vm #15
0.01: MET_Broker: Sending Cloudlet #2146 to Vm #15
0.01: MET_Broker: Sending Cloudlet #2147 to Vm #15
0.01: MET_Broker: Sending Cloudlet #2148 to Vm #15
0.01: MET_Broker: Sending Cloudlet #2149 to Vm #15
0.01: MET_Broker: Sending Cloudlet #2150 to Vm #15
0.01: MET_Broker: Sending Cloudlet #2151 to Vm #15
0.01: MET_Broker: Sending Cloudlet #2152 to Vm #15
0.01: MET_Broker: Sending Cloudlet #2153 to Vm #15
0.01: MET_Broker: Sending Cloudlet #2154 to Vm #15
0.01: MET_Broker: Sending Cloudlet #2155 to Vm #15
0.01: MET_Broker: Sending Cloudlet #2156 to Vm #15
0.01: MET_Broker: Sending Cloudlet #2157 to Vm #15
0.01: MET_Broker: Sending Cloudlet #2158 to Vm #15
0.01: MET_Broker: Sending Cloudlet #2159 to Vm #15
0.01: MET_Broker: Sending Cloudlet #2160 to Vm #15
0.01: MET_Broker: Sending Cloudlet #2161 to Vm #15
0.01: MET_Broker: Sending Cloudlet #2162 to Vm #15
0.01: MET_Broker: Sending Cloudlet #2163 to Vm #15
0.01: MET_Broker: Sending Cloudlet #2164 to Vm #15
0.01: MET_Broker: Sending Cloudlet #2165 to Vm #15
0.01: MET_Broker: Sending Cloudlet #2166 to Vm #15
0.01: MET_Broker: Sending Cloudlet #2167 to Vm #15
0.01: MET_Broker: Sending Cloudlet #2168 to Vm #15
0.01: MET_Broker: Sending Cloudlet #2169 to Vm #15
0.01: MET_Broker: Sending Cloudlet #2170 to Vm #15
0.01: MET_Broker: Sending Cloudlet #2171 to Vm #15
0.01: MET_Broker: Sending Cloudlet #2172 to Vm #15
0.01: MET_Broker: Sending Cloudlet #2173 to Vm #15
0.01: MET_Broker: Sending Cloudlet #2174 to Vm #15
0.01: MET_Broker: Sending Cloudlet #2175 to Vm #15
0.01: MET_Broker: Sending Cloudlet #2176 to Vm #15
0.01: MET_Broker: Sending Cloudlet #2177 to Vm #15
0.01: MET_Broker: Sending Cloudlet #2178 to Vm #15
0.01: MET_Broker: Sending Cloudlet #2179 to Vm #15
0.01: MET_Broker: Sending Cloudlet #2180 to Vm #15
0.01: MET_Broker: Sending Cloudlet #2181 to Vm #15
0.01: MET_Broker: Sending Cloudlet #2182 to Vm #15
0.01: MET_Broker: Sending Cloudlet #2183 to Vm #15
0.01: MET_Broker: Sending Cloudlet #2184 to Vm #15
0.01: MET_Broker: Sending Cloudlet #2185 to Vm #15
0.01: MET_Broker: Sending Cloudlet #2186 to Vm #15
0.01: MET_Broker: Sending Cloudlet #2187 to Vm #15
0.01: MET_Broker: Sending Cloudlet #2188 to Vm #15
0.01: MET_Broker: Sending Cloudlet #2189 to Vm #15
0.01: MET_Broker: Sending Cloudlet #2190 to Vm #15
0.01: MET_Broker: Sending Cloudlet #2191 to Vm #15
0.01: MET_Broker: Sending Cloudlet #2192 to Vm #15
0.01: MET_Broker: Sending Cloudlet #2193 to Vm #15
0.01: MET_Broker: Sending Cloudlet #2194 to Vm #15
0.01: MET_Broker: Sending Cloudlet #2195 to Vm #15
0.01: MET_Broker: Sending Cloudlet #2196 to Vm #15
0.01: MET_Broker: Sending Cloudlet #2197 to Vm #15
0.01: MET_Broker: Sending Cloudlet #2198 to Vm #15
0.01: MET_Broker: Sending Cloudlet #2199 to Vm #15
0.01: MET_Broker: Sending Cloudlet #2200 to Vm #15
0.01: MET_Broker: Sending Cloudlet #2201 to Vm #15
0.01: MET_Broker: Sending Cloudlet #2202 to Vm #15
0.01: MET_Broker: Sending Cloudlet #2203 to Vm #15
0.01: MET_Broker: Sending Cloudlet #2204 to Vm #15
0.01: MET_Broker: Sending Cloudlet #2205 to Vm #15
0.01: MET_Broker: Sending Cloudlet #2206 to Vm #15
0.01: MET_Broker: Sending Cloudlet #2207 to Vm #15
0.01: MET_Broker: Sending Cloudlet #2208 to Vm #15
0.01: MET_Broker: Sending Cloudlet #2209 to Vm #15
0.01: MET_Broker: Sending Cloudlet #2210 to Vm #15
0.01: MET_Broker: Sending Cloudlet #2211 to Vm #15
0.01: MET_Broker: Sending Cloudlet #2212 to Vm #15
0.01: MET_Broker: Sending Cloudlet #2213 to Vm #15
0.01: MET_Broker: Sending Cloudlet #2214 to Vm #15
0.01: MET_Broker: Sending Cloudlet #2215 to Vm #15
0.01: MET_Broker: Sending Cloudlet #2216 to Vm #15
0.01: MET_Broker: Sending Cloudlet #2217 to Vm #15
0.01: MET_Broker: Sending Cloudlet #2218 to Vm #15
0.01: MET_Broker: Sending Cloudlet #2219 to Vm #15
0.01: MET_Broker: Sending Cloudlet #2220 to Vm #15
0.01: MET_Broker: Sending Cloudlet #2221 to Vm #15
0.01: MET_Broker: Sending Cloudlet #2222 to Vm #15
0.01: MET_Broker: Sending Cloudlet #2223 to Vm #15
0.01: MET_Broker: Sending Cloudlet #2224 to Vm #15
0.01: MET_Broker: Sending Cloudlet #2225 to Vm #15
0.01: MET_Broker: Sending Cloudlet #2226 to Vm #15
0.01: MET_Broker: Sending Cloudlet #2227 to Vm #15
0.01: MET_Broker: Sending Cloudlet #2228 to Vm #15
0.01: MET_Broker: Sending Cloudlet #2229 to Vm #15
0.01: MET_Broker: Sending Cloudlet #2230 to Vm #15
0.01: MET_Broker: Sending Cloudlet #2231 to Vm #15
0.01: MET_Broker: Sending Cloudlet #2232 to Vm #15
0.01: MET_Broker: Sending Cloudlet #2233 to Vm #15
0.01: MET_Broker: Sending Cloudlet #2234 to Vm #15
0.01: MET_Broker: Sending Cloudlet #2235 to Vm #15
0.01: MET_Broker: Sending Cloudlet #2236 to Vm #15
0.01: MET_Broker: Sending Cloudlet #2237 to Vm #15
0.01: MET_Broker: Sending Cloudlet #2238 to Vm #15
0.01: MET_Broker: Sending Cloudlet #2239 to Vm #15
0.01: MET_Broker: Sending Cloudlet #2240 to Vm #15
0.01: MET_Broker: Sending Cloudlet #2241 to Vm #15
0.01: MET_Broker: Sending Cloudlet #2242 to Vm #15
0.01: MET_Broker: Sending Cloudlet #2243 to Vm #15
0.01: MET_Broker: Sending Cloudlet #2244 to Vm #15
0.01: MET_Broker: Sending Cloudlet #2245 to Vm #15
0.01: MET_Broker: Sending Cloudlet #2246 to Vm #15
0.01: MET_Broker: Sending Cloudlet #2247 to Vm #15
0.01: MET_Broker: Sending Cloudlet #2248 to Vm #15
0.01: MET_Broker: Sending Cloudlet #2249 to Vm #15
0.01: MET_Broker: Sending Cloudlet #2250 to Vm #15
0.01: MET_Broker: Sending Cloudlet #2251 to Vm #15
0.01: MET_Broker: Sending Cloudlet #2252 to Vm #15
0.01: MET_Broker: Sending Cloudlet #2253 to Vm #15
0.01: MET_Broker: Sending Cloudlet #2254 to Vm #15
0.01: MET_Broker: Sending Cloudlet #2255 to Vm #15
0.01: MET_Broker: Sending Cloudlet #2256 to Vm #15
0.01: MET_Broker: Sending Cloudlet #2257 to Vm #15
0.01: MET_Broker: Sending Cloudlet #2258 to Vm #15
0.01: MET_Broker: Sending Cloudlet #2259 to Vm #15
0.01: MET_Broker: Sending Cloudlet #2260 to Vm #15
0.01: MET_Broker: Sending Cloudlet #2261 to Vm #15
0.01: MET_Broker: Sending Cloudlet #2262 to Vm #15
0.01: MET_Broker: Sending Cloudlet #2263 to Vm #15
0.01: MET_Broker: Sending Cloudlet #2264 to Vm #15
0.01: MET_Broker: Sending Cloudlet #2265 to Vm #15
0.01: MET_Broker: Sending Cloudlet #2266 to Vm #15
0.01: MET_Broker: Sending Cloudlet #2267 to Vm #15
0.01: MET_Broker: Sending Cloudlet #2268 to Vm #15
0.01: MET_Broker: Sending Cloudlet #2269 to Vm #15
0.01: MET_Broker: Sending Cloudlet #2270 to Vm #15
0.01: MET_Broker: Sending Cloudlet #2271 to Vm #15
0.01: MET_Broker: Sending Cloudlet #2272 to Vm #15
0.01: MET_Broker: Sending Cloudlet #2273 to Vm #15
0.01: MET_Broker: Sending Cloudlet #2274 to Vm #15
0.01: MET_Broker: Sending Cloudlet #2275 to Vm #15
0.01: MET_Broker: Sending Cloudlet #2276 to Vm #15
0.01: MET_Broker: Sending Cloudlet #2277 to Vm #15
0.01: MET_Broker: Sending Cloudlet #2278 to Vm #15
0.01: MET_Broker: Sending Cloudlet #2279 to Vm #15
0.01: MET_Broker: Sending Cloudlet #2280 to Vm #15
0.01: MET_Broker: Sending Cloudlet #2281 to Vm #15
0.01: MET_Broker: Sending Cloudlet #2282 to Vm #15
0.01: MET_Broker: Sending Cloudlet #2283 to Vm #15
0.01: MET_Broker: Sending Cloudlet #2284 to Vm #15
0.01: MET_Broker: Sending Cloudlet #2285 to Vm #15
0.01: MET_Broker: Sending Cloudlet #2286 to Vm #15
0.01: MET_Broker: Sending Cloudlet #2287 to Vm #15
0.01: MET_Broker: Sending Cloudlet #2288 to Vm #15
0.01: MET_Broker: Sending Cloudlet #2289 to Vm #15
0.01: MET_Broker: Sending Cloudlet #2290 to Vm #15
0.01: MET_Broker: Sending Cloudlet #2291 to Vm #15
0.01: MET_Broker: Sending Cloudlet #2292 to Vm #15
0.01: MET_Broker: Sending Cloudlet #2293 to Vm #15
0.01: MET_Broker: Sending Cloudlet #2294 to Vm #15
0.01: MET_Broker: Sending Cloudlet #2295 to Vm #15
0.01: MET_Broker: Sending Cloudlet #2296 to Vm #15
0.01: MET_Broker: Sending Cloudlet #2297 to Vm #15
0.01: MET_Broker: Sending Cloudlet #2298 to Vm #15
0.01: MET_Broker: Sending Cloudlet #2299 to Vm #15
0.01: MET_Broker: Sending Cloudlet #2300 to Vm #15
0.01: MET_Broker: Sending Cloudlet #2301 to Vm #15
0.01: MET_Broker: Sending Cloudlet #2302 to Vm #15
0.01: MET_Broker: Sending Cloudlet #2303 to Vm #15
0.01: MET_Broker: Sending Cloudlet #2304 to Vm #15
0.01: MET_Broker: Sending Cloudlet #2305 to Vm #15
0.01: MET_Broker: Sending Cloudlet #2306 to Vm #15
0.01: MET_Broker: Sending Cloudlet #2307 to Vm #15
0.01: MET_Broker: Sending Cloudlet #2308 to Vm #15
0.01: MET_Broker: Sending Cloudlet #2309 to Vm #15
0.01: MET_Broker: Sending Cloudlet #2310 to Vm #15
0.01: MET_Broker: Sending Cloudlet #2311 to Vm #15
0.01: MET_Broker: Sending Cloudlet #2312 to Vm #15
0.01: MET_Broker: Sending Cloudlet #2313 to Vm #15
0.01: MET_Broker: Sending Cloudlet #2314 to Vm #15
0.01: MET_Broker: Sending Cloudlet #2315 to Vm #15
0.01: MET_Broker: Sending Cloudlet #2316 to Vm #15
0.01: MET_Broker: Sending Cloudlet #2317 to Vm #15
0.01: MET_Broker: Sending Cloudlet #2318 to Vm #15
0.01: MET_Broker: Sending Cloudlet #2319 to Vm #15
0.01: MET_Broker: Sending Cloudlet #2320 to Vm #15
0.01: MET_Broker: Sending Cloudlet #2321 to Vm #15
0.01: MET_Broker: Sending Cloudlet #2322 to Vm #15
0.01: MET_Broker: Sending Cloudlet #2323 to Vm #15
0.01: MET_Broker: Sending Cloudlet #2324 to Vm #15
0.01: MET_Broker: Sending Cloudlet #2325 to Vm #15
0.01: MET_Broker: Sending Cloudlet #2326 to Vm #15
0.01: MET_Broker: Sending Cloudlet #2327 to Vm #15
0.01: MET_Broker: Sending Cloudlet #2328 to Vm #15
0.01: MET_Broker: Sending Cloudlet #2329 to Vm #15
0.01: MET_Broker: Sending Cloudlet #2330 to Vm #15
0.01: MET_Broker: Sending Cloudlet #2331 to Vm #15
0.01: MET_Broker: Sending Cloudlet #2332 to Vm #15
0.01: MET_Broker: Sending Cloudlet #2333 to Vm #15
0.01: MET_Broker: Sending Cloudlet #2334 to Vm #15
0.01: MET_Broker: Sending Cloudlet #2335 to Vm #15
0.01: MET_Broker: Sending Cloudlet #2336 to Vm #15
0.01: MET_Broker: Sending Cloudlet #2337 to Vm #15
0.01: MET_Broker: Sending Cloudlet #2338 to Vm #15
0.01: MET_Broker: Sending Cloudlet #2339 to Vm #15
0.01: MET_Broker: Sending Cloudlet #2340 to Vm #15
0.01: MET_Broker: Sending Cloudlet #2341 to Vm #15
0.01: MET_Broker: Sending Cloudlet #2342 to Vm #15
0.01: MET_Broker: Sending Cloudlet #2343 to Vm #15
0.01: MET_Broker: Sending Cloudlet #2344 to Vm #15
0.01: MET_Broker: Sending Cloudlet #2345 to Vm #15
0.01: MET_Broker: Sending Cloudlet #2346 to Vm #15
0.01: MET_Broker: Sending Cloudlet #2347 to Vm #15
0.01: MET_Broker: Sending Cloudlet #2348 to Vm #15
0.01: MET_Broker: Sending Cloudlet #2349 to Vm #15
0.01: MET_Broker: Sending Cloudlet #2350 to Vm #15
0.01: MET_Broker: Sending Cloudlet #2351 to Vm #15
0.01: MET_Broker: Sending Cloudlet #2352 to Vm #15
0.01: MET_Broker: Sending Cloudlet #2353 to Vm #15
0.01: MET_Broker: Sending Cloudlet #2354 to Vm #15
0.01: MET_Broker: Sending Cloudlet #2355 to Vm #15
0.01: MET_Broker: Sending Cloudlet #2356 to Vm #15
0.01: MET_Broker: Sending Cloudlet #2357 to Vm #15
0.01: MET_Broker: Sending Cloudlet #2358 to Vm #15
0.01: MET_Broker: Sending Cloudlet #2359 to Vm #15
0.01: MET_Broker: Sending Cloudlet #2360 to Vm #15
0.01: MET_Broker: Sending Cloudlet #2361 to Vm #15
0.01: MET_Broker: Sending Cloudlet #2362 to Vm #15
0.01: MET_Broker: Sending Cloudlet #2363 to Vm #15
0.01: MET_Broker: Sending Cloudlet #2364 to Vm #15
0.01: MET_Broker: Sending Cloudlet #2365 to Vm #15
0.01: MET_Broker: Sending Cloudlet #2366 to Vm #15
0.01: MET_Broker: Sending Cloudlet #2367 to Vm #15
0.01: MET_Broker: Sending Cloudlet #2368 to Vm #15
0.01: MET_Broker: Sending Cloudlet #2369 to Vm #15
0.01: MET_Broker: Sending Cloudlet #2370 to Vm #15
0.01: MET_Broker: Sending Cloudlet #2371 to Vm #15
0.01: MET_Broker: Sending Cloudlet #2372 to Vm #15
0.01: MET_Broker: Sending Cloudlet #2373 to Vm #15
0.01: MET_Broker: Sending Cloudlet #2374 to Vm #15
0.01: MET_Broker: Sending Cloudlet #2375 to Vm #15
0.01: MET_Broker: Sending Cloudlet #2376 to Vm #15
0.01: MET_Broker: Sending Cloudlet #2377 to Vm #15
0.01: MET_Broker: Sending Cloudlet #2378 to Vm #15
0.01: MET_Broker: Sending Cloudlet #2379 to Vm #15
0.01: MET_Broker: Sending Cloudlet #2380 to Vm #15
0.01: MET_Broker: Sending Cloudlet #2381 to Vm #15
0.01: MET_Broker: Sending Cloudlet #2382 to Vm #15
0.01: MET_Broker: Sending Cloudlet #2383 to Vm #15
0.01: MET_Broker: Sending Cloudlet #2384 to Vm #15
0.01: MET_Broker: Sending Cloudlet #2385 to Vm #15
0.01: MET_Broker: Sending Cloudlet #2386 to Vm #15
0.01: MET_Broker: Sending Cloudlet #2387 to Vm #15
0.01: MET_Broker: Sending Cloudlet #2388 to Vm #15
0.01: MET_Broker: Sending Cloudlet #2389 to Vm #15
0.01: MET_Broker: Sending Cloudlet #2390 to Vm #15
0.01: MET_Broker: Sending Cloudlet #2391 to Vm #15
0.01: MET_Broker: Sending Cloudlet #2392 to Vm #15
0.01: MET_Broker: Sending Cloudlet #2393 to Vm #15
0.01: MET_Broker: Sending Cloudlet #2394 to Vm #15
0.01: MET_Broker: Sending Cloudlet #2395 to Vm #15
0.01: MET_Broker: Sending Cloudlet #2396 to Vm #15
0.01: MET_Broker: Sending Cloudlet #2397 to Vm #15
0.01: MET_Broker: Sending Cloudlet #2398 to Vm #15
0.01: MET_Broker: Sending Cloudlet #2399 to Vm #15
0.01: MET_Broker: Sending Cloudlet #2400 to Vm #15
0.01: MET_Broker: Sending Cloudlet #2401 to Vm #15
0.01: MET_Broker: Sending Cloudlet #2402 to Vm #15
0.01: MET_Broker: Sending Cloudlet #2403 to Vm #15
0.01: MET_Broker: Sending Cloudlet #2404 to Vm #15
0.01: MET_Broker: Sending Cloudlet #2405 to Vm #15
0.01: MET_Broker: Sending Cloudlet #2406 to Vm #15
0.01: MET_Broker: Sending Cloudlet #2407 to Vm #15
0.01: MET_Broker: Sending Cloudlet #2408 to Vm #15
0.01: MET_Broker: Sending Cloudlet #2409 to Vm #15
0.01: MET_Broker: Sending Cloudlet #2410 to Vm #15
0.01: MET_Broker: Sending Cloudlet #2411 to Vm #15
0.01: MET_Broker: Sending Cloudlet #2412 to Vm #15
0.01: MET_Broker: Sending Cloudlet #2413 to Vm #15
0.01: MET_Broker: Sending Cloudlet #2414 to Vm #15
0.01: MET_Broker: Sending Cloudlet #2415 to Vm #15
0.01: MET_Broker: Sending Cloudlet #2416 to Vm #15
0.01: MET_Broker: Sending Cloudlet #2417 to Vm #15
0.01: MET_Broker: Sending Cloudlet #2418 to Vm #15
0.01: MET_Broker: Sending Cloudlet #2419 to Vm #15
0.01: MET_Broker: Sending Cloudlet #2420 to Vm #15
0.01: MET_Broker: Sending Cloudlet #2421 to Vm #15
0.01: MET_Broker: Sending Cloudlet #2422 to Vm #15
0.01: MET_Broker: Sending Cloudlet #2423 to Vm #15
0.01: MET_Broker: Sending Cloudlet #2424 to Vm #15
0.01: MET_Broker: Sending Cloudlet #2425 to Vm #15
0.01: MET_Broker: Sending Cloudlet #2426 to Vm #15
0.01: MET_Broker: Sending Cloudlet #2427 to Vm #15
0.01: MET_Broker: Sending Cloudlet #2428 to Vm #15
0.01: MET_Broker: Sending Cloudlet #2429 to Vm #15
0.01: MET_Broker: Sending Cloudlet #2430 to Vm #15
0.01: MET_Broker: Sending Cloudlet #2431 to Vm #15
0.01: MET_Broker: Sending Cloudlet #2432 to Vm #15
0.01: MET_Broker: Sending Cloudlet #2433 to Vm #15
0.01: MET_Broker: Sending Cloudlet #2434 to Vm #15
0.01: MET_Broker: Sending Cloudlet #2435 to Vm #15
0.01: MET_Broker: Sending Cloudlet #2436 to Vm #15
0.01: MET_Broker: Sending Cloudlet #2437 to Vm #15
0.01: MET_Broker: Sending Cloudlet #2438 to Vm #15
0.01: MET_Broker: Sending Cloudlet #2439 to Vm #15
0.01: MET_Broker: Sending Cloudlet #2440 to Vm #15
0.01: MET_Broker: Sending Cloudlet #2441 to Vm #15
0.01: MET_Broker: Sending Cloudlet #2442 to Vm #15
0.01: MET_Broker: Sending Cloudlet #2443 to Vm #15
0.01: MET_Broker: Sending Cloudlet #2444 to Vm #15
0.01: MET_Broker: Sending Cloudlet #2445 to Vm #15
0.01: MET_Broker: Sending Cloudlet #2446 to Vm #15
0.01: MET_Broker: Sending Cloudlet #2447 to Vm #15
0.01: MET_Broker: Sending Cloudlet #2448 to Vm #15
0.01: MET_Broker: Sending Cloudlet #2449 to Vm #15
0.01: MET_Broker: Sending Cloudlet #2450 to Vm #15
0.01: MET_Broker: Sending Cloudlet #2451 to Vm #15
0.01: MET_Broker: Sending Cloudlet #2452 to Vm #15
0.01: MET_Broker: Sending Cloudlet #2453 to Vm #15
0.01: MET_Broker: Sending Cloudlet #2454 to Vm #15
0.01: MET_Broker: Sending Cloudlet #2455 to Vm #15
0.01: MET_Broker: Sending Cloudlet #2456 to Vm #15
0.01: MET_Broker: Sending Cloudlet #2457 to Vm #15
0.01: MET_Broker: Sending Cloudlet #2458 to Vm #15
0.01: MET_Broker: Sending Cloudlet #2459 to Vm #15
0.01: MET_Broker: Sending Cloudlet #2460 to Vm #15
0.01: MET_Broker: Sending Cloudlet #2461 to Vm #15
0.01: MET_Broker: Sending Cloudlet #2462 to Vm #15
0.01: MET_Broker: Sending Cloudlet #2463 to Vm #15
0.01: MET_Broker: Sending Cloudlet #2464 to Vm #15
0.01: MET_Broker: Sending Cloudlet #2465 to Vm #15
0.01: MET_Broker: Sending Cloudlet #2466 to Vm #15
0.01: MET_Broker: Sending Cloudlet #2467 to Vm #15
0.01: MET_Broker: Sending Cloudlet #2468 to Vm #15
0.01: MET_Broker: Sending Cloudlet #2469 to Vm #15
0.01: MET_Broker: Sending Cloudlet #2470 to Vm #15
0.01: MET_Broker: Sending Cloudlet #2471 to Vm #15
0.01: MET_Broker: Sending Cloudlet #2472 to Vm #15
0.01: MET_Broker: Sending Cloudlet #2473 to Vm #15
0.01: MET_Broker: Sending Cloudlet #2474 to Vm #15
0.01: MET_Broker: Sending Cloudlet #2475 to Vm #15
0.01: MET_Broker: Sending Cloudlet #2476 to Vm #15
0.01: MET_Broker: Sending Cloudlet #2477 to Vm #15
0.01: MET_Broker: Sending Cloudlet #2478 to Vm #15
0.01: MET_Broker: Sending Cloudlet #2479 to Vm #15
0.01: MET_Broker: Sending Cloudlet #2480 to Vm #15
0.01: MET_Broker: Sending Cloudlet #2481 to Vm #15
0.01: MET_Broker: Sending Cloudlet #2482 to Vm #15
0.01: MET_Broker: Sending Cloudlet #2483 to Vm #15
0.01: MET_Broker: Sending Cloudlet #2484 to Vm #15
0.01: MET_Broker: Sending Cloudlet #2485 to Vm #15
0.01: MET_Broker: Sending Cloudlet #2486 to Vm #15
0.01: MET_Broker: Sending Cloudlet #2487 to Vm #15
0.01: MET_Broker: Sending Cloudlet #2488 to Vm #15
0.01: MET_Broker: Sending Cloudlet #2489 to Vm #15
0.01: MET_Broker: Sending Cloudlet #2490 to Vm #15
0.01: MET_Broker: Sending Cloudlet #2491 to Vm #15
0.01: MET_Broker: Sending Cloudlet #2492 to Vm #15
0.01: MET_Broker: Sending Cloudlet #2493 to Vm #15
0.01: MET_Broker: Sending Cloudlet #2494 to Vm #15
0.01: MET_Broker: Sending Cloudlet #2495 to Vm #15
0.01: MET_Broker: Sending Cloudlet #2496 to Vm #15
0.01: MET_Broker: Sending Cloudlet #2497 to Vm #15
0.01: MET_Broker: Sending Cloudlet #2498 to Vm #15
0.01: MET_Broker: Sending Cloudlet #2499 to Vm #15
0.01: MET_Broker: Sending Cloudlet #2500 to Vm #15
0.01: MET_Broker: Sending Cloudlet #2501 to Vm #15
0.01: MET_Broker: Sending Cloudlet #2502 to Vm #15
0.01: MET_Broker: Sending Cloudlet #2503 to Vm #15
0.01: MET_Broker: Sending Cloudlet #2504 to Vm #15
0.01: MET_Broker: Sending Cloudlet #2505 to Vm #15
0.01: MET_Broker: Sending Cloudlet #2506 to Vm #15
0.01: MET_Broker: Sending Cloudlet #2507 to Vm #15
0.01: MET_Broker: Sending Cloudlet #2508 to Vm #15
0.01: MET_Broker: Sending Cloudlet #2509 to Vm #15
0.01: MET_Broker: Sending Cloudlet #2510 to Vm #15
0.01: MET_Broker: Sending Cloudlet #2511 to Vm #15
0.01: MET_Broker: Sending Cloudlet #2512 to Vm #15
0.01: MET_Broker: Sending Cloudlet #2513 to Vm #15
0.01: MET_Broker: Sending Cloudlet #2514 to Vm #15
0.01: MET_Broker: Sending Cloudlet #2515 to Vm #15
0.01: MET_Broker: Sending Cloudlet #2516 to Vm #15
0.01: MET_Broker: Sending Cloudlet #2517 to Vm #15
0.01: MET_Broker: Sending Cloudlet #2518 to Vm #15
0.01: MET_Broker: Sending Cloudlet #2519 to Vm #15
0.01: MET_Broker: Sending Cloudlet #2520 to Vm #15
0.01: MET_Broker: Sending Cloudlet #2521 to Vm #15
0.01: MET_Broker: Sending Cloudlet #2522 to Vm #15
0.01: MET_Broker: Sending Cloudlet #2523 to Vm #15
0.01: MET_Broker: Sending Cloudlet #2524 to Vm #15
0.01: MET_Broker: Sending Cloudlet #2525 to Vm #15
0.01: MET_Broker: Sending Cloudlet #2526 to Vm #15
0.01: MET_Broker: Sending Cloudlet #2527 to Vm #15
0.01: MET_Broker: Sending Cloudlet #2528 to Vm #15
0.01: MET_Broker: Sending Cloudlet #2529 to Vm #15
0.01: MET_Broker: Sending Cloudlet #2530 to Vm #15
0.01: MET_Broker: Sending Cloudlet #2531 to Vm #15
0.01: MET_Broker: Sending Cloudlet #2532 to Vm #15
0.01: MET_Broker: Sending Cloudlet #2533 to Vm #15
0.01: MET_Broker: Sending Cloudlet #2534 to Vm #15
0.01: MET_Broker: Sending Cloudlet #2535 to Vm #15
0.01: MET_Broker: Sending Cloudlet #2536 to Vm #15
0.01: MET_Broker: Sending Cloudlet #2537 to Vm #15
0.01: MET_Broker: Sending Cloudlet #2538 to Vm #15
0.01: MET_Broker: Sending Cloudlet #2539 to Vm #15
0.01: MET_Broker: Sending Cloudlet #2540 to Vm #15
0.01: MET_Broker: Sending Cloudlet #2541 to Vm #15
0.01: MET_Broker: Sending Cloudlet #2542 to Vm #15
0.01: MET_Broker: Sending Cloudlet #2543 to Vm #15
0.01: MET_Broker: Sending Cloudlet #2544 to Vm #15
0.01: MET_Broker: Sending Cloudlet #2545 to Vm #15
0.01: MET_Broker: Sending Cloudlet #2546 to Vm #15
0.01: MET_Broker: Sending Cloudlet #2547 to Vm #15
0.01: MET_Broker: Sending Cloudlet #2548 to Vm #15
0.01: MET_Broker: Sending Cloudlet #2549 to Vm #15
0.01: MET_Broker: Sending Cloudlet #2550 to Vm #15
0.01: MET_Broker: Sending Cloudlet #2551 to Vm #15
0.01: MET_Broker: Sending Cloudlet #2552 to Vm #15
0.01: MET_Broker: Sending Cloudlet #2553 to Vm #15
0.01: MET_Broker: Sending Cloudlet #2554 to Vm #15
0.01: MET_Broker: Sending Cloudlet #2555 to Vm #15
0.01: MET_Broker: Sending Cloudlet #2556 to Vm #15
0.01: MET_Broker: Sending Cloudlet #2557 to Vm #15
0.01: MET_Broker: Sending Cloudlet #2558 to Vm #15
0.01: MET_Broker: Sending Cloudlet #2559 to Vm #15
0.01: MET_Broker: Sending Cloudlet #2560 to Vm #15
0.01: MET_Broker: Sending Cloudlet #2561 to Vm #15
0.01: MET_Broker: Sending Cloudlet #2562 to Vm #15
0.01: MET_Broker: Sending Cloudlet #2563 to Vm #15
0.01: MET_Broker: Sending Cloudlet #2564 to Vm #15
0.01: MET_Broker: Sending Cloudlet #2565 to Vm #15
0.01: MET_Broker: Sending Cloudlet #2566 to Vm #15
0.01: MET_Broker: Sending Cloudlet #2567 to Vm #15
0.01: MET_Broker: Sending Cloudlet #2568 to Vm #15
0.01: MET_Broker: Sending Cloudlet #2569 to Vm #15
0.01: MET_Broker: Sending Cloudlet #2570 to Vm #15
0.01: MET_Broker: Sending Cloudlet #2571 to Vm #15
0.01: MET_Broker: Sending Cloudlet #2572 to Vm #15
0.01: MET_Broker: Sending Cloudlet #2573 to Vm #15
0.01: MET_Broker: Sending Cloudlet #2574 to Vm #15
0.01: MET_Broker: Sending Cloudlet #2575 to Vm #15
0.01: MET_Broker: Sending Cloudlet #2576 to Vm #15
0.01: MET_Broker: Sending Cloudlet #2577 to Vm #15
0.01: MET_Broker: Sending Cloudlet #2578 to Vm #15
0.01: MET_Broker: Sending Cloudlet #2579 to Vm #15
0.01: MET_Broker: Sending Cloudlet #2580 to Vm #15
0.01: MET_Broker: Sending Cloudlet #2581 to Vm #15
0.01: MET_Broker: Sending Cloudlet #2582 to Vm #15
0.01: MET_Broker: Sending Cloudlet #2583 to Vm #15
0.01: MET_Broker: Sending Cloudlet #2584 to Vm #15
0.01: MET_Broker: Sending Cloudlet #2585 to Vm #15
0.01: MET_Broker: Sending Cloudlet #2586 to Vm #15
0.01: MET_Broker: Sending Cloudlet #2587 to Vm #15
0.01: MET_Broker: Sending Cloudlet #2588 to Vm #15
0.01: MET_Broker: Sending Cloudlet #2589 to Vm #15
0.01: MET_Broker: Sending Cloudlet #2590 to Vm #15
0.01: MET_Broker: Sending Cloudlet #2591 to Vm #15
0.01: MET_Broker: Sending Cloudlet #2592 to Vm #15
0.01: MET_Broker: Sending Cloudlet #2593 to Vm #15
0.01: MET_Broker: Sending Cloudlet #2594 to Vm #15
0.01: MET_Broker: Sending Cloudlet #2595 to Vm #15
0.01: MET_Broker: Sending Cloudlet #2596 to Vm #15
0.01: MET_Broker: Sending Cloudlet #2597 to Vm #15
0.01: MET_Broker: Sending Cloudlet #2598 to Vm #15
0.01: MET_Broker: Sending Cloudlet #2599 to Vm #15
0.01: MET_Broker: Sending Cloudlet #2600 to Vm #15
0.01: MET_Broker: Sending Cloudlet #2601 to Vm #15
0.01: MET_Broker: Sending Cloudlet #2602 to Vm #15
0.01: MET_Broker: Sending Cloudlet #2603 to Vm #15
0.01: MET_Broker: Sending Cloudlet #2604 to Vm #15
0.01: MET_Broker: Sending Cloudlet #2605 to Vm #15
0.01: MET_Broker: Sending Cloudlet #2606 to Vm #15
0.01: MET_Broker: Sending Cloudlet #2607 to Vm #15
0.01: MET_Broker: Sending Cloudlet #2608 to Vm #15
0.01: MET_Broker: Sending Cloudlet #2609 to Vm #15
0.01: MET_Broker: Sending Cloudlet #2610 to Vm #15
0.01: MET_Broker: Sending Cloudlet #2611 to Vm #15
0.01: MET_Broker: Sending Cloudlet #2612 to Vm #15
0.01: MET_Broker: Sending Cloudlet #2613 to Vm #15
0.01: MET_Broker: Sending Cloudlet #2614 to Vm #15
0.01: MET_Broker: Sending Cloudlet #2615 to Vm #15
0.01: MET_Broker: Sending Cloudlet #2616 to Vm #15
0.01: MET_Broker: Sending Cloudlet #2617 to Vm #15
0.01: MET_Broker: Sending Cloudlet #2618 to Vm #15
0.01: MET_Broker: Sending Cloudlet #2619 to Vm #15
0.01: MET_Broker: Sending Cloudlet #2620 to Vm #15
0.01: MET_Broker: Sending Cloudlet #2621 to Vm #15
0.01: MET_Broker: Sending Cloudlet #2622 to Vm #15
0.01: MET_Broker: Sending Cloudlet #2623 to Vm #15
0.01: MET_Broker: Sending Cloudlet #2624 to Vm #15
0.01: MET_Broker: Sending Cloudlet #2625 to Vm #15
0.01: MET_Broker: Sending Cloudlet #2626 to Vm #15
0.01: MET_Broker: Sending Cloudlet #2627 to Vm #15
0.01: MET_Broker: Sending Cloudlet #2628 to Vm #15
0.01: MET_Broker: Sending Cloudlet #2629 to Vm #15
0.01: MET_Broker: Sending Cloudlet #2630 to Vm #15
0.01: MET_Broker: Sending Cloudlet #2631 to Vm #15
0.01: MET_Broker: Sending Cloudlet #2632 to Vm #15
0.01: MET_Broker: Sending Cloudlet #2633 to Vm #15
0.01: MET_Broker: Sending Cloudlet #2634 to Vm #15
0.01: MET_Broker: Sending Cloudlet #2635 to Vm #15
0.01: MET_Broker: Sending Cloudlet #2636 to Vm #15
0.01: MET_Broker: Sending Cloudlet #2637 to Vm #15
0.01: MET_Broker: Sending Cloudlet #2638 to Vm #15
0.01: MET_Broker: Sending Cloudlet #2639 to Vm #15
0.01: MET_Broker: Sending Cloudlet #2640 to Vm #15
0.01: MET_Broker: Sending Cloudlet #2641 to Vm #15
0.01: MET_Broker: Sending Cloudlet #2642 to Vm #15
0.01: MET_Broker: Sending Cloudlet #2643 to Vm #15
0.01: MET_Broker: Sending Cloudlet #2644 to Vm #15
0.01: MET_Broker: Sending Cloudlet #2645 to Vm #15
0.01: MET_Broker: Sending Cloudlet #2646 to Vm #15
0.01: MET_Broker: Sending Cloudlet #2647 to Vm #15
0.01: MET_Broker: Sending Cloudlet #2648 to Vm #15
0.01: MET_Broker: Sending Cloudlet #2649 to Vm #15
0.01: MET_Broker: Sending Cloudlet #2650 to Vm #15
0.01: MET_Broker: Sending Cloudlet #2651 to Vm #15
0.01: MET_Broker: Sending Cloudlet #2652 to Vm #15
0.01: MET_Broker: Sending Cloudlet #2653 to Vm #15
0.01: MET_Broker: Sending Cloudlet #2654 to Vm #15
0.01: MET_Broker: Sending Cloudlet #2655 to Vm #15
0.01: MET_Broker: Sending Cloudlet #2656 to Vm #15
0.01: MET_Broker: Sending Cloudlet #2657 to Vm #15
0.01: MET_Broker: Sending Cloudlet #2658 to Vm #15
0.01: MET_Broker: Sending Cloudlet #2659 to Vm #15
0.01: MET_Broker: Sending Cloudlet #2660 to Vm #15
0.01: MET_Broker: Sending Cloudlet #2661 to Vm #15
0.01: MET_Broker: Sending Cloudlet #2662 to Vm #15
0.01: MET_Broker: Sending Cloudlet #2663 to Vm #15
0.01: MET_Broker: Sending Cloudlet #2664 to Vm #15
0.01: MET_Broker: Sending Cloudlet #2665 to Vm #15
0.01: MET_Broker: Sending Cloudlet #2666 to Vm #15
0.01: MET_Broker: Sending Cloudlet #2667 to Vm #15
0.01: MET_Broker: Sending Cloudlet #2668 to Vm #15
0.01: MET_Broker: Sending Cloudlet #2669 to Vm #15
0.01: MET_Broker: Sending Cloudlet #2670 to Vm #15
0.01: MET_Broker: Sending Cloudlet #2671 to Vm #15
0.01: MET_Broker: Sending Cloudlet #2672 to Vm #15
0.01: MET_Broker: Sending Cloudlet #2673 to Vm #15
0.01: MET_Broker: Sending Cloudlet #2674 to Vm #15
0.01: MET_Broker: Sending Cloudlet #2675 to Vm #15
0.01: MET_Broker: Sending Cloudlet #2676 to Vm #15
0.01: MET_Broker: Sending Cloudlet #2677 to Vm #15
0.01: MET_Broker: Sending Cloudlet #2678 to Vm #15
0.01: MET_Broker: Sending Cloudlet #2679 to Vm #15
0.01: MET_Broker: Sending Cloudlet #2680 to Vm #15
0.01: MET_Broker: Sending Cloudlet #2681 to Vm #15
0.01: MET_Broker: Sending Cloudlet #2682 to Vm #15
0.01: MET_Broker: Sending Cloudlet #2683 to Vm #15
0.01: MET_Broker: Sending Cloudlet #2684 to Vm #15
0.01: MET_Broker: Sending Cloudlet #2685 to Vm #15
0.01: MET_Broker: Sending Cloudlet #2686 to Vm #15
0.01: MET_Broker: Sending Cloudlet #2687 to Vm #15
0.01: MET_Broker: Sending Cloudlet #2688 to Vm #15
0.01: MET_Broker: Sending Cloudlet #2689 to Vm #15
0.01: MET_Broker: Sending Cloudlet #2690 to Vm #15
0.01: MET_Broker: Sending Cloudlet #2691 to Vm #15
0.01: MET_Broker: Sending Cloudlet #2692 to Vm #15
0.01: MET_Broker: Sending Cloudlet #2693 to Vm #15
0.01: MET_Broker: Sending Cloudlet #2694 to Vm #15
0.01: MET_Broker: Sending Cloudlet #2695 to Vm #15
0.01: MET_Broker: Sending Cloudlet #2696 to Vm #15
0.01: MET_Broker: Sending Cloudlet #2697 to Vm #15
0.01: MET_Broker: Sending Cloudlet #2698 to Vm #15
0.01: MET_Broker: Sending Cloudlet #2699 to Vm #15
0.01: MET_Broker: Sending Cloudlet #2700 to Vm #15
0.01: MET_Broker: Sending Cloudlet #2701 to Vm #15
0.01: MET_Broker: Sending Cloudlet #2702 to Vm #15
0.01: MET_Broker: Sending Cloudlet #2703 to Vm #15
0.01: MET_Broker: Sending Cloudlet #2704 to Vm #15
0.01: MET_Broker: Sending Cloudlet #2705 to Vm #15
0.01: MET_Broker: Sending Cloudlet #2706 to Vm #15
0.01: MET_Broker: Sending Cloudlet #2707 to Vm #15
0.01: MET_Broker: Sending Cloudlet #2708 to Vm #15
0.01: MET_Broker: Sending Cloudlet #2709 to Vm #15
0.01: MET_Broker: Sending Cloudlet #2710 to Vm #15
0.01: MET_Broker: Sending Cloudlet #2711 to Vm #15
0.01: MET_Broker: Sending Cloudlet #2712 to Vm #15
0.01: MET_Broker: Sending Cloudlet #2713 to Vm #15
0.01: MET_Broker: Sending Cloudlet #2714 to Vm #15
0.01: MET_Broker: Sending Cloudlet #2715 to Vm #15
0.01: MET_Broker: Sending Cloudlet #2716 to Vm #15
0.01: MET_Broker: Sending Cloudlet #2717 to Vm #15
0.01: MET_Broker: Sending Cloudlet #2718 to Vm #15
0.01: MET_Broker: Sending Cloudlet #2719 to Vm #15
0.01: MET_Broker: Sending Cloudlet #2720 to Vm #15
0.01: MET_Broker: Sending Cloudlet #2721 to Vm #15
0.01: MET_Broker: Sending Cloudlet #2722 to Vm #15
0.01: MET_Broker: Sending Cloudlet #2723 to Vm #15
0.01: MET_Broker: Sending Cloudlet #2724 to Vm #15
0.01: MET_Broker: Sending Cloudlet #2725 to Vm #15
0.01: MET_Broker: Sending Cloudlet #2726 to Vm #15
0.01: MET_Broker: Sending Cloudlet #2727 to Vm #15
0.01: MET_Broker: Sending Cloudlet #2728 to Vm #15
0.01: MET_Broker: Sending Cloudlet #2729 to Vm #15
0.01: MET_Broker: Sending Cloudlet #2730 to Vm #15
0.01: MET_Broker: Sending Cloudlet #2731 to Vm #15
0.01: MET_Broker: Sending Cloudlet #2732 to Vm #15
0.01: MET_Broker: Sending Cloudlet #2733 to Vm #15
0.01: MET_Broker: Sending Cloudlet #2734 to Vm #15
0.01: MET_Broker: Sending Cloudlet #2735 to Vm #15
0.01: MET_Broker: Sending Cloudlet #2736 to Vm #15
0.01: MET_Broker: Sending Cloudlet #2737 to Vm #15
0.01: MET_Broker: Sending Cloudlet #2738 to Vm #15
0.01: MET_Broker: Sending Cloudlet #2739 to Vm #15
0.01: MET_Broker: Sending Cloudlet #2740 to Vm #15
0.01: MET_Broker: Sending Cloudlet #2741 to Vm #15
0.01: MET_Broker: Sending Cloudlet #2742 to Vm #15
0.01: MET_Broker: Sending Cloudlet #2743 to Vm #15
0.01: MET_Broker: Sending Cloudlet #2744 to Vm #15
0.01: MET_Broker: Sending Cloudlet #2745 to Vm #15
0.01: MET_Broker: Sending Cloudlet #2746 to Vm #15
0.01: MET_Broker: Sending Cloudlet #2747 to Vm #15
0.01: MET_Broker: Sending Cloudlet #2748 to Vm #15
0.01: MET_Broker: Sending Cloudlet #2749 to Vm #15
0.01: MET_Broker: Sending Cloudlet #2750 to Vm #15
0.01: MET_Broker: Sending Cloudlet #2751 to Vm #15
0.01: MET_Broker: Sending Cloudlet #2752 to Vm #15
0.01: MET_Broker: Sending Cloudlet #2753 to Vm #15
0.01: MET_Broker: Sending Cloudlet #2754 to Vm #15
0.01: MET_Broker: Sending Cloudlet #2755 to Vm #15
0.01: MET_Broker: Sending Cloudlet #2756 to Vm #15
0.01: MET_Broker: Sending Cloudlet #2757 to Vm #15
0.01: MET_Broker: Sending Cloudlet #2758 to Vm #15
0.01: MET_Broker: Sending Cloudlet #2759 to Vm #15
0.01: MET_Broker: Sending Cloudlet #2760 to Vm #15
0.01: MET_Broker: Sending Cloudlet #2761 to Vm #15
0.01: MET_Broker: Sending Cloudlet #2762 to Vm #15
0.01: MET_Broker: Sending Cloudlet #2763 to Vm #15
0.01: MET_Broker: Sending Cloudlet #2764 to Vm #15
0.01: MET_Broker: Sending Cloudlet #2765 to Vm #15
0.01: MET_Broker: Sending Cloudlet #2766 to Vm #15
0.01: MET_Broker: Sending Cloudlet #2767 to Vm #15
0.01: MET_Broker: Sending Cloudlet #2768 to Vm #15
0.01: MET_Broker: Sending Cloudlet #2769 to Vm #15
0.01: MET_Broker: Sending Cloudlet #2770 to Vm #15
0.01: MET_Broker: Sending Cloudlet #2771 to Vm #15
0.01: MET_Broker: Sending Cloudlet #2772 to Vm #15
0.01: MET_Broker: Sending Cloudlet #2773 to Vm #15
0.01: MET_Broker: Sending Cloudlet #2774 to Vm #15
0.01: MET_Broker: Sending Cloudlet #2775 to Vm #15
0.01: MET_Broker: Sending Cloudlet #2776 to Vm #15
0.01: MET_Broker: Sending Cloudlet #2777 to Vm #15
0.01: MET_Broker: Sending Cloudlet #2778 to Vm #15
0.01: MET_Broker: Sending Cloudlet #2779 to Vm #15
0.01: MET_Broker: Sending Cloudlet #2780 to Vm #15
0.01: MET_Broker: Sending Cloudlet #2781 to Vm #15
0.01: MET_Broker: Sending Cloudlet #2782 to Vm #15
0.01: MET_Broker: Sending Cloudlet #2783 to Vm #15
0.01: MET_Broker: Sending Cloudlet #2784 to Vm #15
0.01: MET_Broker: Sending Cloudlet #2785 to Vm #15
0.01: MET_Broker: Sending Cloudlet #2786 to Vm #15
0.01: MET_Broker: Sending Cloudlet #2787 to Vm #15
0.01: MET_Broker: Sending Cloudlet #2788 to Vm #15
0.01: MET_Broker: Sending Cloudlet #2789 to Vm #15
0.01: MET_Broker: Sending Cloudlet #2790 to Vm #15
0.01: MET_Broker: Sending Cloudlet #2791 to Vm #15
0.01: MET_Broker: Sending Cloudlet #2792 to Vm #15
0.01: MET_Broker: Sending Cloudlet #2793 to Vm #15
0.01: MET_Broker: Sending Cloudlet #2794 to Vm #15
0.01: MET_Broker: Sending Cloudlet #2795 to Vm #15
0.01: MET_Broker: Sending Cloudlet #2796 to Vm #15
0.01: MET_Broker: Sending Cloudlet #2797 to Vm #15
0.01: MET_Broker: Sending Cloudlet #2798 to Vm #15
0.01: MET_Broker: Sending Cloudlet #2799 to Vm #15
0.01: MET_Broker: Sending Cloudlet #2800 to Vm #15
0.01: MET_Broker: Sending Cloudlet #2801 to Vm #15
0.01: MET_Broker: Sending Cloudlet #2802 to Vm #15
0.01: MET_Broker: Sending Cloudlet #2803 to Vm #15
0.01: MET_Broker: Sending Cloudlet #2804 to Vm #15
0.01: MET_Broker: Sending Cloudlet #2805 to Vm #15
0.01: MET_Broker: Sending Cloudlet #2806 to Vm #15
0.01: MET_Broker: Sending Cloudlet #2807 to Vm #15
0.01: MET_Broker: Sending Cloudlet #2808 to Vm #15
0.01: MET_Broker: Sending Cloudlet #2809 to Vm #15
0.01: MET_Broker: Sending Cloudlet #2810 to Vm #15
0.01: MET_Broker: Sending Cloudlet #2811 to Vm #15
0.01: MET_Broker: Sending Cloudlet #2812 to Vm #15
0.01: MET_Broker: Sending Cloudlet #2813 to Vm #15
0.01: MET_Broker: Sending Cloudlet #2814 to Vm #15
0.01: MET_Broker: Sending Cloudlet #2815 to Vm #15
0.01: MET_Broker: Sending Cloudlet #2816 to Vm #15
0.01: MET_Broker: Sending Cloudlet #2817 to Vm #15
0.01: MET_Broker: Sending Cloudlet #2818 to Vm #15
0.01: MET_Broker: Sending Cloudlet #2819 to Vm #15
0.01: MET_Broker: Sending Cloudlet #2820 to Vm #15
0.01: MET_Broker: Sending Cloudlet #2821 to Vm #15
0.01: MET_Broker: Sending Cloudlet #2822 to Vm #15
0.01: MET_Broker: Sending Cloudlet #2823 to Vm #15
0.01: MET_Broker: Sending Cloudlet #2824 to Vm #15
0.01: MET_Broker: Sending Cloudlet #2825 to Vm #15
0.01: MET_Broker: Sending Cloudlet #2826 to Vm #15
0.01: MET_Broker: Sending Cloudlet #2827 to Vm #15
0.01: MET_Broker: Sending Cloudlet #2828 to Vm #15
0.01: MET_Broker: Sending Cloudlet #2829 to Vm #15
0.01: MET_Broker: Sending Cloudlet #2830 to Vm #15
0.01: MET_Broker: Sending Cloudlet #2831 to Vm #15
0.01: MET_Broker: Sending Cloudlet #2832 to Vm #15
0.01: MET_Broker: Sending Cloudlet #2833 to Vm #15
0.01: MET_Broker: Sending Cloudlet #2834 to Vm #15
0.01: MET_Broker: Sending Cloudlet #2835 to Vm #15
0.01: MET_Broker: Sending Cloudlet #2836 to Vm #15
0.01: MET_Broker: Sending Cloudlet #2837 to Vm #15
0.01: MET_Broker: Sending Cloudlet #2838 to Vm #15
0.01: MET_Broker: Sending Cloudlet #2839 to Vm #15
0.01: MET_Broker: Sending Cloudlet #2840 to Vm #15
0.01: MET_Broker: Sending Cloudlet #2841 to Vm #15
0.01: MET_Broker: Sending Cloudlet #2842 to Vm #15
0.01: MET_Broker: Sending Cloudlet #2843 to Vm #15
0.01: MET_Broker: Sending Cloudlet #2844 to Vm #15
0.01: MET_Broker: Sending Cloudlet #2845 to Vm #15
0.01: MET_Broker: Sending Cloudlet #2846 to Vm #15
0.01: MET_Broker: Sending Cloudlet #2847 to Vm #15
0.01: MET_Broker: Sending Cloudlet #2848 to Vm #15
0.01: MET_Broker: Sending Cloudlet #2849 to Vm #15
0.01: MET_Broker: Sending Cloudlet #2850 to Vm #15
0.01: MET_Broker: Sending Cloudlet #2851 to Vm #15
0.01: MET_Broker: Sending Cloudlet #2852 to Vm #15
0.01: MET_Broker: Sending Cloudlet #2853 to Vm #15
0.01: MET_Broker: Sending Cloudlet #2854 to Vm #15
0.01: MET_Broker: Sending Cloudlet #2855 to Vm #15
0.01: MET_Broker: Sending Cloudlet #2856 to Vm #15
0.01: MET_Broker: Sending Cloudlet #2857 to Vm #15
0.01: MET_Broker: Sending Cloudlet #2858 to Vm #15
0.01: MET_Broker: Sending Cloudlet #2859 to Vm #15
0.01: MET_Broker: Sending Cloudlet #2860 to Vm #15
0.01: MET_Broker: Sending Cloudlet #2861 to Vm #15
0.01: MET_Broker: Sending Cloudlet #2862 to Vm #15
0.01: MET_Broker: Sending Cloudlet #2863 to Vm #15
0.01: MET_Broker: Sending Cloudlet #2864 to Vm #15
0.01: MET_Broker: Sending Cloudlet #2865 to Vm #15
0.01: MET_Broker: Sending Cloudlet #2866 to Vm #15
0.01: MET_Broker: Sending Cloudlet #2867 to Vm #15
0.01: MET_Broker: Sending Cloudlet #2868 to Vm #15
0.01: MET_Broker: Sending Cloudlet #2869 to Vm #15
0.01: MET_Broker: Sending Cloudlet #2870 to Vm #15
0.01: MET_Broker: Sending Cloudlet #2871 to Vm #15
0.01: MET_Broker: Sending Cloudlet #2872 to Vm #15
0.01: MET_Broker: Sending Cloudlet #2873 to Vm #15
0.01: MET_Broker: Sending Cloudlet #2874 to Vm #15
0.01: MET_Broker: Sending Cloudlet #2875 to Vm #15
0.01: MET_Broker: Sending Cloudlet #2876 to Vm #15
0.01: MET_Broker: Sending Cloudlet #2877 to Vm #15
0.01: MET_Broker: Sending Cloudlet #2878 to Vm #15
0.01: MET_Broker: Sending Cloudlet #2879 to Vm #15
0.01: MET_Broker: Sending Cloudlet #2880 to Vm #15
0.01: MET_Broker: Sending Cloudlet #2881 to Vm #15
0.01: MET_Broker: Sending Cloudlet #2882 to Vm #15
0.01: MET_Broker: Sending Cloudlet #2883 to Vm #15
0.01: MET_Broker: Sending Cloudlet #2884 to Vm #15
0.01: MET_Broker: Sending Cloudlet #2885 to Vm #15
0.01: MET_Broker: Sending Cloudlet #2886 to Vm #15
0.01: MET_Broker: Sending Cloudlet #2887 to Vm #15
0.01: MET_Broker: Sending Cloudlet #2888 to Vm #15
0.01: MET_Broker: Sending Cloudlet #2889 to Vm #15
0.01: MET_Broker: Sending Cloudlet #2890 to Vm #15
0.01: MET_Broker: Sending Cloudlet #2891 to Vm #15
0.01: MET_Broker: Sending Cloudlet #2892 to Vm #15
0.01: MET_Broker: Sending Cloudlet #2893 to Vm #15
0.01: MET_Broker: Sending Cloudlet #2894 to Vm #15
0.01: MET_Broker: Sending Cloudlet #2895 to Vm #15
0.01: MET_Broker: Sending Cloudlet #2896 to Vm #15
0.01: MET_Broker: Sending Cloudlet #2897 to Vm #15
0.01: MET_Broker: Sending Cloudlet #2898 to Vm #15
0.01: MET_Broker: Sending Cloudlet #2899 to Vm #15
0.01: MET_Broker: Sending Cloudlet #2900 to Vm #15
0.01: MET_Broker: Sending Cloudlet #2901 to Vm #15
0.01: MET_Broker: Sending Cloudlet #2902 to Vm #15
0.01: MET_Broker: Sending Cloudlet #2903 to Vm #15
0.01: MET_Broker: Sending Cloudlet #2904 to Vm #15
0.01: MET_Broker: Sending Cloudlet #2905 to Vm #15
0.01: MET_Broker: Sending Cloudlet #2906 to Vm #15
0.01: MET_Broker: Sending Cloudlet #2907 to Vm #15
0.01: MET_Broker: Sending Cloudlet #2908 to Vm #15
0.01: MET_Broker: Sending Cloudlet #2909 to Vm #15
0.01: MET_Broker: Sending Cloudlet #2910 to Vm #15
0.01: MET_Broker: Sending Cloudlet #2911 to Vm #15
0.01: MET_Broker: Sending Cloudlet #2912 to Vm #15
0.01: MET_Broker: Sending Cloudlet #2913 to Vm #15
0.01: MET_Broker: Sending Cloudlet #2914 to Vm #15
0.01: MET_Broker: Sending Cloudlet #2915 to Vm #15
0.01: MET_Broker: Sending Cloudlet #2916 to Vm #15
0.01: MET_Broker: Sending Cloudlet #2917 to Vm #15
0.01: MET_Broker: Sending Cloudlet #2918 to Vm #15
0.01: MET_Broker: Sending Cloudlet #2919 to Vm #15
0.01: MET_Broker: Sending Cloudlet #2920 to Vm #15
0.01: MET_Broker: Sending Cloudlet #2921 to Vm #15
0.01: MET_Broker: Sending Cloudlet #2922 to Vm #15
0.01: MET_Broker: Sending Cloudlet #2923 to Vm #15
0.01: MET_Broker: Sending Cloudlet #2924 to Vm #15
0.01: MET_Broker: Sending Cloudlet #2925 to Vm #15
0.01: MET_Broker: Sending Cloudlet #2926 to Vm #15
0.01: MET_Broker: Sending Cloudlet #2927 to Vm #15
0.01: MET_Broker: Sending Cloudlet #2928 to Vm #15
0.01: MET_Broker: Sending Cloudlet #2929 to Vm #15
0.01: MET_Broker: Sending Cloudlet #2930 to Vm #15
0.01: MET_Broker: Sending Cloudlet #2931 to Vm #15
0.01: MET_Broker: Sending Cloudlet #2932 to Vm #15
0.01: MET_Broker: Sending Cloudlet #2933 to Vm #15
0.01: MET_Broker: Sending Cloudlet #2934 to Vm #15
0.01: MET_Broker: Sending Cloudlet #2935 to Vm #15
0.01: MET_Broker: Sending Cloudlet #2936 to Vm #15
0.01: MET_Broker: Sending Cloudlet #2937 to Vm #15
0.01: MET_Broker: Sending Cloudlet #2938 to Vm #15
0.01: MET_Broker: Sending Cloudlet #2939 to Vm #15
0.01: MET_Broker: Sending Cloudlet #2940 to Vm #15
0.01: MET_Broker: Sending Cloudlet #2941 to Vm #15
0.01: MET_Broker: Sending Cloudlet #2942 to Vm #15
0.01: MET_Broker: Sending Cloudlet #2943 to Vm #15
0.01: MET_Broker: Sending Cloudlet #2944 to Vm #15
0.01: MET_Broker: Sending Cloudlet #2945 to Vm #15
0.01: MET_Broker: Sending Cloudlet #2946 to Vm #15
0.01: MET_Broker: Sending Cloudlet #2947 to Vm #15
0.01: MET_Broker: Sending Cloudlet #2948 to Vm #15
0.01: MET_Broker: Sending Cloudlet #2949 to Vm #15
0.01: MET_Broker: Sending Cloudlet #2950 to Vm #15
0.01: MET_Broker: Sending Cloudlet #2951 to Vm #15
0.01: MET_Broker: Sending Cloudlet #2952 to Vm #15
0.01: MET_Broker: Sending Cloudlet #2953 to Vm #15
0.01: MET_Broker: Sending Cloudlet #2954 to Vm #15
0.01: MET_Broker: Sending Cloudlet #2955 to Vm #15
0.01: MET_Broker: Sending Cloudlet #2956 to Vm #15
0.01: MET_Broker: Sending Cloudlet #2957 to Vm #15
0.01: MET_Broker: Sending Cloudlet #2958 to Vm #15
0.01: MET_Broker: Sending Cloudlet #2959 to Vm #15
0.01: MET_Broker: Sending Cloudlet #2960 to Vm #15
0.01: MET_Broker: Sending Cloudlet #2961 to Vm #15
0.01: MET_Broker: Sending Cloudlet #2962 to Vm #15
0.01: MET_Broker: Sending Cloudlet #2963 to Vm #15
0.01: MET_Broker: Sending Cloudlet #2964 to Vm #15
0.01: MET_Broker: Sending Cloudlet #2965 to Vm #15
0.01: MET_Broker: Sending Cloudlet #2966 to Vm #15
0.01: MET_Broker: Sending Cloudlet #2967 to Vm #15
0.01: MET_Broker: Sending Cloudlet #2968 to Vm #15
0.01: MET_Broker: Sending Cloudlet #2969 to Vm #15
0.01: MET_Broker: Sending Cloudlet #2970 to Vm #15
0.01: MET_Broker: Sending Cloudlet #2971 to Vm #15
0.01: MET_Broker: Sending Cloudlet #2972 to Vm #15
0.01: MET_Broker: Sending Cloudlet #2973 to Vm #15
0.01: MET_Broker: Sending Cloudlet #2974 to Vm #15
0.01: MET_Broker: Sending Cloudlet #2975 to Vm #15
0.01: MET_Broker: Sending Cloudlet #2976 to Vm #15
0.01: MET_Broker: Sending Cloudlet #2977 to Vm #15
0.01: MET_Broker: Sending Cloudlet #2978 to Vm #15
0.01: MET_Broker: Sending Cloudlet #2979 to Vm #15
0.01: MET_Broker: Sending Cloudlet #2980 to Vm #15
0.01: MET_Broker: Sending Cloudlet #2981 to Vm #15
0.01: MET_Broker: Sending Cloudlet #2982 to Vm #15
0.01: MET_Broker: Sending Cloudlet #2983 to Vm #15
0.01: MET_Broker: Sending Cloudlet #2984 to Vm #15
0.01: MET_Broker: Sending Cloudlet #2985 to Vm #15
0.01: MET_Broker: Sending Cloudlet #2986 to Vm #15
0.01: MET_Broker: Sending Cloudlet #2987 to Vm #15
0.01: MET_Broker: Sending Cloudlet #2988 to Vm #15
0.01: MET_Broker: Sending Cloudlet #2989 to Vm #15
0.01: MET_Broker: Sending Cloudlet #2990 to Vm #15
0.01: MET_Broker: Sending Cloudlet #2991 to Vm #15
0.01: MET_Broker: Sending Cloudlet #2992 to Vm #15
0.01: MET_Broker: Sending Cloudlet #2993 to Vm #15
0.01: MET_Broker: Sending Cloudlet #2994 to Vm #15
0.01: MET_Broker: Sending Cloudlet #2995 to Vm #15
0.01: MET_Broker: Sending Cloudlet #2996 to Vm #15
0.01: MET_Broker: Sending Cloudlet #2997 to Vm #15
0.01: MET_Broker: Sending Cloudlet #2998 to Vm #15
0.01: MET_Broker: Sending Cloudlet #2999 to Vm #15
8.6892: MET_Broker: Cloudlet #3 return received
8.6892: MET_Broker: The number of finished Cloudlets is:1
12.943999999999999: MET_Broker: Cloudlet #0 return received
12.943999999999999: MET_Broker: The number of finished Cloudlets is:2
20.9424: MET_Broker: Cloudlet #4 return received
20.9424: MET_Broker: The number of finished Cloudlets is:3
43.702799999999996: MET_Broker: Cloudlet #5 return received
43.702799999999996: MET_Broker: The number of finished Cloudlets is:4
84.63399999999999: MET_Broker: Cloudlet #2 return received
84.63399999999999: MET_Broker: The number of finished Cloudlets is:5
108.9656: MET_Broker: Cloudlet #8 return received
108.9656: MET_Broker: The number of finished Cloudlets is:6
116.9332: MET_Broker: Cloudlet #9 return received
116.9332: MET_Broker: The number of finished Cloudlets is:7
151.9416: MET_Broker: Cloudlet #7 return received
151.9416: MET_Broker: The number of finished Cloudlets is:8
154.4564: MET_Broker: Cloudlet #1 return received
154.4564: MET_Broker: The number of finished Cloudlets is:9
178.02: MET_Broker: Cloudlet #10 return received
178.02: MET_Broker: The number of finished Cloudlets is:10
188.488: MET_Broker: Cloudlet #6 return received
188.488: MET_Broker: The number of finished Cloudlets is:11
242.9776: MET_Broker: Cloudlet #14 return received
242.9776: MET_Broker: The number of finished Cloudlets is:12
250.5408: MET_Broker: Cloudlet #15 return received
250.5408: MET_Broker: The number of finished Cloudlets is:13
314.7784: MET_Broker: Cloudlet #12 return received
314.7784: MET_Broker: The number of finished Cloudlets is:14
332.61359999999996: MET_Broker: Cloudlet #17 return received
332.61359999999996: MET_Broker: The number of finished Cloudlets is:15
340.17799999999994: MET_Broker: Cloudlet #11 return received
340.17799999999994: MET_Broker: The number of finished Cloudlets is:16
340.4275999999999: MET_Broker: Cloudlet #13 return received
340.4275999999999: MET_Broker: The number of finished Cloudlets is:17
350.08759999999995: MET_Broker: Cloudlet #20 return received
350.08759999999995: MET_Broker: The number of finished Cloudlets is:18
366.88039999999995: MET_Broker: Cloudlet #21 return received
366.88039999999995: MET_Broker: The number of finished Cloudlets is:19
401.0559999999999: MET_Broker: Cloudlet #18 return received
401.0559999999999: MET_Broker: The number of finished Cloudlets is:20
414.2899999999999: MET_Broker: Cloudlet #19 return received
414.2899999999999: MET_Broker: The number of finished Cloudlets is:21
439.0155999999999: MET_Broker: Cloudlet #24 return received
439.0155999999999: MET_Broker: The number of finished Cloudlets is:22
465.7763999999999: MET_Broker: Cloudlet #25 return received
465.7763999999999: MET_Broker: The number of finished Cloudlets is:23
509.9171999999999: MET_Broker: Cloudlet #22 return received
509.9171999999999: MET_Broker: The number of finished Cloudlets is:24
548.3204: MET_Broker: Cloudlet #26 return received
548.3204: MET_Broker: The number of finished Cloudlets is:25
550.3664: MET_Broker: Cloudlet #16 return received
550.3664: MET_Broker: The number of finished Cloudlets is:26
553.2064: MET_Broker: Cloudlet #27 return received
553.2064: MET_Broker: The number of finished Cloudlets is:27
560.3636: MET_Broker: Cloudlet #28 return received
560.3636: MET_Broker: The number of finished Cloudlets is:28
585.4468: MET_Broker: Cloudlet #29 return received
585.4468: MET_Broker: The number of finished Cloudlets is:29
599.4424: MET_Broker: Cloudlet #31 return received
599.4424: MET_Broker: The number of finished Cloudlets is:30
601.418: MET_Broker: Cloudlet #32 return received
601.418: MET_Broker: The number of finished Cloudlets is:31
608.7788: MET_Broker: Cloudlet #30 return received
608.7788: MET_Broker: The number of finished Cloudlets is:32
730.6856: MET_Broker: Cloudlet #34 return received
730.6856: MET_Broker: The number of finished Cloudlets is:33
738.1284: MET_Broker: Cloudlet #35 return received
738.1284: MET_Broker: The number of finished Cloudlets is:34
740.8848: MET_Broker: Cloudlet #23 return received
740.8848: MET_Broker: The number of finished Cloudlets is:35
743.0812000000001: MET_Broker: Cloudlet #36 return received
743.0812000000001: MET_Broker: The number of finished Cloudlets is:36
746.0372000000001: MET_Broker: Cloudlet #37 return received
746.0372000000001: MET_Broker: The number of finished Cloudlets is:37
759.5584000000001: MET_Broker: Cloudlet #40 return received
759.5584000000001: MET_Broker: The number of finished Cloudlets is:38
768.9724000000001: MET_Broker: Cloudlet #38 return received
768.9724000000001: MET_Broker: The number of finished Cloudlets is:39
797.8960000000001: MET_Broker: Cloudlet #33 return received
797.8960000000001: MET_Broker: The number of finished Cloudlets is:40
802.8340000000001: MET_Broker: Cloudlet #41 return received
802.8340000000001: MET_Broker: The number of finished Cloudlets is:41
815.3220000000001: MET_Broker: Cloudlet #42 return received
815.3220000000001: MET_Broker: The number of finished Cloudlets is:42
853.5168000000001: MET_Broker: Cloudlet #43 return received
853.5168000000001: MET_Broker: The number of finished Cloudlets is:43
854.6468000000001: MET_Broker: Cloudlet #45 return received
854.6468000000001: MET_Broker: The number of finished Cloudlets is:44
861.2516: MET_Broker: Cloudlet #46 return received
861.2516: MET_Broker: The number of finished Cloudlets is:45
884.4956000000001: MET_Broker: Cloudlet #48 return received
884.4956000000001: MET_Broker: The number of finished Cloudlets is:46
902.4328: MET_Broker: Cloudlet #39 return received
902.4328: MET_Broker: The number of finished Cloudlets is:47
914.5008: MET_Broker: Cloudlet #50 return received
914.5008: MET_Broker: The number of finished Cloudlets is:48
931.6056: MET_Broker: Cloudlet #44 return received
931.6056: MET_Broker: The number of finished Cloudlets is:49
939.3668: MET_Broker: Cloudlet #49 return received
939.3668: MET_Broker: The number of finished Cloudlets is:50
980.2632: MET_Broker: Cloudlet #52 return received
980.2632: MET_Broker: The number of finished Cloudlets is:51
998.1572: MET_Broker: Cloudlet #54 return received
998.1572: MET_Broker: The number of finished Cloudlets is:52
1035.8136: MET_Broker: Cloudlet #55 return received
1035.8136: MET_Broker: The number of finished Cloudlets is:53
1050.2628: MET_Broker: Cloudlet #56 return received
1050.2628: MET_Broker: The number of finished Cloudlets is:54
1069.2472: MET_Broker: Cloudlet #57 return received
1069.2472: MET_Broker: The number of finished Cloudlets is:55
1071.6044: MET_Broker: Cloudlet #51 return received
1071.6044: MET_Broker: The number of finished Cloudlets is:56
1087.9435999999998: MET_Broker: Cloudlet #58 return received
1087.9435999999998: MET_Broker: The number of finished Cloudlets is:57
1088.0495999999998: MET_Broker: Cloudlet #59 return received
1088.0495999999998: MET_Broker: The number of finished Cloudlets is:58
1091.4239999999998: MET_Broker: Cloudlet #53 return received
1091.4239999999998: MET_Broker: The number of finished Cloudlets is:59
1096.4943999999998: MET_Broker: Cloudlet #61 return received
1096.4943999999998: MET_Broker: The number of finished Cloudlets is:60
1099.254: MET_Broker: Cloudlet #62 return received
1099.254: MET_Broker: The number of finished Cloudlets is:61
1116.0451999999998: MET_Broker: Cloudlet #60 return received
1116.0451999999998: MET_Broker: The number of finished Cloudlets is:62
1118.3215999999998: MET_Broker: Cloudlet #64 return received
1118.3215999999998: MET_Broker: The number of finished Cloudlets is:63
1127.8263999999997: MET_Broker: Cloudlet #65 return received
1127.8263999999997: MET_Broker: The number of finished Cloudlets is:64
1137.0931999999998: MET_Broker: Cloudlet #67 return received
1137.0931999999998: MET_Broker: The number of finished Cloudlets is:65
1151.8827999999999: MET_Broker: Cloudlet #63 return received
1151.8827999999999: MET_Broker: The number of finished Cloudlets is:66
1164.7703999999999: MET_Broker: Cloudlet #69 return received
1164.7703999999999: MET_Broker: The number of finished Cloudlets is:67
1170.3352: MET_Broker: Cloudlet #47 return received
1170.3352: MET_Broker: The number of finished Cloudlets is:68
1177.3768: MET_Broker: Cloudlet #71 return received
1177.3768: MET_Broker: The number of finished Cloudlets is:69
1189.8752: MET_Broker: Cloudlet #72 return received
1189.8752: MET_Broker: The number of finished Cloudlets is:70
1246.4856: MET_Broker: Cloudlet #68 return received
1246.4856: MET_Broker: The number of finished Cloudlets is:71
1258.1872: MET_Broker: Cloudlet #70 return received
1258.1872: MET_Broker: The number of finished Cloudlets is:72
1262.3300000000002: MET_Broker: Cloudlet #66 return received
1262.3300000000002: MET_Broker: The number of finished Cloudlets is:73
1272.4844: MET_Broker: Cloudlet #74 return received
1272.4844: MET_Broker: The number of finished Cloudlets is:74
1291.8908000000001: MET_Broker: Cloudlet #77 return received
1291.8908000000001: MET_Broker: The number of finished Cloudlets is:75
1311.4040000000002: MET_Broker: Cloudlet #76 return received
1311.4040000000002: MET_Broker: The number of finished Cloudlets is:76
1335.3520000000003: MET_Broker: Cloudlet #79 return received
1335.3520000000003: MET_Broker: The number of finished Cloudlets is:77
1363.3656000000003: MET_Broker: Cloudlet #73 return received
1363.3656000000003: MET_Broker: The number of finished Cloudlets is:78
1374.8768000000002: MET_Broker: Cloudlet #78 return received
1374.8768000000002: MET_Broker: The number of finished Cloudlets is:79
1381.5432000000003: MET_Broker: Cloudlet #81 return received
1381.5432000000003: MET_Broker: The number of finished Cloudlets is:80
1405.0856000000003: MET_Broker: Cloudlet #83 return received
1405.0856000000003: MET_Broker: The number of finished Cloudlets is:81
1416.1824000000004: MET_Broker: Cloudlet #84 return received
1416.1824000000004: MET_Broker: The number of finished Cloudlets is:82
1427.1908000000003: MET_Broker: Cloudlet #85 return received
1427.1908000000003: MET_Broker: The number of finished Cloudlets is:83
1472.0256000000004: MET_Broker: Cloudlet #80 return received
1472.0256000000004: MET_Broker: The number of finished Cloudlets is:84
1497.3992000000003: MET_Broker: Cloudlet #86 return received
1497.3992000000003: MET_Broker: The number of finished Cloudlets is:85
1513.9028000000003: MET_Broker: Cloudlet #82 return received
1513.9028000000003: MET_Broker: The number of finished Cloudlets is:86
1518.1372000000003: MET_Broker: Cloudlet #87 return received
1518.1372000000003: MET_Broker: The number of finished Cloudlets is:87
1541.6800000000003: MET_Broker: Cloudlet #89 return received
1541.6800000000003: MET_Broker: The number of finished Cloudlets is:88
1543.7660000000003: MET_Broker: Cloudlet #88 return received
1543.7660000000003: MET_Broker: The number of finished Cloudlets is:89
1547.2728000000004: MET_Broker: Cloudlet #90 return received
1547.2728000000004: MET_Broker: The number of finished Cloudlets is:90
1575.5384000000004: MET_Broker: Cloudlet #92 return received
1575.5384000000004: MET_Broker: The number of finished Cloudlets is:91
1585.5448000000004: MET_Broker: Cloudlet #94 return received
1585.5448000000004: MET_Broker: The number of finished Cloudlets is:92
1586.9244000000003: MET_Broker: Cloudlet #75 return received
1586.9244000000003: MET_Broker: The number of finished Cloudlets is:93
1591.4816000000003: MET_Broker: Cloudlet #93 return received
1591.4816000000003: MET_Broker: The number of finished Cloudlets is:94
1620.2232000000004: MET_Broker: Cloudlet #96 return received
1620.2232000000004: MET_Broker: The number of finished Cloudlets is:95
1622.1784000000005: MET_Broker: Cloudlet #97 return received
1622.1784000000005: MET_Broker: The number of finished Cloudlets is:96
1630.0500000000004: MET_Broker: Cloudlet #99 return received
1630.0500000000004: MET_Broker: The number of finished Cloudlets is:97
1651.2004000000004: MET_Broker: Cloudlet #100 return received
1651.2004000000004: MET_Broker: The number of finished Cloudlets is:98
1661.9384000000005: MET_Broker: Cloudlet #98 return received
1661.9384000000005: MET_Broker: The number of finished Cloudlets is:99
1671.5080000000005: MET_Broker: Cloudlet #91 return received
1671.5080000000005: MET_Broker: The number of finished Cloudlets is:100
1684.2352000000005: MET_Broker: Cloudlet #102 return received
1684.2352000000005: MET_Broker: The number of finished Cloudlets is:101
1731.4908000000005: MET_Broker: Cloudlet #103 return received
1731.4908000000005: MET_Broker: The number of finished Cloudlets is:102
1738.2744000000005: MET_Broker: Cloudlet #104 return received
1738.2744000000005: MET_Broker: The number of finished Cloudlets is:103
1769.6656000000005: MET_Broker: Cloudlet #106 return received
1769.6656000000005: MET_Broker: The number of finished Cloudlets is:104
1857.3364000000006: MET_Broker: Cloudlet #107 return received
1857.3364000000006: MET_Broker: The number of finished Cloudlets is:105
1881.1772000000005: MET_Broker: Cloudlet #95 return received
1881.1772000000005: MET_Broker: The number of finished Cloudlets is:106
1898.3220000000006: MET_Broker: Cloudlet #109 return received
1898.3220000000006: MET_Broker: The number of finished Cloudlets is:107
1912.3216000000007: MET_Broker: Cloudlet #101 return received
1912.3216000000007: MET_Broker: The number of finished Cloudlets is:108
1913.0248000000006: MET_Broker: Cloudlet #110 return received
1913.0248000000006: MET_Broker: The number of finished Cloudlets is:109
1944.7752000000005: MET_Broker: Cloudlet #111 return received
1944.7752000000005: MET_Broker: The number of finished Cloudlets is:110
1959.9356000000005: MET_Broker: Cloudlet #108 return received
1959.9356000000005: MET_Broker: The number of finished Cloudlets is:111
1967.2788000000005: MET_Broker: Cloudlet #113 return received
1967.2788000000005: MET_Broker: The number of finished Cloudlets is:112
2006.3888000000004: MET_Broker: Cloudlet #114 return received
2006.3888000000004: MET_Broker: The number of finished Cloudlets is:113
2012.8184000000003: MET_Broker: Cloudlet #105 return received
2012.8184000000003: MET_Broker: The number of finished Cloudlets is:114
2018.7008000000003: MET_Broker: Cloudlet #115 return received
2018.7008000000003: MET_Broker: The number of finished Cloudlets is:115
2027.1360000000002: MET_Broker: Cloudlet #117 return received
2027.1360000000002: MET_Broker: The number of finished Cloudlets is:116
2038.0240000000001: MET_Broker: Cloudlet #118 return received
2038.0240000000001: MET_Broker: The number of finished Cloudlets is:117
2065.4576: MET_Broker: Cloudlet #116 return received
2065.4576: MET_Broker: The number of finished Cloudlets is:118
2071.5928000000004: MET_Broker: Cloudlet #119 return received
2071.5928000000004: MET_Broker: The number of finished Cloudlets is:119
2081.8028000000004: MET_Broker: Cloudlet #120 return received
2081.8028000000004: MET_Broker: The number of finished Cloudlets is:120
2116.7784000000006: MET_Broker: Cloudlet #121 return received
2116.7784000000006: MET_Broker: The number of finished Cloudlets is:121
2122.2408000000005: MET_Broker: Cloudlet #122 return received
2122.2408000000005: MET_Broker: The number of finished Cloudlets is:122
2128.6648000000005: MET_Broker: Cloudlet #123 return received
2128.6648000000005: MET_Broker: The number of finished Cloudlets is:123
2137.2856000000006: MET_Broker: Cloudlet #126 return received
2137.2856000000006: MET_Broker: The number of finished Cloudlets is:124
2159.3336000000004: MET_Broker: Cloudlet #124 return received
2159.3336000000004: MET_Broker: The number of finished Cloudlets is:125
2168.5068000000006: MET_Broker: Cloudlet #128 return received
2168.5068000000006: MET_Broker: The number of finished Cloudlets is:126
2175.6748000000007: MET_Broker: Cloudlet #125 return received
2175.6748000000007: MET_Broker: The number of finished Cloudlets is:127
2180.2732000000005: MET_Broker: Cloudlet #112 return received
2180.2732000000005: MET_Broker: The number of finished Cloudlets is:128
2192.8796000000007: MET_Broker: Cloudlet #127 return received
2192.8796000000007: MET_Broker: The number of finished Cloudlets is:129
2208.6648000000005: MET_Broker: Cloudlet #129 return received
2208.6648000000005: MET_Broker: The number of finished Cloudlets is:130
2208.684800000001: MET_Broker: Cloudlet #132 return received
2208.684800000001: MET_Broker: The number of finished Cloudlets is:131
2213.7924000000007: MET_Broker: Cloudlet #130 return received
2213.7924000000007: MET_Broker: The number of finished Cloudlets is:132
2216.4924000000005: MET_Broker: Cloudlet #134 return received
2216.4924000000005: MET_Broker: The number of finished Cloudlets is:133
2220.1240000000007: MET_Broker: Cloudlet #135 return received
2220.1240000000007: MET_Broker: The number of finished Cloudlets is:134
2228.1548000000007: MET_Broker: Cloudlet #137 return received
2228.1548000000007: MET_Broker: The number of finished Cloudlets is:135
2238.065600000001: MET_Broker: Cloudlet #138 return received
2238.065600000001: MET_Broker: The number of finished Cloudlets is:136
2251.7200000000007: MET_Broker: Cloudlet #133 return received
2251.7200000000007: MET_Broker: The number of finished Cloudlets is:137
2251.9136000000008: MET_Broker: Cloudlet #139 return received
2251.9136000000008: MET_Broker: The number of finished Cloudlets is:138
2284.2928000000006: MET_Broker: Cloudlet #141 return received
2284.2928000000006: MET_Broker: The number of finished Cloudlets is:139
2300.8820000000005: MET_Broker: Cloudlet #131 return received
2300.8820000000005: MET_Broker: The number of finished Cloudlets is:140
2398.7876000000006: MET_Broker: Cloudlet #136 return received
2398.7876000000006: MET_Broker: The number of finished Cloudlets is:141
2408.8176000000008: MET_Broker: Cloudlet #142 return received
2408.8176000000008: MET_Broker: The number of finished Cloudlets is:142
2411.582000000001: MET_Broker: Cloudlet #144 return received
2411.582000000001: MET_Broker: The number of finished Cloudlets is:143
2459.1804000000006: MET_Broker: Cloudlet #146 return received
2459.1804000000006: MET_Broker: The number of finished Cloudlets is:144
2465.6664000000005: MET_Broker: Cloudlet #145 return received
2465.6664000000005: MET_Broker: The number of finished Cloudlets is:145
2476.2840000000006: MET_Broker: Cloudlet #147 return received
2476.2840000000006: MET_Broker: The number of finished Cloudlets is:146
2564.0340000000006: MET_Broker: Cloudlet #143 return received
2564.0340000000006: MET_Broker: The number of finished Cloudlets is:147
2576.7196000000004: MET_Broker: Cloudlet #149 return received
2576.7196000000004: MET_Broker: The number of finished Cloudlets is:148
2581.4532000000004: MET_Broker: Cloudlet #140 return received
2581.4532000000004: MET_Broker: The number of finished Cloudlets is:149
2583.5752: MET_Broker: Cloudlet #151 return received
2583.5752: MET_Broker: The number of finished Cloudlets is:150
2598.724: MET_Broker: Cloudlet #153 return received
2598.724: MET_Broker: The number of finished Cloudlets is:151
2602.3152: MET_Broker: Cloudlet #152 return received
2602.3152: MET_Broker: The number of finished Cloudlets is:152
2643.488: MET_Broker: Cloudlet #148 return received
2643.488: MET_Broker: The number of finished Cloudlets is:153
2658.2788: MET_Broker: Cloudlet #154 return received
2658.2788: MET_Broker: The number of finished Cloudlets is:154
2670.9916: MET_Broker: Cloudlet #156 return received
2670.9916: MET_Broker: The number of finished Cloudlets is:155
2673.21: MET_Broker: Cloudlet #157 return received
2673.21: MET_Broker: The number of finished Cloudlets is:156
2691.8192: MET_Broker: Cloudlet #158 return received
2691.8192: MET_Broker: The number of finished Cloudlets is:157
2705.1115999999997: MET_Broker: Cloudlet #160 return received
2705.1115999999997: MET_Broker: The number of finished Cloudlets is:158
2743.894: MET_Broker: Cloudlet #161 return received
2743.894: MET_Broker: The number of finished Cloudlets is:159
2780.4404: MET_Broker: Cloudlet #162 return received
2780.4404: MET_Broker: The number of finished Cloudlets is:160
2782.3415999999997: MET_Broker: Cloudlet #150 return received
2782.3415999999997: MET_Broker: The number of finished Cloudlets is:161
2790.1375999999996: MET_Broker: Cloudlet #164 return received
2790.1375999999996: MET_Broker: The number of finished Cloudlets is:162
2809.4163999999996: MET_Broker: Cloudlet #163 return received
2809.4163999999996: MET_Broker: The number of finished Cloudlets is:163
2818.2575999999995: MET_Broker: Cloudlet #155 return received
2818.2575999999995: MET_Broker: The number of finished Cloudlets is:164
2827.6867999999995: MET_Broker: Cloudlet #167 return received
2827.6867999999995: MET_Broker: The number of finished Cloudlets is:165
2858.5747999999994: MET_Broker: Cloudlet #159 return received
2858.5747999999994: MET_Broker: The number of finished Cloudlets is:166
2883.6327999999994: MET_Broker: Cloudlet #165 return received
2883.6327999999994: MET_Broker: The number of finished Cloudlets is:167
2892.2215999999994: MET_Broker: Cloudlet #169 return received
2892.2215999999994: MET_Broker: The number of finished Cloudlets is:168
2897.4279999999994: MET_Broker: Cloudlet #166 return received
2897.4279999999994: MET_Broker: The number of finished Cloudlets is:169
2898.6235999999994: MET_Broker: Cloudlet #171 return received
2898.6235999999994: MET_Broker: The number of finished Cloudlets is:170
2941.0171999999993: MET_Broker: Cloudlet #172 return received
2941.0171999999993: MET_Broker: The number of finished Cloudlets is:171
2958.604799999999: MET_Broker: Cloudlet #174 return received
2958.604799999999: MET_Broker: The number of finished Cloudlets is:172
2974.827999999999: MET_Broker: Cloudlet #175 return received
2974.827999999999: MET_Broker: The number of finished Cloudlets is:173
3005.947599999999: MET_Broker: Cloudlet #168 return received
3005.947599999999: MET_Broker: The number of finished Cloudlets is:174
3019.333599999999: MET_Broker: Cloudlet #177 return received
3019.333599999999: MET_Broker: The number of finished Cloudlets is:175
3019.423199999999: MET_Broker: Cloudlet #176 return received
3019.423199999999: MET_Broker: The number of finished Cloudlets is:176
3030.8403999999987: MET_Broker: Cloudlet #178 return received
3030.8403999999987: MET_Broker: The number of finished Cloudlets is:177
3056.500799999999: MET_Broker: Cloudlet #180 return received
3056.500799999999: MET_Broker: The number of finished Cloudlets is:178
3060.821199999999: MET_Broker: Cloudlet #170 return received
3060.821199999999: MET_Broker: The number of finished Cloudlets is:179
3071.251599999999: MET_Broker: Cloudlet #179 return received
3071.251599999999: MET_Broker: The number of finished Cloudlets is:180
3075.8087999999993: MET_Broker: Cloudlet #181 return received
3075.8087999999993: MET_Broker: The number of finished Cloudlets is:181
3076.622799999999: MET_Broker: Cloudlet #182 return received
3076.622799999999: MET_Broker: The number of finished Cloudlets is:182
3083.2287999999994: MET_Broker: Cloudlet #184 return received
3083.2287999999994: MET_Broker: The number of finished Cloudlets is:183
3093.9871999999996: MET_Broker: Cloudlet #185 return received
3093.9871999999996: MET_Broker: The number of finished Cloudlets is:184
3095.7347999999997: MET_Broker: Cloudlet #186 return received
3095.7347999999997: MET_Broker: The number of finished Cloudlets is:185
3126.8183999999997: MET_Broker: Cloudlet #183 return received
3126.8183999999997: MET_Broker: The number of finished Cloudlets is:186
3153.5676: MET_Broker: Cloudlet #188 return received
3153.5676: MET_Broker: The number of finished Cloudlets is:187
3194.6443999999997: MET_Broker: Cloudlet #173 return received
3194.6443999999997: MET_Broker: The number of finished Cloudlets is:188
3237.1928: MET_Broker: Cloudlet #191 return received
3237.1928: MET_Broker: The number of finished Cloudlets is:189
3254.712: MET_Broker: Cloudlet #190 return received
3254.712: MET_Broker: The number of finished Cloudlets is:190
3266.5504: MET_Broker: Cloudlet #189 return received
3266.5504: MET_Broker: The number of finished Cloudlets is:191
3267.9256: MET_Broker: Cloudlet #187 return received
3267.9256: MET_Broker: The number of finished Cloudlets is:192
3315.6128: MET_Broker: Cloudlet #194 return received
3315.6128: MET_Broker: The number of finished Cloudlets is:193
3339.636: MET_Broker: Cloudlet #196 return received
3339.636: MET_Broker: The number of finished Cloudlets is:194
3360.0636: MET_Broker: Cloudlet #192 return received
3360.0636: MET_Broker: The number of finished Cloudlets is:195
3377.6032: MET_Broker: Cloudlet #193 return received
3377.6032: MET_Broker: The number of finished Cloudlets is:196
3384.5056: MET_Broker: Cloudlet #198 return received
3384.5056: MET_Broker: The number of finished Cloudlets is:197
3406.6776: MET_Broker: Cloudlet #197 return received
3406.6776: MET_Broker: The number of finished Cloudlets is:198
3424.728: MET_Broker: Cloudlet #199 return received
3424.728: MET_Broker: The number of finished Cloudlets is:199
3435.8264: MET_Broker: Cloudlet #201 return received
3435.8264: MET_Broker: The number of finished Cloudlets is:200
3454.5571999999997: MET_Broker: Cloudlet #203 return received
3454.5571999999997: MET_Broker: The number of finished Cloudlets is:201
3483.2216: MET_Broker: Cloudlet #202 return received
3483.2216: MET_Broker: The number of finished Cloudlets is:202
3496.5719999999997: MET_Broker: Cloudlet #200 return received
3496.5719999999997: MET_Broker: The number of finished Cloudlets is:203
3505.5391999999997: MET_Broker: Cloudlet #195 return received
3505.5391999999997: MET_Broker: The number of finished Cloudlets is:204
3538.4131999999995: MET_Broker: Cloudlet #206 return received
3538.4131999999995: MET_Broker: The number of finished Cloudlets is:205
3556.3871999999997: MET_Broker: Cloudlet #208 return received
3556.3871999999997: MET_Broker: The number of finished Cloudlets is:206
3568.5527999999995: MET_Broker: Cloudlet #209 return received
3568.5527999999995: MET_Broker: The number of finished Cloudlets is:207
3571.1275999999993: MET_Broker: Cloudlet #207 return received
3571.1275999999993: MET_Broker: The number of finished Cloudlets is:208
3581.821999999999: MET_Broker: Cloudlet #210 return received
3581.821999999999: MET_Broker: The number of finished Cloudlets is:209
3591.385999999999: MET_Broker: Cloudlet #205 return received
3591.385999999999: MET_Broker: The number of finished Cloudlets is:210
3594.998799999999: MET_Broker: Cloudlet #204 return received
3594.998799999999: MET_Broker: The number of finished Cloudlets is:211
3595.115999999999: MET_Broker: Cloudlet #212 return received
3595.115999999999: MET_Broker: The number of finished Cloudlets is:212
3595.4051999999992: MET_Broker: Cloudlet #211 return received
3595.4051999999992: MET_Broker: The number of finished Cloudlets is:213
3618.662799999999: MET_Broker: Cloudlet #213 return received
3618.662799999999: MET_Broker: The number of finished Cloudlets is:214
3629.9355999999993: MET_Broker: Cloudlet #217 return received
3629.9355999999993: MET_Broker: The number of finished Cloudlets is:215
3637.1367999999993: MET_Broker: Cloudlet #218 return received
3637.1367999999993: MET_Broker: The number of finished Cloudlets is:216
3652.1623999999993: MET_Broker: Cloudlet #214 return received
3652.1623999999993: MET_Broker: The number of finished Cloudlets is:217
3666.133999999999: MET_Broker: Cloudlet #216 return received
3666.133999999999: MET_Broker: The number of finished Cloudlets is:218
3681.354799999999: MET_Broker: Cloudlet #221 return received
3681.354799999999: MET_Broker: The number of finished Cloudlets is:219
3698.821999999999: MET_Broker: Cloudlet #220 return received
3698.821999999999: MET_Broker: The number of finished Cloudlets is:220
3709.2215999999994: MET_Broker: Cloudlet #219 return received
3709.2215999999994: MET_Broker: The number of finished Cloudlets is:221
3716.6875999999993: MET_Broker: Cloudlet #224 return received
3716.6875999999993: MET_Broker: The number of finished Cloudlets is:222
3718.3995999999993: MET_Broker: Cloudlet #223 return received
3718.3995999999993: MET_Broker: The number of finished Cloudlets is:223
3728.715199999999: MET_Broker: Cloudlet #226 return received
3728.715199999999: MET_Broker: The number of finished Cloudlets is:224
3751.9539999999993: MET_Broker: Cloudlet #222 return received
3751.9539999999993: MET_Broker: The number of finished Cloudlets is:225
3760.393199999999: MET_Broker: Cloudlet #228 return received
3760.393199999999: MET_Broker: The number of finished Cloudlets is:226
3776.331599999999: MET_Broker: Cloudlet #229 return received
3776.331599999999: MET_Broker: The number of finished Cloudlets is:227
3785.025999999999: MET_Broker: Cloudlet #230 return received
3785.025999999999: MET_Broker: The number of finished Cloudlets is:228
3793.269999999999: MET_Broker: Cloudlet #225 return received
3793.269999999999: MET_Broker: The number of finished Cloudlets is:229
3806.4683999999993: MET_Broker: Cloudlet #232 return received
3806.4683999999993: MET_Broker: The number of finished Cloudlets is:230
3829.6111999999994: MET_Broker: Cloudlet #231 return received
3829.6111999999994: MET_Broker: The number of finished Cloudlets is:231
3848.4427999999994: MET_Broker: Cloudlet #233 return received
3848.4427999999994: MET_Broker: The number of finished Cloudlets is:232
3856.4331999999995: MET_Broker: Cloudlet #234 return received
3856.4331999999995: MET_Broker: The number of finished Cloudlets is:233
3886.2279999999996: MET_Broker: Cloudlet #236 return received
3886.2279999999996: MET_Broker: The number of finished Cloudlets is:234
3911.0259999999994: MET_Broker: Cloudlet #215 return received
3911.0259999999994: MET_Broker: The number of finished Cloudlets is:235
3960.3403999999996: MET_Broker: Cloudlet #235 return received
3960.3403999999996: MET_Broker: The number of finished Cloudlets is:236
3976.5595999999996: MET_Broker: Cloudlet #227 return received
3976.5595999999996: MET_Broker: The number of finished Cloudlets is:237
4032.5691999999995: MET_Broker: Cloudlet #240 return received
4032.5691999999995: MET_Broker: The number of finished Cloudlets is:238
4123.343199999999: MET_Broker: Cloudlet #238 return received
4123.343199999999: MET_Broker: The number of finished Cloudlets is:239
4135.49: MET_Broker: Cloudlet #242 return received
4135.49: MET_Broker: The number of finished Cloudlets is:240
4146.7824: MET_Broker: Cloudlet #239 return received
4146.7824: MET_Broker: The number of finished Cloudlets is:241
4173.7116: MET_Broker: Cloudlet #244 return received
4173.7116: MET_Broker: The number of finished Cloudlets is:242
4205.0728: MET_Broker: Cloudlet #237 return received
4205.0728: MET_Broker: The number of finished Cloudlets is:243
4231.84: MET_Broker: Cloudlet #241 return received
4231.84: MET_Broker: The number of finished Cloudlets is:244
4240.4536: MET_Broker: Cloudlet #247 return received
4240.4536: MET_Broker: The number of finished Cloudlets is:245
4248.592799999999: MET_Broker: Cloudlet #246 return received
4248.592799999999: MET_Broker: The number of finished Cloudlets is:246
4269.6651999999995: MET_Broker: Cloudlet #248 return received
4269.6651999999995: MET_Broker: The number of finished Cloudlets is:247
4270.0707999999995: MET_Broker: Cloudlet #249 return received
4270.0707999999995: MET_Broker: The number of finished Cloudlets is:248
4277.9316: MET_Broker: Cloudlet #251 return received
4277.9316: MET_Broker: The number of finished Cloudlets is:249
4285.1428: MET_Broker: Cloudlet #252 return received
4285.1428: MET_Broker: The number of finished Cloudlets is:250
4320.441599999999: MET_Broker: Cloudlet #243 return received
4320.441599999999: MET_Broker: The number of finished Cloudlets is:251
4332.768399999999: MET_Broker: Cloudlet #254 return received
4332.768399999999: MET_Broker: The number of finished Cloudlets is:252
4341.298399999999: MET_Broker: Cloudlet #253 return received
4341.298399999999: MET_Broker: The number of finished Cloudlets is:253
4399.509199999999: MET_Broker: Cloudlet #250 return received
4399.509199999999: MET_Broker: The number of finished Cloudlets is:254
4468.199199999998: MET_Broker: Cloudlet #245 return received
4468.199199999998: MET_Broker: The number of finished Cloudlets is:255
4482.749599999998: MET_Broker: Cloudlet #258 return received
4482.749599999998: MET_Broker: The number of finished Cloudlets is:256
4494.848399999998: MET_Broker: Cloudlet #259 return received
4494.848399999998: MET_Broker: The number of finished Cloudlets is:257
4522.529199999998: MET_Broker: Cloudlet #257 return received
4522.529199999998: MET_Broker: The number of finished Cloudlets is:258
4562.252799999998: MET_Broker: Cloudlet #261 return received
4562.252799999998: MET_Broker: The number of finished Cloudlets is:259
4634.566399999999: MET_Broker: Cloudlet #256 return received
4634.566399999999: MET_Broker: The number of finished Cloudlets is:260
4647.621599999999: MET_Broker: Cloudlet #260 return received
4647.621599999999: MET_Broker: The number of finished Cloudlets is:261
4687.9043999999985: MET_Broker: Cloudlet #255 return received
4687.9043999999985: MET_Broker: The number of finished Cloudlets is:262
4727.639199999999: MET_Broker: Cloudlet #262 return received
4727.639199999999: MET_Broker: The number of finished Cloudlets is:263
4747.398799999999: MET_Broker: Cloudlet #265 return received
4747.398799999999: MET_Broker: The number of finished Cloudlets is:264
4762.1035999999995: MET_Broker: Cloudlet #266 return received
4762.1035999999995: MET_Broker: The number of finished Cloudlets is:265
4770.818799999999: MET_Broker: Cloudlet #268 return received
4770.818799999999: MET_Broker: The number of finished Cloudlets is:266
4794.597999999999: MET_Broker: Cloudlet #269 return received
4794.597999999999: MET_Broker: The number of finished Cloudlets is:267
4801.944399999999: MET_Broker: Cloudlet #267 return received
4801.944399999999: MET_Broker: The number of finished Cloudlets is:268
4806.857999999999: MET_Broker: Cloudlet #270 return received
4806.857999999999: MET_Broker: The number of finished Cloudlets is:269
4823.136399999999: MET_Broker: Cloudlet #263 return received
4823.136399999999: MET_Broker: The number of finished Cloudlets is:270
4836.0668: MET_Broker: Cloudlet #272 return received
4836.0668: MET_Broker: The number of finished Cloudlets is:271
4844.7011999999995: MET_Broker: Cloudlet #274 return received
4844.7011999999995: MET_Broker: The number of finished Cloudlets is:272
4854.697999999999: MET_Broker: Cloudlet #273 return received
4854.697999999999: MET_Broker: The number of finished Cloudlets is:273
4929.2339999999995: MET_Broker: Cloudlet #264 return received
4929.2339999999995: MET_Broker: The number of finished Cloudlets is:274
4933.735599999999: MET_Broker: Cloudlet #271 return received
4933.735599999999: MET_Broker: The number of finished Cloudlets is:275
4945.354799999999: MET_Broker: Cloudlet #277 return received
4945.354799999999: MET_Broker: The number of finished Cloudlets is:276
4971.314799999999: MET_Broker: Cloudlet #278 return received
4971.314799999999: MET_Broker: The number of finished Cloudlets is:277
4995.7807999999995: MET_Broker: Cloudlet #279 return received
4995.7807999999995: MET_Broker: The number of finished Cloudlets is:278
4997.8516: MET_Broker: Cloudlet #280 return received
4997.8516: MET_Broker: The number of finished Cloudlets is:279
5031.2596: MET_Broker: Cloudlet #281 return received
5031.2596: MET_Broker: The number of finished Cloudlets is:280
5031.7376: MET_Broker: Cloudlet #276 return received
5031.7376: MET_Broker: The number of finished Cloudlets is:281
5046.6: MET_Broker: Cloudlet #284 return received
5046.6: MET_Broker: The number of finished Cloudlets is:282
5072.1336: MET_Broker: Cloudlet #283 return received
5072.1336: MET_Broker: The number of finished Cloudlets is:283
5081.3732: MET_Broker: Cloudlet #285 return received
5081.3732: MET_Broker: The number of finished Cloudlets is:284
5088.6848: MET_Broker: Cloudlet #286 return received
5088.6848: MET_Broker: The number of finished Cloudlets is:285
5108.3364: MET_Broker: Cloudlet #282 return received
5108.3364: MET_Broker: The number of finished Cloudlets is:286
5115.6616: MET_Broker: Cloudlet #287 return received
5115.6616: MET_Broker: The number of finished Cloudlets is:287
5124.9704: MET_Broker: Cloudlet #290 return received
5124.9704: MET_Broker: The number of finished Cloudlets is:288
5135.0844: MET_Broker: Cloudlet #275 return received
5135.0844: MET_Broker: The number of finished Cloudlets is:289
5163.8948: MET_Broker: Cloudlet #289 return received
5163.8948: MET_Broker: The number of finished Cloudlets is:290
5181.3212: MET_Broker: Cloudlet #293 return received
5181.3212: MET_Broker: The number of finished Cloudlets is:291
5185.878000000001: MET_Broker: Cloudlet #292 return received
5185.878000000001: MET_Broker: The number of finished Cloudlets is:292
5197.996800000001: MET_Broker: Cloudlet #295 return received
5197.996800000001: MET_Broker: The number of finished Cloudlets is:293
5215.018400000001: MET_Broker: Cloudlet #296 return received
5215.018400000001: MET_Broker: The number of finished Cloudlets is:294
5218.604400000001: MET_Broker: Cloudlet #294 return received
5218.604400000001: MET_Broker: The number of finished Cloudlets is:295
5227.965600000001: MET_Broker: Cloudlet #297 return received
5227.965600000001: MET_Broker: The number of finished Cloudlets is:296
5236.414000000002: MET_Broker: Cloudlet #298 return received
5236.414000000002: MET_Broker: The number of finished Cloudlets is:297
5278.474400000002: MET_Broker: Cloudlet #299 return received
5278.474400000002: MET_Broker: The number of finished Cloudlets is:298
5329.694400000002: MET_Broker: Cloudlet #288 return received
5329.694400000002: MET_Broker: The number of finished Cloudlets is:299
5335.672800000002: MET_Broker: Cloudlet #301 return received
5335.672800000002: MET_Broker: The number of finished Cloudlets is:300
5336.344000000002: MET_Broker: Cloudlet #302 return received
5336.344000000002: MET_Broker: The number of finished Cloudlets is:301
5373.123200000002: MET_Broker: Cloudlet #300 return received
5373.123200000002: MET_Broker: The number of finished Cloudlets is:302
5384.578800000002: MET_Broker: Cloudlet #303 return received
5384.578800000002: MET_Broker: The number of finished Cloudlets is:303
5390.548000000002: MET_Broker: Cloudlet #305 return received
5390.548000000002: MET_Broker: The number of finished Cloudlets is:304
5399.560000000001: MET_Broker: Cloudlet #304 return received
5399.560000000001: MET_Broker: The number of finished Cloudlets is:305
5415.277200000001: MET_Broker: Cloudlet #291 return received
5415.277200000001: MET_Broker: The number of finished Cloudlets is:306
5416.061200000001: MET_Broker: Cloudlet #306 return received
5416.061200000001: MET_Broker: The number of finished Cloudlets is:307
5428.360800000001: MET_Broker: Cloudlet #310 return received
5428.360800000001: MET_Broker: The number of finished Cloudlets is:308
5446.527200000001: MET_Broker: Cloudlet #309 return received
5446.527200000001: MET_Broker: The number of finished Cloudlets is:309
5458.818800000001: MET_Broker: Cloudlet #311 return received
5458.818800000001: MET_Broker: The number of finished Cloudlets is:310
5461.270800000001: MET_Broker: Cloudlet #312 return received
5461.270800000001: MET_Broker: The number of finished Cloudlets is:311
5475.414000000002: MET_Broker: Cloudlet #313 return received
5475.414000000002: MET_Broker: The number of finished Cloudlets is:312
5478.669600000002: MET_Broker: Cloudlet #307 return received
5478.669600000002: MET_Broker: The number of finished Cloudlets is:313
5501.305600000002: MET_Broker: Cloudlet #308 return received
5501.305600000002: MET_Broker: The number of finished Cloudlets is:314
5505.286000000003: MET_Broker: Cloudlet #316 return received
5505.286000000003: MET_Broker: The number of finished Cloudlets is:315
5514.605600000003: MET_Broker: Cloudlet #317 return received
5514.605600000003: MET_Broker: The number of finished Cloudlets is:316
5520.241600000003: MET_Broker: Cloudlet #314 return received
5520.241600000003: MET_Broker: The number of finished Cloudlets is:317
5528.535600000003: MET_Broker: Cloudlet #319 return received
5528.535600000003: MET_Broker: The number of finished Cloudlets is:318
5544.094400000003: MET_Broker: Cloudlet #321 return received
5544.094400000003: MET_Broker: The number of finished Cloudlets is:319
5545.246400000003: MET_Broker: Cloudlet #315 return received
5545.246400000003: MET_Broker: The number of finished Cloudlets is:320
5562.412800000003: MET_Broker: Cloudlet #322 return received
5562.412800000003: MET_Broker: The number of finished Cloudlets is:321
5602.090000000003: MET_Broker: Cloudlet #318 return received
5602.090000000003: MET_Broker: The number of finished Cloudlets is:322
5602.8344000000025: MET_Broker: Cloudlet #323 return received
5602.8344000000025: MET_Broker: The number of finished Cloudlets is:323
5621.443600000002: MET_Broker: Cloudlet #325 return received
5621.443600000002: MET_Broker: The number of finished Cloudlets is:324
5630.878000000002: MET_Broker: Cloudlet #327 return received
5630.878000000002: MET_Broker: The number of finished Cloudlets is:325
5680.1168000000025: MET_Broker: Cloudlet #324 return received
5680.1168000000025: MET_Broker: The number of finished Cloudlets is:326
5711.9792000000025: MET_Broker: Cloudlet #326 return received
5711.9792000000025: MET_Broker: The number of finished Cloudlets is:327
5811.506800000003: MET_Broker: Cloudlet #330 return received
5811.506800000003: MET_Broker: The number of finished Cloudlets is:328
5819.938000000003: MET_Broker: Cloudlet #331 return received
5819.938000000003: MET_Broker: The number of finished Cloudlets is:329
5855.488800000003: MET_Broker: Cloudlet #320 return received
5855.488800000003: MET_Broker: The number of finished Cloudlets is:330
5866.462800000003: MET_Broker: Cloudlet #329 return received
5866.462800000003: MET_Broker: The number of finished Cloudlets is:331
5904.525600000003: MET_Broker: Cloudlet #334 return received
5904.525600000003: MET_Broker: The number of finished Cloudlets is:332
5914.405200000003: MET_Broker: Cloudlet #333 return received
5914.405200000003: MET_Broker: The number of finished Cloudlets is:333
5919.444800000003: MET_Broker: Cloudlet #335 return received
5919.444800000003: MET_Broker: The number of finished Cloudlets is:334
5932.428800000003: MET_Broker: Cloudlet #328 return received
5932.428800000003: MET_Broker: The number of finished Cloudlets is:335
5938.443600000003: MET_Broker: Cloudlet #338 return received
5938.443600000003: MET_Broker: The number of finished Cloudlets is:336
5945.123200000004: MET_Broker: Cloudlet #336 return received
5945.123200000004: MET_Broker: The number of finished Cloudlets is:337
5949.116000000004: MET_Broker: Cloudlet #332 return received
5949.116000000004: MET_Broker: The number of finished Cloudlets is:338
5951.190400000004: MET_Broker: Cloudlet #340 return received
5951.190400000004: MET_Broker: The number of finished Cloudlets is:339
5956.992800000004: MET_Broker: Cloudlet #339 return received
5956.992800000004: MET_Broker: The number of finished Cloudlets is:340
5962.354000000004: MET_Broker: Cloudlet #337 return received
5962.354000000004: MET_Broker: The number of finished Cloudlets is:341
5972.2360000000035: MET_Broker: Cloudlet #344 return received
5972.2360000000035: MET_Broker: The number of finished Cloudlets is:342
5983.966400000004: MET_Broker: Cloudlet #341 return received
5983.966400000004: MET_Broker: The number of finished Cloudlets is:343
5989.642400000004: MET_Broker: Cloudlet #342 return received
5989.642400000004: MET_Broker: The number of finished Cloudlets is:344
5992.8080000000045: MET_Broker: Cloudlet #346 return received
5992.8080000000045: MET_Broker: The number of finished Cloudlets is:345
5997.828000000005: MET_Broker: Cloudlet #345 return received
5997.828000000005: MET_Broker: The number of finished Cloudlets is:346
6046.286400000005: MET_Broker: Cloudlet #348 return received
6046.286400000005: MET_Broker: The number of finished Cloudlets is:347
6053.614000000005: MET_Broker: Cloudlet #347 return received
6053.614000000005: MET_Broker: The number of finished Cloudlets is:348
6059.260400000005: MET_Broker: Cloudlet #349 return received
6059.260400000005: MET_Broker: The number of finished Cloudlets is:349
6077.232800000004: MET_Broker: Cloudlet #343 return received
6077.232800000004: MET_Broker: The number of finished Cloudlets is:350
6105.556400000004: MET_Broker: Cloudlet #350 return received
6105.556400000004: MET_Broker: The number of finished Cloudlets is:351
6108.931600000004: MET_Broker: Cloudlet #352 return received
6108.931600000004: MET_Broker: The number of finished Cloudlets is:352
6111.710800000004: MET_Broker: Cloudlet #354 return received
6111.710800000004: MET_Broker: The number of finished Cloudlets is:353
6129.197200000004: MET_Broker: Cloudlet #356 return received
6129.197200000004: MET_Broker: The number of finished Cloudlets is:354
6152.496800000004: MET_Broker: Cloudlet #353 return received
6152.496800000004: MET_Broker: The number of finished Cloudlets is:355
6154.095600000004: MET_Broker: Cloudlet #357 return received
6154.095600000004: MET_Broker: The number of finished Cloudlets is:356
6160.561200000005: MET_Broker: Cloudlet #358 return received
6160.561200000005: MET_Broker: The number of finished Cloudlets is:357
6190.017600000005: MET_Broker: Cloudlet #355 return received
6190.017600000005: MET_Broker: The number of finished Cloudlets is:358
6199.327600000005: MET_Broker: Cloudlet #361 return received
6199.327600000005: MET_Broker: The number of finished Cloudlets is:359
6258.774800000005: MET_Broker: Cloudlet #362 return received
6258.774800000005: MET_Broker: The number of finished Cloudlets is:360
6307.236800000005: MET_Broker: Cloudlet #360 return received
6307.236800000005: MET_Broker: The number of finished Cloudlets is:361
6328.657600000005: MET_Broker: Cloudlet #359 return received
6328.657600000005: MET_Broker: The number of finished Cloudlets is:362
6341.270400000005: MET_Broker: Cloudlet #365 return received
6341.270400000005: MET_Broker: The number of finished Cloudlets is:363
6341.925600000005: MET_Broker: Cloudlet #351 return received
6341.925600000005: MET_Broker: The number of finished Cloudlets is:364
6373.682400000005: MET_Broker: Cloudlet #366 return received
6373.682400000005: MET_Broker: The number of finished Cloudlets is:365
6391.614400000005: MET_Broker: Cloudlet #364 return received
6391.614400000005: MET_Broker: The number of finished Cloudlets is:366
6408.546800000005: MET_Broker: Cloudlet #367 return received
6408.546800000005: MET_Broker: The number of finished Cloudlets is:367
6417.653200000004: MET_Broker: Cloudlet #369 return received
6417.653200000004: MET_Broker: The number of finished Cloudlets is:368
6436.870000000004: MET_Broker: Cloudlet #370 return received
6436.870000000004: MET_Broker: The number of finished Cloudlets is:369
6479.194400000005: MET_Broker: Cloudlet #368 return received
6479.194400000005: MET_Broker: The number of finished Cloudlets is:370
6494.341200000005: MET_Broker: Cloudlet #372 return received
6494.341200000005: MET_Broker: The number of finished Cloudlets is:371
6516.680000000006: MET_Broker: Cloudlet #373 return received
6516.680000000006: MET_Broker: The number of finished Cloudlets is:372
6529.352400000006: MET_Broker: Cloudlet #371 return received
6529.352400000006: MET_Broker: The number of finished Cloudlets is:373
6534.625200000006: MET_Broker: Cloudlet #374 return received
6534.625200000006: MET_Broker: The number of finished Cloudlets is:374
6535.912400000006: MET_Broker: Cloudlet #375 return received
6535.912400000006: MET_Broker: The number of finished Cloudlets is:375
6549.402400000005: MET_Broker: Cloudlet #378 return received
6549.402400000005: MET_Broker: The number of finished Cloudlets is:376
6551.924800000005: MET_Broker: Cloudlet #377 return received
6551.924800000005: MET_Broker: The number of finished Cloudlets is:377
6562.749200000006: MET_Broker: Cloudlet #376 return received
6562.749200000006: MET_Broker: The number of finished Cloudlets is:378
6572.656800000005: MET_Broker: Cloudlet #363 return received
6572.656800000005: MET_Broker: The number of finished Cloudlets is:379
6575.505200000005: MET_Broker: Cloudlet #380 return received
6575.505200000005: MET_Broker: The number of finished Cloudlets is:380
6587.567200000005: MET_Broker: Cloudlet #383 return received
6587.567200000005: MET_Broker: The number of finished Cloudlets is:381
6603.061200000005: MET_Broker: Cloudlet #381 return received
6603.061200000005: MET_Broker: The number of finished Cloudlets is:382
6633.983200000004: MET_Broker: Cloudlet #384 return received
6633.983200000004: MET_Broker: The number of finished Cloudlets is:383
6646.398000000004: MET_Broker: Cloudlet #385 return received
6646.398000000004: MET_Broker: The number of finished Cloudlets is:384
6699.842800000004: MET_Broker: Cloudlet #387 return received
6699.842800000004: MET_Broker: The number of finished Cloudlets is:385
6715.912800000004: MET_Broker: Cloudlet #382 return received
6715.912800000004: MET_Broker: The number of finished Cloudlets is:386
6722.101200000004: MET_Broker: Cloudlet #389 return received
6722.101200000004: MET_Broker: The number of finished Cloudlets is:387
6752.583600000004: MET_Broker: Cloudlet #388 return received
6752.583600000004: MET_Broker: The number of finished Cloudlets is:388
6760.8268000000035: MET_Broker: Cloudlet #386 return received
6760.8268000000035: MET_Broker: The number of finished Cloudlets is:389
6764.744000000003: MET_Broker: Cloudlet #390 return received
6764.744000000003: MET_Broker: The number of finished Cloudlets is:390
6773.7468000000035: MET_Broker: Cloudlet #393 return received
6773.7468000000035: MET_Broker: The number of finished Cloudlets is:391
6778.988400000004: MET_Broker: Cloudlet #391 return received
6778.988400000004: MET_Broker: The number of finished Cloudlets is:392
6811.700800000004: MET_Broker: Cloudlet #392 return received
6811.700800000004: MET_Broker: The number of finished Cloudlets is:393
6822.172400000004: MET_Broker: Cloudlet #394 return received
6822.172400000004: MET_Broker: The number of finished Cloudlets is:394
6829.678800000004: MET_Broker: Cloudlet #396 return received
6829.678800000004: MET_Broker: The number of finished Cloudlets is:395
6836.621200000004: MET_Broker: Cloudlet #397 return received
6836.621200000004: MET_Broker: The number of finished Cloudlets is:396
6843.212000000004: MET_Broker: Cloudlet #398 return received
6843.212000000004: MET_Broker: The number of finished Cloudlets is:397
6877.526400000004: MET_Broker: Cloudlet #399 return received
6877.526400000004: MET_Broker: The number of finished Cloudlets is:398
6881.128800000004: MET_Broker: Cloudlet #400 return received
6881.128800000004: MET_Broker: The number of finished Cloudlets is:399
6887.664400000004: MET_Broker: Cloudlet #379 return received
6887.664400000004: MET_Broker: The number of finished Cloudlets is:400
6897.6052000000045: MET_Broker: Cloudlet #402 return received
6897.6052000000045: MET_Broker: The number of finished Cloudlets is:401
6937.057200000005: MET_Broker: Cloudlet #404 return received
6937.057200000005: MET_Broker: The number of finished Cloudlets is:402
6956.598400000004: MET_Broker: Cloudlet #401 return received
6956.598400000004: MET_Broker: The number of finished Cloudlets is:403
6981.576800000004: MET_Broker: Cloudlet #395 return received
6981.576800000004: MET_Broker: The number of finished Cloudlets is:404
6989.682000000004: MET_Broker: Cloudlet #407 return received
6989.682000000004: MET_Broker: The number of finished Cloudlets is:405
7031.841600000004: MET_Broker: Cloudlet #403 return received
7031.841600000004: MET_Broker: The number of finished Cloudlets is:406
7035.144800000005: MET_Broker: Cloudlet #408 return received
7035.144800000005: MET_Broker: The number of finished Cloudlets is:407
7083.6960000000045: MET_Broker: Cloudlet #409 return received
7083.6960000000045: MET_Broker: The number of finished Cloudlets is:408
7089.193600000004: MET_Broker: Cloudlet #406 return received
7089.193600000004: MET_Broker: The number of finished Cloudlets is:409
7135.399200000004: MET_Broker: Cloudlet #412 return received
7135.399200000004: MET_Broker: The number of finished Cloudlets is:410
7146.977200000005: MET_Broker: Cloudlet #411 return received
7146.977200000005: MET_Broker: The number of finished Cloudlets is:411
7176.436400000005: MET_Broker: Cloudlet #414 return received
7176.436400000005: MET_Broker: The number of finished Cloudlets is:412
7183.070000000005: MET_Broker: Cloudlet #413 return received
7183.070000000005: MET_Broker: The number of finished Cloudlets is:413
7194.714000000005: MET_Broker: Cloudlet #416 return received
7194.714000000005: MET_Broker: The number of finished Cloudlets is:414
7259.924400000005: MET_Broker: Cloudlet #405 return received
7259.924400000005: MET_Broker: The number of finished Cloudlets is:415
7328.721600000005: MET_Broker: Cloudlet #417 return received
7328.721600000005: MET_Broker: The number of finished Cloudlets is:416
7339.972800000005: MET_Broker: Cloudlet #410 return received
7339.972800000005: MET_Broker: The number of finished Cloudlets is:417
7343.207200000005: MET_Broker: Cloudlet #415 return received
7343.207200000005: MET_Broker: The number of finished Cloudlets is:418
7346.470000000006: MET_Broker: Cloudlet #419 return received
7346.470000000006: MET_Broker: The number of finished Cloudlets is:419
7350.118800000006: MET_Broker: Cloudlet #420 return received
7350.118800000006: MET_Broker: The number of finished Cloudlets is:420
7375.881600000006: MET_Broker: Cloudlet #421 return received
7375.881600000006: MET_Broker: The number of finished Cloudlets is:421
7387.767200000006: MET_Broker: Cloudlet #422 return received
7387.767200000006: MET_Broker: The number of finished Cloudlets is:422
7413.698400000006: MET_Broker: Cloudlet #424 return received
7413.698400000006: MET_Broker: The number of finished Cloudlets is:423
7430.282800000005: MET_Broker: Cloudlet #426 return received
7430.282800000005: MET_Broker: The number of finished Cloudlets is:424
7434.668000000005: MET_Broker: Cloudlet #425 return received
7434.668000000005: MET_Broker: The number of finished Cloudlets is:425
7449.022400000005: MET_Broker: Cloudlet #427 return received
7449.022400000005: MET_Broker: The number of finished Cloudlets is:426
7506.222800000005: MET_Broker: Cloudlet #429 return received
7506.222800000005: MET_Broker: The number of finished Cloudlets is:427
7507.086800000005: MET_Broker: Cloudlet #423 return received
7507.086800000005: MET_Broker: The number of finished Cloudlets is:428
7512.9748000000045: MET_Broker: Cloudlet #430 return received
7512.9748000000045: MET_Broker: The number of finished Cloudlets is:429
7534.068400000005: MET_Broker: Cloudlet #432 return received
7534.068400000005: MET_Broker: The number of finished Cloudlets is:430
7552.246000000005: MET_Broker: Cloudlet #418 return received
7552.246000000005: MET_Broker: The number of finished Cloudlets is:431
7558.416000000005: MET_Broker: Cloudlet #434 return received
7558.416000000005: MET_Broker: The number of finished Cloudlets is:432
7575.852800000005: MET_Broker: Cloudlet #433 return received
7575.852800000005: MET_Broker: The number of finished Cloudlets is:433
7582.492800000005: MET_Broker: Cloudlet #428 return received
7582.492800000005: MET_Broker: The number of finished Cloudlets is:434
7594.912400000006: MET_Broker: Cloudlet #437 return received
7594.912400000006: MET_Broker: The number of finished Cloudlets is:435
7629.658400000006: MET_Broker: Cloudlet #431 return received
7629.658400000006: MET_Broker: The number of finished Cloudlets is:436
7662.133200000006: MET_Broker: Cloudlet #439 return received
7662.133200000006: MET_Broker: The number of finished Cloudlets is:437
7674.901600000006: MET_Broker: Cloudlet #436 return received
7674.901600000006: MET_Broker: The number of finished Cloudlets is:438
7690.022800000005: MET_Broker: Cloudlet #441 return received
7690.022800000005: MET_Broker: The number of finished Cloudlets is:439
7699.140000000005: MET_Broker: Cloudlet #440 return received
7699.140000000005: MET_Broker: The number of finished Cloudlets is:440
7707.924800000005: MET_Broker: Cloudlet #442 return received
7707.924800000005: MET_Broker: The number of finished Cloudlets is:441
7709.626000000006: MET_Broker: Cloudlet #443 return received
7709.626000000006: MET_Broker: The number of finished Cloudlets is:442
7723.488400000006: MET_Broker: Cloudlet #444 return received
7723.488400000006: MET_Broker: The number of finished Cloudlets is:443
7737.043600000005: MET_Broker: Cloudlet #446 return received
7737.043600000005: MET_Broker: The number of finished Cloudlets is:444
7758.672800000006: MET_Broker: Cloudlet #445 return received
7758.672800000006: MET_Broker: The number of finished Cloudlets is:445
7759.096000000006: MET_Broker: Cloudlet #447 return received
7759.096000000006: MET_Broker: The number of finished Cloudlets is:446
7764.926000000006: MET_Broker: Cloudlet #448 return received
7764.926000000006: MET_Broker: The number of finished Cloudlets is:447
7774.879600000006: MET_Broker: Cloudlet #450 return received
7774.879600000006: MET_Broker: The number of finished Cloudlets is:448
7777.609600000005: MET_Broker: Cloudlet #435 return received
7777.609600000005: MET_Broker: The number of finished Cloudlets is:449
7783.327600000005: MET_Broker: Cloudlet #451 return received
7783.327600000005: MET_Broker: The number of finished Cloudlets is:450
7783.808800000005: MET_Broker: Cloudlet #438 return received
7783.808800000005: MET_Broker: The number of finished Cloudlets is:451
7794.749600000006: MET_Broker: Cloudlet #453 return received
7794.749600000006: MET_Broker: The number of finished Cloudlets is:452
7817.8224000000055: MET_Broker: Cloudlet #449 return received
7817.8224000000055: MET_Broker: The number of finished Cloudlets is:453
7830.434000000006: MET_Broker: Cloudlet #455 return received
7830.434000000006: MET_Broker: The number of finished Cloudlets is:454
7834.907600000006: MET_Broker: Cloudlet #452 return received
7834.907600000006: MET_Broker: The number of finished Cloudlets is:455
7841.648000000006: MET_Broker: Cloudlet #457 return received
7841.648000000006: MET_Broker: The number of finished Cloudlets is:456
7852.147200000006: MET_Broker: Cloudlet #456 return received
7852.147200000006: MET_Broker: The number of finished Cloudlets is:457
7855.361200000006: MET_Broker: Cloudlet #459 return received
7855.361200000006: MET_Broker: The number of finished Cloudlets is:458
7870.422800000006: MET_Broker: Cloudlet #461 return received
7870.422800000006: MET_Broker: The number of finished Cloudlets is:459
7888.551600000006: MET_Broker: Cloudlet #458 return received
7888.551600000006: MET_Broker: The number of finished Cloudlets is:460
7911.256400000007: MET_Broker: Cloudlet #454 return received
7911.256400000007: MET_Broker: The number of finished Cloudlets is:461
7954.046800000006: MET_Broker: Cloudlet #462 return received
7954.046800000006: MET_Broker: The number of finished Cloudlets is:462
7963.228000000006: MET_Broker: Cloudlet #464 return received
7963.228000000006: MET_Broker: The number of finished Cloudlets is:463
7985.425200000006: MET_Broker: Cloudlet #466 return received
7985.425200000006: MET_Broker: The number of finished Cloudlets is:464
7999.268400000006: MET_Broker: Cloudlet #460 return received
7999.268400000006: MET_Broker: The number of finished Cloudlets is:465
8011.142800000006: MET_Broker: Cloudlet #467 return received
8011.142800000006: MET_Broker: The number of finished Cloudlets is:466
8021.484400000006: MET_Broker: Cloudlet #463 return received
8021.484400000006: MET_Broker: The number of finished Cloudlets is:467
8033.2100000000055: MET_Broker: Cloudlet #469 return received
8033.2100000000055: MET_Broker: The number of finished Cloudlets is:468
8035.071600000006: MET_Broker: Cloudlet #468 return received
8035.071600000006: MET_Broker: The number of finished Cloudlets is:469
8040.007600000005: MET_Broker: Cloudlet #470 return received
8040.007600000005: MET_Broker: The number of finished Cloudlets is:470
8064.6120000000055: MET_Broker: Cloudlet #472 return received
8064.6120000000055: MET_Broker: The number of finished Cloudlets is:471
8074.238000000006: MET_Broker: Cloudlet #474 return received
8074.238000000006: MET_Broker: The number of finished Cloudlets is:472
8099.125600000006: MET_Broker: Cloudlet #473 return received
8099.125600000006: MET_Broker: The number of finished Cloudlets is:473
8102.520800000006: MET_Broker: Cloudlet #475 return received
8102.520800000006: MET_Broker: The number of finished Cloudlets is:474
8114.759600000006: MET_Broker: Cloudlet #477 return received
8114.759600000006: MET_Broker: The number of finished Cloudlets is:475
8152.887200000006: MET_Broker: Cloudlet #471 return received
8152.887200000006: MET_Broker: The number of finished Cloudlets is:476
8163.870000000005: MET_Broker: Cloudlet #479 return received
8163.870000000005: MET_Broker: The number of finished Cloudlets is:477
8169.474800000005: MET_Broker: Cloudlet #478 return received
8169.474800000005: MET_Broker: The number of finished Cloudlets is:478
8240.532000000005: MET_Broker: Cloudlet #465 return received
8240.532000000005: MET_Broker: The number of finished Cloudlets is:479
8246.435600000004: MET_Broker: Cloudlet #476 return received
8246.435600000004: MET_Broker: The number of finished Cloudlets is:480
8269.972400000004: MET_Broker: Cloudlet #482 return received
8269.972400000004: MET_Broker: The number of finished Cloudlets is:481
8280.730800000005: MET_Broker: Cloudlet #480 return received
8280.730800000005: MET_Broker: The number of finished Cloudlets is:482
8282.279200000004: MET_Broker: Cloudlet #483 return received
8282.279200000004: MET_Broker: The number of finished Cloudlets is:483
8293.161600000005: MET_Broker: Cloudlet #484 return received
8293.161600000005: MET_Broker: The number of finished Cloudlets is:484
8303.603200000005: MET_Broker: Cloudlet #485 return received
8303.603200000005: MET_Broker: The number of finished Cloudlets is:485
8344.838800000005: MET_Broker: Cloudlet #488 return received
8344.838800000005: MET_Broker: The number of finished Cloudlets is:486
8368.294800000005: MET_Broker: Cloudlet #489 return received
8368.294800000005: MET_Broker: The number of finished Cloudlets is:487
8381.929600000005: MET_Broker: Cloudlet #490 return received
8381.929600000005: MET_Broker: The number of finished Cloudlets is:488
8393.172000000004: MET_Broker: Cloudlet #487 return received
8393.172000000004: MET_Broker: The number of finished Cloudlets is:489
8420.381600000004: MET_Broker: Cloudlet #481 return received
8420.381600000004: MET_Broker: The number of finished Cloudlets is:490
8423.941200000005: MET_Broker: Cloudlet #491 return received
8423.941200000005: MET_Broker: The number of finished Cloudlets is:491
8446.556000000004: MET_Broker: Cloudlet #493 return received
8446.556000000004: MET_Broker: The number of finished Cloudlets is:492
8453.611200000005: MET_Broker: Cloudlet #495 return received
8453.611200000005: MET_Broker: The number of finished Cloudlets is:493
8455.475200000004: MET_Broker: Cloudlet #486 return received
8455.475200000004: MET_Broker: The number of finished Cloudlets is:494
8493.857600000005: MET_Broker: Cloudlet #496 return received
8493.857600000005: MET_Broker: The number of finished Cloudlets is:495
8568.355200000005: MET_Broker: Cloudlet #492 return received
8568.355200000005: MET_Broker: The number of finished Cloudlets is:496
8585.752000000006: MET_Broker: Cloudlet #499 return received
8585.752000000006: MET_Broker: The number of finished Cloudlets is:497
8607.501600000005: MET_Broker: Cloudlet #500 return received
8607.501600000005: MET_Broker: The number of finished Cloudlets is:498
8635.625200000006: MET_Broker: Cloudlet #501 return received
8635.625200000006: MET_Broker: The number of finished Cloudlets is:499
8639.556800000006: MET_Broker: Cloudlet #497 return received
8639.556800000006: MET_Broker: The number of finished Cloudlets is:500
8665.772400000005: MET_Broker: Cloudlet #498 return received
8665.772400000005: MET_Broker: The number of finished Cloudlets is:501
8681.138800000006: MET_Broker: Cloudlet #502 return received
8681.138800000006: MET_Broker: The number of finished Cloudlets is:502
8734.260000000006: MET_Broker: Cloudlet #505 return received
8734.260000000006: MET_Broker: The number of finished Cloudlets is:503
8740.278800000006: MET_Broker: Cloudlet #494 return received
8740.278800000006: MET_Broker: The number of finished Cloudlets is:504
8759.526000000005: MET_Broker: Cloudlet #507 return received
8759.526000000005: MET_Broker: The number of finished Cloudlets is:505
8808.380000000005: MET_Broker: Cloudlet #504 return received
8808.380000000005: MET_Broker: The number of finished Cloudlets is:506
8821.300000000005: MET_Broker: Cloudlet #509 return received
8821.300000000005: MET_Broker: The number of finished Cloudlets is:507
8893.788800000004: MET_Broker: Cloudlet #506 return received
8893.788800000004: MET_Broker: The number of finished Cloudlets is:508
8917.059200000003: MET_Broker: Cloudlet #510 return received
8917.059200000003: MET_Broker: The number of finished Cloudlets is:509
8929.540400000004: MET_Broker: Cloudlet #512 return received
8929.540400000004: MET_Broker: The number of finished Cloudlets is:510
8936.096400000004: MET_Broker: Cloudlet #508 return received
8936.096400000004: MET_Broker: The number of finished Cloudlets is:511
8939.276800000003: MET_Broker: Cloudlet #503 return received
8939.276800000003: MET_Broker: The number of finished Cloudlets is:512
8949.747200000003: MET_Broker: Cloudlet #514 return received
8949.747200000003: MET_Broker: The number of finished Cloudlets is:513
8967.178000000004: MET_Broker: Cloudlet #516 return received
8967.178000000004: MET_Broker: The number of finished Cloudlets is:514
8986.903600000003: MET_Broker: Cloudlet #515 return received
8986.903600000003: MET_Broker: The number of finished Cloudlets is:515
8997.129600000004: MET_Broker: Cloudlet #517 return received
8997.129600000004: MET_Broker: The number of finished Cloudlets is:516
9113.306000000004: MET_Broker: Cloudlet #511 return received
9113.306000000004: MET_Broker: The number of finished Cloudlets is:517
9117.167200000004: MET_Broker: Cloudlet #518 return received
9117.167200000004: MET_Broker: The number of finished Cloudlets is:518
9137.063600000003: MET_Broker: Cloudlet #519 return received
9137.063600000003: MET_Broker: The number of finished Cloudlets is:519
9184.268800000003: MET_Broker: Cloudlet #522 return received
9184.268800000003: MET_Broker: The number of finished Cloudlets is:520
9235.074800000004: MET_Broker: Cloudlet #523 return received
9235.074800000004: MET_Broker: The number of finished Cloudlets is:521
9254.070800000003: MET_Broker: Cloudlet #513 return received
9254.070800000003: MET_Broker: The number of finished Cloudlets is:522
9285.060400000004: MET_Broker: Cloudlet #524 return received
9285.060400000004: MET_Broker: The number of finished Cloudlets is:523
9303.312400000004: MET_Broker: Cloudlet #526 return received
9303.312400000004: MET_Broker: The number of finished Cloudlets is:524
9379.718400000005: MET_Broker: Cloudlet #520 return received
9379.718400000005: MET_Broker: The number of finished Cloudlets is:525
9405.530800000006: MET_Broker: Cloudlet #528 return received
9405.530800000006: MET_Broker: The number of finished Cloudlets is:526
9423.227200000007: MET_Broker: Cloudlet #521 return received
9423.227200000007: MET_Broker: The number of finished Cloudlets is:527
9441.701200000007: MET_Broker: Cloudlet #529 return received
9441.701200000007: MET_Broker: The number of finished Cloudlets is:528
9497.412400000007: MET_Broker: Cloudlet #531 return received
9497.412400000007: MET_Broker: The number of finished Cloudlets is:529
9510.412800000007: MET_Broker: Cloudlet #532 return received
9510.412800000007: MET_Broker: The number of finished Cloudlets is:530
9538.919600000007: MET_Broker: Cloudlet #533 return received
9538.919600000007: MET_Broker: The number of finished Cloudlets is:531
9565.258000000007: MET_Broker: Cloudlet #527 return received
9565.258000000007: MET_Broker: The number of finished Cloudlets is:532
9596.613200000007: MET_Broker: Cloudlet #525 return received
9596.613200000007: MET_Broker: The number of finished Cloudlets is:533
9618.553600000007: MET_Broker: Cloudlet #535 return received
9618.553600000007: MET_Broker: The number of finished Cloudlets is:534
9685.352000000006: MET_Broker: Cloudlet #536 return received
9685.352000000006: MET_Broker: The number of finished Cloudlets is:535
9709.224800000005: MET_Broker: Cloudlet #538 return received
9709.224800000005: MET_Broker: The number of finished Cloudlets is:536
9714.957600000005: MET_Broker: Cloudlet #534 return received
9714.957600000005: MET_Broker: The number of finished Cloudlets is:537
9734.180000000006: MET_Broker: Cloudlet #539 return received
9734.180000000006: MET_Broker: The number of finished Cloudlets is:538
9740.570800000005: MET_Broker: Cloudlet #530 return received
9740.570800000005: MET_Broker: The number of finished Cloudlets is:539
9769.662400000005: MET_Broker: Cloudlet #540 return received
9769.662400000005: MET_Broker: The number of finished Cloudlets is:540
9780.008000000005: MET_Broker: Cloudlet #541 return received
9780.008000000005: MET_Broker: The number of finished Cloudlets is:541
9782.801600000006: MET_Broker: Cloudlet #542 return received
9782.801600000006: MET_Broker: The number of finished Cloudlets is:542
9793.830400000006: MET_Broker: Cloudlet #545 return received
9793.830400000006: MET_Broker: The number of finished Cloudlets is:543
9808.567600000006: MET_Broker: Cloudlet #546 return received
9808.567600000006: MET_Broker: The number of finished Cloudlets is:544
9831.313200000006: MET_Broker: Cloudlet #547 return received
9831.313200000006: MET_Broker: The number of finished Cloudlets is:545
9886.327600000006: MET_Broker: Cloudlet #548 return received
9886.327600000006: MET_Broker: The number of finished Cloudlets is:546
9902.797600000005: MET_Broker: Cloudlet #549 return received
9902.797600000005: MET_Broker: The number of finished Cloudlets is:547
9909.475600000005: MET_Broker: Cloudlet #550 return received
9909.475600000005: MET_Broker: The number of finished Cloudlets is:548
9928.525200000005: MET_Broker: Cloudlet #537 return received
9928.525200000005: MET_Broker: The number of finished Cloudlets is:549
9929.254800000006: MET_Broker: Cloudlet #543 return received
9929.254800000006: MET_Broker: The number of finished Cloudlets is:550
9959.167200000005: MET_Broker: Cloudlet #551 return received
9959.167200000005: MET_Broker: The number of finished Cloudlets is:551
10027.276800000005: MET_Broker: Cloudlet #552 return received
10027.276800000005: MET_Broker: The number of finished Cloudlets is:552
10035.134000000005: MET_Broker: Cloudlet #555 return received
10035.134000000005: MET_Broker: The number of finished Cloudlets is:553
10098.871600000006: MET_Broker: Cloudlet #544 return received
10098.871600000006: MET_Broker: The number of finished Cloudlets is:554
10107.918000000005: MET_Broker: Cloudlet #556 return received
10107.918000000005: MET_Broker: The number of finished Cloudlets is:555
10118.372000000005: MET_Broker: Cloudlet #553 return received
10118.372000000005: MET_Broker: The number of finished Cloudlets is:556
10128.079200000006: MET_Broker: Cloudlet #554 return received
10128.079200000006: MET_Broker: The number of finished Cloudlets is:557
10135.450400000005: MET_Broker: Cloudlet #558 return received
10135.450400000005: MET_Broker: The number of finished Cloudlets is:558
10144.476000000006: MET_Broker: Cloudlet #561 return received
10144.476000000006: MET_Broker: The number of finished Cloudlets is:559
10170.577200000005: MET_Broker: Cloudlet #560 return received
10170.577200000005: MET_Broker: The number of finished Cloudlets is:560
10188.264000000005: MET_Broker: Cloudlet #562 return received
10188.264000000005: MET_Broker: The number of finished Cloudlets is:561
10225.467200000005: MET_Broker: Cloudlet #564 return received
10225.467200000005: MET_Broker: The number of finished Cloudlets is:562
10226.512800000004: MET_Broker: Cloudlet #563 return received
10226.512800000004: MET_Broker: The number of finished Cloudlets is:563
10237.203600000004: MET_Broker: Cloudlet #565 return received
10237.203600000004: MET_Broker: The number of finished Cloudlets is:564
10243.496800000004: MET_Broker: Cloudlet #566 return received
10243.496800000004: MET_Broker: The number of finished Cloudlets is:565
10254.988800000005: MET_Broker: Cloudlet #568 return received
10254.988800000005: MET_Broker: The number of finished Cloudlets is:566
10291.635600000005: MET_Broker: Cloudlet #567 return received
10291.635600000005: MET_Broker: The number of finished Cloudlets is:567
10295.914800000006: MET_Broker: Cloudlet #559 return received
10295.914800000006: MET_Broker: The number of finished Cloudlets is:568
10298.036800000005: MET_Broker: Cloudlet #569 return received
10298.036800000005: MET_Broker: The number of finished Cloudlets is:569
10302.552800000005: MET_Broker: Cloudlet #570 return received
10302.552800000005: MET_Broker: The number of finished Cloudlets is:570
10310.132800000005: MET_Broker: Cloudlet #557 return received
10310.132800000005: MET_Broker: The number of finished Cloudlets is:571
10312.692400000005: MET_Broker: Cloudlet #572 return received
10312.692400000005: MET_Broker: The number of finished Cloudlets is:572
10313.966400000005: MET_Broker: Cloudlet #571 return received
10313.966400000005: MET_Broker: The number of finished Cloudlets is:573
10356.476400000005: MET_Broker: Cloudlet #575 return received
10356.476400000005: MET_Broker: The number of finished Cloudlets is:574
10370.846800000005: MET_Broker: Cloudlet #573 return received
10370.846800000005: MET_Broker: The number of finished Cloudlets is:575
10386.793600000005: MET_Broker: Cloudlet #578 return received
10386.793600000005: MET_Broker: The number of finished Cloudlets is:576
10398.542800000005: MET_Broker: Cloudlet #579 return received
10398.542800000005: MET_Broker: The number of finished Cloudlets is:577
10404.659600000005: MET_Broker: Cloudlet #577 return received
10404.659600000005: MET_Broker: The number of finished Cloudlets is:578
10438.810000000005: MET_Broker: Cloudlet #580 return received
10438.810000000005: MET_Broker: The number of finished Cloudlets is:579
10469.058400000005: MET_Broker: Cloudlet #576 return received
10469.058400000005: MET_Broker: The number of finished Cloudlets is:580
10482.125200000006: MET_Broker: Cloudlet #582 return received
10482.125200000006: MET_Broker: The number of finished Cloudlets is:581
10512.902400000006: MET_Broker: Cloudlet #583 return received
10512.902400000006: MET_Broker: The number of finished Cloudlets is:582
10520.556400000007: MET_Broker: Cloudlet #584 return received
10520.556400000007: MET_Broker: The number of finished Cloudlets is:583
10549.127600000007: MET_Broker: Cloudlet #585 return received
10549.127600000007: MET_Broker: The number of finished Cloudlets is:584
10557.498800000007: MET_Broker: Cloudlet #574 return received
10557.498800000007: MET_Broker: The number of finished Cloudlets is:585
10567.013200000007: MET_Broker: Cloudlet #587 return received
10567.013200000007: MET_Broker: The number of finished Cloudlets is:586
10568.688400000006: MET_Broker: Cloudlet #586 return received
10568.688400000006: MET_Broker: The number of finished Cloudlets is:587
10597.070800000007: MET_Broker: Cloudlet #588 return received
10597.070800000007: MET_Broker: The number of finished Cloudlets is:588
10609.964400000006: MET_Broker: Cloudlet #589 return received
10609.964400000006: MET_Broker: The number of finished Cloudlets is:589
10626.415600000006: MET_Broker: Cloudlet #590 return received
10626.415600000006: MET_Broker: The number of finished Cloudlets is:590
10640.044000000005: MET_Broker: Cloudlet #591 return received
10640.044000000005: MET_Broker: The number of finished Cloudlets is:591
10650.393200000006: MET_Broker: Cloudlet #594 return received
10650.393200000006: MET_Broker: The number of finished Cloudlets is:592
10663.580800000005: MET_Broker: Cloudlet #592 return received
10663.580800000005: MET_Broker: The number of finished Cloudlets is:593
10669.575200000005: MET_Broker: Cloudlet #593 return received
10669.575200000005: MET_Broker: The number of finished Cloudlets is:594
10682.471600000004: MET_Broker: Cloudlet #596 return received
10682.471600000004: MET_Broker: The number of finished Cloudlets is:595
10695.590000000004: MET_Broker: Cloudlet #595 return received
10695.590000000004: MET_Broker: The number of finished Cloudlets is:596
10708.834800000004: MET_Broker: Cloudlet #597 return received
10708.834800000004: MET_Broker: The number of finished Cloudlets is:597
10727.770000000004: MET_Broker: Cloudlet #581 return received
10727.770000000004: MET_Broker: The number of finished Cloudlets is:598
10733.722800000003: MET_Broker: Cloudlet #600 return received
10733.722800000003: MET_Broker: The number of finished Cloudlets is:599
10744.370800000002: MET_Broker: Cloudlet #601 return received
10744.370800000002: MET_Broker: The number of finished Cloudlets is:600
10779.628800000002: MET_Broker: Cloudlet #602 return received
10779.628800000002: MET_Broker: The number of finished Cloudlets is:601
10798.693200000002: MET_Broker: Cloudlet #604 return received
10798.693200000002: MET_Broker: The number of finished Cloudlets is:602
10804.886000000002: MET_Broker: Cloudlet #598 return received
10804.886000000002: MET_Broker: The number of finished Cloudlets is:603
10835.822800000002: MET_Broker: Cloudlet #605 return received
10835.822800000002: MET_Broker: The number of finished Cloudlets is:604
10875.532400000002: MET_Broker: Cloudlet #606 return received
10875.532400000002: MET_Broker: The number of finished Cloudlets is:605
10885.959600000002: MET_Broker: Cloudlet #607 return received
10885.959600000002: MET_Broker: The number of finished Cloudlets is:606
10935.841200000003: MET_Broker: Cloudlet #599 return received
10935.841200000003: MET_Broker: The number of finished Cloudlets is:607
10982.825200000003: MET_Broker: Cloudlet #609 return received
10982.825200000003: MET_Broker: The number of finished Cloudlets is:608
11002.244400000003: MET_Broker: Cloudlet #603 return received
11002.244400000003: MET_Broker: The number of finished Cloudlets is:609
11019.041200000003: MET_Broker: Cloudlet #611 return received
11019.041200000003: MET_Broker: The number of finished Cloudlets is:610
11027.017200000004: MET_Broker: Cloudlet #613 return received
11027.017200000004: MET_Broker: The number of finished Cloudlets is:611
11070.692000000005: MET_Broker: Cloudlet #614 return received
11070.692000000005: MET_Broker: The number of finished Cloudlets is:612
11167.483600000005: MET_Broker: Cloudlet #612 return received
11167.483600000005: MET_Broker: The number of finished Cloudlets is:613
11185.406400000005: MET_Broker: Cloudlet #616 return received
11185.406400000005: MET_Broker: The number of finished Cloudlets is:614
11206.611600000006: MET_Broker: Cloudlet #608 return received
11206.611600000006: MET_Broker: The number of finished Cloudlets is:615
11215.053200000006: MET_Broker: Cloudlet #615 return received
11215.053200000006: MET_Broker: The number of finished Cloudlets is:616
11228.462800000007: MET_Broker: Cloudlet #617 return received
11228.462800000007: MET_Broker: The number of finished Cloudlets is:617
11269.212400000006: MET_Broker: Cloudlet #620 return received
11269.212400000006: MET_Broker: The number of finished Cloudlets is:618
11287.296000000006: MET_Broker: Cloudlet #610 return received
11287.296000000006: MET_Broker: The number of finished Cloudlets is:619
11398.577200000005: MET_Broker: Cloudlet #618 return received
11398.577200000005: MET_Broker: The number of finished Cloudlets is:620
11420.954800000005: MET_Broker: Cloudlet #623 return received
11420.954800000005: MET_Broker: The number of finished Cloudlets is:621
11430.126800000005: MET_Broker: Cloudlet #624 return received
11430.126800000005: MET_Broker: The number of finished Cloudlets is:622
11448.706000000006: MET_Broker: Cloudlet #621 return received
11448.706000000006: MET_Broker: The number of finished Cloudlets is:623
11473.326800000006: MET_Broker: Cloudlet #626 return received
11473.326800000006: MET_Broker: The number of finished Cloudlets is:624
11474.332400000007: MET_Broker: Cloudlet #625 return received
11474.332400000007: MET_Broker: The number of finished Cloudlets is:625
11494.705200000006: MET_Broker: Cloudlet #627 return received
11494.705200000006: MET_Broker: The number of finished Cloudlets is:626
11520.077200000005: MET_Broker: Cloudlet #619 return received
11520.077200000005: MET_Broker: The number of finished Cloudlets is:627
11526.823200000004: MET_Broker: Cloudlet #628 return received
11526.823200000004: MET_Broker: The number of finished Cloudlets is:628
11547.902000000004: MET_Broker: Cloudlet #629 return received
11547.902000000004: MET_Broker: The number of finished Cloudlets is:629
11550.854400000004: MET_Broker: Cloudlet #631 return received
11550.854400000004: MET_Broker: The number of finished Cloudlets is:630
11559.450400000003: MET_Broker: Cloudlet #632 return received
11559.450400000003: MET_Broker: The number of finished Cloudlets is:631
11564.045200000004: MET_Broker: Cloudlet #633 return received
11564.045200000004: MET_Broker: The number of finished Cloudlets is:632
11574.055600000003: MET_Broker: Cloudlet #635 return received
11574.055600000003: MET_Broker: The number of finished Cloudlets is:633
11619.564000000004: MET_Broker: Cloudlet #622 return received
11619.564000000004: MET_Broker: The number of finished Cloudlets is:634
11657.156800000004: MET_Broker: Cloudlet #630 return received
11657.156800000004: MET_Broker: The number of finished Cloudlets is:635
11664.069600000004: MET_Broker: Cloudlet #637 return received
11664.069600000004: MET_Broker: The number of finished Cloudlets is:636
11665.736400000005: MET_Broker: Cloudlet #638 return received
11665.736400000005: MET_Broker: The number of finished Cloudlets is:637
11677.032400000006: MET_Broker: Cloudlet #639 return received
11677.032400000006: MET_Broker: The number of finished Cloudlets is:638
11683.327200000005: MET_Broker: Cloudlet #640 return received
11683.327200000005: MET_Broker: The number of finished Cloudlets is:639
11705.167200000005: MET_Broker: Cloudlet #636 return received
11705.167200000005: MET_Broker: The number of finished Cloudlets is:640
11706.160000000005: MET_Broker: Cloudlet #641 return received
11706.160000000005: MET_Broker: The number of finished Cloudlets is:641
11718.624800000005: MET_Broker: Cloudlet #644 return received
11718.624800000005: MET_Broker: The number of finished Cloudlets is:642
11726.123200000005: MET_Broker: Cloudlet #645 return received
11726.123200000005: MET_Broker: The number of finished Cloudlets is:643
11726.484000000006: MET_Broker: Cloudlet #634 return received
11726.484000000006: MET_Broker: The number of finished Cloudlets is:644
11737.731600000006: MET_Broker: Cloudlet #646 return received
11737.731600000006: MET_Broker: The number of finished Cloudlets is:645
11737.838400000006: MET_Broker: Cloudlet #647 return received
11737.838400000006: MET_Broker: The number of finished Cloudlets is:646
11749.816000000006: MET_Broker: Cloudlet #643 return received
11749.816000000006: MET_Broker: The number of finished Cloudlets is:647
11750.256800000006: MET_Broker: Cloudlet #649 return received
11750.256800000006: MET_Broker: The number of finished Cloudlets is:648
11750.666400000007: MET_Broker: Cloudlet #648 return received
11750.666400000007: MET_Broker: The number of finished Cloudlets is:649
11777.229200000007: MET_Broker: Cloudlet #652 return received
11777.229200000007: MET_Broker: The number of finished Cloudlets is:650
11781.138400000007: MET_Broker: Cloudlet #650 return received
11781.138400000007: MET_Broker: The number of finished Cloudlets is:651
11788.129600000007: MET_Broker: Cloudlet #651 return received
11788.129600000007: MET_Broker: The number of finished Cloudlets is:652
11794.500400000008: MET_Broker: Cloudlet #655 return received
11794.500400000008: MET_Broker: The number of finished Cloudlets is:653
11796.804000000007: MET_Broker: Cloudlet #642 return received
11796.804000000007: MET_Broker: The number of finished Cloudlets is:654
11802.497200000007: MET_Broker: Cloudlet #654 return received
11802.497200000007: MET_Broker: The number of finished Cloudlets is:655
11809.005200000007: MET_Broker: Cloudlet #658 return received
11809.005200000007: MET_Broker: The number of finished Cloudlets is:656
11813.668000000007: MET_Broker: Cloudlet #657 return received
11813.668000000007: MET_Broker: The number of finished Cloudlets is:657
11831.107600000007: MET_Broker: Cloudlet #660 return received
11831.107600000007: MET_Broker: The number of finished Cloudlets is:658
11833.927200000007: MET_Broker: Cloudlet #656 return received
11833.927200000007: MET_Broker: The number of finished Cloudlets is:659
11842.996400000007: MET_Broker: Cloudlet #661 return received
11842.996400000007: MET_Broker: The number of finished Cloudlets is:660
11900.514000000006: MET_Broker: Cloudlet #653 return received
11900.514000000006: MET_Broker: The number of finished Cloudlets is:661
11907.169600000007: MET_Broker: Cloudlet #664 return received
11907.169600000007: MET_Broker: The number of finished Cloudlets is:662
11925.568000000007: MET_Broker: Cloudlet #665 return received
11925.568000000007: MET_Broker: The number of finished Cloudlets is:663
11950.302800000007: MET_Broker: Cloudlet #666 return received
11950.302800000007: MET_Broker: The number of finished Cloudlets is:664
11967.908400000008: MET_Broker: Cloudlet #659 return received
11967.908400000008: MET_Broker: The number of finished Cloudlets is:665
11987.780800000008: MET_Broker: Cloudlet #667 return received
11987.780800000008: MET_Broker: The number of finished Cloudlets is:666
12016.096000000007: MET_Broker: Cloudlet #663 return received
12016.096000000007: MET_Broker: The number of finished Cloudlets is:667
12024.099200000006: MET_Broker: Cloudlet #668 return received
12024.099200000006: MET_Broker: The number of finished Cloudlets is:668
12067.690800000006: MET_Broker: Cloudlet #670 return received
12067.690800000006: MET_Broker: The number of finished Cloudlets is:669
12082.864800000007: MET_Broker: Cloudlet #672 return received
12082.864800000007: MET_Broker: The number of finished Cloudlets is:670
12105.354800000006: MET_Broker: Cloudlet #662 return received
12105.354800000006: MET_Broker: The number of finished Cloudlets is:671
12105.588800000007: MET_Broker: Cloudlet #669 return received
12105.588800000007: MET_Broker: The number of finished Cloudlets is:672
12273.224800000007: MET_Broker: Cloudlet #675 return received
12273.224800000007: MET_Broker: The number of finished Cloudlets is:673
12283.230400000008: MET_Broker: Cloudlet #676 return received
12283.230400000008: MET_Broker: The number of finished Cloudlets is:674
12324.766000000007: MET_Broker: Cloudlet #673 return received
12324.766000000007: MET_Broker: The number of finished Cloudlets is:675
12329.239200000007: MET_Broker: Cloudlet #674 return received
12329.239200000007: MET_Broker: The number of finished Cloudlets is:676
12351.012400000007: MET_Broker: Cloudlet #671 return received
12351.012400000007: MET_Broker: The number of finished Cloudlets is:677
12354.635200000006: MET_Broker: Cloudlet #678 return received
12354.635200000006: MET_Broker: The number of finished Cloudlets is:678
12493.128800000006: MET_Broker: Cloudlet #679 return received
12493.128800000006: MET_Broker: The number of finished Cloudlets is:679
12567.147600000006: MET_Broker: Cloudlet #680 return received
12567.147600000006: MET_Broker: The number of finished Cloudlets is:680
12619.762800000006: MET_Broker: Cloudlet #677 return received
12619.762800000006: MET_Broker: The number of finished Cloudlets is:681
12621.797200000006: MET_Broker: Cloudlet #682 return received
12621.797200000006: MET_Broker: The number of finished Cloudlets is:682
12633.009600000007: MET_Broker: Cloudlet #685 return received
12633.009600000007: MET_Broker: The number of finished Cloudlets is:683
12658.080400000006: MET_Broker: Cloudlet #684 return received
12658.080400000006: MET_Broker: The number of finished Cloudlets is:684
12658.382800000007: MET_Broker: Cloudlet #683 return received
12658.382800000007: MET_Broker: The number of finished Cloudlets is:685
12665.041200000007: MET_Broker: Cloudlet #681 return received
12665.041200000007: MET_Broker: The number of finished Cloudlets is:686
12670.357200000008: MET_Broker: Cloudlet #687 return received
12670.357200000008: MET_Broker: The number of finished Cloudlets is:687
12676.048000000008: MET_Broker: Cloudlet #686 return received
12676.048000000008: MET_Broker: The number of finished Cloudlets is:688
12687.832400000008: MET_Broker: Cloudlet #690 return received
12687.832400000008: MET_Broker: The number of finished Cloudlets is:689
12688.052000000009: MET_Broker: Cloudlet #691 return received
12688.052000000009: MET_Broker: The number of finished Cloudlets is:690
12698.75920000001: MET_Broker: Cloudlet #688 return received
12698.75920000001: MET_Broker: The number of finished Cloudlets is:691
12701.89600000001: MET_Broker: Cloudlet #692 return received
12701.89600000001: MET_Broker: The number of finished Cloudlets is:692
12716.44840000001: MET_Broker: Cloudlet #694 return received
12716.44840000001: MET_Broker: The number of finished Cloudlets is:693
12720.234800000011: MET_Broker: Cloudlet #695 return received
12720.234800000011: MET_Broker: The number of finished Cloudlets is:694
12723.271600000011: MET_Broker: Cloudlet #696 return received
12723.271600000011: MET_Broker: The number of finished Cloudlets is:695
12726.59320000001: MET_Broker: Cloudlet #697 return received
12726.59320000001: MET_Broker: The number of finished Cloudlets is:696
12771.44600000001: MET_Broker: Cloudlet #689 return received
12771.44600000001: MET_Broker: The number of finished Cloudlets is:697
12780.722400000011: MET_Broker: Cloudlet #698 return received
12780.722400000011: MET_Broker: The number of finished Cloudlets is:698
12787.11960000001: MET_Broker: Cloudlet #700 return received
12787.11960000001: MET_Broker: The number of finished Cloudlets is:699
12788.874400000012: MET_Broker: Cloudlet #693 return received
12788.874400000012: MET_Broker: The number of finished Cloudlets is:700
12799.202800000012: MET_Broker: Cloudlet #703 return received
12799.202800000012: MET_Broker: The number of finished Cloudlets is:701
12805.794000000013: MET_Broker: Cloudlet #702 return received
12805.794000000013: MET_Broker: The number of finished Cloudlets is:702
12813.665600000013: MET_Broker: Cloudlet #705 return received
12813.665600000013: MET_Broker: The number of finished Cloudlets is:703
12823.262400000012: MET_Broker: Cloudlet #701 return received
12823.262400000012: MET_Broker: The number of finished Cloudlets is:704
12867.840800000013: MET_Broker: Cloudlet #706 return received
12867.840800000013: MET_Broker: The number of finished Cloudlets is:705
12881.812000000013: MET_Broker: Cloudlet #708 return received
12881.812000000013: MET_Broker: The number of finished Cloudlets is:706
12892.084400000012: MET_Broker: Cloudlet #707 return received
12892.084400000012: MET_Broker: The number of finished Cloudlets is:707
12904.238400000013: MET_Broker: Cloudlet #710 return received
12904.238400000013: MET_Broker: The number of finished Cloudlets is:708
12932.238000000012: MET_Broker: Cloudlet #699 return received
12932.238000000012: MET_Broker: The number of finished Cloudlets is:709
12932.258000000013: MET_Broker: Cloudlet #709 return received
12932.258000000013: MET_Broker: The number of finished Cloudlets is:710
12956.488000000012: MET_Broker: Cloudlet #711 return received
12956.488000000012: MET_Broker: The number of finished Cloudlets is:711
12973.529200000012: MET_Broker: Cloudlet #712 return received
12973.529200000012: MET_Broker: The number of finished Cloudlets is:712
12987.410800000012: MET_Broker: Cloudlet #713 return received
12987.410800000012: MET_Broker: The number of finished Cloudlets is:713
12993.804800000013: MET_Broker: Cloudlet #715 return received
12993.804800000013: MET_Broker: The number of finished Cloudlets is:714
13008.076400000013: MET_Broker: Cloudlet #717 return received
13008.076400000013: MET_Broker: The number of finished Cloudlets is:715
13015.334400000012: MET_Broker: Cloudlet #704 return received
13015.334400000012: MET_Broker: The number of finished Cloudlets is:716
13023.178000000013: MET_Broker: Cloudlet #718 return received
13023.178000000013: MET_Broker: The number of finished Cloudlets is:717
13034.115200000013: MET_Broker: Cloudlet #719 return received
13034.115200000013: MET_Broker: The number of finished Cloudlets is:718
13043.736000000014: MET_Broker: Cloudlet #716 return received
13043.736000000014: MET_Broker: The number of finished Cloudlets is:719
13053.103600000013: MET_Broker: Cloudlet #721 return received
13053.103600000013: MET_Broker: The number of finished Cloudlets is:720
13062.052800000012: MET_Broker: Cloudlet #714 return received
13062.052800000012: MET_Broker: The number of finished Cloudlets is:721
13063.112000000012: MET_Broker: Cloudlet #720 return received
13063.112000000012: MET_Broker: The number of finished Cloudlets is:722
13078.425200000012: MET_Broker: Cloudlet #725 return received
13078.425200000012: MET_Broker: The number of finished Cloudlets is:723
13091.574400000012: MET_Broker: Cloudlet #723 return received
13091.574400000012: MET_Broker: The number of finished Cloudlets is:724
13118.786800000013: MET_Broker: Cloudlet #727 return received
13118.786800000013: MET_Broker: The number of finished Cloudlets is:725
13126.139600000013: MET_Broker: Cloudlet #728 return received
13126.139600000013: MET_Broker: The number of finished Cloudlets is:726
13251.373200000013: MET_Broker: Cloudlet #726 return received
13251.373200000013: MET_Broker: The number of finished Cloudlets is:727
13313.208800000013: MET_Broker: Cloudlet #722 return received
13313.208800000013: MET_Broker: The number of finished Cloudlets is:728
13358.312000000013: MET_Broker: Cloudlet #724 return received
13358.312000000013: MET_Broker: The number of finished Cloudlets is:729
13369.584000000013: MET_Broker: Cloudlet #729 return received
13369.584000000013: MET_Broker: The number of finished Cloudlets is:730
13381.031200000014: MET_Broker: Cloudlet #731 return received
13381.031200000014: MET_Broker: The number of finished Cloudlets is:731
13389.797600000014: MET_Broker: Cloudlet #734 return received
13389.797600000014: MET_Broker: The number of finished Cloudlets is:732
13396.784000000014: MET_Broker: Cloudlet #732 return received
13396.784000000014: MET_Broker: The number of finished Cloudlets is:733
13413.888000000014: MET_Broker: Cloudlet #730 return received
13413.888000000014: MET_Broker: The number of finished Cloudlets is:734
13422.783600000013: MET_Broker: Cloudlet #733 return received
13422.783600000013: MET_Broker: The number of finished Cloudlets is:735
13432.968800000013: MET_Broker: Cloudlet #738 return received
13432.968800000013: MET_Broker: The number of finished Cloudlets is:736
13442.930400000014: MET_Broker: Cloudlet #735 return received
13442.930400000014: MET_Broker: The number of finished Cloudlets is:737
13454.018800000014: MET_Broker: Cloudlet #740 return received
13454.018800000014: MET_Broker: The number of finished Cloudlets is:738
13467.518800000014: MET_Broker: Cloudlet #737 return received
13467.518800000014: MET_Broker: The number of finished Cloudlets is:739
13485.213200000015: MET_Broker: Cloudlet #739 return received
13485.213200000015: MET_Broker: The number of finished Cloudlets is:740
13514.265600000015: MET_Broker: Cloudlet #743 return received
13514.265600000015: MET_Broker: The number of finished Cloudlets is:741
13522.496000000016: MET_Broker: Cloudlet #742 return received
13522.496000000016: MET_Broker: The number of finished Cloudlets is:742
13539.371200000016: MET_Broker: Cloudlet #745 return received
13539.371200000016: MET_Broker: The number of finished Cloudlets is:743
13554.682400000016: MET_Broker: Cloudlet #736 return received
13554.682400000016: MET_Broker: The number of finished Cloudlets is:744
13563.305600000016: MET_Broker: Cloudlet #746 return received
13563.305600000016: MET_Broker: The number of finished Cloudlets is:745
13573.003200000016: MET_Broker: Cloudlet #747 return received
13573.003200000016: MET_Broker: The number of finished Cloudlets is:746
13594.541200000016: MET_Broker: Cloudlet #744 return received
13594.541200000016: MET_Broker: The number of finished Cloudlets is:747
13598.410800000016: MET_Broker: Cloudlet #748 return received
13598.410800000016: MET_Broker: The number of finished Cloudlets is:748
13599.353600000017: MET_Broker: Cloudlet #741 return received
13599.353600000017: MET_Broker: The number of finished Cloudlets is:749
13611.850000000017: MET_Broker: Cloudlet #751 return received
13611.850000000017: MET_Broker: The number of finished Cloudlets is:750
13612.344800000017: MET_Broker: Cloudlet #749 return received
13612.344800000017: MET_Broker: The number of finished Cloudlets is:751
13626.168000000018: MET_Broker: Cloudlet #754 return received
13626.168000000018: MET_Broker: The number of finished Cloudlets is:752
13644.066000000017: MET_Broker: Cloudlet #753 return received
13644.066000000017: MET_Broker: The number of finished Cloudlets is:753
13644.922400000018: MET_Broker: Cloudlet #750 return received
13644.922400000018: MET_Broker: The number of finished Cloudlets is:754
13672.382400000017: MET_Broker: Cloudlet #752 return received
13672.382400000017: MET_Broker: The number of finished Cloudlets is:755
13683.250800000016: MET_Broker: Cloudlet #757 return received
13683.250800000016: MET_Broker: The number of finished Cloudlets is:756
13693.666400000016: MET_Broker: Cloudlet #756 return received
13693.666400000016: MET_Broker: The number of finished Cloudlets is:757
13701.493200000017: MET_Broker: Cloudlet #759 return received
13701.493200000017: MET_Broker: The number of finished Cloudlets is:758
13720.395200000017: MET_Broker: Cloudlet #760 return received
13720.395200000017: MET_Broker: The number of finished Cloudlets is:759
13728.979200000018: MET_Broker: Cloudlet #761 return received
13728.979200000018: MET_Broker: The number of finished Cloudlets is:760
13739.186400000019: MET_Broker: Cloudlet #762 return received
13739.186400000019: MET_Broker: The number of finished Cloudlets is:761
13742.22720000002: MET_Broker: Cloudlet #763 return received
13742.22720000002: MET_Broker: The number of finished Cloudlets is:762
13760.534400000019: MET_Broker: Cloudlet #765 return received
13760.534400000019: MET_Broker: The number of finished Cloudlets is:763
13768.06720000002: MET_Broker: Cloudlet #766 return received
13768.06720000002: MET_Broker: The number of finished Cloudlets is:764
13776.40840000002: MET_Broker: Cloudlet #764 return received
13776.40840000002: MET_Broker: The number of finished Cloudlets is:765
13777.64560000002: MET_Broker: Cloudlet #767 return received
13777.64560000002: MET_Broker: The number of finished Cloudlets is:766
13797.61000000002: MET_Broker: Cloudlet #769 return received
13797.61000000002: MET_Broker: The number of finished Cloudlets is:767
13803.788400000021: MET_Broker: Cloudlet #768 return received
13803.788400000021: MET_Broker: The number of finished Cloudlets is:768
13812.04080000002: MET_Broker: Cloudlet #758 return received
13812.04080000002: MET_Broker: The number of finished Cloudlets is:769
13812.47520000002: MET_Broker: Cloudlet #771 return received
13812.47520000002: MET_Broker: The number of finished Cloudlets is:770
13836.14880000002: MET_Broker: Cloudlet #770 return received
13836.14880000002: MET_Broker: The number of finished Cloudlets is:771
13905.705600000021: MET_Broker: Cloudlet #755 return received
13905.705600000021: MET_Broker: The number of finished Cloudlets is:772
14081.712000000021: MET_Broker: Cloudlet #772 return received
14081.712000000021: MET_Broker: The number of finished Cloudlets is:773
14096.31680000002: MET_Broker: Cloudlet #776 return received
14096.31680000002: MET_Broker: The number of finished Cloudlets is:774
14099.65320000002: MET_Broker: Cloudlet #775 return received
14099.65320000002: MET_Broker: The number of finished Cloudlets is:775
14136.67440000002: MET_Broker: Cloudlet #773 return received
14136.67440000002: MET_Broker: The number of finished Cloudlets is:776
14147.61960000002: MET_Broker: Cloudlet #779 return received
14147.61960000002: MET_Broker: The number of finished Cloudlets is:777
14155.20440000002: MET_Broker: Cloudlet #777 return received
14155.20440000002: MET_Broker: The number of finished Cloudlets is:778
14174.908800000021: MET_Broker: Cloudlet #781 return received
14174.908800000021: MET_Broker: The number of finished Cloudlets is:779
14187.332400000021: MET_Broker: Cloudlet #774 return received
14187.332400000021: MET_Broker: The number of finished Cloudlets is:780
14201.75760000002: MET_Broker: Cloudlet #780 return received
14201.75760000002: MET_Broker: The number of finished Cloudlets is:781
14207.168000000021: MET_Broker: Cloudlet #782 return received
14207.168000000021: MET_Broker: The number of finished Cloudlets is:782
14221.057200000021: MET_Broker: Cloudlet #783 return received
14221.057200000021: MET_Broker: The number of finished Cloudlets is:783
14257.360400000021: MET_Broker: Cloudlet #784 return received
14257.360400000021: MET_Broker: The number of finished Cloudlets is:784
14280.22960000002: MET_Broker: Cloudlet #785 return received
14280.22960000002: MET_Broker: The number of finished Cloudlets is:785
14292.06560000002: MET_Broker: Cloudlet #786 return received
14292.06560000002: MET_Broker: The number of finished Cloudlets is:786
14322.81000000002: MET_Broker: Cloudlet #788 return received
14322.81000000002: MET_Broker: The number of finished Cloudlets is:787
14343.41240000002: MET_Broker: Cloudlet #789 return received
14343.41240000002: MET_Broker: The number of finished Cloudlets is:788
14364.276400000019: MET_Broker: Cloudlet #790 return received
14364.276400000019: MET_Broker: The number of finished Cloudlets is:789
14383.182000000019: MET_Broker: Cloudlet #778 return received
14383.182000000019: MET_Broker: The number of finished Cloudlets is:790
14427.772000000019: MET_Broker: Cloudlet #793 return received
14427.772000000019: MET_Broker: The number of finished Cloudlets is:791
14444.191600000018: MET_Broker: Cloudlet #794 return received
14444.191600000018: MET_Broker: The number of finished Cloudlets is:792
14482.36200000002: MET_Broker: Cloudlet #791 return received
14482.36200000002: MET_Broker: The number of finished Cloudlets is:793
14493.302400000019: MET_Broker: Cloudlet #787 return received
14493.302400000019: MET_Broker: The number of finished Cloudlets is:794
14505.892400000019: MET_Broker: Cloudlet #797 return received
14505.892400000019: MET_Broker: The number of finished Cloudlets is:795
14534.38920000002: MET_Broker: Cloudlet #798 return received
14534.38920000002: MET_Broker: The number of finished Cloudlets is:796
14543.38680000002: MET_Broker: Cloudlet #792 return received
14543.38680000002: MET_Broker: The number of finished Cloudlets is:797
14551.09800000002: MET_Broker: Cloudlet #799 return received
14551.09800000002: MET_Broker: The number of finished Cloudlets is:798
14563.63920000002: MET_Broker: Cloudlet #801 return received
14563.63920000002: MET_Broker: The number of finished Cloudlets is:799
14574.88920000002: MET_Broker: Cloudlet #795 return received
14574.88920000002: MET_Broker: The number of finished Cloudlets is:800
14575.60240000002: MET_Broker: Cloudlet #802 return received
14575.60240000002: MET_Broker: The number of finished Cloudlets is:801
14579.77520000002: MET_Broker: Cloudlet #800 return received
14579.77520000002: MET_Broker: The number of finished Cloudlets is:802
14589.188400000021: MET_Broker: Cloudlet #804 return received
14589.188400000021: MET_Broker: The number of finished Cloudlets is:803
14589.94720000002: MET_Broker: Cloudlet #805 return received
14589.94720000002: MET_Broker: The number of finished Cloudlets is:804
14602.614800000021: MET_Broker: Cloudlet #803 return received
14602.614800000021: MET_Broker: The number of finished Cloudlets is:805
14610.226400000021: MET_Broker: Cloudlet #796 return received
14610.226400000021: MET_Broker: The number of finished Cloudlets is:806
14626.16400000002: MET_Broker: Cloudlet #809 return received
14626.16400000002: MET_Broker: The number of finished Cloudlets is:807
14629.83400000002: MET_Broker: Cloudlet #808 return received
14629.83400000002: MET_Broker: The number of finished Cloudlets is:808
14633.490000000022: MET_Broker: Cloudlet #810 return received
14633.490000000022: MET_Broker: The number of finished Cloudlets is:809
14637.180800000022: MET_Broker: Cloudlet #811 return received
14637.180800000022: MET_Broker: The number of finished Cloudlets is:810
14647.610400000021: MET_Broker: Cloudlet #807 return received
14647.610400000021: MET_Broker: The number of finished Cloudlets is:811
14661.833200000021: MET_Broker: Cloudlet #814 return received
14661.833200000021: MET_Broker: The number of finished Cloudlets is:812
14721.505200000021: MET_Broker: Cloudlet #815 return received
14721.505200000021: MET_Broker: The number of finished Cloudlets is:813
14728.938400000021: MET_Broker: Cloudlet #813 return received
14728.938400000021: MET_Broker: The number of finished Cloudlets is:814
14739.622800000021: MET_Broker: Cloudlet #816 return received
14739.622800000021: MET_Broker: The number of finished Cloudlets is:815
14769.93360000002: MET_Broker: Cloudlet #817 return received
14769.93360000002: MET_Broker: The number of finished Cloudlets is:816
14780.14920000002: MET_Broker: Cloudlet #819 return received
14780.14920000002: MET_Broker: The number of finished Cloudlets is:817
14781.02000000002: MET_Broker: Cloudlet #818 return received
14781.02000000002: MET_Broker: The number of finished Cloudlets is:818
14786.205600000021: MET_Broker: Cloudlet #820 return received
14786.205600000021: MET_Broker: The number of finished Cloudlets is:819
14814.928000000022: MET_Broker: Cloudlet #822 return received
14814.928000000022: MET_Broker: The number of finished Cloudlets is:820
14834.721200000022: MET_Broker: Cloudlet #821 return received
14834.721200000022: MET_Broker: The number of finished Cloudlets is:821
14834.90960000002: MET_Broker: Cloudlet #812 return received
14834.90960000002: MET_Broker: The number of finished Cloudlets is:822
14855.900800000021: MET_Broker: Cloudlet #823 return received
14855.900800000021: MET_Broker: The number of finished Cloudlets is:823
14880.355200000022: MET_Broker: Cloudlet #826 return received
14880.355200000022: MET_Broker: The number of finished Cloudlets is:824
14923.785600000021: MET_Broker: Cloudlet #806 return received
14923.785600000021: MET_Broker: The number of finished Cloudlets is:825
14935.23040000002: MET_Broker: Cloudlet #825 return received
14935.23040000002: MET_Broker: The number of finished Cloudlets is:826
14938.300000000021: MET_Broker: Cloudlet #827 return received
14938.300000000021: MET_Broker: The number of finished Cloudlets is:827
14942.164400000021: MET_Broker: Cloudlet #828 return received
14942.164400000021: MET_Broker: The number of finished Cloudlets is:828
14985.804800000022: MET_Broker: Cloudlet #829 return received
14985.804800000022: MET_Broker: The number of finished Cloudlets is:829
15008.921200000023: MET_Broker: Cloudlet #831 return received
15008.921200000023: MET_Broker: The number of finished Cloudlets is:830
15020.980400000022: MET_Broker: Cloudlet #832 return received
15020.980400000022: MET_Broker: The number of finished Cloudlets is:831
15037.600400000023: MET_Broker: Cloudlet #833 return received
15037.600400000023: MET_Broker: The number of finished Cloudlets is:832
15039.083200000023: MET_Broker: Cloudlet #834 return received
15039.083200000023: MET_Broker: The number of finished Cloudlets is:833
15051.084400000023: MET_Broker: Cloudlet #836 return received
15051.084400000023: MET_Broker: The number of finished Cloudlets is:834
15063.000400000023: MET_Broker: Cloudlet #837 return received
15063.000400000023: MET_Broker: The number of finished Cloudlets is:835
15085.736400000023: MET_Broker: Cloudlet #838 return received
15085.736400000023: MET_Broker: The number of finished Cloudlets is:836
15139.236000000023: MET_Broker: Cloudlet #839 return received
15139.236000000023: MET_Broker: The number of finished Cloudlets is:837
15170.851600000022: MET_Broker: Cloudlet #840 return received
15170.851600000022: MET_Broker: The number of finished Cloudlets is:838
15193.184000000021: MET_Broker: Cloudlet #824 return received
15193.184000000021: MET_Broker: The number of finished Cloudlets is:839
15226.801200000022: MET_Broker: Cloudlet #841 return received
15226.801200000022: MET_Broker: The number of finished Cloudlets is:840
15263.484400000021: MET_Broker: Cloudlet #830 return received
15263.484400000021: MET_Broker: The number of finished Cloudlets is:841
15274.165200000021: MET_Broker: Cloudlet #844 return received
15274.165200000021: MET_Broker: The number of finished Cloudlets is:842
15287.69000000002: MET_Broker: Cloudlet #842 return received
15287.69000000002: MET_Broker: The number of finished Cloudlets is:843
15311.11080000002: MET_Broker: Cloudlet #845 return received
15311.11080000002: MET_Broker: The number of finished Cloudlets is:844
15365.33160000002: MET_Broker: Cloudlet #843 return received
15365.33160000002: MET_Broker: The number of finished Cloudlets is:845
15376.15360000002: MET_Broker: Cloudlet #835 return received
15376.15360000002: MET_Broker: The number of finished Cloudlets is:846
15406.388000000019: MET_Broker: Cloudlet #848 return received
15406.388000000019: MET_Broker: The number of finished Cloudlets is:847
15434.64080000002: MET_Broker: Cloudlet #850 return received
15434.64080000002: MET_Broker: The number of finished Cloudlets is:848
15516.36560000002: MET_Broker: Cloudlet #849 return received
15516.36560000002: MET_Broker: The number of finished Cloudlets is:849
15519.244000000019: MET_Broker: Cloudlet #851 return received
15519.244000000019: MET_Broker: The number of finished Cloudlets is:850
15526.526400000019: MET_Broker: Cloudlet #847 return received
15526.526400000019: MET_Broker: The number of finished Cloudlets is:851
15532.55560000002: MET_Broker: Cloudlet #853 return received
15532.55560000002: MET_Broker: The number of finished Cloudlets is:852
15543.01160000002: MET_Broker: Cloudlet #852 return received
15543.01160000002: MET_Broker: The number of finished Cloudlets is:853
15546.03320000002: MET_Broker: Cloudlet #855 return received
15546.03320000002: MET_Broker: The number of finished Cloudlets is:854
15572.02280000002: MET_Broker: Cloudlet #856 return received
15572.02280000002: MET_Broker: The number of finished Cloudlets is:855
15573.20000000002: MET_Broker: Cloudlet #854 return received
15573.20000000002: MET_Broker: The number of finished Cloudlets is:856
15592.197600000021: MET_Broker: Cloudlet #857 return received
15592.197600000021: MET_Broker: The number of finished Cloudlets is:857
15601.51560000002: MET_Broker: Cloudlet #860 return received
15601.51560000002: MET_Broker: The number of finished Cloudlets is:858
15603.91840000002: MET_Broker: Cloudlet #846 return received
15603.91840000002: MET_Broker: The number of finished Cloudlets is:859
15615.59480000002: MET_Broker: Cloudlet #858 return received
15615.59480000002: MET_Broker: The number of finished Cloudlets is:860
15616.46160000002: MET_Broker: Cloudlet #859 return received
15616.46160000002: MET_Broker: The number of finished Cloudlets is:861
15627.80840000002: MET_Broker: Cloudlet #862 return received
15627.80840000002: MET_Broker: The number of finished Cloudlets is:862
15636.61040000002: MET_Broker: Cloudlet #864 return received
15636.61040000002: MET_Broker: The number of finished Cloudlets is:863
15639.54560000002: MET_Broker: Cloudlet #863 return received
15639.54560000002: MET_Broker: The number of finished Cloudlets is:864
15654.65360000002: MET_Broker: Cloudlet #866 return received
15654.65360000002: MET_Broker: The number of finished Cloudlets is:865
15659.87320000002: MET_Broker: Cloudlet #865 return received
15659.87320000002: MET_Broker: The number of finished Cloudlets is:866
15667.70280000002: MET_Broker: Cloudlet #867 return received
15667.70280000002: MET_Broker: The number of finished Cloudlets is:867
15689.384400000019: MET_Broker: Cloudlet #869 return received
15689.384400000019: MET_Broker: The number of finished Cloudlets is:868
15696.844400000018: MET_Broker: Cloudlet #868 return received
15696.844400000018: MET_Broker: The number of finished Cloudlets is:869
15706.800400000018: MET_Broker: Cloudlet #871 return received
15706.800400000018: MET_Broker: The number of finished Cloudlets is:870
15707.213200000018: MET_Broker: Cloudlet #861 return received
15707.213200000018: MET_Broker: The number of finished Cloudlets is:871
15723.172400000018: MET_Broker: Cloudlet #874 return received
15723.172400000018: MET_Broker: The number of finished Cloudlets is:872
15736.274000000018: MET_Broker: Cloudlet #875 return received
15736.274000000018: MET_Broker: The number of finished Cloudlets is:873
15741.267600000017: MET_Broker: Cloudlet #872 return received
15741.267600000017: MET_Broker: The number of finished Cloudlets is:874
15760.434800000017: MET_Broker: Cloudlet #877 return received
15760.434800000017: MET_Broker: The number of finished Cloudlets is:875
15808.265200000018: MET_Broker: Cloudlet #870 return received
15808.265200000018: MET_Broker: The number of finished Cloudlets is:876
15811.589600000018: MET_Broker: Cloudlet #876 return received
15811.589600000018: MET_Broker: The number of finished Cloudlets is:877
15862.221200000018: MET_Broker: Cloudlet #879 return received
15862.221200000018: MET_Broker: The number of finished Cloudlets is:878
15863.758800000018: MET_Broker: Cloudlet #880 return received
15863.758800000018: MET_Broker: The number of finished Cloudlets is:879
15873.794800000018: MET_Broker: Cloudlet #881 return received
15873.794800000018: MET_Broker: The number of finished Cloudlets is:880
15890.629600000018: MET_Broker: Cloudlet #882 return received
15890.629600000018: MET_Broker: The number of finished Cloudlets is:881
15892.739200000018: MET_Broker: Cloudlet #883 return received
15892.739200000018: MET_Broker: The number of finished Cloudlets is:882
15898.531200000018: MET_Broker: Cloudlet #884 return received
15898.531200000018: MET_Broker: The number of finished Cloudlets is:883
15927.286800000018: MET_Broker: Cloudlet #873 return received
15927.286800000018: MET_Broker: The number of finished Cloudlets is:884
15935.287200000019: MET_Broker: Cloudlet #886 return received
15935.287200000019: MET_Broker: The number of finished Cloudlets is:885
15936.58320000002: MET_Broker: Cloudlet #887 return received
15936.58320000002: MET_Broker: The number of finished Cloudlets is:886
15964.667600000019: MET_Broker: Cloudlet #889 return received
15964.667600000019: MET_Broker: The number of finished Cloudlets is:887
15970.226000000019: MET_Broker: Cloudlet #888 return received
15970.226000000019: MET_Broker: The number of finished Cloudlets is:888
15991.661200000019: MET_Broker: Cloudlet #878 return received
15991.661200000019: MET_Broker: The number of finished Cloudlets is:889
15992.780000000019: MET_Broker: Cloudlet #890 return received
15992.780000000019: MET_Broker: The number of finished Cloudlets is:890
16002.29560000002: MET_Broker: Cloudlet #885 return received
16002.29560000002: MET_Broker: The number of finished Cloudlets is:891
16012.32280000002: MET_Broker: Cloudlet #893 return received
16012.32280000002: MET_Broker: The number of finished Cloudlets is:892
16013.03800000002: MET_Broker: Cloudlet #892 return received
16013.03800000002: MET_Broker: The number of finished Cloudlets is:893
16054.84840000002: MET_Broker: Cloudlet #894 return received
16054.84840000002: MET_Broker: The number of finished Cloudlets is:894
16100.60160000002: MET_Broker: Cloudlet #897 return received
16100.60160000002: MET_Broker: The number of finished Cloudlets is:895
16127.89160000002: MET_Broker: Cloudlet #896 return received
16127.89160000002: MET_Broker: The number of finished Cloudlets is:896
16133.71400000002: MET_Broker: Cloudlet #898 return received
16133.71400000002: MET_Broker: The number of finished Cloudlets is:897
16144.57600000002: MET_Broker: Cloudlet #895 return received
16144.57600000002: MET_Broker: The number of finished Cloudlets is:898
16161.053200000018: MET_Broker: Cloudlet #901 return received
16161.053200000018: MET_Broker: The number of finished Cloudlets is:899
16164.006000000018: MET_Broker: Cloudlet #900 return received
16164.006000000018: MET_Broker: The number of finished Cloudlets is:900
16180.788800000018: MET_Broker: Cloudlet #899 return received
16180.788800000018: MET_Broker: The number of finished Cloudlets is:901
16198.82880000002: MET_Broker: Cloudlet #902 return received
16198.82880000002: MET_Broker: The number of finished Cloudlets is:902
16211.82520000002: MET_Broker: Cloudlet #903 return received
16211.82520000002: MET_Broker: The number of finished Cloudlets is:903
16228.63320000002: MET_Broker: Cloudlet #906 return received
16228.63320000002: MET_Broker: The number of finished Cloudlets is:904
16249.93320000002: MET_Broker: Cloudlet #891 return received
16249.93320000002: MET_Broker: The number of finished Cloudlets is:905
16259.55040000002: MET_Broker: Cloudlet #904 return received
16259.55040000002: MET_Broker: The number of finished Cloudlets is:906
16263.89800000002: MET_Broker: Cloudlet #908 return received
16263.89800000002: MET_Broker: The number of finished Cloudlets is:907
16278.57880000002: MET_Broker: Cloudlet #910 return received
16278.57880000002: MET_Broker: The number of finished Cloudlets is:908
16285.72280000002: MET_Broker: Cloudlet #911 return received
16285.72280000002: MET_Broker: The number of finished Cloudlets is:909
16388.79720000002: MET_Broker: Cloudlet #905 return received
16388.79720000002: MET_Broker: The number of finished Cloudlets is:910
16437.52040000002: MET_Broker: Cloudlet #909 return received
16437.52040000002: MET_Broker: The number of finished Cloudlets is:911
16437.85080000002: MET_Broker: Cloudlet #913 return received
16437.85080000002: MET_Broker: The number of finished Cloudlets is:912
16464.63320000002: MET_Broker: Cloudlet #914 return received
16464.63320000002: MET_Broker: The number of finished Cloudlets is:913
16472.49880000002: MET_Broker: Cloudlet #916 return received
16472.49880000002: MET_Broker: The number of finished Cloudlets is:914
16473.44520000002: MET_Broker: Cloudlet #915 return received
16473.44520000002: MET_Broker: The number of finished Cloudlets is:915
16481.41880000002: MET_Broker: Cloudlet #907 return received
16481.41880000002: MET_Broker: The number of finished Cloudlets is:916
16508.33760000002: MET_Broker: Cloudlet #918 return received
16508.33760000002: MET_Broker: The number of finished Cloudlets is:917
16524.22560000002: MET_Broker: Cloudlet #917 return received
16524.22560000002: MET_Broker: The number of finished Cloudlets is:918
16536.54680000002: MET_Broker: Cloudlet #919 return received
16536.54680000002: MET_Broker: The number of finished Cloudlets is:919
16551.208400000018: MET_Broker: Cloudlet #922 return received
16551.208400000018: MET_Broker: The number of finished Cloudlets is:920
16574.325200000018: MET_Broker: Cloudlet #921 return received
16574.325200000018: MET_Broker: The number of finished Cloudlets is:921
16595.204000000016: MET_Broker: Cloudlet #923 return received
16595.204000000016: MET_Broker: The number of finished Cloudlets is:922
16622.060000000016: MET_Broker: Cloudlet #925 return received
16622.060000000016: MET_Broker: The number of finished Cloudlets is:923
16637.733600000014: MET_Broker: Cloudlet #912 return received
16637.733600000014: MET_Broker: The number of finished Cloudlets is:924
16671.599200000015: MET_Broker: Cloudlet #927 return received
16671.599200000015: MET_Broker: The number of finished Cloudlets is:925
16681.026800000014: MET_Broker: Cloudlet #924 return received
16681.026800000014: MET_Broker: The number of finished Cloudlets is:926
16700.594400000013: MET_Broker: Cloudlet #929 return received
16700.594400000013: MET_Broker: The number of finished Cloudlets is:927
16718.012400000014: MET_Broker: Cloudlet #930 return received
16718.012400000014: MET_Broker: The number of finished Cloudlets is:928
16729.459200000016: MET_Broker: Cloudlet #931 return received
16729.459200000016: MET_Broker: The number of finished Cloudlets is:929
16736.012400000014: MET_Broker: Cloudlet #926 return received
16736.012400000014: MET_Broker: The number of finished Cloudlets is:930
16782.391600000014: MET_Broker: Cloudlet #928 return received
16782.391600000014: MET_Broker: The number of finished Cloudlets is:931
16782.669600000012: MET_Broker: Cloudlet #920 return received
16782.669600000012: MET_Broker: The number of finished Cloudlets is:932
16817.396800000013: MET_Broker: Cloudlet #934 return received
16817.396800000013: MET_Broker: The number of finished Cloudlets is:933
16827.950400000012: MET_Broker: Cloudlet #935 return received
16827.950400000012: MET_Broker: The number of finished Cloudlets is:934
16829.50400000001: MET_Broker: Cloudlet #933 return received
16829.50400000001: MET_Broker: The number of finished Cloudlets is:935
16832.10240000001: MET_Broker: Cloudlet #932 return received
16832.10240000001: MET_Broker: The number of finished Cloudlets is:936
16851.72480000001: MET_Broker: Cloudlet #938 return received
16851.72480000001: MET_Broker: The number of finished Cloudlets is:937
16875.86520000001: MET_Broker: Cloudlet #940 return received
16875.86520000001: MET_Broker: The number of finished Cloudlets is:938
16883.130400000013: MET_Broker: Cloudlet #939 return received
16883.130400000013: MET_Broker: The number of finished Cloudlets is:939
16894.93920000001: MET_Broker: Cloudlet #942 return received
16894.93920000001: MET_Broker: The number of finished Cloudlets is:940
16907.87200000001: MET_Broker: Cloudlet #943 return received
16907.87200000001: MET_Broker: The number of finished Cloudlets is:941
16938.79760000001: MET_Broker: Cloudlet #937 return received
16938.79760000001: MET_Broker: The number of finished Cloudlets is:942
16957.29600000001: MET_Broker: Cloudlet #945 return received
16957.29600000001: MET_Broker: The number of finished Cloudlets is:943
17026.32080000001: MET_Broker: Cloudlet #936 return received
17026.32080000001: MET_Broker: The number of finished Cloudlets is:944
17056.68440000001: MET_Broker: Cloudlet #941 return received
17056.68440000001: MET_Broker: The number of finished Cloudlets is:945
17058.757600000008: MET_Broker: Cloudlet #947 return received
17058.757600000008: MET_Broker: The number of finished Cloudlets is:946
17063.19480000001: MET_Broker: Cloudlet #948 return received
17063.19480000001: MET_Broker: The number of finished Cloudlets is:947
17102.78520000001: MET_Broker: Cloudlet #944 return received
17102.78520000001: MET_Broker: The number of finished Cloudlets is:948
17106.42680000001: MET_Broker: Cloudlet #950 return received
17106.42680000001: MET_Broker: The number of finished Cloudlets is:949
17116.296800000007: MET_Broker: Cloudlet #946 return received
17116.296800000007: MET_Broker: The number of finished Cloudlets is:950
17118.994800000008: MET_Broker: Cloudlet #951 return received
17118.994800000008: MET_Broker: The number of finished Cloudlets is:951
17126.104000000007: MET_Broker: Cloudlet #952 return received
17126.104000000007: MET_Broker: The number of finished Cloudlets is:952
17128.669200000008: MET_Broker: Cloudlet #954 return received
17128.669200000008: MET_Broker: The number of finished Cloudlets is:953
17170.857200000006: MET_Broker: Cloudlet #953 return received
17170.857200000006: MET_Broker: The number of finished Cloudlets is:954
17184.674800000004: MET_Broker: Cloudlet #955 return received
17184.674800000004: MET_Broker: The number of finished Cloudlets is:955
17213.084800000004: MET_Broker: Cloudlet #949 return received
17213.084800000004: MET_Broker: The number of finished Cloudlets is:956
17274.076000000005: MET_Broker: Cloudlet #957 return received
17274.076000000005: MET_Broker: The number of finished Cloudlets is:957
17287.094400000005: MET_Broker: Cloudlet #960 return received
17287.094400000005: MET_Broker: The number of finished Cloudlets is:958
17327.414400000005: MET_Broker: Cloudlet #958 return received
17327.414400000005: MET_Broker: The number of finished Cloudlets is:959
17381.541200000007: MET_Broker: Cloudlet #962 return received
17381.541200000007: MET_Broker: The number of finished Cloudlets is:960
17416.222000000005: MET_Broker: Cloudlet #961 return received
17416.222000000005: MET_Broker: The number of finished Cloudlets is:961
17478.219200000007: MET_Broker: Cloudlet #956 return received
17478.219200000007: MET_Broker: The number of finished Cloudlets is:962
17534.20200000001: MET_Broker: Cloudlet #963 return received
17534.20200000001: MET_Broker: The number of finished Cloudlets is:963
17544.95960000001: MET_Broker: Cloudlet #966 return received
17544.95960000001: MET_Broker: The number of finished Cloudlets is:964
17546.620800000008: MET_Broker: Cloudlet #959 return received
17546.620800000008: MET_Broker: The number of finished Cloudlets is:965
17550.521600000007: MET_Broker: Cloudlet #964 return received
17550.521600000007: MET_Broker: The number of finished Cloudlets is:966
17556.884400000006: MET_Broker: Cloudlet #968 return received
17556.884400000006: MET_Broker: The number of finished Cloudlets is:967
17597.992400000006: MET_Broker: Cloudlet #969 return received
17597.992400000006: MET_Broker: The number of finished Cloudlets is:968
17609.882400000006: MET_Broker: Cloudlet #971 return received
17609.882400000006: MET_Broker: The number of finished Cloudlets is:969
17631.906800000004: MET_Broker: Cloudlet #965 return received
17631.906800000004: MET_Broker: The number of finished Cloudlets is:970
17656.931200000003: MET_Broker: Cloudlet #972 return received
17656.931200000003: MET_Broker: The number of finished Cloudlets is:971
17676.053600000003: MET_Broker: Cloudlet #974 return received
17676.053600000003: MET_Broker: The number of finished Cloudlets is:972
17678.928000000004: MET_Broker: Cloudlet #973 return received
17678.928000000004: MET_Broker: The number of finished Cloudlets is:973
17699.293200000004: MET_Broker: Cloudlet #970 return received
17699.293200000004: MET_Broker: The number of finished Cloudlets is:974
17766.622000000003: MET_Broker: Cloudlet #967 return received
17766.622000000003: MET_Broker: The number of finished Cloudlets is:975
17822.861200000003: MET_Broker: Cloudlet #975 return received
17822.861200000003: MET_Broker: The number of finished Cloudlets is:976
17856.281600000002: MET_Broker: Cloudlet #979 return received
17856.281600000002: MET_Broker: The number of finished Cloudlets is:977
17872.019200000002: MET_Broker: Cloudlet #977 return received
17872.019200000002: MET_Broker: The number of finished Cloudlets is:978
17884.0512: MET_Broker: Cloudlet #981 return received
17884.0512: MET_Broker: The number of finished Cloudlets is:979
17914.2236: MET_Broker: Cloudlet #982 return received
17914.2236: MET_Broker: The number of finished Cloudlets is:980
17920.8472: MET_Broker: Cloudlet #980 return received
17920.8472: MET_Broker: The number of finished Cloudlets is:981
17929.478: MET_Broker: Cloudlet #984 return received
17929.478: MET_Broker: The number of finished Cloudlets is:982
17938.1132: MET_Broker: Cloudlet #985 return received
17938.1132: MET_Broker: The number of finished Cloudlets is:983
17944.39: MET_Broker: Cloudlet #983 return received
17944.39: MET_Broker: The number of finished Cloudlets is:984
17944.8804: MET_Broker: Cloudlet #976 return received
17944.8804: MET_Broker: The number of finished Cloudlets is:985
17975.883199999997: MET_Broker: Cloudlet #986 return received
17975.883199999997: MET_Broker: The number of finished Cloudlets is:986
18002.199999999997: MET_Broker: Cloudlet #988 return received
18002.199999999997: MET_Broker: The number of finished Cloudlets is:987
18004.355599999995: MET_Broker: Cloudlet #978 return received
18004.355599999995: MET_Broker: The number of finished Cloudlets is:988
18006.378399999994: MET_Broker: Cloudlet #989 return received
18006.378399999994: MET_Broker: The number of finished Cloudlets is:989
18014.772399999994: MET_Broker: Cloudlet #992 return received
18014.772399999994: MET_Broker: The number of finished Cloudlets is:990
18015.765599999995: MET_Broker: Cloudlet #990 return received
18015.765599999995: MET_Broker: The number of finished Cloudlets is:991
18031.611999999994: MET_Broker: Cloudlet #991 return received
18031.611999999994: MET_Broker: The number of finished Cloudlets is:992
18044.478799999993: MET_Broker: Cloudlet #995 return received
18044.478799999993: MET_Broker: The number of finished Cloudlets is:993
18053.270399999994: MET_Broker: Cloudlet #993 return received
18053.270399999994: MET_Broker: The number of finished Cloudlets is:994
18087.602799999993: MET_Broker: Cloudlet #994 return received
18087.602799999993: MET_Broker: The number of finished Cloudlets is:995
18116.671999999995: MET_Broker: Cloudlet #997 return received
18116.671999999995: MET_Broker: The number of finished Cloudlets is:996
18140.014399999996: MET_Broker: Cloudlet #987 return received
18140.014399999996: MET_Broker: The number of finished Cloudlets is:997
18145.855599999995: MET_Broker: Cloudlet #998 return received
18145.855599999995: MET_Broker: The number of finished Cloudlets is:998
18151.283599999995: MET_Broker: Cloudlet #999 return received
18151.283599999995: MET_Broker: The number of finished Cloudlets is:999
18170.253199999996: MET_Broker: Cloudlet #1001 return received
18170.253199999996: MET_Broker: The number of finished Cloudlets is:1000
18193.632799999996: MET_Broker: Cloudlet #1002 return received
18193.632799999996: MET_Broker: The number of finished Cloudlets is:1001
18209.112799999995: MET_Broker: Cloudlet #1004 return received
18209.112799999995: MET_Broker: The number of finished Cloudlets is:1002
18228.035199999995: MET_Broker: Cloudlet #1003 return received
18228.035199999995: MET_Broker: The number of finished Cloudlets is:1003
18249.347599999994: MET_Broker: Cloudlet #1006 return received
18249.347599999994: MET_Broker: The number of finished Cloudlets is:1004
18254.653199999993: MET_Broker: Cloudlet #996 return received
18254.653199999993: MET_Broker: The number of finished Cloudlets is:1005
18265.185999999994: MET_Broker: Cloudlet #1007 return received
18265.185999999994: MET_Broker: The number of finished Cloudlets is:1006
18313.290799999995: MET_Broker: Cloudlet #1009 return received
18313.290799999995: MET_Broker: The number of finished Cloudlets is:1007
18341.695999999996: MET_Broker: Cloudlet #1010 return received
18341.695999999996: MET_Broker: The number of finished Cloudlets is:1008
18342.969599999997: MET_Broker: Cloudlet #1005 return received
18342.969599999997: MET_Broker: The number of finished Cloudlets is:1009
18384.942399999996: MET_Broker: Cloudlet #1011 return received
18384.942399999996: MET_Broker: The number of finished Cloudlets is:1010
18403.905999999995: MET_Broker: Cloudlet #1000 return received
18403.905999999995: MET_Broker: The number of finished Cloudlets is:1011
18413.200399999994: MET_Broker: Cloudlet #1013 return received
18413.200399999994: MET_Broker: The number of finished Cloudlets is:1012
18417.671599999994: MET_Broker: Cloudlet #1014 return received
18417.671599999994: MET_Broker: The number of finished Cloudlets is:1013
18431.486799999995: MET_Broker: Cloudlet #1015 return received
18431.486799999995: MET_Broker: The number of finished Cloudlets is:1014
18437.659999999996: MET_Broker: Cloudlet #1016 return received
18437.659999999996: MET_Broker: The number of finished Cloudlets is:1015
18453.845199999996: MET_Broker: Cloudlet #1012 return received
18453.845199999996: MET_Broker: The number of finished Cloudlets is:1016
18471.224799999996: MET_Broker: Cloudlet #1008 return received
18471.224799999996: MET_Broker: The number of finished Cloudlets is:1017
18473.296799999996: MET_Broker: Cloudlet #1017 return received
18473.296799999996: MET_Broker: The number of finished Cloudlets is:1018
18483.273999999998: MET_Broker: Cloudlet #1021 return received
18483.273999999998: MET_Broker: The number of finished Cloudlets is:1019
18492.685199999996: MET_Broker: Cloudlet #1018 return received
18492.685199999996: MET_Broker: The number of finished Cloudlets is:1020
18505.824399999998: MET_Broker: Cloudlet #1023 return received
18505.824399999998: MET_Broker: The number of finished Cloudlets is:1021
18506.605999999996: MET_Broker: Cloudlet #1020 return received
18506.605999999996: MET_Broker: The number of finished Cloudlets is:1022
18511.017599999996: MET_Broker: Cloudlet #1022 return received
18511.017599999996: MET_Broker: The number of finished Cloudlets is:1023
18518.820799999994: MET_Broker: Cloudlet #1026 return received
18518.820799999994: MET_Broker: The number of finished Cloudlets is:1024
18527.457599999994: MET_Broker: Cloudlet #1024 return received
18527.457599999994: MET_Broker: The number of finished Cloudlets is:1025
18534.401999999995: MET_Broker: Cloudlet #1028 return received
18534.401999999995: MET_Broker: The number of finished Cloudlets is:1026
18571.835599999995: MET_Broker: Cloudlet #1029 return received
18571.835599999995: MET_Broker: The number of finished Cloudlets is:1027
18573.284799999994: MET_Broker: Cloudlet #1027 return received
18573.284799999994: MET_Broker: The number of finished Cloudlets is:1028
18582.118799999993: MET_Broker: Cloudlet #1030 return received
18582.118799999993: MET_Broker: The number of finished Cloudlets is:1029
18613.974799999993: MET_Broker: Cloudlet #1019 return received
18613.974799999993: MET_Broker: The number of finished Cloudlets is:1030
18654.524799999992: MET_Broker: Cloudlet #1033 return received
18654.524799999992: MET_Broker: The number of finished Cloudlets is:1031
18687.065199999994: MET_Broker: Cloudlet #1031 return received
18687.065199999994: MET_Broker: The number of finished Cloudlets is:1032
18703.989999999994: MET_Broker: Cloudlet #1032 return received
18703.989999999994: MET_Broker: The number of finished Cloudlets is:1033
18705.789999999994: MET_Broker: Cloudlet #1035 return received
18705.789999999994: MET_Broker: The number of finished Cloudlets is:1034
18716.407199999994: MET_Broker: Cloudlet #1037 return received
18716.407199999994: MET_Broker: The number of finished Cloudlets is:1035
18847.961199999994: MET_Broker: Cloudlet #1025 return received
18847.961199999994: MET_Broker: The number of finished Cloudlets is:1036
18879.789999999994: MET_Broker: Cloudlet #1039 return received
18879.789999999994: MET_Broker: The number of finished Cloudlets is:1037
18923.912399999994: MET_Broker: Cloudlet #1040 return received
18923.912399999994: MET_Broker: The number of finished Cloudlets is:1038
18929.143999999993: MET_Broker: Cloudlet #1034 return received
18929.143999999993: MET_Broker: The number of finished Cloudlets is:1039
18932.854799999994: MET_Broker: Cloudlet #1038 return received
18932.854799999994: MET_Broker: The number of finished Cloudlets is:1040
18943.744799999993: MET_Broker: Cloudlet #1041 return received
18943.744799999993: MET_Broker: The number of finished Cloudlets is:1041
18955.47599999999: MET_Broker: Cloudlet #1044 return received
18955.47599999999: MET_Broker: The number of finished Cloudlets is:1042
18960.049999999992: MET_Broker: Cloudlet #1043 return received
18960.049999999992: MET_Broker: The number of finished Cloudlets is:1043
18960.901199999993: MET_Broker: Cloudlet #1042 return received
18960.901199999993: MET_Broker: The number of finished Cloudlets is:1044
18967.470799999992: MET_Broker: Cloudlet #1046 return received
18967.470799999992: MET_Broker: The number of finished Cloudlets is:1045
18995.14839999999: MET_Broker: Cloudlet #1036 return received
18995.14839999999: MET_Broker: The number of finished Cloudlets is:1046
19015.28359999999: MET_Broker: Cloudlet #1048 return received
19015.28359999999: MET_Broker: The number of finished Cloudlets is:1047
19075.06879999999: MET_Broker: Cloudlet #1050 return received
19075.06879999999: MET_Broker: The number of finished Cloudlets is:1048
19145.27319999999: MET_Broker: Cloudlet #1051 return received
19145.27319999999: MET_Broker: The number of finished Cloudlets is:1049
19201.34519999999: MET_Broker: Cloudlet #1045 return received
19201.34519999999: MET_Broker: The number of finished Cloudlets is:1050
19212.34159999999: MET_Broker: Cloudlet #1053 return received
19212.34159999999: MET_Broker: The number of finished Cloudlets is:1051
19224.49839999999: MET_Broker: Cloudlet #1049 return received
19224.49839999999: MET_Broker: The number of finished Cloudlets is:1052
19264.878799999988: MET_Broker: Cloudlet #1047 return received
19264.878799999988: MET_Broker: The number of finished Cloudlets is:1053
19273.441199999987: MET_Broker: Cloudlet #1052 return received
19273.441199999987: MET_Broker: The number of finished Cloudlets is:1054
19274.238399999987: MET_Broker: Cloudlet #1055 return received
19274.238399999987: MET_Broker: The number of finished Cloudlets is:1055
19284.009599999987: MET_Broker: Cloudlet #1054 return received
19284.009599999987: MET_Broker: The number of finished Cloudlets is:1056
19288.252399999987: MET_Broker: Cloudlet #1057 return received
19288.252399999987: MET_Broker: The number of finished Cloudlets is:1057
19320.743999999988: MET_Broker: Cloudlet #1058 return received
19320.743999999988: MET_Broker: The number of finished Cloudlets is:1058
19341.258399999988: MET_Broker: Cloudlet #1056 return received
19341.258399999988: MET_Broker: The number of finished Cloudlets is:1059
19354.779599999987: MET_Broker: Cloudlet #1059 return received
19354.779599999987: MET_Broker: The number of finished Cloudlets is:1060
19394.038799999988: MET_Broker: Cloudlet #1063 return received
19394.038799999988: MET_Broker: The number of finished Cloudlets is:1061
19433.44039999999: MET_Broker: Cloudlet #1064 return received
19433.44039999999: MET_Broker: The number of finished Cloudlets is:1062
19434.709599999987: MET_Broker: Cloudlet #1061 return received
19434.709599999987: MET_Broker: The number of finished Cloudlets is:1063
19543.621599999988: MET_Broker: Cloudlet #1065 return received
19543.621599999988: MET_Broker: The number of finished Cloudlets is:1064
19556.569599999988: MET_Broker: Cloudlet #1067 return received
19556.569599999988: MET_Broker: The number of finished Cloudlets is:1065
19584.30039999999: MET_Broker: Cloudlet #1066 return received
19584.30039999999: MET_Broker: The number of finished Cloudlets is:1066
19610.11359999999: MET_Broker: Cloudlet #1068 return received
19610.11359999999: MET_Broker: The number of finished Cloudlets is:1067
19633.99599999999: MET_Broker: Cloudlet #1060 return received
19633.99599999999: MET_Broker: The number of finished Cloudlets is:1068
19638.116399999988: MET_Broker: Cloudlet #1070 return received
19638.116399999988: MET_Broker: The number of finished Cloudlets is:1069
19643.305199999988: MET_Broker: Cloudlet #1071 return received
19643.305199999988: MET_Broker: The number of finished Cloudlets is:1070
19654.52519999999: MET_Broker: Cloudlet #1073 return received
19654.52519999999: MET_Broker: The number of finished Cloudlets is:1071
19673.57759999999: MET_Broker: Cloudlet #1072 return received
19673.57759999999: MET_Broker: The number of finished Cloudlets is:1072
19683.24319999999: MET_Broker: Cloudlet #1062 return received
19683.24319999999: MET_Broker: The number of finished Cloudlets is:1073
19697.96799999999: MET_Broker: Cloudlet #1074 return received
19697.96799999999: MET_Broker: The number of finished Cloudlets is:1074
19712.86239999999: MET_Broker: Cloudlet #1077 return received
19712.86239999999: MET_Broker: The number of finished Cloudlets is:1075
19720.40559999999: MET_Broker: Cloudlet #1078 return received
19720.40559999999: MET_Broker: The number of finished Cloudlets is:1076
19731.11919999999: MET_Broker: Cloudlet #1075 return received
19731.11919999999: MET_Broker: The number of finished Cloudlets is:1077
19742.67919999999: MET_Broker: Cloudlet #1079 return received
19742.67919999999: MET_Broker: The number of finished Cloudlets is:1078
19761.05279999999: MET_Broker: Cloudlet #1069 return received
19761.05279999999: MET_Broker: The number of finished Cloudlets is:1079
19786.45479999999: MET_Broker: Cloudlet #1080 return received
19786.45479999999: MET_Broker: The number of finished Cloudlets is:1080
19790.56999999999: MET_Broker: Cloudlet #1076 return received
19790.56999999999: MET_Broker: The number of finished Cloudlets is:1081
19844.45719999999: MET_Broker: Cloudlet #1084 return received
19844.45719999999: MET_Broker: The number of finished Cloudlets is:1082
19897.96319999999: MET_Broker: Cloudlet #1081 return received
19897.96319999999: MET_Broker: The number of finished Cloudlets is:1083
19909.20879999999: MET_Broker: Cloudlet #1083 return received
19909.20879999999: MET_Broker: The number of finished Cloudlets is:1084
19946.56199999999: MET_Broker: Cloudlet #1086 return received
19946.56199999999: MET_Broker: The number of finished Cloudlets is:1085
19957.48079999999: MET_Broker: Cloudlet #1082 return received
19957.48079999999: MET_Broker: The number of finished Cloudlets is:1086
19964.15439999999: MET_Broker: Cloudlet #1088 return received
19964.15439999999: MET_Broker: The number of finished Cloudlets is:1087
19964.58999999999: MET_Broker: Cloudlet #1087 return received
19964.58999999999: MET_Broker: The number of finished Cloudlets is:1088
19991.66639999999: MET_Broker: Cloudlet #1085 return received
19991.66639999999: MET_Broker: The number of finished Cloudlets is:1089
20001.22359999999: MET_Broker: Cloudlet #1092 return received
20001.22359999999: MET_Broker: The number of finished Cloudlets is:1090
20006.36079999999: MET_Broker: Cloudlet #1089 return received
20006.36079999999: MET_Broker: The number of finished Cloudlets is:1091
20015.697999999993: MET_Broker: Cloudlet #1093 return received
20015.697999999993: MET_Broker: The number of finished Cloudlets is:1092
20017.338799999994: MET_Broker: Cloudlet #1094 return received
20017.338799999994: MET_Broker: The number of finished Cloudlets is:1093
20043.957199999993: MET_Broker: Cloudlet #1096 return received
20043.957199999993: MET_Broker: The number of finished Cloudlets is:1094
20064.168799999992: MET_Broker: Cloudlet #1095 return received
20064.168799999992: MET_Broker: The number of finished Cloudlets is:1095
20070.68079999999: MET_Broker: Cloudlet #1098 return received
20070.68079999999: MET_Broker: The number of finished Cloudlets is:1096
20103.139999999992: MET_Broker: Cloudlet #1099 return received
20103.139999999992: MET_Broker: The number of finished Cloudlets is:1097
20130.77239999999: MET_Broker: Cloudlet #1100 return received
20130.77239999999: MET_Broker: The number of finished Cloudlets is:1098
20136.70039999999: MET_Broker: Cloudlet #1090 return received
20136.70039999999: MET_Broker: The number of finished Cloudlets is:1099
20148.40719999999: MET_Broker: Cloudlet #1102 return received
20148.40719999999: MET_Broker: The number of finished Cloudlets is:1100
20156.58639999999: MET_Broker: Cloudlet #1101 return received
20156.58639999999: MET_Broker: The number of finished Cloudlets is:1101
20175.21119999999: MET_Broker: Cloudlet #1103 return received
20175.21119999999: MET_Broker: The number of finished Cloudlets is:1102
20211.12319999999: MET_Broker: Cloudlet #1104 return received
20211.12319999999: MET_Broker: The number of finished Cloudlets is:1103
20214.74879999999: MET_Broker: Cloudlet #1105 return received
20214.74879999999: MET_Broker: The number of finished Cloudlets is:1104
20234.15879999999: MET_Broker: Cloudlet #1091 return received
20234.15879999999: MET_Broker: The number of finished Cloudlets is:1105
20241.31959999999: MET_Broker: Cloudlet #1107 return received
20241.31959999999: MET_Broker: The number of finished Cloudlets is:1106
20245.874399999993: MET_Broker: Cloudlet #1097 return received
20245.874399999993: MET_Broker: The number of finished Cloudlets is:1107
20268.54799999999: MET_Broker: Cloudlet #1108 return received
20268.54799999999: MET_Broker: The number of finished Cloudlets is:1108
20287.003199999992: MET_Broker: Cloudlet #1111 return received
20287.003199999992: MET_Broker: The number of finished Cloudlets is:1109
20325.21839999999: MET_Broker: Cloudlet #1112 return received
20325.21839999999: MET_Broker: The number of finished Cloudlets is:1110
20337.50599999999: MET_Broker: Cloudlet #1113 return received
20337.50599999999: MET_Broker: The number of finished Cloudlets is:1111
20385.50239999999: MET_Broker: Cloudlet #1110 return received
20385.50239999999: MET_Broker: The number of finished Cloudlets is:1112
20416.63079999999: MET_Broker: Cloudlet #1106 return received
20416.63079999999: MET_Broker: The number of finished Cloudlets is:1113
20432.238799999992: MET_Broker: Cloudlet #1115 return received
20432.238799999992: MET_Broker: The number of finished Cloudlets is:1114
20486.046399999992: MET_Broker: Cloudlet #1117 return received
20486.046399999992: MET_Broker: The number of finished Cloudlets is:1115
20497.78839999999: MET_Broker: Cloudlet #1114 return received
20497.78839999999: MET_Broker: The number of finished Cloudlets is:1116
20500.76079999999: MET_Broker: Cloudlet #1118 return received
20500.76079999999: MET_Broker: The number of finished Cloudlets is:1117
20554.81679999999: MET_Broker: Cloudlet #1120 return received
20554.81679999999: MET_Broker: The number of finished Cloudlets is:1118
20563.06199999999: MET_Broker: Cloudlet #1121 return received
20563.06199999999: MET_Broker: The number of finished Cloudlets is:1119
20564.20359999999: MET_Broker: Cloudlet #1116 return received
20564.20359999999: MET_Broker: The number of finished Cloudlets is:1120
20600.98559999999: MET_Broker: Cloudlet #1109 return received
20600.98559999999: MET_Broker: The number of finished Cloudlets is:1121
20610.64279999999: MET_Broker: Cloudlet #1122 return received
20610.64279999999: MET_Broker: The number of finished Cloudlets is:1122
20611.59599999999: MET_Broker: Cloudlet #1124 return received
20611.59599999999: MET_Broker: The number of finished Cloudlets is:1123
20620.75879999999: MET_Broker: Cloudlet #1126 return received
20620.75879999999: MET_Broker: The number of finished Cloudlets is:1124
20622.49439999999: MET_Broker: Cloudlet #1119 return received
20622.49439999999: MET_Broker: The number of finished Cloudlets is:1125
20637.85079999999: MET_Broker: Cloudlet #1127 return received
20637.85079999999: MET_Broker: The number of finished Cloudlets is:1126
20696.84159999999: MET_Broker: Cloudlet #1123 return received
20696.84159999999: MET_Broker: The number of finished Cloudlets is:1127
20764.339199999988: MET_Broker: Cloudlet #1129 return received
20764.339199999988: MET_Broker: The number of finished Cloudlets is:1128
20803.671999999988: MET_Broker: Cloudlet #1131 return received
20803.671999999988: MET_Broker: The number of finished Cloudlets is:1129
20823.542399999988: MET_Broker: Cloudlet #1132 return received
20823.542399999988: MET_Broker: The number of finished Cloudlets is:1130
20842.493599999987: MET_Broker: Cloudlet #1128 return received
20842.493599999987: MET_Broker: The number of finished Cloudlets is:1131
20860.075999999986: MET_Broker: Cloudlet #1134 return received
20860.075999999986: MET_Broker: The number of finished Cloudlets is:1132
20871.359199999988: MET_Broker: Cloudlet #1133 return received
20871.359199999988: MET_Broker: The number of finished Cloudlets is:1133
20876.982799999987: MET_Broker: Cloudlet #1130 return received
20876.982799999987: MET_Broker: The number of finished Cloudlets is:1134
20880.291599999986: MET_Broker: Cloudlet #1136 return received
20880.291599999986: MET_Broker: The number of finished Cloudlets is:1135
20888.980799999987: MET_Broker: Cloudlet #1138 return received
20888.980799999987: MET_Broker: The number of finished Cloudlets is:1136
20897.436799999985: MET_Broker: Cloudlet #1139 return received
20897.436799999985: MET_Broker: The number of finished Cloudlets is:1137
20904.147199999985: MET_Broker: Cloudlet #1140 return received
20904.147199999985: MET_Broker: The number of finished Cloudlets is:1138
20923.597199999986: MET_Broker: Cloudlet #1137 return received
20923.597199999986: MET_Broker: The number of finished Cloudlets is:1139
20937.461199999987: MET_Broker: Cloudlet #1142 return received
20937.461199999987: MET_Broker: The number of finished Cloudlets is:1140
20960.118799999986: MET_Broker: Cloudlet #1141 return received
20960.118799999986: MET_Broker: The number of finished Cloudlets is:1141
20966.976399999985: MET_Broker: Cloudlet #1125 return received
20966.976399999985: MET_Broker: The number of finished Cloudlets is:1142
20974.968399999983: MET_Broker: Cloudlet #1145 return received
20974.968399999983: MET_Broker: The number of finished Cloudlets is:1143
20984.747199999983: MET_Broker: Cloudlet #1146 return received
20984.747199999983: MET_Broker: The number of finished Cloudlets is:1144
20997.326399999984: MET_Broker: Cloudlet #1135 return received
20997.326399999984: MET_Broker: The number of finished Cloudlets is:1145
20997.690799999982: MET_Broker: Cloudlet #1147 return received
20997.690799999982: MET_Broker: The number of finished Cloudlets is:1146
21005.18159999998: MET_Broker: Cloudlet #1149 return received
21005.18159999998: MET_Broker: The number of finished Cloudlets is:1147
21008.26959999998: MET_Broker: Cloudlet #1143 return received
21008.26959999998: MET_Broker: The number of finished Cloudlets is:1148
21030.86239999998: MET_Broker: Cloudlet #1150 return received
21030.86239999998: MET_Broker: The number of finished Cloudlets is:1149
21093.06319999998: MET_Broker: Cloudlet #1151 return received
21093.06319999998: MET_Broker: The number of finished Cloudlets is:1150
21107.008799999978: MET_Broker: Cloudlet #1148 return received
21107.008799999978: MET_Broker: The number of finished Cloudlets is:1151
21107.23439999998: MET_Broker: Cloudlet #1153 return received
21107.23439999998: MET_Broker: The number of finished Cloudlets is:1152
21144.15119999998: MET_Broker: Cloudlet #1155 return received
21144.15119999998: MET_Broker: The number of finished Cloudlets is:1153
21169.58639999998: MET_Broker: Cloudlet #1156 return received
21169.58639999998: MET_Broker: The number of finished Cloudlets is:1154
21210.478399999978: MET_Broker: Cloudlet #1154 return received
21210.478399999978: MET_Broker: The number of finished Cloudlets is:1155
21216.97159999998: MET_Broker: Cloudlet #1144 return received
21216.97159999998: MET_Broker: The number of finished Cloudlets is:1156
21219.58319999998: MET_Broker: Cloudlet #1157 return received
21219.58319999998: MET_Broker: The number of finished Cloudlets is:1157
21224.22879999998: MET_Broker: Cloudlet #1158 return received
21224.22879999998: MET_Broker: The number of finished Cloudlets is:1158
21227.69159999998: MET_Broker: Cloudlet #1160 return received
21227.69159999998: MET_Broker: The number of finished Cloudlets is:1159
21260.29839999998: MET_Broker: Cloudlet #1161 return received
21260.29839999998: MET_Broker: The number of finished Cloudlets is:1160
21260.81199999998: MET_Broker: Cloudlet #1159 return received
21260.81199999998: MET_Broker: The number of finished Cloudlets is:1161
21277.00559999998: MET_Broker: Cloudlet #1164 return received
21277.00559999998: MET_Broker: The number of finished Cloudlets is:1162
21299.972399999977: MET_Broker: Cloudlet #1152 return received
21299.972399999977: MET_Broker: The number of finished Cloudlets is:1163
21315.721599999975: MET_Broker: Cloudlet #1165 return received
21315.721599999975: MET_Broker: The number of finished Cloudlets is:1164
21327.638799999975: MET_Broker: Cloudlet #1162 return received
21327.638799999975: MET_Broker: The number of finished Cloudlets is:1165
21351.762399999974: MET_Broker: Cloudlet #1168 return received
21351.762399999974: MET_Broker: The number of finished Cloudlets is:1166
21373.411199999973: MET_Broker: Cloudlet #1167 return received
21373.411199999973: MET_Broker: The number of finished Cloudlets is:1167
21379.303199999973: MET_Broker: Cloudlet #1163 return received
21379.303199999973: MET_Broker: The number of finished Cloudlets is:1168
21384.601199999972: MET_Broker: Cloudlet #1169 return received
21384.601199999972: MET_Broker: The number of finished Cloudlets is:1169
21393.47519999997: MET_Broker: Cloudlet #1172 return received
21393.47519999997: MET_Broker: The number of finished Cloudlets is:1170
21408.96959999997: MET_Broker: Cloudlet #1173 return received
21408.96959999997: MET_Broker: The number of finished Cloudlets is:1171
21413.03559999997: MET_Broker: Cloudlet #1170 return received
21413.03559999997: MET_Broker: The number of finished Cloudlets is:1172
21415.14199999997: MET_Broker: Cloudlet #1171 return received
21415.14199999997: MET_Broker: The number of finished Cloudlets is:1173
21431.97479999997: MET_Broker: Cloudlet #1176 return received
21431.97479999997: MET_Broker: The number of finished Cloudlets is:1174
21442.78999999997: MET_Broker: Cloudlet #1175 return received
21442.78999999997: MET_Broker: The number of finished Cloudlets is:1175
21464.219999999972: MET_Broker: Cloudlet #1174 return received
21464.219999999972: MET_Broker: The number of finished Cloudlets is:1176
21477.62199999997: MET_Broker: Cloudlet #1178 return received
21477.62199999997: MET_Broker: The number of finished Cloudlets is:1177
21484.20879999997: MET_Broker: Cloudlet #1177 return received
21484.20879999997: MET_Broker: The number of finished Cloudlets is:1178
21532.65599999997: MET_Broker: Cloudlet #1180 return received
21532.65599999997: MET_Broker: The number of finished Cloudlets is:1179
21536.80519999997: MET_Broker: Cloudlet #1181 return received
21536.80519999997: MET_Broker: The number of finished Cloudlets is:1180
21578.90839999997: MET_Broker: Cloudlet #1179 return received
21578.90839999997: MET_Broker: The number of finished Cloudlets is:1181
21579.641199999973: MET_Broker: Cloudlet #1166 return received
21579.641199999973: MET_Broker: The number of finished Cloudlets is:1182
21604.117599999972: MET_Broker: Cloudlet #1184 return received
21604.117599999972: MET_Broker: The number of finished Cloudlets is:1183
21695.26479999997: MET_Broker: Cloudlet #1183 return received
21695.26479999997: MET_Broker: The number of finished Cloudlets is:1184
21711.837199999973: MET_Broker: Cloudlet #1186 return received
21711.837199999973: MET_Broker: The number of finished Cloudlets is:1185
21723.173999999974: MET_Broker: Cloudlet #1188 return received
21723.173999999974: MET_Broker: The number of finished Cloudlets is:1186
21729.934799999974: MET_Broker: Cloudlet #1189 return received
21729.934799999974: MET_Broker: The number of finished Cloudlets is:1187
21748.784799999972: MET_Broker: Cloudlet #1190 return received
21748.784799999972: MET_Broker: The number of finished Cloudlets is:1188
21751.00879999997: MET_Broker: Cloudlet #1185 return received
21751.00879999997: MET_Broker: The number of finished Cloudlets is:1189
21764.16439999997: MET_Broker: Cloudlet #1191 return received
21764.16439999997: MET_Broker: The number of finished Cloudlets is:1190
21811.52079999997: MET_Broker: Cloudlet #1182 return received
21811.52079999997: MET_Broker: The number of finished Cloudlets is:1191
21848.68959999997: MET_Broker: Cloudlet #1187 return received
21848.68959999997: MET_Broker: The number of finished Cloudlets is:1192
21861.68399999997: MET_Broker: Cloudlet #1195 return received
21861.68399999997: MET_Broker: The number of finished Cloudlets is:1193
21863.75679999997: MET_Broker: Cloudlet #1194 return received
21863.75679999997: MET_Broker: The number of finished Cloudlets is:1194
21878.40239999997: MET_Broker: Cloudlet #1197 return received
21878.40239999997: MET_Broker: The number of finished Cloudlets is:1195
21883.52639999997: MET_Broker: Cloudlet #1193 return received
21883.52639999997: MET_Broker: The number of finished Cloudlets is:1196
21902.14479999997: MET_Broker: Cloudlet #1199 return received
21902.14479999997: MET_Broker: The number of finished Cloudlets is:1197
21941.06639999997: MET_Broker: Cloudlet #1200 return received
21941.06639999997: MET_Broker: The number of finished Cloudlets is:1198
21946.96439999997: MET_Broker: Cloudlet #1192 return received
21946.96439999997: MET_Broker: The number of finished Cloudlets is:1199
21956.95159999997: MET_Broker: Cloudlet #1202 return received
21956.95159999997: MET_Broker: The number of finished Cloudlets is:1200
21990.46359999997: MET_Broker: Cloudlet #1196 return received
21990.46359999997: MET_Broker: The number of finished Cloudlets is:1201
21992.64959999997: MET_Broker: Cloudlet #1201 return received
21992.64959999997: MET_Broker: The number of finished Cloudlets is:1202
22007.08479999997: MET_Broker: Cloudlet #1205 return received
22007.08479999997: MET_Broker: The number of finished Cloudlets is:1203
22024.148399999973: MET_Broker: Cloudlet #1198 return received
22024.148399999973: MET_Broker: The number of finished Cloudlets is:1204
22030.417199999974: MET_Broker: Cloudlet #1206 return received
22030.417199999974: MET_Broker: The number of finished Cloudlets is:1205
22063.101199999976: MET_Broker: Cloudlet #1207 return received
22063.101199999976: MET_Broker: The number of finished Cloudlets is:1206
22083.794399999977: MET_Broker: Cloudlet #1208 return received
22083.794399999977: MET_Broker: The number of finished Cloudlets is:1207
22102.757599999975: MET_Broker: Cloudlet #1209 return received
22102.757599999975: MET_Broker: The number of finished Cloudlets is:1208
22110.355199999976: MET_Broker: Cloudlet #1211 return received
22110.355199999976: MET_Broker: The number of finished Cloudlets is:1209
22123.773599999975: MET_Broker: Cloudlet #1212 return received
22123.773599999975: MET_Broker: The number of finished Cloudlets is:1210
22174.714399999975: MET_Broker: Cloudlet #1203 return received
22174.714399999975: MET_Broker: The number of finished Cloudlets is:1211
22182.379999999976: MET_Broker: Cloudlet #1204 return received
22182.379999999976: MET_Broker: The number of finished Cloudlets is:1212
22195.696799999976: MET_Broker: Cloudlet #1215 return received
22195.696799999976: MET_Broker: The number of finished Cloudlets is:1213
22223.741599999976: MET_Broker: Cloudlet #1216 return received
22223.741599999976: MET_Broker: The number of finished Cloudlets is:1214
22229.577999999976: MET_Broker: Cloudlet #1213 return received
22229.577999999976: MET_Broker: The number of finished Cloudlets is:1215
22232.684399999976: MET_Broker: Cloudlet #1214 return received
22232.684399999976: MET_Broker: The number of finished Cloudlets is:1216
22246.821599999977: MET_Broker: Cloudlet #1219 return received
22246.821599999977: MET_Broker: The number of finished Cloudlets is:1217
22262.78999999998: MET_Broker: Cloudlet #1218 return received
22262.78999999998: MET_Broker: The number of finished Cloudlets is:1218
22272.65839999998: MET_Broker: Cloudlet #1221 return received
22272.65839999998: MET_Broker: The number of finished Cloudlets is:1219
22298.09039999998: MET_Broker: Cloudlet #1222 return received
22298.09039999998: MET_Broker: The number of finished Cloudlets is:1220
22315.244399999978: MET_Broker: Cloudlet #1223 return received
22315.244399999978: MET_Broker: The number of finished Cloudlets is:1221
22341.08999999998: MET_Broker: Cloudlet #1217 return received
22341.08999999998: MET_Broker: The number of finished Cloudlets is:1222
22354.51519999998: MET_Broker: Cloudlet #1224 return received
22354.51519999998: MET_Broker: The number of finished Cloudlets is:1223
22394.49199999998: MET_Broker: Cloudlet #1226 return received
22394.49199999998: MET_Broker: The number of finished Cloudlets is:1224
22408.318399999982: MET_Broker: Cloudlet #1227 return received
22408.318399999982: MET_Broker: The number of finished Cloudlets is:1225
22415.56439999998: MET_Broker: Cloudlet #1225 return received
22415.56439999998: MET_Broker: The number of finished Cloudlets is:1226
22419.05119999998: MET_Broker: Cloudlet #1220 return received
22419.05119999998: MET_Broker: The number of finished Cloudlets is:1227
22423.48479999998: MET_Broker: Cloudlet #1229 return received
22423.48479999998: MET_Broker: The number of finished Cloudlets is:1228
22430.01559999998: MET_Broker: Cloudlet #1210 return received
22430.01559999998: MET_Broker: The number of finished Cloudlets is:1229
22465.14359999998: MET_Broker: Cloudlet #1230 return received
22465.14359999998: MET_Broker: The number of finished Cloudlets is:1230
22471.24399999998: MET_Broker: Cloudlet #1231 return received
22471.24399999998: MET_Broker: The number of finished Cloudlets is:1231
22479.289599999982: MET_Broker: Cloudlet #1233 return received
22479.289599999982: MET_Broker: The number of finished Cloudlets is:1232
22484.092399999983: MET_Broker: Cloudlet #1232 return received
22484.092399999983: MET_Broker: The number of finished Cloudlets is:1233
22514.27319999998: MET_Broker: Cloudlet #1228 return received
22514.27319999998: MET_Broker: The number of finished Cloudlets is:1234
22518.49359999998: MET_Broker: Cloudlet #1236 return received
22518.49359999998: MET_Broker: The number of finished Cloudlets is:1235
22518.84959999998: MET_Broker: Cloudlet #1234 return received
22518.84959999998: MET_Broker: The number of finished Cloudlets is:1236
22522.58159999998: MET_Broker: Cloudlet #1237 return received
22522.58159999998: MET_Broker: The number of finished Cloudlets is:1237
22551.222799999978: MET_Broker: Cloudlet #1239 return received
22551.222799999978: MET_Broker: The number of finished Cloudlets is:1238
22559.96959999998: MET_Broker: Cloudlet #1235 return received
22559.96959999998: MET_Broker: The number of finished Cloudlets is:1239
22569.24159999998: MET_Broker: Cloudlet #1238 return received
22569.24159999998: MET_Broker: The number of finished Cloudlets is:1240
22570.71239999998: MET_Broker: Cloudlet #1241 return received
22570.71239999998: MET_Broker: The number of finished Cloudlets is:1241
22607.90519999998: MET_Broker: Cloudlet #1244 return received
22607.90519999998: MET_Broker: The number of finished Cloudlets is:1242
22612.177999999978: MET_Broker: Cloudlet #1243 return received
22612.177999999978: MET_Broker: The number of finished Cloudlets is:1243
22651.919999999976: MET_Broker: Cloudlet #1245 return received
22651.919999999976: MET_Broker: The number of finished Cloudlets is:1244
22663.491199999975: MET_Broker: Cloudlet #1246 return received
22663.491199999975: MET_Broker: The number of finished Cloudlets is:1245
22813.863599999975: MET_Broker: Cloudlet #1248 return received
22813.863599999975: MET_Broker: The number of finished Cloudlets is:1246
22848.000799999976: MET_Broker: Cloudlet #1240 return received
22848.000799999976: MET_Broker: The number of finished Cloudlets is:1247
22850.967199999977: MET_Broker: Cloudlet #1242 return received
22850.967199999977: MET_Broker: The number of finished Cloudlets is:1248
22874.564399999977: MET_Broker: Cloudlet #1251 return received
22874.564399999977: MET_Broker: The number of finished Cloudlets is:1249
22899.098399999977: MET_Broker: Cloudlet #1250 return received
22899.098399999977: MET_Broker: The number of finished Cloudlets is:1250
22913.770799999977: MET_Broker: Cloudlet #1252 return received
22913.770799999977: MET_Broker: The number of finished Cloudlets is:1251
22950.001999999975: MET_Broker: Cloudlet #1254 return received
22950.001999999975: MET_Broker: The number of finished Cloudlets is:1252
22954.230799999976: MET_Broker: Cloudlet #1247 return received
22954.230799999976: MET_Broker: The number of finished Cloudlets is:1253
22985.475999999977: MET_Broker: Cloudlet #1255 return received
22985.475999999977: MET_Broker: The number of finished Cloudlets is:1254
23011.090799999976: MET_Broker: Cloudlet #1253 return received
23011.090799999976: MET_Broker: The number of finished Cloudlets is:1255
23040.834399999978: MET_Broker: Cloudlet #1257 return received
23040.834399999978: MET_Broker: The number of finished Cloudlets is:1256
23049.19839999998: MET_Broker: Cloudlet #1258 return received
23049.19839999998: MET_Broker: The number of finished Cloudlets is:1257
23098.63879999998: MET_Broker: Cloudlet #1259 return received
23098.63879999998: MET_Broker: The number of finished Cloudlets is:1258
23101.15359999998: MET_Broker: Cloudlet #1260 return received
23101.15359999998: MET_Broker: The number of finished Cloudlets is:1259
23134.63559999998: MET_Broker: Cloudlet #1256 return received
23134.63559999998: MET_Broker: The number of finished Cloudlets is:1260
23141.870399999978: MET_Broker: Cloudlet #1263 return received
23141.870399999978: MET_Broker: The number of finished Cloudlets is:1261
23143.15719999998: MET_Broker: Cloudlet #1249 return received
23143.15719999998: MET_Broker: The number of finished Cloudlets is:1262
23159.66999999998: MET_Broker: Cloudlet #1265 return received
23159.66999999998: MET_Broker: The number of finished Cloudlets is:1263
23169.15159999998: MET_Broker: Cloudlet #1264 return received
23169.15159999998: MET_Broker: The number of finished Cloudlets is:1264
23213.34719999998: MET_Broker: Cloudlet #1266 return received
23213.34719999998: MET_Broker: The number of finished Cloudlets is:1265
23222.88919999998: MET_Broker: Cloudlet #1267 return received
23222.88919999998: MET_Broker: The number of finished Cloudlets is:1266
23238.95479999998: MET_Broker: Cloudlet #1269 return received
23238.95479999998: MET_Broker: The number of finished Cloudlets is:1267
23250.29079999998: MET_Broker: Cloudlet #1270 return received
23250.29079999998: MET_Broker: The number of finished Cloudlets is:1268
23268.30919999998: MET_Broker: Cloudlet #1268 return received
23268.30919999998: MET_Broker: The number of finished Cloudlets is:1269
23296.20639999998: MET_Broker: Cloudlet #1261 return received
23296.20639999998: MET_Broker: The number of finished Cloudlets is:1270
23296.69719999998: MET_Broker: Cloudlet #1272 return received
23296.69719999998: MET_Broker: The number of finished Cloudlets is:1271
23312.75479999998: MET_Broker: Cloudlet #1273 return received
23312.75479999998: MET_Broker: The number of finished Cloudlets is:1272
23319.46159999998: MET_Broker: Cloudlet #1275 return received
23319.46159999998: MET_Broker: The number of finished Cloudlets is:1273
23333.95639999998: MET_Broker: Cloudlet #1271 return received
23333.95639999998: MET_Broker: The number of finished Cloudlets is:1274
23344.61999999998: MET_Broker: Cloudlet #1274 return received
23344.61999999998: MET_Broker: The number of finished Cloudlets is:1275
23350.82479999998: MET_Broker: Cloudlet #1278 return received
23350.82479999998: MET_Broker: The number of finished Cloudlets is:1276
23373.05639999998: MET_Broker: Cloudlet #1277 return received
23373.05639999998: MET_Broker: The number of finished Cloudlets is:1277
23385.26199999998: MET_Broker: Cloudlet #1280 return received
23385.26199999998: MET_Broker: The number of finished Cloudlets is:1278
23410.014399999982: MET_Broker: Cloudlet #1279 return received
23410.014399999982: MET_Broker: The number of finished Cloudlets is:1279
23428.10399999998: MET_Broker: Cloudlet #1281 return received
23428.10399999998: MET_Broker: The number of finished Cloudlets is:1280
23434.09239999998: MET_Broker: Cloudlet #1262 return received
23434.09239999998: MET_Broker: The number of finished Cloudlets is:1281
23446.58919999998: MET_Broker: Cloudlet #1282 return received
23446.58919999998: MET_Broker: The number of finished Cloudlets is:1282
23501.33759999998: MET_Broker: Cloudlet #1285 return received
23501.33759999998: MET_Broker: The number of finished Cloudlets is:1283
23508.51599999998: MET_Broker: Cloudlet #1276 return received
23508.51599999998: MET_Broker: The number of finished Cloudlets is:1284
23512.977199999983: MET_Broker: Cloudlet #1284 return received
23512.977199999983: MET_Broker: The number of finished Cloudlets is:1285
23519.523599999982: MET_Broker: Cloudlet #1286 return received
23519.523599999982: MET_Broker: The number of finished Cloudlets is:1286
23564.78399999998: MET_Broker: Cloudlet #1288 return received
23564.78399999998: MET_Broker: The number of finished Cloudlets is:1287
23576.137199999983: MET_Broker: Cloudlet #1287 return received
23576.137199999983: MET_Broker: The number of finished Cloudlets is:1288
23607.77839999998: MET_Broker: Cloudlet #1291 return received
23607.77839999998: MET_Broker: The number of finished Cloudlets is:1289
23643.10679999998: MET_Broker: Cloudlet #1289 return received
23643.10679999998: MET_Broker: The number of finished Cloudlets is:1290
23647.71279999998: MET_Broker: Cloudlet #1283 return received
23647.71279999998: MET_Broker: The number of finished Cloudlets is:1291
23649.67759999998: MET_Broker: Cloudlet #1292 return received
23649.67759999998: MET_Broker: The number of finished Cloudlets is:1292
23658.86319999998: MET_Broker: Cloudlet #1290 return received
23658.86319999998: MET_Broker: The number of finished Cloudlets is:1293
23676.79399999998: MET_Broker: Cloudlet #1295 return received
23676.79399999998: MET_Broker: The number of finished Cloudlets is:1294
23710.78639999998: MET_Broker: Cloudlet #1296 return received
23710.78639999998: MET_Broker: The number of finished Cloudlets is:1295
23734.695599999977: MET_Broker: Cloudlet #1294 return received
23734.695599999977: MET_Broker: The number of finished Cloudlets is:1296
23737.522799999977: MET_Broker: Cloudlet #1297 return received
23737.522799999977: MET_Broker: The number of finished Cloudlets is:1297
23743.927999999978: MET_Broker: Cloudlet #1298 return received
23743.927999999978: MET_Broker: The number of finished Cloudlets is:1298
23746.589599999978: MET_Broker: Cloudlet #1293 return received
23746.589599999978: MET_Broker: The number of finished Cloudlets is:1299
23769.69639999998: MET_Broker: Cloudlet #1300 return received
23769.69639999998: MET_Broker: The number of finished Cloudlets is:1300
23780.911599999978: MET_Broker: Cloudlet #1302 return received
23780.911599999978: MET_Broker: The number of finished Cloudlets is:1301
23787.208399999978: MET_Broker: Cloudlet #1303 return received
23787.208399999978: MET_Broker: The number of finished Cloudlets is:1302
23790.01639999998: MET_Broker: Cloudlet #1304 return received
23790.01639999998: MET_Broker: The number of finished Cloudlets is:1303
23795.64799999998: MET_Broker: Cloudlet #1301 return received
23795.64799999998: MET_Broker: The number of finished Cloudlets is:1304
23828.08719999998: MET_Broker: Cloudlet #1305 return received
23828.08719999998: MET_Broker: The number of finished Cloudlets is:1305
23854.56719999998: MET_Broker: Cloudlet #1308 return received
23854.56719999998: MET_Broker: The number of finished Cloudlets is:1306
23862.81119999998: MET_Broker: Cloudlet #1309 return received
23862.81119999998: MET_Broker: The number of finished Cloudlets is:1307
23997.03479999998: MET_Broker: Cloudlet #1307 return received
23997.03479999998: MET_Broker: The number of finished Cloudlets is:1308
24005.280399999978: MET_Broker: Cloudlet #1310 return received
24005.280399999978: MET_Broker: The number of finished Cloudlets is:1309
24010.215199999977: MET_Broker: Cloudlet #1306 return received
24010.215199999977: MET_Broker: The number of finished Cloudlets is:1310
24018.755999999976: MET_Broker: Cloudlet #1313 return received
24018.755999999976: MET_Broker: The number of finished Cloudlets is:1311
24027.674399999974: MET_Broker: Cloudlet #1314 return received
24027.674399999974: MET_Broker: The number of finished Cloudlets is:1312
24039.209199999976: MET_Broker: Cloudlet #1311 return received
24039.209199999976: MET_Broker: The number of finished Cloudlets is:1313
24047.048399999974: MET_Broker: Cloudlet #1299 return received
24047.048399999974: MET_Broker: The number of finished Cloudlets is:1314
24047.655199999976: MET_Broker: Cloudlet #1312 return received
24047.655199999976: MET_Broker: The number of finished Cloudlets is:1315
24061.069599999977: MET_Broker: Cloudlet #1318 return received
24061.069599999977: MET_Broker: The number of finished Cloudlets is:1316
24063.564399999977: MET_Broker: Cloudlet #1317 return received
24063.564399999977: MET_Broker: The number of finished Cloudlets is:1317
24081.202399999976: MET_Broker: Cloudlet #1315 return received
24081.202399999976: MET_Broker: The number of finished Cloudlets is:1318
24090.455999999976: MET_Broker: Cloudlet #1316 return received
24090.455999999976: MET_Broker: The number of finished Cloudlets is:1319
24098.809999999976: MET_Broker: Cloudlet #1319 return received
24098.809999999976: MET_Broker: The number of finished Cloudlets is:1320
24099.829599999975: MET_Broker: Cloudlet #1320 return received
24099.829599999975: MET_Broker: The number of finished Cloudlets is:1321
24120.951599999975: MET_Broker: Cloudlet #1321 return received
24120.951599999975: MET_Broker: The number of finished Cloudlets is:1322
24142.717999999975: MET_Broker: Cloudlet #1322 return received
24142.717999999975: MET_Broker: The number of finished Cloudlets is:1323
24157.640399999975: MET_Broker: Cloudlet #1324 return received
24157.640399999975: MET_Broker: The number of finished Cloudlets is:1324
24162.555199999973: MET_Broker: Cloudlet #1325 return received
24162.555199999973: MET_Broker: The number of finished Cloudlets is:1325
24218.301199999973: MET_Broker: Cloudlet #1328 return received
24218.301199999973: MET_Broker: The number of finished Cloudlets is:1326
24271.481599999974: MET_Broker: Cloudlet #1323 return received
24271.481599999974: MET_Broker: The number of finished Cloudlets is:1327
24293.632399999973: MET_Broker: Cloudlet #1330 return received
24293.632399999973: MET_Broker: The number of finished Cloudlets is:1328
24299.116799999974: MET_Broker: Cloudlet #1326 return received
24299.116799999974: MET_Broker: The number of finished Cloudlets is:1329
24310.832799999975: MET_Broker: Cloudlet #1329 return received
24310.832799999975: MET_Broker: The number of finished Cloudlets is:1330
24325.213599999974: MET_Broker: Cloudlet #1333 return received
24325.213599999974: MET_Broker: The number of finished Cloudlets is:1331
24334.103599999973: MET_Broker: Cloudlet #1331 return received
24334.103599999973: MET_Broker: The number of finished Cloudlets is:1332
24350.80799999997: MET_Broker: Cloudlet #1335 return received
24350.80799999997: MET_Broker: The number of finished Cloudlets is:1333
24381.598399999973: MET_Broker: Cloudlet #1334 return received
24381.598399999973: MET_Broker: The number of finished Cloudlets is:1334
24404.25039999997: MET_Broker: Cloudlet #1337 return received
24404.25039999997: MET_Broker: The number of finished Cloudlets is:1335
24412.52319999997: MET_Broker: Cloudlet #1336 return received
24412.52319999997: MET_Broker: The number of finished Cloudlets is:1336
24422.21599999997: MET_Broker: Cloudlet #1338 return received
24422.21599999997: MET_Broker: The number of finished Cloudlets is:1337
24433.37399999997: MET_Broker: Cloudlet #1327 return received
24433.37399999997: MET_Broker: The number of finished Cloudlets is:1338
24449.77199999997: MET_Broker: Cloudlet #1341 return received
24449.77199999997: MET_Broker: The number of finished Cloudlets is:1339
24451.571199999973: MET_Broker: Cloudlet #1339 return received
24451.571199999973: MET_Broker: The number of finished Cloudlets is:1340
24464.472399999973: MET_Broker: Cloudlet #1340 return received
24464.472399999973: MET_Broker: The number of finished Cloudlets is:1341
24476.144399999972: MET_Broker: Cloudlet #1344 return received
24476.144399999972: MET_Broker: The number of finished Cloudlets is:1342
24489.82039999997: MET_Broker: Cloudlet #1332 return received
24489.82039999997: MET_Broker: The number of finished Cloudlets is:1343
24528.22839999997: MET_Broker: Cloudlet #1346 return received
24528.22839999997: MET_Broker: The number of finished Cloudlets is:1344
24529.025999999973: MET_Broker: Cloudlet #1345 return received
24529.025999999973: MET_Broker: The number of finished Cloudlets is:1345
24614.64599999997: MET_Broker: Cloudlet #1342 return received
24614.64599999997: MET_Broker: The number of finished Cloudlets is:1346
24652.660799999972: MET_Broker: Cloudlet #1343 return received
24652.660799999972: MET_Broker: The number of finished Cloudlets is:1347
24653.46599999997: MET_Broker: Cloudlet #1349 return received
24653.46599999997: MET_Broker: The number of finished Cloudlets is:1348
24669.144399999972: MET_Broker: Cloudlet #1351 return received
24669.144399999972: MET_Broker: The number of finished Cloudlets is:1349
24691.83799999997: MET_Broker: Cloudlet #1350 return received
24691.83799999997: MET_Broker: The number of finished Cloudlets is:1350
24708.91639999997: MET_Broker: Cloudlet #1353 return received
24708.91639999997: MET_Broker: The number of finished Cloudlets is:1351
24709.102799999968: MET_Broker: Cloudlet #1348 return received
24709.102799999968: MET_Broker: The number of finished Cloudlets is:1352
24722.609999999968: MET_Broker: Cloudlet #1354 return received
24722.609999999968: MET_Broker: The number of finished Cloudlets is:1353
24744.008399999966: MET_Broker: Cloudlet #1356 return received
24744.008399999966: MET_Broker: The number of finished Cloudlets is:1354
24745.569199999965: MET_Broker: Cloudlet #1347 return received
24745.569199999965: MET_Broker: The number of finished Cloudlets is:1355
24751.339999999964: MET_Broker: Cloudlet #1357 return received
24751.339999999964: MET_Broker: The number of finished Cloudlets is:1356
24758.272799999962: MET_Broker: Cloudlet #1355 return received
24758.272799999962: MET_Broker: The number of finished Cloudlets is:1357
24759.813999999962: MET_Broker: Cloudlet #1358 return received
24759.813999999962: MET_Broker: The number of finished Cloudlets is:1358
24767.39279999996: MET_Broker: Cloudlet #1361 return received
24767.39279999996: MET_Broker: The number of finished Cloudlets is:1359
24778.85079999996: MET_Broker: Cloudlet #1359 return received
24778.85079999996: MET_Broker: The number of finished Cloudlets is:1360
24796.36999999996: MET_Broker: Cloudlet #1360 return received
24796.36999999996: MET_Broker: The number of finished Cloudlets is:1361
24818.34199999996: MET_Broker: Cloudlet #1364 return received
24818.34199999996: MET_Broker: The number of finished Cloudlets is:1362
24830.04839999996: MET_Broker: Cloudlet #1363 return received
24830.04839999996: MET_Broker: The number of finished Cloudlets is:1363
24832.95479999996: MET_Broker: Cloudlet #1365 return received
24832.95479999996: MET_Broker: The number of finished Cloudlets is:1364
24837.92039999996: MET_Broker: Cloudlet #1352 return received
24837.92039999996: MET_Broker: The number of finished Cloudlets is:1365
24846.60279999996: MET_Broker: Cloudlet #1366 return received
24846.60279999996: MET_Broker: The number of finished Cloudlets is:1366
24869.91719999996: MET_Broker: Cloudlet #1369 return received
24869.91719999996: MET_Broker: The number of finished Cloudlets is:1367
24877.32239999996: MET_Broker: Cloudlet #1370 return received
24877.32239999996: MET_Broker: The number of finished Cloudlets is:1368
24885.03479999996: MET_Broker: Cloudlet #1367 return received
24885.03479999996: MET_Broker: The number of finished Cloudlets is:1369
24887.51639999996: MET_Broker: Cloudlet #1368 return received
24887.51639999996: MET_Broker: The number of finished Cloudlets is:1370
24922.009999999962: MET_Broker: Cloudlet #1372 return received
24922.009999999962: MET_Broker: The number of finished Cloudlets is:1371
24935.749999999964: MET_Broker: Cloudlet #1371 return received
24935.749999999964: MET_Broker: The number of finished Cloudlets is:1372
24984.672399999963: MET_Broker: Cloudlet #1375 return received
24984.672399999963: MET_Broker: The number of finished Cloudlets is:1373
25016.077199999963: MET_Broker: Cloudlet #1362 return received
25016.077199999963: MET_Broker: The number of finished Cloudlets is:1374
25073.478399999964: MET_Broker: Cloudlet #1377 return received
25073.478399999964: MET_Broker: The number of finished Cloudlets is:1375
25088.85519999996: MET_Broker: Cloudlet #1373 return received
25088.85519999996: MET_Broker: The number of finished Cloudlets is:1376
25103.352399999963: MET_Broker: Cloudlet #1379 return received
25103.352399999963: MET_Broker: The number of finished Cloudlets is:1377
25111.735199999963: MET_Broker: Cloudlet #1380 return received
25111.735199999963: MET_Broker: The number of finished Cloudlets is:1378
25168.12119999996: MET_Broker: Cloudlet #1381 return received
25168.12119999996: MET_Broker: The number of finished Cloudlets is:1379
25212.575199999963: MET_Broker: Cloudlet #1374 return received
25212.575199999963: MET_Broker: The number of finished Cloudlets is:1380
25220.023199999963: MET_Broker: Cloudlet #1378 return received
25220.023199999963: MET_Broker: The number of finished Cloudlets is:1381
25233.557999999965: MET_Broker: Cloudlet #1383 return received
25233.557999999965: MET_Broker: The number of finished Cloudlets is:1382
25291.355599999966: MET_Broker: Cloudlet #1385 return received
25291.355599999966: MET_Broker: The number of finished Cloudlets is:1383
25309.341199999966: MET_Broker: Cloudlet #1386 return received
25309.341199999966: MET_Broker: The number of finished Cloudlets is:1384
25311.175199999965: MET_Broker: Cloudlet #1376 return received
25311.175199999965: MET_Broker: The number of finished Cloudlets is:1385
25363.992799999964: MET_Broker: Cloudlet #1387 return received
25363.992799999964: MET_Broker: The number of finished Cloudlets is:1386
25369.909599999963: MET_Broker: Cloudlet #1388 return received
25369.909599999963: MET_Broker: The number of finished Cloudlets is:1387
25384.325599999964: MET_Broker: Cloudlet #1390 return received
25384.325599999964: MET_Broker: The number of finished Cloudlets is:1388
25385.325999999965: MET_Broker: Cloudlet #1382 return received
25385.325999999965: MET_Broker: The number of finished Cloudlets is:1389
25387.541199999963: MET_Broker: Cloudlet #1389 return received
25387.541199999963: MET_Broker: The number of finished Cloudlets is:1390
25398.173199999965: MET_Broker: Cloudlet #1392 return received
25398.173199999965: MET_Broker: The number of finished Cloudlets is:1391
25424.946399999964: MET_Broker: Cloudlet #1394 return received
25424.946399999964: MET_Broker: The number of finished Cloudlets is:1392
25472.528799999964: MET_Broker: Cloudlet #1395 return received
25472.528799999964: MET_Broker: The number of finished Cloudlets is:1393
25527.489999999965: MET_Broker: Cloudlet #1384 return received
25527.489999999965: MET_Broker: The number of finished Cloudlets is:1394
25532.143199999966: MET_Broker: Cloudlet #1396 return received
25532.143199999966: MET_Broker: The number of finished Cloudlets is:1395
25533.603599999966: MET_Broker: Cloudlet #1393 return received
25533.603599999966: MET_Broker: The number of finished Cloudlets is:1396
25544.762799999964: MET_Broker: Cloudlet #1391 return received
25544.762799999964: MET_Broker: The number of finished Cloudlets is:1397
25548.031199999965: MET_Broker: Cloudlet #1398 return received
25548.031199999965: MET_Broker: The number of finished Cloudlets is:1398
25558.843599999964: MET_Broker: Cloudlet #1400 return received
25558.843599999964: MET_Broker: The number of finished Cloudlets is:1399
25564.539199999963: MET_Broker: Cloudlet #1397 return received
25564.539199999963: MET_Broker: The number of finished Cloudlets is:1400
25574.596799999963: MET_Broker: Cloudlet #1403 return received
25574.596799999963: MET_Broker: The number of finished Cloudlets is:1401
25576.857199999962: MET_Broker: Cloudlet #1402 return received
25576.857199999962: MET_Broker: The number of finished Cloudlets is:1402
25585.298399999963: MET_Broker: Cloudlet #1404 return received
25585.298399999963: MET_Broker: The number of finished Cloudlets is:1403
25601.291999999965: MET_Broker: Cloudlet #1406 return received
25601.291999999965: MET_Broker: The number of finished Cloudlets is:1404
25620.641599999966: MET_Broker: Cloudlet #1405 return received
25620.641599999966: MET_Broker: The number of finished Cloudlets is:1405
25633.257999999965: MET_Broker: Cloudlet #1408 return received
25633.257999999965: MET_Broker: The number of finished Cloudlets is:1406
25633.357199999966: MET_Broker: Cloudlet #1407 return received
25633.357199999966: MET_Broker: The number of finished Cloudlets is:1407
25636.493199999964: MET_Broker: Cloudlet #1399 return received
25636.493199999964: MET_Broker: The number of finished Cloudlets is:1408
25642.256399999966: MET_Broker: Cloudlet #1409 return received
25642.256399999966: MET_Broker: The number of finished Cloudlets is:1409
25645.467199999966: MET_Broker: Cloudlet #1411 return received
25645.467199999966: MET_Broker: The number of finished Cloudlets is:1410
25650.790399999965: MET_Broker: Cloudlet #1401 return received
25650.790399999965: MET_Broker: The number of finished Cloudlets is:1411
25657.495599999966: MET_Broker: Cloudlet #1410 return received
25657.495599999966: MET_Broker: The number of finished Cloudlets is:1412
25660.352799999964: MET_Broker: Cloudlet #1412 return received
25660.352799999964: MET_Broker: The number of finished Cloudlets is:1413
25673.381999999965: MET_Broker: Cloudlet #1413 return received
25673.381999999965: MET_Broker: The number of finished Cloudlets is:1414
25678.447599999967: MET_Broker: Cloudlet #1414 return received
25678.447599999967: MET_Broker: The number of finished Cloudlets is:1415
25690.158399999968: MET_Broker: Cloudlet #1417 return received
25690.158399999968: MET_Broker: The number of finished Cloudlets is:1416
25690.929599999967: MET_Broker: Cloudlet #1418 return received
25690.929599999967: MET_Broker: The number of finished Cloudlets is:1417
25728.594799999966: MET_Broker: Cloudlet #1419 return received
25728.594799999966: MET_Broker: The number of finished Cloudlets is:1418
25739.780399999967: MET_Broker: Cloudlet #1421 return received
25739.780399999967: MET_Broker: The number of finished Cloudlets is:1419
25820.395599999967: MET_Broker: Cloudlet #1420 return received
25820.395599999967: MET_Broker: The number of finished Cloudlets is:1420
25827.410399999968: MET_Broker: Cloudlet #1423 return received
25827.410399999968: MET_Broker: The number of finished Cloudlets is:1421
25854.70399999997: MET_Broker: Cloudlet #1415 return received
25854.70399999997: MET_Broker: The number of finished Cloudlets is:1422
25860.48639999997: MET_Broker: Cloudlet #1422 return received
25860.48639999997: MET_Broker: The number of finished Cloudlets is:1423
25925.00119999997: MET_Broker: Cloudlet #1416 return received
25925.00119999997: MET_Broker: The number of finished Cloudlets is:1424
25960.05239999997: MET_Broker: Cloudlet #1427 return received
25960.05239999997: MET_Broker: The number of finished Cloudlets is:1425
25991.69719999997: MET_Broker: Cloudlet #1424 return received
25991.69719999997: MET_Broker: The number of finished Cloudlets is:1426
25999.28599999997: MET_Broker: Cloudlet #1429 return received
25999.28599999997: MET_Broker: The number of finished Cloudlets is:1427
26032.757999999973: MET_Broker: Cloudlet #1425 return received
26032.757999999973: MET_Broker: The number of finished Cloudlets is:1428
26049.25759999997: MET_Broker: Cloudlet #1430 return received
26049.25759999997: MET_Broker: The number of finished Cloudlets is:1429
26069.175199999972: MET_Broker: Cloudlet #1432 return received
26069.175199999972: MET_Broker: The number of finished Cloudlets is:1430
26087.30079999997: MET_Broker: Cloudlet #1428 return received
26087.30079999997: MET_Broker: The number of finished Cloudlets is:1431
26100.26399999997: MET_Broker: Cloudlet #1434 return received
26100.26399999997: MET_Broker: The number of finished Cloudlets is:1432
26117.70079999997: MET_Broker: Cloudlet #1433 return received
26117.70079999997: MET_Broker: The number of finished Cloudlets is:1433
26140.01639999997: MET_Broker: Cloudlet #1431 return received
26140.01639999997: MET_Broker: The number of finished Cloudlets is:1434
26151.85999999997: MET_Broker: Cloudlet #1437 return received
26151.85999999997: MET_Broker: The number of finished Cloudlets is:1435
26154.68719999997: MET_Broker: Cloudlet #1435 return received
26154.68719999997: MET_Broker: The number of finished Cloudlets is:1436
26162.669999999973: MET_Broker: Cloudlet #1438 return received
26162.669999999973: MET_Broker: The number of finished Cloudlets is:1437
26170.69079999997: MET_Broker: Cloudlet #1439 return received
26170.69079999997: MET_Broker: The number of finished Cloudlets is:1438
26199.32359999997: MET_Broker: Cloudlet #1441 return received
26199.32359999997: MET_Broker: The number of finished Cloudlets is:1439
26205.784799999972: MET_Broker: Cloudlet #1426 return received
26205.784799999972: MET_Broker: The number of finished Cloudlets is:1440
26214.414799999973: MET_Broker: Cloudlet #1436 return received
26214.414799999973: MET_Broker: The number of finished Cloudlets is:1441
26217.505599999975: MET_Broker: Cloudlet #1442 return received
26217.505599999975: MET_Broker: The number of finished Cloudlets is:1442
26218.954399999973: MET_Broker: Cloudlet #1440 return received
26218.954399999973: MET_Broker: The number of finished Cloudlets is:1443
26236.189999999973: MET_Broker: Cloudlet #1446 return received
26236.189999999973: MET_Broker: The number of finished Cloudlets is:1444
26259.803599999974: MET_Broker: Cloudlet #1444 return received
26259.803599999974: MET_Broker: The number of finished Cloudlets is:1445
26276.262799999975: MET_Broker: Cloudlet #1448 return received
26276.262799999975: MET_Broker: The number of finished Cloudlets is:1446
26326.908399999975: MET_Broker: Cloudlet #1447 return received
26326.908399999975: MET_Broker: The number of finished Cloudlets is:1447
26329.365599999976: MET_Broker: Cloudlet #1449 return received
26329.365599999976: MET_Broker: The number of finished Cloudlets is:1448
26337.899599999975: MET_Broker: Cloudlet #1450 return received
26337.899599999975: MET_Broker: The number of finished Cloudlets is:1449
26368.427199999976: MET_Broker: Cloudlet #1452 return received
26368.427199999976: MET_Broker: The number of finished Cloudlets is:1450
26374.908399999975: MET_Broker: Cloudlet #1443 return received
26374.908399999975: MET_Broker: The number of finished Cloudlets is:1451
26390.808399999976: MET_Broker: Cloudlet #1453 return received
26390.808399999976: MET_Broker: The number of finished Cloudlets is:1452
26403.760399999977: MET_Broker: Cloudlet #1455 return received
26403.760399999977: MET_Broker: The number of finished Cloudlets is:1453
26411.868399999978: MET_Broker: Cloudlet #1451 return received
26411.868399999978: MET_Broker: The number of finished Cloudlets is:1454
26418.606799999976: MET_Broker: Cloudlet #1454 return received
26418.606799999976: MET_Broker: The number of finished Cloudlets is:1455
26429.139199999976: MET_Broker: Cloudlet #1456 return received
26429.139199999976: MET_Broker: The number of finished Cloudlets is:1456
26444.229999999978: MET_Broker: Cloudlet #1457 return received
26444.229999999978: MET_Broker: The number of finished Cloudlets is:1457
26446.33999999998: MET_Broker: Cloudlet #1445 return received
26446.33999999998: MET_Broker: The number of finished Cloudlets is:1458
26544.60319999998: MET_Broker: Cloudlet #1459 return received
26544.60319999998: MET_Broker: The number of finished Cloudlets is:1459
26574.57159999998: MET_Broker: Cloudlet #1462 return received
26574.57159999998: MET_Broker: The number of finished Cloudlets is:1460
26589.519999999982: MET_Broker: Cloudlet #1461 return received
26589.519999999982: MET_Broker: The number of finished Cloudlets is:1461
26666.673199999983: MET_Broker: Cloudlet #1460 return received
26666.673199999983: MET_Broker: The number of finished Cloudlets is:1462
26679.00879999998: MET_Broker: Cloudlet #1464 return received
26679.00879999998: MET_Broker: The number of finished Cloudlets is:1463
26687.05319999998: MET_Broker: Cloudlet #1458 return received
26687.05319999998: MET_Broker: The number of finished Cloudlets is:1464
26703.42439999998: MET_Broker: Cloudlet #1467 return received
26703.42439999998: MET_Broker: The number of finished Cloudlets is:1465
26710.469999999983: MET_Broker: Cloudlet #1468 return received
26710.469999999983: MET_Broker: The number of finished Cloudlets is:1466
26728.287199999984: MET_Broker: Cloudlet #1469 return received
26728.287199999984: MET_Broker: The number of finished Cloudlets is:1467
26745.164399999983: MET_Broker: Cloudlet #1470 return received
26745.164399999983: MET_Broker: The number of finished Cloudlets is:1468
26826.434799999985: MET_Broker: Cloudlet #1465 return received
26826.434799999985: MET_Broker: The number of finished Cloudlets is:1469
26907.556399999983: MET_Broker: Cloudlet #1466 return received
26907.556399999983: MET_Broker: The number of finished Cloudlets is:1470
26910.864399999984: MET_Broker: Cloudlet #1463 return received
26910.864399999984: MET_Broker: The number of finished Cloudlets is:1471
26926.479599999984: MET_Broker: Cloudlet #1471 return received
26926.479599999984: MET_Broker: The number of finished Cloudlets is:1472
26938.192799999983: MET_Broker: Cloudlet #1474 return received
26938.192799999983: MET_Broker: The number of finished Cloudlets is:1473
26943.53039999998: MET_Broker: Cloudlet #1475 return received
26943.53039999998: MET_Broker: The number of finished Cloudlets is:1474
26954.83759999998: MET_Broker: Cloudlet #1476 return received
26954.83759999998: MET_Broker: The number of finished Cloudlets is:1475
26970.77639999998: MET_Broker: Cloudlet #1478 return received
26970.77639999998: MET_Broker: The number of finished Cloudlets is:1476
27004.24919999998: MET_Broker: Cloudlet #1479 return received
27004.24919999998: MET_Broker: The number of finished Cloudlets is:1477
27004.74959999998: MET_Broker: Cloudlet #1472 return received
27004.74959999998: MET_Broker: The number of finished Cloudlets is:1478
27018.52759999998: MET_Broker: Cloudlet #1481 return received
27018.52759999998: MET_Broker: The number of finished Cloudlets is:1479
27022.97959999998: MET_Broker: Cloudlet #1480 return received
27022.97959999998: MET_Broker: The number of finished Cloudlets is:1480
27046.05519999998: MET_Broker: Cloudlet #1482 return received
27046.05519999998: MET_Broker: The number of finished Cloudlets is:1481
27046.84639999998: MET_Broker: Cloudlet #1483 return received
27046.84639999998: MET_Broker: The number of finished Cloudlets is:1482
27102.129599999982: MET_Broker: Cloudlet #1473 return received
27102.129599999982: MET_Broker: The number of finished Cloudlets is:1483
27143.00479999998: MET_Broker: Cloudlet #1486 return received
27143.00479999998: MET_Broker: The number of finished Cloudlets is:1484
27155.20119999998: MET_Broker: Cloudlet #1487 return received
27155.20119999998: MET_Broker: The number of finished Cloudlets is:1485
27171.31919999998: MET_Broker: Cloudlet #1477 return received
27171.31919999998: MET_Broker: The number of finished Cloudlets is:1486
27231.23639999998: MET_Broker: Cloudlet #1484 return received
27231.23639999998: MET_Broker: The number of finished Cloudlets is:1487
27348.19079999998: MET_Broker: Cloudlet #1489 return received
27348.19079999998: MET_Broker: The number of finished Cloudlets is:1488
27367.97919999998: MET_Broker: Cloudlet #1490 return received
27367.97919999998: MET_Broker: The number of finished Cloudlets is:1489
27400.96079999998: MET_Broker: Cloudlet #1485 return received
27400.96079999998: MET_Broker: The number of finished Cloudlets is:1490
27410.95519999998: MET_Broker: Cloudlet #1493 return received
27410.95519999998: MET_Broker: The number of finished Cloudlets is:1491
27418.27879999998: MET_Broker: Cloudlet #1492 return received
27418.27879999998: MET_Broker: The number of finished Cloudlets is:1492
27459.254799999977: MET_Broker: Cloudlet #1494 return received
27459.254799999977: MET_Broker: The number of finished Cloudlets is:1493
27466.814399999977: MET_Broker: Cloudlet #1488 return received
27466.814399999977: MET_Broker: The number of finished Cloudlets is:1494
27494.478399999978: MET_Broker: Cloudlet #1496 return received
27494.478399999978: MET_Broker: The number of finished Cloudlets is:1495
27513.10079999998: MET_Broker: Cloudlet #1497 return received
27513.10079999998: MET_Broker: The number of finished Cloudlets is:1496
27527.585999999978: MET_Broker: Cloudlet #1498 return received
27527.585999999978: MET_Broker: The number of finished Cloudlets is:1497
27545.36159999998: MET_Broker: Cloudlet #1500 return received
27545.36159999998: MET_Broker: The number of finished Cloudlets is:1498
27623.57239999998: MET_Broker: Cloudlet #1499 return received
27623.57239999998: MET_Broker: The number of finished Cloudlets is:1499
27667.67679999998: MET_Broker: Cloudlet #1502 return received
27667.67679999998: MET_Broker: The number of finished Cloudlets is:1500
27678.40199999998: MET_Broker: Cloudlet #1495 return received
27678.40199999998: MET_Broker: The number of finished Cloudlets is:1501
27697.80199999998: MET_Broker: Cloudlet #1504 return received
27697.80199999998: MET_Broker: The number of finished Cloudlets is:1502
27700.69879999998: MET_Broker: Cloudlet #1491 return received
27700.69879999998: MET_Broker: The number of finished Cloudlets is:1503
27706.64839999998: MET_Broker: Cloudlet #1503 return received
27706.64839999998: MET_Broker: The number of finished Cloudlets is:1504
27708.03759999998: MET_Broker: Cloudlet #1505 return received
27708.03759999998: MET_Broker: The number of finished Cloudlets is:1505
27718.363999999983: MET_Broker: Cloudlet #1508 return received
27718.363999999983: MET_Broker: The number of finished Cloudlets is:1506
27729.154799999982: MET_Broker: Cloudlet #1507 return received
27729.154799999982: MET_Broker: The number of finished Cloudlets is:1507
27732.315599999984: MET_Broker: Cloudlet #1506 return received
27732.315599999984: MET_Broker: The number of finished Cloudlets is:1508
27743.170399999985: MET_Broker: Cloudlet #1509 return received
27743.170399999985: MET_Broker: The number of finished Cloudlets is:1509
27769.426399999986: MET_Broker: Cloudlet #1510 return received
27769.426399999986: MET_Broker: The number of finished Cloudlets is:1510
27797.045999999988: MET_Broker: Cloudlet #1501 return received
27797.045999999988: MET_Broker: The number of finished Cloudlets is:1511
27812.61879999999: MET_Broker: Cloudlet #1511 return received
27812.61879999999: MET_Broker: The number of finished Cloudlets is:1512
27873.87599999999: MET_Broker: Cloudlet #1514 return received
27873.87599999999: MET_Broker: The number of finished Cloudlets is:1513
27890.33879999999: MET_Broker: Cloudlet #1513 return received
27890.33879999999: MET_Broker: The number of finished Cloudlets is:1514
27898.404399999992: MET_Broker: Cloudlet #1517 return received
27898.404399999992: MET_Broker: The number of finished Cloudlets is:1515
27901.785599999992: MET_Broker: Cloudlet #1516 return received
27901.785599999992: MET_Broker: The number of finished Cloudlets is:1516
27951.93479999999: MET_Broker: Cloudlet #1519 return received
27951.93479999999: MET_Broker: The number of finished Cloudlets is:1517
27965.604399999993: MET_Broker: Cloudlet #1512 return received
27965.604399999993: MET_Broker: The number of finished Cloudlets is:1518
27975.79799999999: MET_Broker: Cloudlet #1521 return received
27975.79799999999: MET_Broker: The number of finished Cloudlets is:1519
27995.83319999999: MET_Broker: Cloudlet #1518 return received
27995.83319999999: MET_Broker: The number of finished Cloudlets is:1520
28012.89959999999: MET_Broker: Cloudlet #1523 return received
28012.89959999999: MET_Broker: The number of finished Cloudlets is:1521
28047.684799999988: MET_Broker: Cloudlet #1515 return received
28047.684799999988: MET_Broker: The number of finished Cloudlets is:1522
28062.903599999987: MET_Broker: Cloudlet #1524 return received
28062.903599999987: MET_Broker: The number of finished Cloudlets is:1523
28071.10399999999: MET_Broker: Cloudlet #1526 return received
28071.10399999999: MET_Broker: The number of finished Cloudlets is:1524
28096.151999999987: MET_Broker: Cloudlet #1522 return received
28096.151999999987: MET_Broker: The number of finished Cloudlets is:1525
28109.443599999988: MET_Broker: Cloudlet #1528 return received
28109.443599999988: MET_Broker: The number of finished Cloudlets is:1526
28122.39039999999: MET_Broker: Cloudlet #1527 return received
28122.39039999999: MET_Broker: The number of finished Cloudlets is:1527
28135.873599999988: MET_Broker: Cloudlet #1529 return received
28135.873599999988: MET_Broker: The number of finished Cloudlets is:1528
28158.729199999987: MET_Broker: Cloudlet #1530 return received
28158.729199999987: MET_Broker: The number of finished Cloudlets is:1529
28177.848399999988: MET_Broker: Cloudlet #1532 return received
28177.848399999988: MET_Broker: The number of finished Cloudlets is:1530
28191.23399999999: MET_Broker: Cloudlet #1520 return received
28191.23399999999: MET_Broker: The number of finished Cloudlets is:1531
28201.40719999999: MET_Broker: Cloudlet #1534 return received
28201.40719999999: MET_Broker: The number of finished Cloudlets is:1532
28230.255199999992: MET_Broker: Cloudlet #1533 return received
28230.255199999992: MET_Broker: The number of finished Cloudlets is:1533
28242.243199999994: MET_Broker: Cloudlet #1535 return received
28242.243199999994: MET_Broker: The number of finished Cloudlets is:1534
28250.066399999992: MET_Broker: Cloudlet #1537 return received
28250.066399999992: MET_Broker: The number of finished Cloudlets is:1535
28274.800799999994: MET_Broker: Cloudlet #1538 return received
28274.800799999994: MET_Broker: The number of finished Cloudlets is:1536
28377.254399999994: MET_Broker: Cloudlet #1525 return received
28377.254399999994: MET_Broker: The number of finished Cloudlets is:1537
28386.143599999996: MET_Broker: Cloudlet #1536 return received
28386.143599999996: MET_Broker: The number of finished Cloudlets is:1538
28391.542399999995: MET_Broker: Cloudlet #1540 return received
28391.542399999995: MET_Broker: The number of finished Cloudlets is:1539
28398.636799999997: MET_Broker: Cloudlet #1531 return received
28398.636799999997: MET_Broker: The number of finished Cloudlets is:1540
28401.958799999997: MET_Broker: Cloudlet #1539 return received
28401.958799999997: MET_Broker: The number of finished Cloudlets is:1541
28411.465599999996: MET_Broker: Cloudlet #1542 return received
28411.465599999996: MET_Broker: The number of finished Cloudlets is:1542
28414.166399999995: MET_Broker: Cloudlet #1541 return received
28414.166399999995: MET_Broker: The number of finished Cloudlets is:1543
28473.863999999994: MET_Broker: Cloudlet #1545 return received
28473.863999999994: MET_Broker: The number of finished Cloudlets is:1544
28516.649599999993: MET_Broker: Cloudlet #1544 return received
28516.649599999993: MET_Broker: The number of finished Cloudlets is:1545
28553.706799999993: MET_Broker: Cloudlet #1546 return received
28553.706799999993: MET_Broker: The number of finished Cloudlets is:1546
28565.59999999999: MET_Broker: Cloudlet #1549 return received
28565.59999999999: MET_Broker: The number of finished Cloudlets is:1547
28590.16479999999: MET_Broker: Cloudlet #1547 return received
28590.16479999999: MET_Broker: The number of finished Cloudlets is:1548
28623.99679999999: MET_Broker: Cloudlet #1550 return received
28623.99679999999: MET_Broker: The number of finished Cloudlets is:1549
28635.58439999999: MET_Broker: Cloudlet #1552 return received
28635.58439999999: MET_Broker: The number of finished Cloudlets is:1550
28645.62599999999: MET_Broker: Cloudlet #1551 return received
28645.62599999999: MET_Broker: The number of finished Cloudlets is:1551
28661.54639999999: MET_Broker: Cloudlet #1543 return received
28661.54639999999: MET_Broker: The number of finished Cloudlets is:1552
28671.99799999999: MET_Broker: Cloudlet #1553 return received
28671.99799999999: MET_Broker: The number of finished Cloudlets is:1553
28675.07719999999: MET_Broker: Cloudlet #1554 return received
28675.07719999999: MET_Broker: The number of finished Cloudlets is:1554
28700.785199999988: MET_Broker: Cloudlet #1555 return received
28700.785199999988: MET_Broker: The number of finished Cloudlets is:1555
28715.377199999988: MET_Broker: Cloudlet #1556 return received
28715.377199999988: MET_Broker: The number of finished Cloudlets is:1556
28729.40319999999: MET_Broker: Cloudlet #1557 return received
28729.40319999999: MET_Broker: The number of finished Cloudlets is:1557
28762.71919999999: MET_Broker: Cloudlet #1560 return received
28762.71919999999: MET_Broker: The number of finished Cloudlets is:1558
28775.79919999999: MET_Broker: Cloudlet #1561 return received
28775.79919999999: MET_Broker: The number of finished Cloudlets is:1559
28789.61439999999: MET_Broker: Cloudlet #1558 return received
28789.61439999999: MET_Broker: The number of finished Cloudlets is:1560
28794.756799999992: MET_Broker: Cloudlet #1562 return received
28794.756799999992: MET_Broker: The number of finished Cloudlets is:1561
28808.55159999999: MET_Broker: Cloudlet #1563 return received
28808.55159999999: MET_Broker: The number of finished Cloudlets is:1562
28830.34399999999: MET_Broker: Cloudlet #1548 return received
28830.34399999999: MET_Broker: The number of finished Cloudlets is:1563
28834.11879999999: MET_Broker: Cloudlet #1565 return received
28834.11879999999: MET_Broker: The number of finished Cloudlets is:1564
28849.15159999999: MET_Broker: Cloudlet #1566 return received
28849.15159999999: MET_Broker: The number of finished Cloudlets is:1565
28887.31039999999: MET_Broker: Cloudlet #1567 return received
28887.31039999999: MET_Broker: The number of finished Cloudlets is:1566
28890.22759999999: MET_Broker: Cloudlet #1559 return received
28890.22759999999: MET_Broker: The number of finished Cloudlets is:1567
28898.79399999999: MET_Broker: Cloudlet #1570 return received
28898.79399999999: MET_Broker: The number of finished Cloudlets is:1568
28904.61079999999: MET_Broker: Cloudlet #1568 return received
28904.61079999999: MET_Broker: The number of finished Cloudlets is:1569
28923.01679999999: MET_Broker: Cloudlet #1572 return received
28923.01679999999: MET_Broker: The number of finished Cloudlets is:1570
28929.50919999999: MET_Broker: Cloudlet #1569 return received
28929.50919999999: MET_Broker: The number of finished Cloudlets is:1571
28957.79719999999: MET_Broker: Cloudlet #1574 return received
28957.79719999999: MET_Broker: The number of finished Cloudlets is:1572
28976.93319999999: MET_Broker: Cloudlet #1573 return received
28976.93319999999: MET_Broker: The number of finished Cloudlets is:1573
28988.68519999999: MET_Broker: Cloudlet #1576 return received
28988.68519999999: MET_Broker: The number of finished Cloudlets is:1574
29006.52519999999: MET_Broker: Cloudlet #1564 return received
29006.52519999999: MET_Broker: The number of finished Cloudlets is:1575
29059.26439999999: MET_Broker: Cloudlet #1571 return received
29059.26439999999: MET_Broker: The number of finished Cloudlets is:1576
29076.324799999988: MET_Broker: Cloudlet #1579 return received
29076.324799999988: MET_Broker: The number of finished Cloudlets is:1577
29122.402399999988: MET_Broker: Cloudlet #1580 return received
29122.402399999988: MET_Broker: The number of finished Cloudlets is:1578
29129.54119999999: MET_Broker: Cloudlet #1581 return received
29129.54119999999: MET_Broker: The number of finished Cloudlets is:1579
29174.703999999987: MET_Broker: Cloudlet #1575 return received
29174.703999999987: MET_Broker: The number of finished Cloudlets is:1580
29223.025999999987: MET_Broker: Cloudlet #1583 return received
29223.025999999987: MET_Broker: The number of finished Cloudlets is:1581
29239.689599999987: MET_Broker: Cloudlet #1577 return received
29239.689599999987: MET_Broker: The number of finished Cloudlets is:1582
29243.778799999985: MET_Broker: Cloudlet #1578 return received
29243.778799999985: MET_Broker: The number of finished Cloudlets is:1583
29258.602399999985: MET_Broker: Cloudlet #1586 return received
29258.602399999985: MET_Broker: The number of finished Cloudlets is:1584
29303.922799999986: MET_Broker: Cloudlet #1587 return received
29303.922799999986: MET_Broker: The number of finished Cloudlets is:1585
29407.635599999987: MET_Broker: Cloudlet #1585 return received
29407.635599999987: MET_Broker: The number of finished Cloudlets is:1586
29407.80719999999: MET_Broker: Cloudlet #1582 return received
29407.80719999999: MET_Broker: The number of finished Cloudlets is:1587
29421.52479999999: MET_Broker: Cloudlet #1589 return received
29421.52479999999: MET_Broker: The number of finished Cloudlets is:1588
29435.77359999999: MET_Broker: Cloudlet #1591 return received
29435.77359999999: MET_Broker: The number of finished Cloudlets is:1589
29449.55919999999: MET_Broker: Cloudlet #1590 return received
29449.55919999999: MET_Broker: The number of finished Cloudlets is:1590
29456.520799999988: MET_Broker: Cloudlet #1593 return received
29456.520799999988: MET_Broker: The number of finished Cloudlets is:1591
29457.54839999999: MET_Broker: Cloudlet #1588 return received
29457.54839999999: MET_Broker: The number of finished Cloudlets is:1592
29474.29559999999: MET_Broker: Cloudlet #1595 return received
29474.29559999999: MET_Broker: The number of finished Cloudlets is:1593
29503.03279999999: MET_Broker: Cloudlet #1596 return received
29503.03279999999: MET_Broker: The number of finished Cloudlets is:1594
29541.69479999999: MET_Broker: Cloudlet #1584 return received
29541.69479999999: MET_Broker: The number of finished Cloudlets is:1595
29590.88399999999: MET_Broker: Cloudlet #1598 return received
29590.88399999999: MET_Broker: The number of finished Cloudlets is:1596
29592.01519999999: MET_Broker: Cloudlet #1592 return received
29592.01519999999: MET_Broker: The number of finished Cloudlets is:1597
29606.84559999999: MET_Broker: Cloudlet #1599 return received
29606.84559999999: MET_Broker: The number of finished Cloudlets is:1598
29616.276399999988: MET_Broker: Cloudlet #1601 return received
29616.276399999988: MET_Broker: The number of finished Cloudlets is:1599
29636.182399999987: MET_Broker: Cloudlet #1597 return received
29636.182399999987: MET_Broker: The number of finished Cloudlets is:1600
29641.458799999986: MET_Broker: Cloudlet #1600 return received
29641.458799999986: MET_Broker: The number of finished Cloudlets is:1601
29655.308799999984: MET_Broker: Cloudlet #1594 return received
29655.308799999984: MET_Broker: The number of finished Cloudlets is:1602
29669.342799999984: MET_Broker: Cloudlet #1604 return received
29669.342799999984: MET_Broker: The number of finished Cloudlets is:1603
29678.683599999986: MET_Broker: Cloudlet #1606 return received
29678.683599999986: MET_Broker: The number of finished Cloudlets is:1604
29694.438399999985: MET_Broker: Cloudlet #1605 return received
29694.438399999985: MET_Broker: The number of finished Cloudlets is:1605
29702.956799999985: MET_Broker: Cloudlet #1607 return received
29702.956799999985: MET_Broker: The number of finished Cloudlets is:1606
29707.702799999985: MET_Broker: Cloudlet #1602 return received
29707.702799999985: MET_Broker: The number of finished Cloudlets is:1607
29739.989999999983: MET_Broker: Cloudlet #1603 return received
29739.989999999983: MET_Broker: The number of finished Cloudlets is:1608
29752.567199999983: MET_Broker: Cloudlet #1608 return received
29752.567199999983: MET_Broker: The number of finished Cloudlets is:1609
29774.887599999984: MET_Broker: Cloudlet #1611 return received
29774.887599999984: MET_Broker: The number of finished Cloudlets is:1610
29790.557599999982: MET_Broker: Cloudlet #1613 return received
29790.557599999982: MET_Broker: The number of finished Cloudlets is:1611
29817.42799999998: MET_Broker: Cloudlet #1612 return received
29817.42799999998: MET_Broker: The number of finished Cloudlets is:1612
29819.027599999983: MET_Broker: Cloudlet #1610 return received
29819.027599999983: MET_Broker: The number of finished Cloudlets is:1613
29824.260799999982: MET_Broker: Cloudlet #1615 return received
29824.260799999982: MET_Broker: The number of finished Cloudlets is:1614
29846.37359999998: MET_Broker: Cloudlet #1614 return received
29846.37359999998: MET_Broker: The number of finished Cloudlets is:1615
29848.48879999998: MET_Broker: Cloudlet #1616 return received
29848.48879999998: MET_Broker: The number of finished Cloudlets is:1616
29861.38479999998: MET_Broker: Cloudlet #1618 return received
29861.38479999998: MET_Broker: The number of finished Cloudlets is:1617
29861.791999999983: MET_Broker: Cloudlet #1619 return received
29861.791999999983: MET_Broker: The number of finished Cloudlets is:1618
29910.795599999983: MET_Broker: Cloudlet #1620 return received
29910.795599999983: MET_Broker: The number of finished Cloudlets is:1619
29919.758399999984: MET_Broker: Cloudlet #1617 return received
29919.758399999984: MET_Broker: The number of finished Cloudlets is:1620
29946.992799999985: MET_Broker: Cloudlet #1622 return received
29946.992799999985: MET_Broker: The number of finished Cloudlets is:1621
29978.437199999986: MET_Broker: Cloudlet #1609 return received
29978.437199999986: MET_Broker: The number of finished Cloudlets is:1622
29985.963199999987: MET_Broker: Cloudlet #1624 return received
29985.963199999987: MET_Broker: The number of finished Cloudlets is:1623
30034.344399999987: MET_Broker: Cloudlet #1621 return received
30034.344399999987: MET_Broker: The number of finished Cloudlets is:1624
30038.885999999988: MET_Broker: Cloudlet #1626 return received
30038.885999999988: MET_Broker: The number of finished Cloudlets is:1625
30047.112399999987: MET_Broker: Cloudlet #1623 return received
30047.112399999987: MET_Broker: The number of finished Cloudlets is:1626
30047.691599999987: MET_Broker: Cloudlet #1628 return received
30047.691599999987: MET_Broker: The number of finished Cloudlets is:1627
30073.650399999988: MET_Broker: Cloudlet #1630 return received
30073.650399999988: MET_Broker: The number of finished Cloudlets is:1628
30126.50359999999: MET_Broker: Cloudlet #1629 return received
30126.50359999999: MET_Broker: The number of finished Cloudlets is:1629
30129.54759999999: MET_Broker: Cloudlet #1631 return received
30129.54759999999: MET_Broker: The number of finished Cloudlets is:1630
30146.20239999999: MET_Broker: Cloudlet #1632 return received
30146.20239999999: MET_Broker: The number of finished Cloudlets is:1631
30160.848799999992: MET_Broker: Cloudlet #1625 return received
30160.848799999992: MET_Broker: The number of finished Cloudlets is:1632
30161.889199999994: MET_Broker: Cloudlet #1634 return received
30161.889199999994: MET_Broker: The number of finished Cloudlets is:1633
30168.004399999994: MET_Broker: Cloudlet #1635 return received
30168.004399999994: MET_Broker: The number of finished Cloudlets is:1634
30170.813199999993: MET_Broker: Cloudlet #1636 return received
30170.813199999993: MET_Broker: The number of finished Cloudlets is:1635
30192.072799999994: MET_Broker: Cloudlet #1627 return received
30192.072799999994: MET_Broker: The number of finished Cloudlets is:1636
30212.594399999994: MET_Broker: Cloudlet #1633 return received
30212.594399999994: MET_Broker: The number of finished Cloudlets is:1637
30212.824399999994: MET_Broker: Cloudlet #1638 return received
30212.824399999994: MET_Broker: The number of finished Cloudlets is:1638
30229.385199999993: MET_Broker: Cloudlet #1640 return received
30229.385199999993: MET_Broker: The number of finished Cloudlets is:1639
30244.131199999993: MET_Broker: Cloudlet #1641 return received
30244.131199999993: MET_Broker: The number of finished Cloudlets is:1640
30248.175999999992: MET_Broker: Cloudlet #1639 return received
30248.175999999992: MET_Broker: The number of finished Cloudlets is:1641
30262.28359999999: MET_Broker: Cloudlet #1644 return received
30262.28359999999: MET_Broker: The number of finished Cloudlets is:1642
30270.16959999999: MET_Broker: Cloudlet #1643 return received
30270.16959999999: MET_Broker: The number of finished Cloudlets is:1643
30288.62879999999: MET_Broker: Cloudlet #1646 return received
30288.62879999999: MET_Broker: The number of finished Cloudlets is:1644
30316.79399999999: MET_Broker: Cloudlet #1645 return received
30316.79399999999: MET_Broker: The number of finished Cloudlets is:1645
30340.107599999992: MET_Broker: Cloudlet #1647 return received
30340.107599999992: MET_Broker: The number of finished Cloudlets is:1646
30361.906799999993: MET_Broker: Cloudlet #1648 return received
30361.906799999993: MET_Broker: The number of finished Cloudlets is:1647
30377.943599999995: MET_Broker: Cloudlet #1649 return received
30377.943599999995: MET_Broker: The number of finished Cloudlets is:1648
30397.447599999996: MET_Broker: Cloudlet #1642 return received
30397.447599999996: MET_Broker: The number of finished Cloudlets is:1649
30431.407999999996: MET_Broker: Cloudlet #1650 return received
30431.407999999996: MET_Broker: The number of finished Cloudlets is:1650
30432.959999999995: MET_Broker: Cloudlet #1652 return received
30432.959999999995: MET_Broker: The number of finished Cloudlets is:1651
30450.589599999996: MET_Broker: Cloudlet #1653 return received
30450.589599999996: MET_Broker: The number of finished Cloudlets is:1652
30458.861199999996: MET_Broker: Cloudlet #1655 return received
30458.861199999996: MET_Broker: The number of finished Cloudlets is:1653
30479.031599999995: MET_Broker: Cloudlet #1637 return received
30479.031599999995: MET_Broker: The number of finished Cloudlets is:1654
30488.478399999996: MET_Broker: Cloudlet #1651 return received
30488.478399999996: MET_Broker: The number of finished Cloudlets is:1655
30495.021999999997: MET_Broker: Cloudlet #1658 return received
30495.021999999997: MET_Broker: The number of finished Cloudlets is:1656
30496.951199999996: MET_Broker: Cloudlet #1657 return received
30496.951199999996: MET_Broker: The number of finished Cloudlets is:1657
30510.753599999996: MET_Broker: Cloudlet #1656 return received
30510.753599999996: MET_Broker: The number of finished Cloudlets is:1658
30518.930399999997: MET_Broker: Cloudlet #1660 return received
30518.930399999997: MET_Broker: The number of finished Cloudlets is:1659
30525.094399999998: MET_Broker: Cloudlet #1661 return received
30525.094399999998: MET_Broker: The number of finished Cloudlets is:1660
30537.410799999998: MET_Broker: Cloudlet #1662 return received
30537.410799999998: MET_Broker: The number of finished Cloudlets is:1661
30542.1668: MET_Broker: Cloudlet #1659 return received
30542.1668: MET_Broker: The number of finished Cloudlets is:1662
30546.906: MET_Broker: Cloudlet #1664 return received
30546.906: MET_Broker: The number of finished Cloudlets is:1663
30580.7816: MET_Broker: Cloudlet #1666 return received
30580.7816: MET_Broker: The number of finished Cloudlets is:1664
30613.8688: MET_Broker: Cloudlet #1667 return received
30613.8688: MET_Broker: The number of finished Cloudlets is:1665
30622.1708: MET_Broker: Cloudlet #1665 return received
30622.1708: MET_Broker: The number of finished Cloudlets is:1666
30689.5344: MET_Broker: Cloudlet #1654 return received
30689.5344: MET_Broker: The number of finished Cloudlets is:1667
30702.9584: MET_Broker: Cloudlet #1663 return received
30702.9584: MET_Broker: The number of finished Cloudlets is:1668
30709.961199999998: MET_Broker: Cloudlet #1671 return received
30709.961199999998: MET_Broker: The number of finished Cloudlets is:1669
30735.742799999996: MET_Broker: Cloudlet #1668 return received
30735.742799999996: MET_Broker: The number of finished Cloudlets is:1670
30746.427199999995: MET_Broker: Cloudlet #1670 return received
30746.427199999995: MET_Broker: The number of finished Cloudlets is:1671
30748.971599999993: MET_Broker: Cloudlet #1669 return received
30748.971599999993: MET_Broker: The number of finished Cloudlets is:1672
30763.328799999992: MET_Broker: Cloudlet #1673 return received
30763.328799999992: MET_Broker: The number of finished Cloudlets is:1673
30765.87479999999: MET_Broker: Cloudlet #1672 return received
30765.87479999999: MET_Broker: The number of finished Cloudlets is:1674
30772.93719999999: MET_Broker: Cloudlet #1674 return received
30772.93719999999: MET_Broker: The number of finished Cloudlets is:1675
30785.19399999999: MET_Broker: Cloudlet #1678 return received
30785.19399999999: MET_Broker: The number of finished Cloudlets is:1676
30792.15639999999: MET_Broker: Cloudlet #1675 return received
30792.15639999999: MET_Broker: The number of finished Cloudlets is:1677
30796.60999999999: MET_Broker: Cloudlet #1676 return received
30796.60999999999: MET_Broker: The number of finished Cloudlets is:1678
30803.17879999999: MET_Broker: Cloudlet #1680 return received
30803.17879999999: MET_Broker: The number of finished Cloudlets is:1679
30809.04519999999: MET_Broker: Cloudlet #1681 return received
30809.04519999999: MET_Broker: The number of finished Cloudlets is:1680
30817.95879999999: MET_Broker: Cloudlet #1677 return received
30817.95879999999: MET_Broker: The number of finished Cloudlets is:1681
30841.85639999999: MET_Broker: Cloudlet #1679 return received
30841.85639999999: MET_Broker: The number of finished Cloudlets is:1682
30843.58239999999: MET_Broker: Cloudlet #1683 return received
30843.58239999999: MET_Broker: The number of finished Cloudlets is:1683
30852.22519999999: MET_Broker: Cloudlet #1684 return received
30852.22519999999: MET_Broker: The number of finished Cloudlets is:1684
30872.95519999999: MET_Broker: Cloudlet #1687 return received
30872.95519999999: MET_Broker: The number of finished Cloudlets is:1685
30875.58639999999: MET_Broker: Cloudlet #1682 return received
30875.58639999999: MET_Broker: The number of finished Cloudlets is:1686
30927.114399999988: MET_Broker: Cloudlet #1686 return received
30927.114399999988: MET_Broker: The number of finished Cloudlets is:1687
31050.15479999999: MET_Broker: Cloudlet #1688 return received
31050.15479999999: MET_Broker: The number of finished Cloudlets is:1688
31092.86479999999: MET_Broker: Cloudlet #1690 return received
31092.86479999999: MET_Broker: The number of finished Cloudlets is:1689
31107.745599999987: MET_Broker: Cloudlet #1685 return received
31107.745599999987: MET_Broker: The number of finished Cloudlets is:1690
31152.837199999987: MET_Broker: Cloudlet #1692 return received
31152.837199999987: MET_Broker: The number of finished Cloudlets is:1691
31162.08239999999: MET_Broker: Cloudlet #1693 return received
31162.08239999999: MET_Broker: The number of finished Cloudlets is:1692
31169.71599999999: MET_Broker: Cloudlet #1689 return received
31169.71599999999: MET_Broker: The number of finished Cloudlets is:1693
31171.26359999999: MET_Broker: Cloudlet #1695 return received
31171.26359999999: MET_Broker: The number of finished Cloudlets is:1694
31207.14039999999: MET_Broker: Cloudlet #1697 return received
31207.14039999999: MET_Broker: The number of finished Cloudlets is:1695
31223.11159999999: MET_Broker: Cloudlet #1698 return received
31223.11159999999: MET_Broker: The number of finished Cloudlets is:1696
31229.573199999988: MET_Broker: Cloudlet #1696 return received
31229.573199999988: MET_Broker: The number of finished Cloudlets is:1697
31242.74079999999: MET_Broker: Cloudlet #1699 return received
31242.74079999999: MET_Broker: The number of finished Cloudlets is:1698
31256.367999999988: MET_Broker: Cloudlet #1691 return received
31256.367999999988: MET_Broker: The number of finished Cloudlets is:1699
31264.518799999987: MET_Broker: Cloudlet #1700 return received
31264.518799999987: MET_Broker: The number of finished Cloudlets is:1700
31278.125999999986: MET_Broker: Cloudlet #1701 return received
31278.125999999986: MET_Broker: The number of finished Cloudlets is:1701
31292.395199999984: MET_Broker: Cloudlet #1704 return received
31292.395199999984: MET_Broker: The number of finished Cloudlets is:1702
31310.207999999984: MET_Broker: Cloudlet #1702 return received
31310.207999999984: MET_Broker: The number of finished Cloudlets is:1703
31328.318399999986: MET_Broker: Cloudlet #1706 return received
31328.318399999986: MET_Broker: The number of finished Cloudlets is:1704
31427.058799999984: MET_Broker: Cloudlet #1694 return received
31427.058799999984: MET_Broker: The number of finished Cloudlets is:1705
31430.259999999984: MET_Broker: Cloudlet #1703 return received
31430.259999999984: MET_Broker: The number of finished Cloudlets is:1706
31444.841199999984: MET_Broker: Cloudlet #1709 return received
31444.841199999984: MET_Broker: The number of finished Cloudlets is:1707
31449.218799999984: MET_Broker: Cloudlet #1708 return received
31449.218799999984: MET_Broker: The number of finished Cloudlets is:1708
31477.845999999983: MET_Broker: Cloudlet #1711 return received
31477.845999999983: MET_Broker: The number of finished Cloudlets is:1709
31547.11319999998: MET_Broker: Cloudlet #1707 return received
31547.11319999998: MET_Broker: The number of finished Cloudlets is:1710
31555.25799999998: MET_Broker: Cloudlet #1705 return received
31555.25799999998: MET_Broker: The number of finished Cloudlets is:1711
31560.39999999998: MET_Broker: Cloudlet #1713 return received
31560.39999999998: MET_Broker: The number of finished Cloudlets is:1712
31579.67519999998: MET_Broker: Cloudlet #1712 return received
31579.67519999998: MET_Broker: The number of finished Cloudlets is:1713
31580.26559999998: MET_Broker: Cloudlet #1715 return received
31580.26559999998: MET_Broker: The number of finished Cloudlets is:1714
31594.68519999998: MET_Broker: Cloudlet #1714 return received
31594.68519999998: MET_Broker: The number of finished Cloudlets is:1715
31604.15399999998: MET_Broker: Cloudlet #1717 return received
31604.15399999998: MET_Broker: The number of finished Cloudlets is:1716
31621.04559999998: MET_Broker: Cloudlet #1719 return received
31621.04559999998: MET_Broker: The number of finished Cloudlets is:1717
31637.86119999998: MET_Broker: Cloudlet #1718 return received
31637.86119999998: MET_Broker: The number of finished Cloudlets is:1718
31653.025599999983: MET_Broker: Cloudlet #1720 return received
31653.025599999983: MET_Broker: The number of finished Cloudlets is:1719
31660.834799999982: MET_Broker: Cloudlet #1716 return received
31660.834799999982: MET_Broker: The number of finished Cloudlets is:1720
31668.331199999982: MET_Broker: Cloudlet #1721 return received
31668.331199999982: MET_Broker: The number of finished Cloudlets is:1721
31681.23559999998: MET_Broker: Cloudlet #1724 return received
31681.23559999998: MET_Broker: The number of finished Cloudlets is:1722
31685.565199999983: MET_Broker: Cloudlet #1722 return received
31685.565199999983: MET_Broker: The number of finished Cloudlets is:1723
31695.909199999984: MET_Broker: Cloudlet #1725 return received
31695.909199999984: MET_Broker: The number of finished Cloudlets is:1724
31710.741599999983: MET_Broker: Cloudlet #1723 return received
31710.741599999983: MET_Broker: The number of finished Cloudlets is:1725
31771.124399999982: MET_Broker: Cloudlet #1726 return received
31771.124399999982: MET_Broker: The number of finished Cloudlets is:1726
31778.28759999998: MET_Broker: Cloudlet #1729 return received
31778.28759999998: MET_Broker: The number of finished Cloudlets is:1727
31778.582799999982: MET_Broker: Cloudlet #1710 return received
31778.582799999982: MET_Broker: The number of finished Cloudlets is:1728
31800.570399999982: MET_Broker: Cloudlet #1730 return received
31800.570399999982: MET_Broker: The number of finished Cloudlets is:1729
31822.942799999983: MET_Broker: Cloudlet #1731 return received
31822.942799999983: MET_Broker: The number of finished Cloudlets is:1730
31830.91319999998: MET_Broker: Cloudlet #1732 return received
31830.91319999998: MET_Broker: The number of finished Cloudlets is:1731
31845.55199999998: MET_Broker: Cloudlet #1733 return received
31845.55199999998: MET_Broker: The number of finished Cloudlets is:1732
31859.72959999998: MET_Broker: Cloudlet #1735 return received
31859.72959999998: MET_Broker: The number of finished Cloudlets is:1733
31875.18959999998: MET_Broker: Cloudlet #1736 return received
31875.18959999998: MET_Broker: The number of finished Cloudlets is:1734
31875.235599999978: MET_Broker: Cloudlet #1728 return received
31875.235599999978: MET_Broker: The number of finished Cloudlets is:1735
31881.90839999998: MET_Broker: Cloudlet #1738 return received
31881.90839999998: MET_Broker: The number of finished Cloudlets is:1736
31895.50999999998: MET_Broker: Cloudlet #1737 return received
31895.50999999998: MET_Broker: The number of finished Cloudlets is:1737
31914.318399999982: MET_Broker: Cloudlet #1740 return received
31914.318399999982: MET_Broker: The number of finished Cloudlets is:1738
31924.32359999998: MET_Broker: Cloudlet #1727 return received
31924.32359999998: MET_Broker: The number of finished Cloudlets is:1739
31931.860399999983: MET_Broker: Cloudlet #1742 return received
31931.860399999983: MET_Broker: The number of finished Cloudlets is:1740
31947.458799999982: MET_Broker: Cloudlet #1741 return received
31947.458799999982: MET_Broker: The number of finished Cloudlets is:1741
31954.078399999984: MET_Broker: Cloudlet #1743 return received
31954.078399999984: MET_Broker: The number of finished Cloudlets is:1742
31961.978799999983: MET_Broker: Cloudlet #1744 return received
31961.978799999983: MET_Broker: The number of finished Cloudlets is:1743
31974.043599999983: MET_Broker: Cloudlet #1745 return received
31974.043599999983: MET_Broker: The number of finished Cloudlets is:1744
31985.861599999982: MET_Broker: Cloudlet #1746 return received
31985.861599999982: MET_Broker: The number of finished Cloudlets is:1745
32000.56999999998: MET_Broker: Cloudlet #1747 return received
32000.56999999998: MET_Broker: The number of finished Cloudlets is:1746
32014.288399999983: MET_Broker: Cloudlet #1739 return received
32014.288399999983: MET_Broker: The number of finished Cloudlets is:1747
32026.333599999984: MET_Broker: Cloudlet #1749 return received
32026.333599999984: MET_Broker: The number of finished Cloudlets is:1748
32044.406799999982: MET_Broker: Cloudlet #1748 return received
32044.406799999982: MET_Broker: The number of finished Cloudlets is:1749
32070.795199999982: MET_Broker: Cloudlet #1752 return received
32070.795199999982: MET_Broker: The number of finished Cloudlets is:1750
32104.523999999983: MET_Broker: Cloudlet #1751 return received
32104.523999999983: MET_Broker: The number of finished Cloudlets is:1751
32138.269199999984: MET_Broker: Cloudlet #1754 return received
32138.269199999984: MET_Broker: The number of finished Cloudlets is:1752
32174.910799999983: MET_Broker: Cloudlet #1750 return received
32174.910799999983: MET_Broker: The number of finished Cloudlets is:1753
32188.672399999985: MET_Broker: Cloudlet #1734 return received
32188.672399999985: MET_Broker: The number of finished Cloudlets is:1754
32191.657199999983: MET_Broker: Cloudlet #1753 return received
32191.657199999983: MET_Broker: The number of finished Cloudlets is:1755
32192.527199999982: MET_Broker: Cloudlet #1756 return received
32192.527199999982: MET_Broker: The number of finished Cloudlets is:1756
32198.149999999983: MET_Broker: Cloudlet #1755 return received
32198.149999999983: MET_Broker: The number of finished Cloudlets is:1757
32212.908399999982: MET_Broker: Cloudlet #1757 return received
32212.908399999982: MET_Broker: The number of finished Cloudlets is:1758
32236.75319999998: MET_Broker: Cloudlet #1758 return received
32236.75319999998: MET_Broker: The number of finished Cloudlets is:1759
32237.75639999998: MET_Broker: Cloudlet #1760 return received
32237.75639999998: MET_Broker: The number of finished Cloudlets is:1760
32251.08719999998: MET_Broker: Cloudlet #1763 return received
32251.08719999998: MET_Broker: The number of finished Cloudlets is:1761
32269.66519999998: MET_Broker: Cloudlet #1761 return received
32269.66519999998: MET_Broker: The number of finished Cloudlets is:1762
32291.25639999998: MET_Broker: Cloudlet #1764 return received
32291.25639999998: MET_Broker: The number of finished Cloudlets is:1763
32295.91839999998: MET_Broker: Cloudlet #1762 return received
32295.91839999998: MET_Broker: The number of finished Cloudlets is:1764
32312.95439999998: MET_Broker: Cloudlet #1766 return received
32312.95439999998: MET_Broker: The number of finished Cloudlets is:1765
32351.44479999998: MET_Broker: Cloudlet #1767 return received
32351.44479999998: MET_Broker: The number of finished Cloudlets is:1766
32409.11759999998: MET_Broker: Cloudlet #1769 return received
32409.11759999998: MET_Broker: The number of finished Cloudlets is:1767
32524.80359999998: MET_Broker: Cloudlet #1770 return received
32524.80359999998: MET_Broker: The number of finished Cloudlets is:1768
32536.248399999982: MET_Broker: Cloudlet #1759 return received
32536.248399999982: MET_Broker: The number of finished Cloudlets is:1769
32546.54119999998: MET_Broker: Cloudlet #1772 return received
32546.54119999998: MET_Broker: The number of finished Cloudlets is:1770
32547.944799999983: MET_Broker: Cloudlet #1771 return received
32547.944799999983: MET_Broker: The number of finished Cloudlets is:1771
32580.33239999998: MET_Broker: Cloudlet #1774 return received
32580.33239999998: MET_Broker: The number of finished Cloudlets is:1772
32587.553999999982: MET_Broker: Cloudlet #1773 return received
32587.553999999982: MET_Broker: The number of finished Cloudlets is:1773
32587.935999999983: MET_Broker: Cloudlet #1765 return received
32587.935999999983: MET_Broker: The number of finished Cloudlets is:1774
32608.347199999982: MET_Broker: Cloudlet #1775 return received
32608.347199999982: MET_Broker: The number of finished Cloudlets is:1775
32629.762799999982: MET_Broker: Cloudlet #1768 return received
32629.762799999982: MET_Broker: The number of finished Cloudlets is:1776
32631.867199999982: MET_Broker: Cloudlet #1778 return received
32631.867199999982: MET_Broker: The number of finished Cloudlets is:1777
32643.499199999984: MET_Broker: Cloudlet #1777 return received
32643.499199999984: MET_Broker: The number of finished Cloudlets is:1778
32646.361599999986: MET_Broker: Cloudlet #1779 return received
32646.361599999986: MET_Broker: The number of finished Cloudlets is:1779
32650.047199999986: MET_Broker: Cloudlet #1780 return received
32650.047199999986: MET_Broker: The number of finished Cloudlets is:1780
32660.496399999985: MET_Broker: Cloudlet #1781 return received
32660.496399999985: MET_Broker: The number of finished Cloudlets is:1781
32693.823999999986: MET_Broker: Cloudlet #1783 return received
32693.823999999986: MET_Broker: The number of finished Cloudlets is:1782
32742.427999999985: MET_Broker: Cloudlet #1785 return received
32742.427999999985: MET_Broker: The number of finished Cloudlets is:1783
32744.653199999986: MET_Broker: Cloudlet #1776 return received
32744.653199999986: MET_Broker: The number of finished Cloudlets is:1784
32763.324799999988: MET_Broker: Cloudlet #1782 return received
32763.324799999988: MET_Broker: The number of finished Cloudlets is:1785
32819.18599999999: MET_Broker: Cloudlet #1784 return received
32819.18599999999: MET_Broker: The number of finished Cloudlets is:1786
32857.75479999999: MET_Broker: Cloudlet #1789 return received
32857.75479999999: MET_Broker: The number of finished Cloudlets is:1787
32939.48439999999: MET_Broker: Cloudlet #1786 return received
32939.48439999999: MET_Broker: The number of finished Cloudlets is:1788
32995.667599999986: MET_Broker: Cloudlet #1788 return received
32995.667599999986: MET_Broker: The number of finished Cloudlets is:1789
32997.11079999999: MET_Broker: Cloudlet #1791 return received
32997.11079999999: MET_Broker: The number of finished Cloudlets is:1790
33023.385999999984: MET_Broker: Cloudlet #1787 return received
33023.385999999984: MET_Broker: The number of finished Cloudlets is:1791
33037.979599999984: MET_Broker: Cloudlet #1793 return received
33037.979599999984: MET_Broker: The number of finished Cloudlets is:1792
33051.221199999985: MET_Broker: Cloudlet #1795 return received
33051.221199999985: MET_Broker: The number of finished Cloudlets is:1793
33088.228399999985: MET_Broker: Cloudlet #1796 return received
33088.228399999985: MET_Broker: The number of finished Cloudlets is:1794
33091.823199999984: MET_Broker: Cloudlet #1790 return received
33091.823199999984: MET_Broker: The number of finished Cloudlets is:1795
33100.04599999999: MET_Broker: Cloudlet #1798 return received
33100.04599999999: MET_Broker: The number of finished Cloudlets is:1796
33110.05319999999: MET_Broker: Cloudlet #1797 return received
33110.05319999999: MET_Broker: The number of finished Cloudlets is:1797
33148.01399999999: MET_Broker: Cloudlet #1794 return received
33148.01399999999: MET_Broker: The number of finished Cloudlets is:1798
33218.01319999999: MET_Broker: Cloudlet #1792 return received
33218.01319999999: MET_Broker: The number of finished Cloudlets is:1799
33225.32959999999: MET_Broker: Cloudlet #1802 return received
33225.32959999999: MET_Broker: The number of finished Cloudlets is:1800
33230.71639999999: MET_Broker: Cloudlet #1800 return received
33230.71639999999: MET_Broker: The number of finished Cloudlets is:1801
33248.65479999999: MET_Broker: Cloudlet #1804 return received
33248.65479999999: MET_Broker: The number of finished Cloudlets is:1802
33278.55679999999: MET_Broker: Cloudlet #1801 return received
33278.55679999999: MET_Broker: The number of finished Cloudlets is:1803
33280.16199999999: MET_Broker: Cloudlet #1803 return received
33280.16199999999: MET_Broker: The number of finished Cloudlets is:1804
33287.665599999986: MET_Broker: Cloudlet #1805 return received
33287.665599999986: MET_Broker: The number of finished Cloudlets is:1805
33297.13359999999: MET_Broker: Cloudlet #1799 return received
33297.13359999999: MET_Broker: The number of finished Cloudlets is:1806
33302.93679999999: MET_Broker: Cloudlet #1808 return received
33302.93679999999: MET_Broker: The number of finished Cloudlets is:1807
33311.97559999999: MET_Broker: Cloudlet #1810 return received
33311.97559999999: MET_Broker: The number of finished Cloudlets is:1808
33313.219999999994: MET_Broker: Cloudlet #1809 return received
33313.219999999994: MET_Broker: The number of finished Cloudlets is:1809
33322.907199999994: MET_Broker: Cloudlet #1806 return received
33322.907199999994: MET_Broker: The number of finished Cloudlets is:1810
33328.132: MET_Broker: Cloudlet #1807 return received
33328.132: MET_Broker: The number of finished Cloudlets is:1811
33331.3796: MET_Broker: Cloudlet #1813 return received
33331.3796: MET_Broker: The number of finished Cloudlets is:1812
33369.3356: MET_Broker: Cloudlet #1814 return received
33369.3356: MET_Broker: The number of finished Cloudlets is:1813
33426.4356: MET_Broker: Cloudlet #1816 return received
33426.4356: MET_Broker: The number of finished Cloudlets is:1814
33439.2552: MET_Broker: Cloudlet #1817 return received
33439.2552: MET_Broker: The number of finished Cloudlets is:1815
33462.916: MET_Broker: Cloudlet #1812 return received
33462.916: MET_Broker: The number of finished Cloudlets is:1816
33472.6732: MET_Broker: Cloudlet #1818 return received
33472.6732: MET_Broker: The number of finished Cloudlets is:1817
33479.5688: MET_Broker: Cloudlet #1819 return received
33479.5688: MET_Broker: The number of finished Cloudlets is:1818
33486.468: MET_Broker: Cloudlet #1820 return received
33486.468: MET_Broker: The number of finished Cloudlets is:1819
33487.98: MET_Broker: Cloudlet #1815 return received
33487.98: MET_Broker: The number of finished Cloudlets is:1820
33490.1252: MET_Broker: Cloudlet #1821 return received
33490.1252: MET_Broker: The number of finished Cloudlets is:1821
33500.934400000006: MET_Broker: Cloudlet #1811 return received
33500.934400000006: MET_Broker: The number of finished Cloudlets is:1822
33511.424000000006: MET_Broker: Cloudlet #1823 return received
33511.424000000006: MET_Broker: The number of finished Cloudlets is:1823
33519.23840000001: MET_Broker: Cloudlet #1822 return received
33519.23840000001: MET_Broker: The number of finished Cloudlets is:1824
33539.79640000001: MET_Broker: Cloudlet #1824 return received
33539.79640000001: MET_Broker: The number of finished Cloudlets is:1825
33552.041600000004: MET_Broker: Cloudlet #1827 return received
33552.041600000004: MET_Broker: The number of finished Cloudlets is:1826
33553.8732: MET_Broker: Cloudlet #1825 return received
33553.8732: MET_Broker: The number of finished Cloudlets is:1827
33590.356400000004: MET_Broker: Cloudlet #1830 return received
33590.356400000004: MET_Broker: The number of finished Cloudlets is:1828
33591.538400000005: MET_Broker: Cloudlet #1828 return received
33591.538400000005: MET_Broker: The number of finished Cloudlets is:1829
33597.9884: MET_Broker: Cloudlet #1831 return received
33597.9884: MET_Broker: The number of finished Cloudlets is:1830
33603.9556: MET_Broker: Cloudlet #1832 return received
33603.9556: MET_Broker: The number of finished Cloudlets is:1831
33616.4096: MET_Broker: Cloudlet #1834 return received
33616.4096: MET_Broker: The number of finished Cloudlets is:1832
33672.7676: MET_Broker: Cloudlet #1835 return received
33672.7676: MET_Broker: The number of finished Cloudlets is:1833
33685.0404: MET_Broker: Cloudlet #1836 return received
33685.0404: MET_Broker: The number of finished Cloudlets is:1834
33687.4436: MET_Broker: Cloudlet #1826 return received
33687.4436: MET_Broker: The number of finished Cloudlets is:1835
33732.146: MET_Broker: Cloudlet #1829 return received
33732.146: MET_Broker: The number of finished Cloudlets is:1836
33743.636: MET_Broker: Cloudlet #1838 return received
33743.636: MET_Broker: The number of finished Cloudlets is:1837
33750.6808: MET_Broker: Cloudlet #1840 return received
33750.6808: MET_Broker: The number of finished Cloudlets is:1838
33764.883200000004: MET_Broker: Cloudlet #1833 return received
33764.883200000004: MET_Broker: The number of finished Cloudlets is:1839
33861.612: MET_Broker: Cloudlet #1841 return received
33861.612: MET_Broker: The number of finished Cloudlets is:1840
33887.5904: MET_Broker: Cloudlet #1843 return received
33887.5904: MET_Broker: The number of finished Cloudlets is:1841
33897.3188: MET_Broker: Cloudlet #1844 return received
33897.3188: MET_Broker: The number of finished Cloudlets is:1842
33902.626000000004: MET_Broker: Cloudlet #1842 return received
33902.626000000004: MET_Broker: The number of finished Cloudlets is:1843
33906.7652: MET_Broker: Cloudlet #1839 return received
33906.7652: MET_Broker: The number of finished Cloudlets is:1844
33915.5884: MET_Broker: Cloudlet #1845 return received
33915.5884: MET_Broker: The number of finished Cloudlets is:1845
33918.522: MET_Broker: Cloudlet #1847 return received
33918.522: MET_Broker: The number of finished Cloudlets is:1846
33928.7432: MET_Broker: Cloudlet #1848 return received
33928.7432: MET_Broker: The number of finished Cloudlets is:1847
33929.2052: MET_Broker: Cloudlet #1849 return received
33929.2052: MET_Broker: The number of finished Cloudlets is:1848
33946.720799999996: MET_Broker: Cloudlet #1846 return received
33946.720799999996: MET_Broker: The number of finished Cloudlets is:1849
33949.73959999999: MET_Broker: Cloudlet #1850 return received
33949.73959999999: MET_Broker: The number of finished Cloudlets is:1850
33987.48959999999: MET_Broker: Cloudlet #1853 return received
33987.48959999999: MET_Broker: The number of finished Cloudlets is:1851
34000.4048: MET_Broker: Cloudlet #1837 return received
34000.4048: MET_Broker: The number of finished Cloudlets is:1852
34003.2152: MET_Broker: Cloudlet #1852 return received
34003.2152: MET_Broker: The number of finished Cloudlets is:1853
34010.3952: MET_Broker: Cloudlet #1854 return received
34010.3952: MET_Broker: The number of finished Cloudlets is:1854
34016.213599999995: MET_Broker: Cloudlet #1856 return received
34016.213599999995: MET_Broker: The number of finished Cloudlets is:1855
34052.46599999999: MET_Broker: Cloudlet #1857 return received
34052.46599999999: MET_Broker: The number of finished Cloudlets is:1856
34056.50319999999: MET_Broker: Cloudlet #1858 return received
34056.50319999999: MET_Broker: The number of finished Cloudlets is:1857
34089.187999999995: MET_Broker: Cloudlet #1860 return received
34089.187999999995: MET_Broker: The number of finished Cloudlets is:1858
34125.38159999999: MET_Broker: Cloudlet #1861 return received
34125.38159999999: MET_Broker: The number of finished Cloudlets is:1859
34136.2988: MET_Broker: Cloudlet #1851 return received
34136.2988: MET_Broker: The number of finished Cloudlets is:1860
34149.4664: MET_Broker: Cloudlet #1863 return received
34149.4664: MET_Broker: The number of finished Cloudlets is:1861
34190.1536: MET_Broker: Cloudlet #1864 return received
34190.1536: MET_Broker: The number of finished Cloudlets is:1862
34194.869999999995: MET_Broker: Cloudlet #1862 return received
34194.869999999995: MET_Broker: The number of finished Cloudlets is:1863
34203.99999999999: MET_Broker: Cloudlet #1855 return received
34203.99999999999: MET_Broker: The number of finished Cloudlets is:1864
34208.896799999995: MET_Broker: Cloudlet #1866 return received
34208.896799999995: MET_Broker: The number of finished Cloudlets is:1865
34215.9932: MET_Broker: Cloudlet #1868 return received
34215.9932: MET_Broker: The number of finished Cloudlets is:1866
34218.0612: MET_Broker: Cloudlet #1867 return received
34218.0612: MET_Broker: The number of finished Cloudlets is:1867
34262.780399999996: MET_Broker: Cloudlet #1870 return received
34262.780399999996: MET_Broker: The number of finished Cloudlets is:1868
34286.472799999996: MET_Broker: Cloudlet #1865 return received
34286.472799999996: MET_Broker: The number of finished Cloudlets is:1869
34311.2648: MET_Broker: Cloudlet #1859 return received
34311.2648: MET_Broker: The number of finished Cloudlets is:1870
34330.125199999995: MET_Broker: Cloudlet #1872 return received
34330.125199999995: MET_Broker: The number of finished Cloudlets is:1871
34353.52999999999: MET_Broker: Cloudlet #1874 return received
34353.52999999999: MET_Broker: The number of finished Cloudlets is:1872
34406.01239999999: MET_Broker: Cloudlet #1875 return received
34406.01239999999: MET_Broker: The number of finished Cloudlets is:1873
34455.26599999999: MET_Broker: Cloudlet #1876 return received
34455.26599999999: MET_Broker: The number of finished Cloudlets is:1874
34482.437199999986: MET_Broker: Cloudlet #1877 return received
34482.437199999986: MET_Broker: The number of finished Cloudlets is:1875
34484.33679999998: MET_Broker: Cloudlet #1869 return received
34484.33679999998: MET_Broker: The number of finished Cloudlets is:1876
34500.391999999985: MET_Broker: Cloudlet #1879 return received
34500.391999999985: MET_Broker: The number of finished Cloudlets is:1877
34519.29479999999: MET_Broker: Cloudlet #1878 return received
34519.29479999999: MET_Broker: The number of finished Cloudlets is:1878
34529.23639999999: MET_Broker: Cloudlet #1873 return received
34529.23639999999: MET_Broker: The number of finished Cloudlets is:1879
34581.26999999999: MET_Broker: Cloudlet #1871 return received
34581.26999999999: MET_Broker: The number of finished Cloudlets is:1880
34597.09399999999: MET_Broker: Cloudlet #1882 return received
34597.09399999999: MET_Broker: The number of finished Cloudlets is:1881
34609.77119999999: MET_Broker: Cloudlet #1884 return received
34609.77119999999: MET_Broker: The number of finished Cloudlets is:1882
34618.90399999999: MET_Broker: Cloudlet #1880 return received
34618.90399999999: MET_Broker: The number of finished Cloudlets is:1883
34644.51199999999: MET_Broker: Cloudlet #1881 return received
34644.51199999999: MET_Broker: The number of finished Cloudlets is:1884
34663.425999999985: MET_Broker: Cloudlet #1885 return received
34663.425999999985: MET_Broker: The number of finished Cloudlets is:1885
34666.18679999998: MET_Broker: Cloudlet #1883 return received
34666.18679999998: MET_Broker: The number of finished Cloudlets is:1886
34680.89759999998: MET_Broker: Cloudlet #1887 return received
34680.89759999998: MET_Broker: The number of finished Cloudlets is:1887
34681.36239999998: MET_Broker: Cloudlet #1888 return received
34681.36239999998: MET_Broker: The number of finished Cloudlets is:1888
34687.43159999998: MET_Broker: Cloudlet #1890 return received
34687.43159999998: MET_Broker: The number of finished Cloudlets is:1889
34700.05519999998: MET_Broker: Cloudlet #1891 return received
34700.05519999998: MET_Broker: The number of finished Cloudlets is:1890
34712.78599999998: MET_Broker: Cloudlet #1889 return received
34712.78599999998: MET_Broker: The number of finished Cloudlets is:1891
34722.43879999998: MET_Broker: Cloudlet #1893 return received
34722.43879999998: MET_Broker: The number of finished Cloudlets is:1892
34735.72839999998: MET_Broker: Cloudlet #1894 return received
34735.72839999998: MET_Broker: The number of finished Cloudlets is:1893
34751.02959999998: MET_Broker: Cloudlet #1896 return received
34751.02959999998: MET_Broker: The number of finished Cloudlets is:1894
34800.35919999998: MET_Broker: Cloudlet #1886 return received
34800.35919999998: MET_Broker: The number of finished Cloudlets is:1895
34812.482799999976: MET_Broker: Cloudlet #1895 return received
34812.482799999976: MET_Broker: The number of finished Cloudlets is:1896
34866.50399999998: MET_Broker: Cloudlet #1892 return received
34866.50399999998: MET_Broker: The number of finished Cloudlets is:1897
34884.26399999998: MET_Broker: Cloudlet #1900 return received
34884.26399999998: MET_Broker: The number of finished Cloudlets is:1898
34927.13479999998: MET_Broker: Cloudlet #1901 return received
34927.13479999998: MET_Broker: The number of finished Cloudlets is:1899
35019.06759999998: MET_Broker: Cloudlet #1897 return received
35019.06759999998: MET_Broker: The number of finished Cloudlets is:1900
35039.31159999998: MET_Broker: Cloudlet #1898 return received
35039.31159999998: MET_Broker: The number of finished Cloudlets is:1901
35043.55639999998: MET_Broker: Cloudlet #1903 return received
35043.55639999998: MET_Broker: The number of finished Cloudlets is:1902
35079.34559999998: MET_Broker: Cloudlet #1905 return received
35079.34559999998: MET_Broker: The number of finished Cloudlets is:1903
35145.468399999976: MET_Broker: Cloudlet #1899 return received
35145.468399999976: MET_Broker: The number of finished Cloudlets is:1904
35146.46999999998: MET_Broker: Cloudlet #1904 return received
35146.46999999998: MET_Broker: The number of finished Cloudlets is:1905
35207.41199999998: MET_Broker: Cloudlet #1907 return received
35207.41199999998: MET_Broker: The number of finished Cloudlets is:1906
35252.043199999986: MET_Broker: Cloudlet #1902 return received
35252.043199999986: MET_Broker: The number of finished Cloudlets is:1907
35260.16639999999: MET_Broker: Cloudlet #1909 return received
35260.16639999999: MET_Broker: The number of finished Cloudlets is:1908
35268.10839999999: MET_Broker: Cloudlet #1911 return received
35268.10839999999: MET_Broker: The number of finished Cloudlets is:1909
35281.79359999999: MET_Broker: Cloudlet #1912 return received
35281.79359999999: MET_Broker: The number of finished Cloudlets is:1910
35286.24599999999: MET_Broker: Cloudlet #1906 return received
35286.24599999999: MET_Broker: The number of finished Cloudlets is:1911
35286.34559999999: MET_Broker: Cloudlet #1910 return received
35286.34559999999: MET_Broker: The number of finished Cloudlets is:1912
35294.85839999999: MET_Broker: Cloudlet #1913 return received
35294.85839999999: MET_Broker: The number of finished Cloudlets is:1913
35297.57159999999: MET_Broker: Cloudlet #1915 return received
35297.57159999999: MET_Broker: The number of finished Cloudlets is:1914
35305.77439999999: MET_Broker: Cloudlet #1908 return received
35305.77439999999: MET_Broker: The number of finished Cloudlets is:1915
35316.49119999999: MET_Broker: Cloudlet #1916 return received
35316.49119999999: MET_Broker: The number of finished Cloudlets is:1916
35332.26159999999: MET_Broker: Cloudlet #1914 return received
35332.26159999999: MET_Broker: The number of finished Cloudlets is:1917
35348.30239999999: MET_Broker: Cloudlet #1920 return received
35348.30239999999: MET_Broker: The number of finished Cloudlets is:1918
35356.613999999994: MET_Broker: Cloudlet #1917 return received
35356.613999999994: MET_Broker: The number of finished Cloudlets is:1919
35370.067599999995: MET_Broker: Cloudlet #1922 return received
35370.067599999995: MET_Broker: The number of finished Cloudlets is:1920
35383.48159999999: MET_Broker: Cloudlet #1921 return received
35383.48159999999: MET_Broker: The number of finished Cloudlets is:1921
35399.62439999999: MET_Broker: Cloudlet #1923 return received
35399.62439999999: MET_Broker: The number of finished Cloudlets is:1922
35408.807199999996: MET_Broker: Cloudlet #1925 return received
35408.807199999996: MET_Broker: The number of finished Cloudlets is:1923
35413.5012: MET_Broker: Cloudlet #1924 return received
35413.5012: MET_Broker: The number of finished Cloudlets is:1924
35423.5372: MET_Broker: Cloudlet #1927 return received
35423.5372: MET_Broker: The number of finished Cloudlets is:1925
35464.5144: MET_Broker: Cloudlet #1918 return received
35464.5144: MET_Broker: The number of finished Cloudlets is:1926
35510.7428: MET_Broker: Cloudlet #1929 return received
35510.7428: MET_Broker: The number of finished Cloudlets is:1927
35534.606: MET_Broker: Cloudlet #1926 return received
35534.606: MET_Broker: The number of finished Cloudlets is:1928
35564.5608: MET_Broker: Cloudlet #1928 return received
35564.5608: MET_Broker: The number of finished Cloudlets is:1929
35574.6356: MET_Broker: Cloudlet #1932 return received
35574.6356: MET_Broker: The number of finished Cloudlets is:1930
35630.918: MET_Broker: Cloudlet #1919 return received
35630.918: MET_Broker: The number of finished Cloudlets is:1931
35723.581999999995: MET_Broker: Cloudlet #1933 return received
35723.581999999995: MET_Broker: The number of finished Cloudlets is:1932
35729.143599999996: MET_Broker: Cloudlet #1931 return received
35729.143599999996: MET_Broker: The number of finished Cloudlets is:1933
35734.813599999994: MET_Broker: Cloudlet #1935 return received
35734.813599999994: MET_Broker: The number of finished Cloudlets is:1934
35740.67399999999: MET_Broker: Cloudlet #1936 return received
35740.67399999999: MET_Broker: The number of finished Cloudlets is:1935
35765.14959999999: MET_Broker: Cloudlet #1938 return received
35765.14959999999: MET_Broker: The number of finished Cloudlets is:1936
35797.00679999999: MET_Broker: Cloudlet #1930 return received
35797.00679999999: MET_Broker: The number of finished Cloudlets is:1937
35804.13119999999: MET_Broker: Cloudlet #1939 return received
35804.13119999999: MET_Broker: The number of finished Cloudlets is:1938
35822.10119999999: MET_Broker: Cloudlet #1940 return received
35822.10119999999: MET_Broker: The number of finished Cloudlets is:1939
35838.59879999999: MET_Broker: Cloudlet #1942 return received
35838.59879999999: MET_Broker: The number of finished Cloudlets is:1940
35863.68559999999: MET_Broker: Cloudlet #1941 return received
35863.68559999999: MET_Broker: The number of finished Cloudlets is:1941
35881.34879999999: MET_Broker: Cloudlet #1934 return received
35881.34879999999: MET_Broker: The number of finished Cloudlets is:1942
35907.87599999999: MET_Broker: Cloudlet #1943 return received
35907.87599999999: MET_Broker: The number of finished Cloudlets is:1943
35917.18759999999: MET_Broker: Cloudlet #1937 return received
35917.18759999999: MET_Broker: The number of finished Cloudlets is:1944
35925.48159999999: MET_Broker: Cloudlet #1946 return received
35925.48159999999: MET_Broker: The number of finished Cloudlets is:1945
35937.80759999999: MET_Broker: Cloudlet #1945 return received
35937.80759999999: MET_Broker: The number of finished Cloudlets is:1946
35956.808399999994: MET_Broker: Cloudlet #1944 return received
35956.808399999994: MET_Broker: The number of finished Cloudlets is:1947
35963.182799999995: MET_Broker: Cloudlet #1948 return received
35963.182799999995: MET_Broker: The number of finished Cloudlets is:1948
35976.52999999999: MET_Broker: Cloudlet #1949 return received
35976.52999999999: MET_Broker: The number of finished Cloudlets is:1949
35994.657199999994: MET_Broker: Cloudlet #1952 return received
35994.657199999994: MET_Broker: The number of finished Cloudlets is:1950
36015.61319999999: MET_Broker: Cloudlet #1953 return received
36015.61319999999: MET_Broker: The number of finished Cloudlets is:1951
36042.52359999999: MET_Broker: Cloudlet #1954 return received
36042.52359999999: MET_Broker: The number of finished Cloudlets is:1952
36049.889599999995: MET_Broker: Cloudlet #1951 return received
36049.889599999995: MET_Broker: The number of finished Cloudlets is:1953
36059.1772: MET_Broker: Cloudlet #1955 return received
36059.1772: MET_Broker: The number of finished Cloudlets is:1954
36072.4788: MET_Broker: Cloudlet #1957 return received
36072.4788: MET_Broker: The number of finished Cloudlets is:1955
36081.898799999995: MET_Broker: Cloudlet #1947 return received
36081.898799999995: MET_Broker: The number of finished Cloudlets is:1956
36103.714799999994: MET_Broker: Cloudlet #1956 return received
36103.714799999994: MET_Broker: The number of finished Cloudlets is:1957
36119.18439999999: MET_Broker: Cloudlet #1959 return received
36119.18439999999: MET_Broker: The number of finished Cloudlets is:1958
36121.926799999994: MET_Broker: Cloudlet #1958 return received
36121.926799999994: MET_Broker: The number of finished Cloudlets is:1959
36127.95599999999: MET_Broker: Cloudlet #1950 return received
36127.95599999999: MET_Broker: The number of finished Cloudlets is:1960
36149.41919999999: MET_Broker: Cloudlet #1960 return received
36149.41919999999: MET_Broker: The number of finished Cloudlets is:1961
36155.83999999999: MET_Broker: Cloudlet #1962 return received
36155.83999999999: MET_Broker: The number of finished Cloudlets is:1962
36171.91679999999: MET_Broker: Cloudlet #1961 return received
36171.91679999999: MET_Broker: The number of finished Cloudlets is:1963
36173.54559999999: MET_Broker: Cloudlet #1965 return received
36173.54559999999: MET_Broker: The number of finished Cloudlets is:1964
36243.49679999999: MET_Broker: Cloudlet #1964 return received
36243.49679999999: MET_Broker: The number of finished Cloudlets is:1965
36319.27199999999: MET_Broker: Cloudlet #1966 return received
36319.27199999999: MET_Broker: The number of finished Cloudlets is:1966
36326.41279999999: MET_Broker: Cloudlet #1963 return received
36326.41279999999: MET_Broker: The number of finished Cloudlets is:1967
36328.37599999999: MET_Broker: Cloudlet #1968 return received
36328.37599999999: MET_Broker: The number of finished Cloudlets is:1968
36360.83159999999: MET_Broker: Cloudlet #1970 return received
36360.83159999999: MET_Broker: The number of finished Cloudlets is:1969
36374.97919999999: MET_Broker: Cloudlet #1971 return received
36374.97919999999: MET_Broker: The number of finished Cloudlets is:1970
36397.09919999999: MET_Broker: Cloudlet #1972 return received
36397.09919999999: MET_Broker: The number of finished Cloudlets is:1971
36410.38319999999: MET_Broker: Cloudlet #1974 return received
36410.38319999999: MET_Broker: The number of finished Cloudlets is:1972
36421.59679999999: MET_Broker: Cloudlet #1973 return received
36421.59679999999: MET_Broker: The number of finished Cloudlets is:1973
36437.37799999999: MET_Broker: Cloudlet #1975 return received
36437.37799999999: MET_Broker: The number of finished Cloudlets is:1974
36463.84359999999: MET_Broker: Cloudlet #1967 return received
36463.84359999999: MET_Broker: The number of finished Cloudlets is:1975
36475.021199999996: MET_Broker: Cloudlet #1976 return received
36475.021199999996: MET_Broker: The number of finished Cloudlets is:1976
36481.7708: MET_Broker: Cloudlet #1977 return received
36481.7708: MET_Broker: The number of finished Cloudlets is:1977
36483.8548: MET_Broker: Cloudlet #1979 return received
36483.8548: MET_Broker: The number of finished Cloudlets is:1978
36497.7784: MET_Broker: Cloudlet #1981 return received
36497.7784: MET_Broker: The number of finished Cloudlets is:1979
36511.5916: MET_Broker: Cloudlet #1980 return received
36511.5916: MET_Broker: The number of finished Cloudlets is:1980
36517.1572: MET_Broker: Cloudlet #1978 return received
36517.1572: MET_Broker: The number of finished Cloudlets is:1981
36521.743200000004: MET_Broker: Cloudlet #1983 return received
36521.743200000004: MET_Broker: The number of finished Cloudlets is:1982
36524.380800000006: MET_Broker: Cloudlet #1982 return received
36524.380800000006: MET_Broker: The number of finished Cloudlets is:1983
36527.7732: MET_Broker: Cloudlet #1985 return received
36527.7732: MET_Broker: The number of finished Cloudlets is:1984
36535.9968: MET_Broker: Cloudlet #1986 return received
36535.9968: MET_Broker: The number of finished Cloudlets is:1985
36540.0872: MET_Broker: Cloudlet #1987 return received
36540.0872: MET_Broker: The number of finished Cloudlets is:1986
36563.2388: MET_Broker: Cloudlet #1969 return received
36563.2388: MET_Broker: The number of finished Cloudlets is:1987
36576.018: MET_Broker: Cloudlet #1988 return received
36576.018: MET_Broker: The number of finished Cloudlets is:1988
36582.890799999994: MET_Broker: Cloudlet #1989 return received
36582.890799999994: MET_Broker: The number of finished Cloudlets is:1989
36593.74399999999: MET_Broker: Cloudlet #1992 return received
36593.74399999999: MET_Broker: The number of finished Cloudlets is:1990
36601.06199999999: MET_Broker: Cloudlet #1993 return received
36601.06199999999: MET_Broker: The number of finished Cloudlets is:1991
36612.43839999999: MET_Broker: Cloudlet #1984 return received
36612.43839999999: MET_Broker: The number of finished Cloudlets is:1992
36614.24639999999: MET_Broker: Cloudlet #1990 return received
36614.24639999999: MET_Broker: The number of finished Cloudlets is:1993
36635.08559999999: MET_Broker: Cloudlet #1994 return received
36635.08559999999: MET_Broker: The number of finished Cloudlets is:1994
36669.42919999999: MET_Broker: Cloudlet #1995 return received
36669.42919999999: MET_Broker: The number of finished Cloudlets is:1995
36684.24999999999: MET_Broker: Cloudlet #1997 return received
36684.24999999999: MET_Broker: The number of finished Cloudlets is:1996
36711.18199999999: MET_Broker: Cloudlet #1998 return received
36711.18199999999: MET_Broker: The number of finished Cloudlets is:1997
36718.12279999999: MET_Broker: Cloudlet #2000 return received
36718.12279999999: MET_Broker: The number of finished Cloudlets is:1998
36758.94079999999: MET_Broker: Cloudlet #2001 return received
36758.94079999999: MET_Broker: The number of finished Cloudlets is:1999
36770.83079999999: MET_Broker: Cloudlet #2002 return received
36770.83079999999: MET_Broker: The number of finished Cloudlets is:2000
36862.79399999999: MET_Broker: Cloudlet #2003 return received
36862.79399999999: MET_Broker: The number of finished Cloudlets is:2001
36871.39239999999: MET_Broker: Cloudlet #1999 return received
36871.39239999999: MET_Broker: The number of finished Cloudlets is:2002
36880.02479999999: MET_Broker: Cloudlet #2004 return received
36880.02479999999: MET_Broker: The number of finished Cloudlets is:2003
36885.30159999999: MET_Broker: Cloudlet #1991 return received
36885.30159999999: MET_Broker: The number of finished Cloudlets is:2004
36885.68559999999: MET_Broker: Cloudlet #2005 return received
36885.68559999999: MET_Broker: The number of finished Cloudlets is:2005
36894.25359999999: MET_Broker: Cloudlet #2006 return received
36894.25359999999: MET_Broker: The number of finished Cloudlets is:2006
36930.87519999999: MET_Broker: Cloudlet #2009 return received
36930.87519999999: MET_Broker: The number of finished Cloudlets is:2007
36932.494799999986: MET_Broker: Cloudlet #1996 return received
36932.494799999986: MET_Broker: The number of finished Cloudlets is:2008
36932.955999999984: MET_Broker: Cloudlet #2007 return received
36932.955999999984: MET_Broker: The number of finished Cloudlets is:2009
36948.12199999998: MET_Broker: Cloudlet #2012 return received
36948.12199999998: MET_Broker: The number of finished Cloudlets is:2010
36957.09759999998: MET_Broker: Cloudlet #2011 return received
36957.09759999998: MET_Broker: The number of finished Cloudlets is:2011
36995.64319999998: MET_Broker: Cloudlet #2010 return received
36995.64319999998: MET_Broker: The number of finished Cloudlets is:2012
37011.03519999998: MET_Broker: Cloudlet #2014 return received
37011.03519999998: MET_Broker: The number of finished Cloudlets is:2013
37019.135199999975: MET_Broker: Cloudlet #2016 return received
37019.135199999975: MET_Broker: The number of finished Cloudlets is:2014
37051.39599999997: MET_Broker: Cloudlet #2015 return received
37051.39599999997: MET_Broker: The number of finished Cloudlets is:2015
37101.81199999997: MET_Broker: Cloudlet #2013 return received
37101.81199999997: MET_Broker: The number of finished Cloudlets is:2016
37118.59599999997: MET_Broker: Cloudlet #2017 return received
37118.59599999997: MET_Broker: The number of finished Cloudlets is:2017
37130.30399999997: MET_Broker: Cloudlet #2019 return received
37130.30399999997: MET_Broker: The number of finished Cloudlets is:2018
37161.174799999964: MET_Broker: Cloudlet #2020 return received
37161.174799999964: MET_Broker: The number of finished Cloudlets is:2019
37168.668399999966: MET_Broker: Cloudlet #2008 return received
37168.668399999966: MET_Broker: The number of finished Cloudlets is:2020
37173.80679999997: MET_Broker: Cloudlet #2021 return received
37173.80679999997: MET_Broker: The number of finished Cloudlets is:2021
37218.10239999997: MET_Broker: Cloudlet #2023 return received
37218.10239999997: MET_Broker: The number of finished Cloudlets is:2022
37220.41999999997: MET_Broker: Cloudlet #2022 return received
37220.41999999997: MET_Broker: The number of finished Cloudlets is:2023
37231.92719999997: MET_Broker: Cloudlet #2024 return received
37231.92719999997: MET_Broker: The number of finished Cloudlets is:2024
37238.76839999997: MET_Broker: Cloudlet #2027 return received
37238.76839999997: MET_Broker: The number of finished Cloudlets is:2025
37263.071599999974: MET_Broker: Cloudlet #2025 return received
37263.071599999974: MET_Broker: The number of finished Cloudlets is:2026
37279.95959999997: MET_Broker: Cloudlet #2026 return received
37279.95959999997: MET_Broker: The number of finished Cloudlets is:2027
37283.15399999997: MET_Broker: Cloudlet #2029 return received
37283.15399999997: MET_Broker: The number of finished Cloudlets is:2028
37293.13599999998: MET_Broker: Cloudlet #2028 return received
37293.13599999998: MET_Broker: The number of finished Cloudlets is:2029
37300.814399999974: MET_Broker: Cloudlet #2032 return received
37300.814399999974: MET_Broker: The number of finished Cloudlets is:2030
37311.58119999997: MET_Broker: Cloudlet #2033 return received
37311.58119999997: MET_Broker: The number of finished Cloudlets is:2031
37376.04959999997: MET_Broker: Cloudlet #2018 return received
37376.04959999997: MET_Broker: The number of finished Cloudlets is:2032
37380.468799999966: MET_Broker: Cloudlet #2030 return received
37380.468799999966: MET_Broker: The number of finished Cloudlets is:2033
37402.40799999997: MET_Broker: Cloudlet #2036 return received
37402.40799999997: MET_Broker: The number of finished Cloudlets is:2034
37449.316799999964: MET_Broker: Cloudlet #2037 return received
37449.316799999964: MET_Broker: The number of finished Cloudlets is:2035
37455.64239999996: MET_Broker: Cloudlet #2034 return received
37455.64239999996: MET_Broker: The number of finished Cloudlets is:2036
37475.74079999996: MET_Broker: Cloudlet #2038 return received
37475.74079999996: MET_Broker: The number of finished Cloudlets is:2037
37481.590399999965: MET_Broker: Cloudlet #2039 return received
37481.590399999965: MET_Broker: The number of finished Cloudlets is:2038
37496.592399999965: MET_Broker: Cloudlet #2040 return received
37496.592399999965: MET_Broker: The number of finished Cloudlets is:2039
37542.24839999997: MET_Broker: Cloudlet #2042 return received
37542.24839999997: MET_Broker: The number of finished Cloudlets is:2040
37634.37399999997: MET_Broker: Cloudlet #2043 return received
37634.37399999997: MET_Broker: The number of finished Cloudlets is:2041
37638.27119999997: MET_Broker: Cloudlet #2031 return received
37638.27119999997: MET_Broker: The number of finished Cloudlets is:2042
37650.413199999966: MET_Broker: Cloudlet #2044 return received
37650.413199999966: MET_Broker: The number of finished Cloudlets is:2043
37664.38839999997: MET_Broker: Cloudlet #2045 return received
37664.38839999997: MET_Broker: The number of finished Cloudlets is:2044
37668.46199999997: MET_Broker: Cloudlet #2041 return received
37668.46199999997: MET_Broker: The number of finished Cloudlets is:2045
37696.82039999997: MET_Broker: Cloudlet #2035 return received
37696.82039999997: MET_Broker: The number of finished Cloudlets is:2046
37719.52199999997: MET_Broker: Cloudlet #2047 return received
37719.52199999997: MET_Broker: The number of finished Cloudlets is:2047
37739.957599999965: MET_Broker: Cloudlet #2046 return received
37739.957599999965: MET_Broker: The number of finished Cloudlets is:2048
37740.99799999996: MET_Broker: Cloudlet #2049 return received
37740.99799999996: MET_Broker: The number of finished Cloudlets is:2049
37782.464799999965: MET_Broker: Cloudlet #2051 return received
37782.464799999965: MET_Broker: The number of finished Cloudlets is:2050
37796.337199999965: MET_Broker: Cloudlet #2053 return received
37796.337199999965: MET_Broker: The number of finished Cloudlets is:2051
37809.579199999964: MET_Broker: Cloudlet #2054 return received
37809.579199999964: MET_Broker: The number of finished Cloudlets is:2052
37830.001999999964: MET_Broker: Cloudlet #2048 return received
37830.001999999964: MET_Broker: The number of finished Cloudlets is:2053
37839.44799999997: MET_Broker: Cloudlet #2050 return received
37839.44799999997: MET_Broker: The number of finished Cloudlets is:2054
37979.56719999997: MET_Broker: Cloudlet #2055 return received
37979.56719999997: MET_Broker: The number of finished Cloudlets is:2055
37997.39439999997: MET_Broker: Cloudlet #2052 return received
37997.39439999997: MET_Broker: The number of finished Cloudlets is:2056
38011.28279999997: MET_Broker: Cloudlet #2056 return received
38011.28279999997: MET_Broker: The number of finished Cloudlets is:2057
38014.75439999997: MET_Broker: Cloudlet #2058 return received
38014.75439999997: MET_Broker: The number of finished Cloudlets is:2058
38022.673599999966: MET_Broker: Cloudlet #2057 return received
38022.673599999966: MET_Broker: The number of finished Cloudlets is:2059
38036.84399999997: MET_Broker: Cloudlet #2059 return received
38036.84399999997: MET_Broker: The number of finished Cloudlets is:2060
38038.35319999997: MET_Broker: Cloudlet #2060 return received
38038.35319999997: MET_Broker: The number of finished Cloudlets is:2061
38041.07199999997: MET_Broker: Cloudlet #2062 return received
38041.07199999997: MET_Broker: The number of finished Cloudlets is:2062
38047.06479999997: MET_Broker: Cloudlet #2061 return received
38047.06479999997: MET_Broker: The number of finished Cloudlets is:2063
38048.94559999997: MET_Broker: Cloudlet #2064 return received
38048.94559999997: MET_Broker: The number of finished Cloudlets is:2064
38084.65119999997: MET_Broker: Cloudlet #2065 return received
38084.65119999997: MET_Broker: The number of finished Cloudlets is:2065
38093.88239999997: MET_Broker: Cloudlet #2067 return received
38093.88239999997: MET_Broker: The number of finished Cloudlets is:2066
38097.214399999975: MET_Broker: Cloudlet #2068 return received
38097.214399999975: MET_Broker: The number of finished Cloudlets is:2067
38098.663999999975: MET_Broker: Cloudlet #2066 return received
38098.663999999975: MET_Broker: The number of finished Cloudlets is:2068
38152.615599999976: MET_Broker: Cloudlet #2069 return received
38152.615599999976: MET_Broker: The number of finished Cloudlets is:2069
38179.38079999998: MET_Broker: Cloudlet #2072 return received
38179.38079999998: MET_Broker: The number of finished Cloudlets is:2070
38236.292799999974: MET_Broker: Cloudlet #2073 return received
38236.292799999974: MET_Broker: The number of finished Cloudlets is:2071
38257.34279999998: MET_Broker: Cloudlet #2070 return received
38257.34279999998: MET_Broker: The number of finished Cloudlets is:2072
38279.23959999998: MET_Broker: Cloudlet #2074 return received
38279.23959999998: MET_Broker: The number of finished Cloudlets is:2073
38288.557999999975: MET_Broker: Cloudlet #2063 return received
38288.557999999975: MET_Broker: The number of finished Cloudlets is:2074
38291.51119999998: MET_Broker: Cloudlet #2076 return received
38291.51119999998: MET_Broker: The number of finished Cloudlets is:2075
38295.461199999976: MET_Broker: Cloudlet #2071 return received
38295.461199999976: MET_Broker: The number of finished Cloudlets is:2076
38298.881199999974: MET_Broker: Cloudlet #2075 return received
38298.881199999974: MET_Broker: The number of finished Cloudlets is:2077
38301.56239999997: MET_Broker: Cloudlet #2078 return received
38301.56239999997: MET_Broker: The number of finished Cloudlets is:2078
38315.79079999997: MET_Broker: Cloudlet #2080 return received
38315.79079999997: MET_Broker: The number of finished Cloudlets is:2079
38328.381199999974: MET_Broker: Cloudlet #2082 return received
38328.381199999974: MET_Broker: The number of finished Cloudlets is:2080
38332.25839999998: MET_Broker: Cloudlet #2077 return received
38332.25839999998: MET_Broker: The number of finished Cloudlets is:2081
38338.71679999998: MET_Broker: Cloudlet #2079 return received
38338.71679999998: MET_Broker: The number of finished Cloudlets is:2082
38340.70159999998: MET_Broker: Cloudlet #2084 return received
38340.70159999998: MET_Broker: The number of finished Cloudlets is:2083
38347.67479999998: MET_Broker: Cloudlet #2083 return received
38347.67479999998: MET_Broker: The number of finished Cloudlets is:2084
38354.29479999998: MET_Broker: Cloudlet #2087 return received
38354.29479999998: MET_Broker: The number of finished Cloudlets is:2085
38384.61799999998: MET_Broker: Cloudlet #2085 return received
38384.61799999998: MET_Broker: The number of finished Cloudlets is:2086
38386.90759999998: MET_Broker: Cloudlet #2088 return received
38386.90759999998: MET_Broker: The number of finished Cloudlets is:2087
38391.31359999998: MET_Broker: Cloudlet #2089 return received
38391.31359999998: MET_Broker: The number of finished Cloudlets is:2088
38439.65079999998: MET_Broker: Cloudlet #2090 return received
38439.65079999998: MET_Broker: The number of finished Cloudlets is:2089
38458.51719999998: MET_Broker: Cloudlet #2092 return received
38458.51719999998: MET_Broker: The number of finished Cloudlets is:2090
38488.04999999998: MET_Broker: Cloudlet #2086 return received
38488.04999999998: MET_Broker: The number of finished Cloudlets is:2091
38494.46239999998: MET_Broker: Cloudlet #2093 return received
38494.46239999998: MET_Broker: The number of finished Cloudlets is:2092
38505.07039999998: MET_Broker: Cloudlet #2081 return received
38505.07039999998: MET_Broker: The number of finished Cloudlets is:2093
38511.521599999985: MET_Broker: Cloudlet #2095 return received
38511.521599999985: MET_Broker: The number of finished Cloudlets is:2094
38512.904399999985: MET_Broker: Cloudlet #2096 return received
38512.904399999985: MET_Broker: The number of finished Cloudlets is:2095
38567.477599999984: MET_Broker: Cloudlet #2097 return received
38567.477599999984: MET_Broker: The number of finished Cloudlets is:2096
38572.41919999998: MET_Broker: Cloudlet #2091 return received
38572.41919999998: MET_Broker: The number of finished Cloudlets is:2097
38588.25679999998: MET_Broker: Cloudlet #2099 return received
38588.25679999998: MET_Broker: The number of finished Cloudlets is:2098
38635.17159999998: MET_Broker: Cloudlet #2101 return received
38635.17159999998: MET_Broker: The number of finished Cloudlets is:2099
38643.91359999998: MET_Broker: Cloudlet #2102 return received
38643.91359999998: MET_Broker: The number of finished Cloudlets is:2100
38658.007599999975: MET_Broker: Cloudlet #2094 return received
38658.007599999975: MET_Broker: The number of finished Cloudlets is:2101
38752.015999999974: MET_Broker: Cloudlet #2100 return received
38752.015999999974: MET_Broker: The number of finished Cloudlets is:2102
38769.28519999998: MET_Broker: Cloudlet #2105 return received
38769.28519999998: MET_Broker: The number of finished Cloudlets is:2103
38804.56879999998: MET_Broker: Cloudlet #2098 return received
38804.56879999998: MET_Broker: The number of finished Cloudlets is:2104
38813.22799999998: MET_Broker: Cloudlet #2103 return received
38813.22799999998: MET_Broker: The number of finished Cloudlets is:2105
38819.23999999998: MET_Broker: Cloudlet #2107 return received
38819.23999999998: MET_Broker: The number of finished Cloudlets is:2106
38833.321199999984: MET_Broker: Cloudlet #2104 return received
38833.321199999984: MET_Broker: The number of finished Cloudlets is:2107
38838.107999999986: MET_Broker: Cloudlet #2109 return received
38838.107999999986: MET_Broker: The number of finished Cloudlets is:2108
38851.305599999985: MET_Broker: Cloudlet #2108 return received
38851.305599999985: MET_Broker: The number of finished Cloudlets is:2109
38854.38759999999: MET_Broker: Cloudlet #2110 return received
38854.38759999999: MET_Broker: The number of finished Cloudlets is:2110
38874.793199999986: MET_Broker: Cloudlet #2113 return received
38874.793199999986: MET_Broker: The number of finished Cloudlets is:2111
39081.910399999986: MET_Broker: Cloudlet #2112 return received
39081.910399999986: MET_Broker: The number of finished Cloudlets is:2112
39112.82039999999: MET_Broker: Cloudlet #2106 return received
39112.82039999999: MET_Broker: The number of finished Cloudlets is:2113
39132.57319999999: MET_Broker: Cloudlet #2116 return received
39132.57319999999: MET_Broker: The number of finished Cloudlets is:2114
39133.57679999999: MET_Broker: Cloudlet #2114 return received
39133.57679999999: MET_Broker: The number of finished Cloudlets is:2115
39141.809599999986: MET_Broker: Cloudlet #2118 return received
39141.809599999986: MET_Broker: The number of finished Cloudlets is:2116
39184.287199999984: MET_Broker: Cloudlet #2115 return received
39184.287199999984: MET_Broker: The number of finished Cloudlets is:2117
39185.50559999998: MET_Broker: Cloudlet #2111 return received
39185.50559999998: MET_Broker: The number of finished Cloudlets is:2118
39196.86999999998: MET_Broker: Cloudlet #2120 return received
39196.86999999998: MET_Broker: The number of finished Cloudlets is:2119
39200.71399999998: MET_Broker: Cloudlet #2119 return received
39200.71399999998: MET_Broker: The number of finished Cloudlets is:2120
39235.041599999975: MET_Broker: Cloudlet #2123 return received
39235.041599999975: MET_Broker: The number of finished Cloudlets is:2121
39244.78679999997: MET_Broker: Cloudlet #2124 return received
39244.78679999997: MET_Broker: The number of finished Cloudlets is:2122
39293.53679999997: MET_Broker: Cloudlet #2125 return received
39293.53679999997: MET_Broker: The number of finished Cloudlets is:2123
39296.360399999976: MET_Broker: Cloudlet #2117 return received
39296.360399999976: MET_Broker: The number of finished Cloudlets is:2124
39301.05519999997: MET_Broker: Cloudlet #2126 return received
39301.05519999997: MET_Broker: The number of finished Cloudlets is:2125
39315.60919999997: MET_Broker: Cloudlet #2127 return received
39315.60919999997: MET_Broker: The number of finished Cloudlets is:2126
39326.31279999997: MET_Broker: Cloudlet #2129 return received
39326.31279999997: MET_Broker: The number of finished Cloudlets is:2127
39352.64119999997: MET_Broker: Cloudlet #2128 return received
39352.64119999997: MET_Broker: The number of finished Cloudlets is:2128
39366.36919999997: MET_Broker: Cloudlet #2130 return received
39366.36919999997: MET_Broker: The number of finished Cloudlets is:2129
39379.00439999997: MET_Broker: Cloudlet #2131 return received
39379.00439999997: MET_Broker: The number of finished Cloudlets is:2130
39380.81639999997: MET_Broker: Cloudlet #2132 return received
39380.81639999997: MET_Broker: The number of finished Cloudlets is:2131
39412.45839999997: MET_Broker: Cloudlet #2122 return received
39412.45839999997: MET_Broker: The number of finished Cloudlets is:2132
39426.41159999997: MET_Broker: Cloudlet #2133 return received
39426.41159999997: MET_Broker: The number of finished Cloudlets is:2133
39450.00399999997: MET_Broker: Cloudlet #2135 return received
39450.00399999997: MET_Broker: The number of finished Cloudlets is:2134
39450.54639999997: MET_Broker: Cloudlet #2136 return received
39450.54639999997: MET_Broker: The number of finished Cloudlets is:2135
39486.71239999997: MET_Broker: Cloudlet #2137 return received
39486.71239999997: MET_Broker: The number of finished Cloudlets is:2136
39488.92119999997: MET_Broker: Cloudlet #2121 return received
39488.92119999997: MET_Broker: The number of finished Cloudlets is:2137
39503.885599999965: MET_Broker: Cloudlet #2134 return received
39503.885599999965: MET_Broker: The number of finished Cloudlets is:2138
39535.48559999996: MET_Broker: Cloudlet #2139 return received
39535.48559999996: MET_Broker: The number of finished Cloudlets is:2139
39544.34999999996: MET_Broker: Cloudlet #2142 return received
39544.34999999996: MET_Broker: The number of finished Cloudlets is:2140
39612.99319999996: MET_Broker: Cloudlet #2141 return received
39612.99319999996: MET_Broker: The number of finished Cloudlets is:2141
39631.95279999996: MET_Broker: Cloudlet #2144 return received
39631.95279999996: MET_Broker: The number of finished Cloudlets is:2142
39656.36959999996: MET_Broker: Cloudlet #2143 return received
39656.36959999996: MET_Broker: The number of finished Cloudlets is:2143
39671.428799999965: MET_Broker: Cloudlet #2145 return received
39671.428799999965: MET_Broker: The number of finished Cloudlets is:2144
39680.90079999997: MET_Broker: Cloudlet #2147 return received
39680.90079999997: MET_Broker: The number of finished Cloudlets is:2145
39713.552399999964: MET_Broker: Cloudlet #2138 return received
39713.552399999964: MET_Broker: The number of finished Cloudlets is:2146
39715.47159999996: MET_Broker: Cloudlet #2146 return received
39715.47159999996: MET_Broker: The number of finished Cloudlets is:2147
39725.674799999964: MET_Broker: Cloudlet #2149 return received
39725.674799999964: MET_Broker: The number of finished Cloudlets is:2148
39771.987599999964: MET_Broker: Cloudlet #2150 return received
39771.987599999964: MET_Broker: The number of finished Cloudlets is:2149
39775.703599999964: MET_Broker: Cloudlet #2140 return received
39775.703599999964: MET_Broker: The number of finished Cloudlets is:2150
39796.106799999965: MET_Broker: Cloudlet #2153 return received
39796.106799999965: MET_Broker: The number of finished Cloudlets is:2151
39803.92639999997: MET_Broker: Cloudlet #2154 return received
39803.92639999997: MET_Broker: The number of finished Cloudlets is:2152
39811.282799999964: MET_Broker: Cloudlet #2152 return received
39811.282799999964: MET_Broker: The number of finished Cloudlets is:2153
39812.91679999996: MET_Broker: Cloudlet #2155 return received
39812.91679999996: MET_Broker: The number of finished Cloudlets is:2154
39847.48279999996: MET_Broker: Cloudlet #2156 return received
39847.48279999996: MET_Broker: The number of finished Cloudlets is:2155
39870.054399999965: MET_Broker: Cloudlet #2158 return received
39870.054399999965: MET_Broker: The number of finished Cloudlets is:2156
39873.831199999964: MET_Broker: Cloudlet #2151 return received
39873.831199999964: MET_Broker: The number of finished Cloudlets is:2157
39878.02679999996: MET_Broker: Cloudlet #2159 return received
39878.02679999996: MET_Broker: The number of finished Cloudlets is:2158
39885.10319999996: MET_Broker: Cloudlet #2161 return received
39885.10319999996: MET_Broker: The number of finished Cloudlets is:2159
39885.55359999996: MET_Broker: Cloudlet #2157 return received
39885.55359999996: MET_Broker: The number of finished Cloudlets is:2160
39900.33999999996: MET_Broker: Cloudlet #2163 return received
39900.33999999996: MET_Broker: The number of finished Cloudlets is:2161
39921.85799999996: MET_Broker: Cloudlet #2164 return received
39921.85799999996: MET_Broker: The number of finished Cloudlets is:2162
39929.43599999996: MET_Broker: Cloudlet #2148 return received
39929.43599999996: MET_Broker: The number of finished Cloudlets is:2163
39933.41199999996: MET_Broker: Cloudlet #2160 return received
39933.41199999996: MET_Broker: The number of finished Cloudlets is:2164
39938.69559999996: MET_Broker: Cloudlet #2166 return received
39938.69559999996: MET_Broker: The number of finished Cloudlets is:2165
39943.37599999996: MET_Broker: Cloudlet #2165 return received
39943.37599999996: MET_Broker: The number of finished Cloudlets is:2166
39951.65479999996: MET_Broker: Cloudlet #2169 return received
39951.65479999996: MET_Broker: The number of finished Cloudlets is:2167
39965.06599999996: MET_Broker: Cloudlet #2170 return received
39965.06599999996: MET_Broker: The number of finished Cloudlets is:2168
39968.76239999996: MET_Broker: Cloudlet #2168 return received
39968.76239999996: MET_Broker: The number of finished Cloudlets is:2169
39981.394799999965: MET_Broker: Cloudlet #2171 return received
39981.394799999965: MET_Broker: The number of finished Cloudlets is:2170
40004.53959999997: MET_Broker: Cloudlet #2173 return received
40004.53959999997: MET_Broker: The number of finished Cloudlets is:2171
40019.452399999966: MET_Broker: Cloudlet #2172 return received
40019.452399999966: MET_Broker: The number of finished Cloudlets is:2172
40029.55559999996: MET_Broker: Cloudlet #2175 return received
40029.55559999996: MET_Broker: The number of finished Cloudlets is:2173
40057.61639999996: MET_Broker: Cloudlet #2174 return received
40057.61639999996: MET_Broker: The number of finished Cloudlets is:2174
40059.01879999996: MET_Broker: Cloudlet #2162 return received
40059.01879999996: MET_Broker: The number of finished Cloudlets is:2175
40067.14679999996: MET_Broker: Cloudlet #2178 return received
40067.14679999996: MET_Broker: The number of finished Cloudlets is:2176
40117.41799999996: MET_Broker: Cloudlet #2177 return received
40117.41799999996: MET_Broker: The number of finished Cloudlets is:2177
40119.075999999965: MET_Broker: Cloudlet #2179 return received
40119.075999999965: MET_Broker: The number of finished Cloudlets is:2178
40141.40079999997: MET_Broker: Cloudlet #2181 return received
40141.40079999997: MET_Broker: The number of finished Cloudlets is:2179
40173.07559999997: MET_Broker: Cloudlet #2180 return received
40173.07559999997: MET_Broker: The number of finished Cloudlets is:2180
40184.97159999997: MET_Broker: Cloudlet #2176 return received
40184.97159999997: MET_Broker: The number of finished Cloudlets is:2181
40191.26599999997: MET_Broker: Cloudlet #2183 return received
40191.26599999997: MET_Broker: The number of finished Cloudlets is:2182
40206.579199999964: MET_Broker: Cloudlet #2184 return received
40206.579199999964: MET_Broker: The number of finished Cloudlets is:2183
40237.653999999966: MET_Broker: Cloudlet #2186 return received
40237.653999999966: MET_Broker: The number of finished Cloudlets is:2184
40249.16359999996: MET_Broker: Cloudlet #2187 return received
40249.16359999996: MET_Broker: The number of finished Cloudlets is:2185
40263.389599999966: MET_Broker: Cloudlet #2167 return received
40263.389599999966: MET_Broker: The number of finished Cloudlets is:2186
40292.43679999997: MET_Broker: Cloudlet #2189 return received
40292.43679999997: MET_Broker: The number of finished Cloudlets is:2187
40303.95799999997: MET_Broker: Cloudlet #2190 return received
40303.95799999997: MET_Broker: The number of finished Cloudlets is:2188
40336.855599999966: MET_Broker: Cloudlet #2182 return received
40336.855599999966: MET_Broker: The number of finished Cloudlets is:2189
40340.232399999964: MET_Broker: Cloudlet #2191 return received
40340.232399999964: MET_Broker: The number of finished Cloudlets is:2190
40352.76479999996: MET_Broker: Cloudlet #2193 return received
40352.76479999996: MET_Broker: The number of finished Cloudlets is:2191
40387.31279999996: MET_Broker: Cloudlet #2185 return received
40387.31279999996: MET_Broker: The number of finished Cloudlets is:2192
40399.70519999996: MET_Broker: Cloudlet #2195 return received
40399.70519999996: MET_Broker: The number of finished Cloudlets is:2193
40457.37999999996: MET_Broker: Cloudlet #2192 return received
40457.37999999996: MET_Broker: The number of finished Cloudlets is:2194
40524.80799999996: MET_Broker: Cloudlet #2188 return received
40524.80799999996: MET_Broker: The number of finished Cloudlets is:2195
40588.31199999996: MET_Broker: Cloudlet #2194 return received
40588.31199999996: MET_Broker: The number of finished Cloudlets is:2196
40601.86439999996: MET_Broker: Cloudlet #2199 return received
40601.86439999996: MET_Broker: The number of finished Cloudlets is:2197
40644.04279999996: MET_Broker: Cloudlet #2196 return received
40644.04279999996: MET_Broker: The number of finished Cloudlets is:2198
40651.15799999996: MET_Broker: Cloudlet #2200 return received
40651.15799999996: MET_Broker: The number of finished Cloudlets is:2199
40659.86559999996: MET_Broker: Cloudlet #2197 return received
40659.86559999996: MET_Broker: The number of finished Cloudlets is:2200
40670.49759999996: MET_Broker: Cloudlet #2202 return received
40670.49759999996: MET_Broker: The number of finished Cloudlets is:2201
40734.645199999955: MET_Broker: Cloudlet #2201 return received
40734.645199999955: MET_Broker: The number of finished Cloudlets is:2202
40736.439599999954: MET_Broker: Cloudlet #2203 return received
40736.439599999954: MET_Broker: The number of finished Cloudlets is:2203
40791.357199999955: MET_Broker: Cloudlet #2205 return received
40791.357199999955: MET_Broker: The number of finished Cloudlets is:2204
40805.920799999956: MET_Broker: Cloudlet #2204 return received
40805.920799999956: MET_Broker: The number of finished Cloudlets is:2205
40809.38559999996: MET_Broker: Cloudlet #2207 return received
40809.38559999996: MET_Broker: The number of finished Cloudlets is:2206
40811.86039999996: MET_Broker: Cloudlet #2206 return received
40811.86039999996: MET_Broker: The number of finished Cloudlets is:2207
40814.289999999964: MET_Broker: Cloudlet #2208 return received
40814.289999999964: MET_Broker: The number of finished Cloudlets is:2208
40821.013199999965: MET_Broker: Cloudlet #2211 return received
40821.013199999965: MET_Broker: The number of finished Cloudlets is:2209
40826.14359999997: MET_Broker: Cloudlet #2198 return received
40826.14359999997: MET_Broker: The number of finished Cloudlets is:2210
40830.617999999966: MET_Broker: Cloudlet #2210 return received
40830.617999999966: MET_Broker: The number of finished Cloudlets is:2211
40838.497599999966: MET_Broker: Cloudlet #2212 return received
40838.497599999966: MET_Broker: The number of finished Cloudlets is:2212
40853.337199999965: MET_Broker: Cloudlet #2209 return received
40853.337199999965: MET_Broker: The number of finished Cloudlets is:2213
40873.30719999997: MET_Broker: Cloudlet #2213 return received
40873.30719999997: MET_Broker: The number of finished Cloudlets is:2214
40891.47879999997: MET_Broker: Cloudlet #2216 return received
40891.47879999997: MET_Broker: The number of finished Cloudlets is:2215
40892.197199999966: MET_Broker: Cloudlet #2217 return received
40892.197199999966: MET_Broker: The number of finished Cloudlets is:2216
40893.38079999996: MET_Broker: Cloudlet #2215 return received
40893.38079999996: MET_Broker: The number of finished Cloudlets is:2217
40899.46559999996: MET_Broker: Cloudlet #2220 return received
40899.46559999996: MET_Broker: The number of finished Cloudlets is:2218
40916.20199999996: MET_Broker: Cloudlet #2219 return received
40916.20199999996: MET_Broker: The number of finished Cloudlets is:2219
40919.01959999996: MET_Broker: Cloudlet #2214 return received
40919.01959999996: MET_Broker: The number of finished Cloudlets is:2220
40949.021599999964: MET_Broker: Cloudlet #2221 return received
40949.021599999964: MET_Broker: The number of finished Cloudlets is:2221
40959.771599999964: MET_Broker: Cloudlet #2223 return received
40959.771599999964: MET_Broker: The number of finished Cloudlets is:2222
40966.831199999964: MET_Broker: Cloudlet #2224 return received
40966.831199999964: MET_Broker: The number of finished Cloudlets is:2223
40971.303199999966: MET_Broker: Cloudlet #2225 return received
40971.303199999966: MET_Broker: The number of finished Cloudlets is:2224
40988.310399999966: MET_Broker: Cloudlet #2222 return received
40988.310399999966: MET_Broker: The number of finished Cloudlets is:2225
40992.22119999996: MET_Broker: Cloudlet #2226 return received
40992.22119999996: MET_Broker: The number of finished Cloudlets is:2226
40996.890799999965: MET_Broker: Cloudlet #2228 return received
40996.890799999965: MET_Broker: The number of finished Cloudlets is:2227
41009.30999999996: MET_Broker: Cloudlet #2229 return received
41009.30999999996: MET_Broker: The number of finished Cloudlets is:2228
41060.261199999964: MET_Broker: Cloudlet #2227 return received
41060.261199999964: MET_Broker: The number of finished Cloudlets is:2229
41067.40479999997: MET_Broker: Cloudlet #2231 return received
41067.40479999997: MET_Broker: The number of finished Cloudlets is:2230
41115.23679999997: MET_Broker: Cloudlet #2233 return received
41115.23679999997: MET_Broker: The number of finished Cloudlets is:2231
41121.24719999997: MET_Broker: Cloudlet #2234 return received
41121.24719999997: MET_Broker: The number of finished Cloudlets is:2232
41130.38119999997: MET_Broker: Cloudlet #2235 return received
41130.38119999997: MET_Broker: The number of finished Cloudlets is:2233
41152.72839999996: MET_Broker: Cloudlet #2230 return received
41152.72839999996: MET_Broker: The number of finished Cloudlets is:2234
41166.22119999996: MET_Broker: Cloudlet #2236 return received
41166.22119999996: MET_Broker: The number of finished Cloudlets is:2235
41182.01599999997: MET_Broker: Cloudlet #2237 return received
41182.01599999997: MET_Broker: The number of finished Cloudlets is:2236
41225.935999999965: MET_Broker: Cloudlet #2232 return received
41225.935999999965: MET_Broker: The number of finished Cloudlets is:2237
41231.613999999965: MET_Broker: Cloudlet #2218 return received
41231.613999999965: MET_Broker: The number of finished Cloudlets is:2238
41233.25039999997: MET_Broker: Cloudlet #2240 return received
41233.25039999997: MET_Broker: The number of finished Cloudlets is:2239
41286.27279999997: MET_Broker: Cloudlet #2241 return received
41286.27279999997: MET_Broker: The number of finished Cloudlets is:2240
41303.648799999966: MET_Broker: Cloudlet #2243 return received
41303.648799999966: MET_Broker: The number of finished Cloudlets is:2241
41304.48679999997: MET_Broker: Cloudlet #2238 return received
41304.48679999997: MET_Broker: The number of finished Cloudlets is:2242
41310.78759999997: MET_Broker: Cloudlet #2245 return received
41310.78759999997: MET_Broker: The number of finished Cloudlets is:2243
41320.693199999965: MET_Broker: Cloudlet #2246 return received
41320.693199999965: MET_Broker: The number of finished Cloudlets is:2244
41348.024399999966: MET_Broker: Cloudlet #2239 return received
41348.024399999966: MET_Broker: The number of finished Cloudlets is:2245
41359.70839999997: MET_Broker: Cloudlet #2247 return received
41359.70839999997: MET_Broker: The number of finished Cloudlets is:2246
41372.92439999997: MET_Broker: Cloudlet #2248 return received
41372.92439999997: MET_Broker: The number of finished Cloudlets is:2247
41383.356799999965: MET_Broker: Cloudlet #2249 return received
41383.356799999965: MET_Broker: The number of finished Cloudlets is:2248
41394.51239999996: MET_Broker: Cloudlet #2250 return received
41394.51239999996: MET_Broker: The number of finished Cloudlets is:2249
41433.419599999965: MET_Broker: Cloudlet #2251 return received
41433.419599999965: MET_Broker: The number of finished Cloudlets is:2250
41436.04999999997: MET_Broker: Cloudlet #2252 return received
41436.04999999997: MET_Broker: The number of finished Cloudlets is:2251
41466.587199999965: MET_Broker: Cloudlet #2254 return received
41466.587199999965: MET_Broker: The number of finished Cloudlets is:2252
41524.41079999997: MET_Broker: Cloudlet #2253 return received
41524.41079999997: MET_Broker: The number of finished Cloudlets is:2253
41562.57559999997: MET_Broker: Cloudlet #2242 return received
41562.57559999997: MET_Broker: The number of finished Cloudlets is:2254
41574.96319999997: MET_Broker: Cloudlet #2256 return received
41574.96319999997: MET_Broker: The number of finished Cloudlets is:2255
41581.66239999997: MET_Broker: Cloudlet #2257 return received
41581.66239999997: MET_Broker: The number of finished Cloudlets is:2256
41584.43919999997: MET_Broker: Cloudlet #2244 return received
41584.43919999997: MET_Broker: The number of finished Cloudlets is:2257
41626.92519999997: MET_Broker: Cloudlet #2259 return received
41626.92519999997: MET_Broker: The number of finished Cloudlets is:2258
41643.62039999997: MET_Broker: Cloudlet #2261 return received
41643.62039999997: MET_Broker: The number of finished Cloudlets is:2259
41682.17919999997: MET_Broker: Cloudlet #2255 return received
41682.17919999997: MET_Broker: The number of finished Cloudlets is:2260
41720.46599999997: MET_Broker: Cloudlet #2260 return received
41720.46599999997: MET_Broker: The number of finished Cloudlets is:2261
41802.38679999997: MET_Broker: Cloudlet #2263 return received
41802.38679999997: MET_Broker: The number of finished Cloudlets is:2262
41829.20239999997: MET_Broker: Cloudlet #2265 return received
41829.20239999997: MET_Broker: The number of finished Cloudlets is:2263
41840.264799999975: MET_Broker: Cloudlet #2266 return received
41840.264799999975: MET_Broker: The number of finished Cloudlets is:2264
41846.91959999997: MET_Broker: Cloudlet #2262 return received
41846.91959999997: MET_Broker: The number of finished Cloudlets is:2265
41848.04599999997: MET_Broker: Cloudlet #2267 return received
41848.04599999997: MET_Broker: The number of finished Cloudlets is:2266
41907.692799999975: MET_Broker: Cloudlet #2258 return received
41907.692799999975: MET_Broker: The number of finished Cloudlets is:2267
41954.012799999975: MET_Broker: Cloudlet #2270 return received
41954.012799999975: MET_Broker: The number of finished Cloudlets is:2268
41997.01559999998: MET_Broker: Cloudlet #2264 return received
41997.01559999998: MET_Broker: The number of finished Cloudlets is:2269
42003.56279999998: MET_Broker: Cloudlet #2271 return received
42003.56279999998: MET_Broker: The number of finished Cloudlets is:2270
42018.24679999998: MET_Broker: Cloudlet #2269 return received
42018.24679999998: MET_Broker: The number of finished Cloudlets is:2271
42026.06079999998: MET_Broker: Cloudlet #2274 return received
42026.06079999998: MET_Broker: The number of finished Cloudlets is:2272
42039.03519999998: MET_Broker: Cloudlet #2273 return received
42039.03519999998: MET_Broker: The number of finished Cloudlets is:2273
42040.879199999974: MET_Broker: Cloudlet #2275 return received
42040.879199999974: MET_Broker: The number of finished Cloudlets is:2274
42054.353199999976: MET_Broker: Cloudlet #2272 return received
42054.353199999976: MET_Broker: The number of finished Cloudlets is:2275
42075.47319999998: MET_Broker: Cloudlet #2278 return received
42075.47319999998: MET_Broker: The number of finished Cloudlets is:2276
42076.43799999998: MET_Broker: Cloudlet #2276 return received
42076.43799999998: MET_Broker: The number of finished Cloudlets is:2277
42129.32439999998: MET_Broker: Cloudlet #2268 return received
42129.32439999998: MET_Broker: The number of finished Cloudlets is:2278
42185.916799999985: MET_Broker: Cloudlet #2277 return received
42185.916799999985: MET_Broker: The number of finished Cloudlets is:2279
42187.46039999998: MET_Broker: Cloudlet #2281 return received
42187.46039999998: MET_Broker: The number of finished Cloudlets is:2280
42229.965199999984: MET_Broker: Cloudlet #2283 return received
42229.965199999984: MET_Broker: The number of finished Cloudlets is:2281
42332.635999999984: MET_Broker: Cloudlet #2280 return received
42332.635999999984: MET_Broker: The number of finished Cloudlets is:2282
42370.47599999998: MET_Broker: Cloudlet #2282 return received
42370.47599999998: MET_Broker: The number of finished Cloudlets is:2283
42371.42279999998: MET_Broker: Cloudlet #2284 return received
42371.42279999998: MET_Broker: The number of finished Cloudlets is:2284
42393.26839999998: MET_Broker: Cloudlet #2285 return received
42393.26839999998: MET_Broker: The number of finished Cloudlets is:2285
42413.48879999998: MET_Broker: Cloudlet #2279 return received
42413.48879999998: MET_Broker: The number of finished Cloudlets is:2286
42423.825599999975: MET_Broker: Cloudlet #2287 return received
42423.825599999975: MET_Broker: The number of finished Cloudlets is:2287
42436.373999999974: MET_Broker: Cloudlet #2290 return received
42436.373999999974: MET_Broker: The number of finished Cloudlets is:2288
42452.44959999997: MET_Broker: Cloudlet #2288 return received
42452.44959999997: MET_Broker: The number of finished Cloudlets is:2289
42471.92759999997: MET_Broker: Cloudlet #2292 return received
42471.92759999997: MET_Broker: The number of finished Cloudlets is:2290
42490.43119999997: MET_Broker: Cloudlet #2293 return received
42490.43119999997: MET_Broker: The number of finished Cloudlets is:2291
42491.92559999997: MET_Broker: Cloudlet #2291 return received
42491.92559999997: MET_Broker: The number of finished Cloudlets is:2292
42509.317199999976: MET_Broker: Cloudlet #2295 return received
42509.317199999976: MET_Broker: The number of finished Cloudlets is:2293
42520.080799999974: MET_Broker: Cloudlet #2296 return received
42520.080799999974: MET_Broker: The number of finished Cloudlets is:2294
42526.27359999997: MET_Broker: Cloudlet #2286 return received
42526.27359999997: MET_Broker: The number of finished Cloudlets is:2295
42544.979999999974: MET_Broker: Cloudlet #2298 return received
42544.979999999974: MET_Broker: The number of finished Cloudlets is:2296
42561.355199999976: MET_Broker: Cloudlet #2299 return received
42561.355199999976: MET_Broker: The number of finished Cloudlets is:2297
42564.900799999974: MET_Broker: Cloudlet #2297 return received
42564.900799999974: MET_Broker: The number of finished Cloudlets is:2298
42576.84439999997: MET_Broker: Cloudlet #2300 return received
42576.84439999997: MET_Broker: The number of finished Cloudlets is:2299
42578.153599999976: MET_Broker: Cloudlet #2301 return received
42578.153599999976: MET_Broker: The number of finished Cloudlets is:2300
42590.658799999976: MET_Broker: Cloudlet #2303 return received
42590.658799999976: MET_Broker: The number of finished Cloudlets is:2301
42616.08559999998: MET_Broker: Cloudlet #2304 return received
42616.08559999998: MET_Broker: The number of finished Cloudlets is:2302
42628.83039999998: MET_Broker: Cloudlet #2302 return received
42628.83039999998: MET_Broker: The number of finished Cloudlets is:2303
42635.586799999975: MET_Broker: Cloudlet #2306 return received
42635.586799999975: MET_Broker: The number of finished Cloudlets is:2304
42659.62239999998: MET_Broker: Cloudlet #2305 return received
42659.62239999998: MET_Broker: The number of finished Cloudlets is:2305
42698.48199999998: MET_Broker: Cloudlet #2289 return received
42698.48199999998: MET_Broker: The number of finished Cloudlets is:2306
42699.27519999998: MET_Broker: Cloudlet #2308 return received
42699.27519999998: MET_Broker: The number of finished Cloudlets is:2307
42707.36679999998: MET_Broker: Cloudlet #2310 return received
42707.36679999998: MET_Broker: The number of finished Cloudlets is:2308
42707.62439999998: MET_Broker: Cloudlet #2309 return received
42707.62439999998: MET_Broker: The number of finished Cloudlets is:2309
42724.38039999998: MET_Broker: Cloudlet #2311 return received
42724.38039999998: MET_Broker: The number of finished Cloudlets is:2310
42741.96119999998: MET_Broker: Cloudlet #2313 return received
42741.96119999998: MET_Broker: The number of finished Cloudlets is:2311
42752.80519999998: MET_Broker: Cloudlet #2307 return received
42752.80519999998: MET_Broker: The number of finished Cloudlets is:2312
42758.84919999998: MET_Broker: Cloudlet #2315 return received
42758.84919999998: MET_Broker: The number of finished Cloudlets is:2313
42796.607999999986: MET_Broker: Cloudlet #2316 return received
42796.607999999986: MET_Broker: The number of finished Cloudlets is:2314
42820.49519999998: MET_Broker: Cloudlet #2294 return received
42820.49519999998: MET_Broker: The number of finished Cloudlets is:2315
42871.563999999984: MET_Broker: Cloudlet #2312 return received
42871.563999999984: MET_Broker: The number of finished Cloudlets is:2316
42908.40479999998: MET_Broker: Cloudlet #2319 return received
42908.40479999998: MET_Broker: The number of finished Cloudlets is:2317
42950.35479999998: MET_Broker: Cloudlet #2320 return received
42950.35479999998: MET_Broker: The number of finished Cloudlets is:2318
42963.40079999998: MET_Broker: Cloudlet #2314 return received
42963.40079999998: MET_Broker: The number of finished Cloudlets is:2319
42970.25759999998: MET_Broker: Cloudlet #2321 return received
42970.25759999998: MET_Broker: The number of finished Cloudlets is:2320
42976.33799999998: MET_Broker: Cloudlet #2322 return received
42976.33799999998: MET_Broker: The number of finished Cloudlets is:2321
42983.04679999998: MET_Broker: Cloudlet #2318 return received
42983.04679999998: MET_Broker: The number of finished Cloudlets is:2322
42994.03279999998: MET_Broker: Cloudlet #2325 return received
42994.03279999998: MET_Broker: The number of finished Cloudlets is:2323
42995.48719999998: MET_Broker: Cloudlet #2317 return received
42995.48719999998: MET_Broker: The number of finished Cloudlets is:2324
43014.59879999998: MET_Broker: Cloudlet #2323 return received
43014.59879999998: MET_Broker: The number of finished Cloudlets is:2325
43034.13079999998: MET_Broker: Cloudlet #2324 return received
43034.13079999998: MET_Broker: The number of finished Cloudlets is:2326
43043.69519999998: MET_Broker: Cloudlet #2328 return received
43043.69519999998: MET_Broker: The number of finished Cloudlets is:2327
43064.64559999998: MET_Broker: Cloudlet #2326 return received
43064.64559999998: MET_Broker: The number of finished Cloudlets is:2328
43080.580399999984: MET_Broker: Cloudlet #2331 return received
43080.580399999984: MET_Broker: The number of finished Cloudlets is:2329
43111.300399999986: MET_Broker: Cloudlet #2329 return received
43111.300399999986: MET_Broker: The number of finished Cloudlets is:2330
43119.26159999998: MET_Broker: Cloudlet #2333 return received
43119.26159999998: MET_Broker: The number of finished Cloudlets is:2331
43131.03439999998: MET_Broker: Cloudlet #2334 return received
43131.03439999998: MET_Broker: The number of finished Cloudlets is:2332
43132.973199999986: MET_Broker: Cloudlet #2332 return received
43132.973199999986: MET_Broker: The number of finished Cloudlets is:2333
43148.11479999999: MET_Broker: Cloudlet #2330 return received
43148.11479999999: MET_Broker: The number of finished Cloudlets is:2334
43150.86759999999: MET_Broker: Cloudlet #2336 return received
43150.86759999999: MET_Broker: The number of finished Cloudlets is:2335
43155.81759999999: MET_Broker: Cloudlet #2335 return received
43155.81759999999: MET_Broker: The number of finished Cloudlets is:2336
43157.13839999999: MET_Broker: Cloudlet #2337 return received
43157.13839999999: MET_Broker: The number of finished Cloudlets is:2337
43167.552399999986: MET_Broker: Cloudlet #2338 return received
43167.552399999986: MET_Broker: The number of finished Cloudlets is:2338
43193.96119999998: MET_Broker: Cloudlet #2341 return received
43193.96119999998: MET_Broker: The number of finished Cloudlets is:2339
43197.21119999998: MET_Broker: Cloudlet #2340 return received
43197.21119999998: MET_Broker: The number of finished Cloudlets is:2340
43212.258399999984: MET_Broker: Cloudlet #2343 return received
43212.258399999984: MET_Broker: The number of finished Cloudlets is:2341
43214.77959999999: MET_Broker: Cloudlet #2339 return received
43214.77959999999: MET_Broker: The number of finished Cloudlets is:2342
43225.726399999985: MET_Broker: Cloudlet #2327 return received
43225.726399999985: MET_Broker: The number of finished Cloudlets is:2343
43242.625599999985: MET_Broker: Cloudlet #2346 return received
43242.625599999985: MET_Broker: The number of finished Cloudlets is:2344
43282.08799999998: MET_Broker: Cloudlet #2347 return received
43282.08799999998: MET_Broker: The number of finished Cloudlets is:2345
43308.11159999998: MET_Broker: Cloudlet #2348 return received
43308.11159999998: MET_Broker: The number of finished Cloudlets is:2346
43323.79199999998: MET_Broker: Cloudlet #2344 return received
43323.79199999998: MET_Broker: The number of finished Cloudlets is:2347
43358.20199999998: MET_Broker: Cloudlet #2349 return received
43358.20199999998: MET_Broker: The number of finished Cloudlets is:2348
43404.06919999998: MET_Broker: Cloudlet #2345 return received
43404.06919999998: MET_Broker: The number of finished Cloudlets is:2349
43413.93159999998: MET_Broker: Cloudlet #2352 return received
43413.93159999998: MET_Broker: The number of finished Cloudlets is:2350
43432.55919999998: MET_Broker: Cloudlet #2342 return received
43432.55919999998: MET_Broker: The number of finished Cloudlets is:2351
43438.70439999998: MET_Broker: Cloudlet #2354 return received
43438.70439999998: MET_Broker: The number of finished Cloudlets is:2352
43450.41799999998: MET_Broker: Cloudlet #2355 return received
43450.41799999998: MET_Broker: The number of finished Cloudlets is:2353
43462.80719999998: MET_Broker: Cloudlet #2356 return received
43462.80719999998: MET_Broker: The number of finished Cloudlets is:2354
43471.22639999998: MET_Broker: Cloudlet #2357 return received
43471.22639999998: MET_Broker: The number of finished Cloudlets is:2355
43516.56079999998: MET_Broker: Cloudlet #2358 return received
43516.56079999998: MET_Broker: The number of finished Cloudlets is:2356
43555.36599999998: MET_Broker: Cloudlet #2359 return received
43555.36599999998: MET_Broker: The number of finished Cloudlets is:2357
43556.14639999998: MET_Broker: Cloudlet #2350 return received
43556.14639999998: MET_Broker: The number of finished Cloudlets is:2358
43579.563999999984: MET_Broker: Cloudlet #2360 return received
43579.563999999984: MET_Broker: The number of finished Cloudlets is:2359
43590.16839999998: MET_Broker: Cloudlet #2361 return received
43590.16839999998: MET_Broker: The number of finished Cloudlets is:2360
43615.47119999998: MET_Broker: Cloudlet #2363 return received
43615.47119999998: MET_Broker: The number of finished Cloudlets is:2361
43630.82359999998: MET_Broker: Cloudlet #2362 return received
43630.82359999998: MET_Broker: The number of finished Cloudlets is:2362
43643.77519999998: MET_Broker: Cloudlet #2351 return received
43643.77519999998: MET_Broker: The number of finished Cloudlets is:2363
43647.32879999998: MET_Broker: Cloudlet #2364 return received
43647.32879999998: MET_Broker: The number of finished Cloudlets is:2364
43672.23039999998: MET_Broker: Cloudlet #2365 return received
43672.23039999998: MET_Broker: The number of finished Cloudlets is:2365
43681.71959999998: MET_Broker: Cloudlet #2367 return received
43681.71959999998: MET_Broker: The number of finished Cloudlets is:2366
43687.07759999998: MET_Broker: Cloudlet #2368 return received
43687.07759999998: MET_Broker: The number of finished Cloudlets is:2367
43695.226399999985: MET_Broker: Cloudlet #2370 return received
43695.226399999985: MET_Broker: The number of finished Cloudlets is:2368
43695.64159999999: MET_Broker: Cloudlet #2353 return received
43695.64159999999: MET_Broker: The number of finished Cloudlets is:2369
43712.74519999999: MET_Broker: Cloudlet #2372 return received
43712.74519999999: MET_Broker: The number of finished Cloudlets is:2370
43736.17079999999: MET_Broker: Cloudlet #2369 return received
43736.17079999999: MET_Broker: The number of finished Cloudlets is:2371
43743.96919999999: MET_Broker: Cloudlet #2374 return received
43743.96919999999: MET_Broker: The number of finished Cloudlets is:2372
43767.44959999999: MET_Broker: Cloudlet #2373 return received
43767.44959999999: MET_Broker: The number of finished Cloudlets is:2373
43768.11719999999: MET_Broker: Cloudlet #2366 return received
43768.11719999999: MET_Broker: The number of finished Cloudlets is:2374
43784.7556: MET_Broker: Cloudlet #2376 return received
43784.7556: MET_Broker: The number of finished Cloudlets is:2375
43870.644: MET_Broker: Cloudlet #2371 return received
43870.644: MET_Broker: The number of finished Cloudlets is:2376
43908.6504: MET_Broker: Cloudlet #2379 return received
43908.6504: MET_Broker: The number of finished Cloudlets is:2377
43932.9292: MET_Broker: Cloudlet #2380 return received
43932.9292: MET_Broker: The number of finished Cloudlets is:2378
43992.1548: MET_Broker: Cloudlet #2375 return received
43992.1548: MET_Broker: The number of finished Cloudlets is:2379
44016.4292: MET_Broker: Cloudlet #2378 return received
44016.4292: MET_Broker: The number of finished Cloudlets is:2380
44025.8976: MET_Broker: Cloudlet #2383 return received
44025.8976: MET_Broker: The number of finished Cloudlets is:2381
44040.6492: MET_Broker: Cloudlet #2377 return received
44040.6492: MET_Broker: The number of finished Cloudlets is:2382
44045.6536: MET_Broker: Cloudlet #2382 return received
44045.6536: MET_Broker: The number of finished Cloudlets is:2383
44060.598399999995: MET_Broker: Cloudlet #2386 return received
44060.598399999995: MET_Broker: The number of finished Cloudlets is:2384
44079.9108: MET_Broker: Cloudlet #2387 return received
44079.9108: MET_Broker: The number of finished Cloudlets is:2385
44088.9724: MET_Broker: Cloudlet #2385 return received
44088.9724: MET_Broker: The number of finished Cloudlets is:2386
44111.731999999996: MET_Broker: Cloudlet #2388 return received
44111.731999999996: MET_Broker: The number of finished Cloudlets is:2387
44115.2656: MET_Broker: Cloudlet #2381 return received
44115.2656: MET_Broker: The number of finished Cloudlets is:2388
44147.1008: MET_Broker: Cloudlet #2389 return received
44147.1008: MET_Broker: The number of finished Cloudlets is:2389
44162.0104: MET_Broker: Cloudlet #2392 return received
44162.0104: MET_Broker: The number of finished Cloudlets is:2390
44163.5252: MET_Broker: Cloudlet #2390 return received
44163.5252: MET_Broker: The number of finished Cloudlets is:2391
44181.522399999994: MET_Broker: Cloudlet #2393 return received
44181.522399999994: MET_Broker: The number of finished Cloudlets is:2392
44212.9736: MET_Broker: Cloudlet #2394 return received
44212.9736: MET_Broker: The number of finished Cloudlets is:2393
44221.070799999994: MET_Broker: Cloudlet #2395 return received
44221.070799999994: MET_Broker: The number of finished Cloudlets is:2394
44222.631199999996: MET_Broker: Cloudlet #2396 return received
44222.631199999996: MET_Broker: The number of finished Cloudlets is:2395
44223.1792: MET_Broker: Cloudlet #2384 return received
44223.1792: MET_Broker: The number of finished Cloudlets is:2396
44260.2068: MET_Broker: Cloudlet #2399 return received
44260.2068: MET_Broker: The number of finished Cloudlets is:2397
44292.2516: MET_Broker: Cloudlet #2391 return received
44292.2516: MET_Broker: The number of finished Cloudlets is:2398
44322.6964: MET_Broker: Cloudlet #2401 return received
44322.6964: MET_Broker: The number of finished Cloudlets is:2399
44332.7028: MET_Broker: Cloudlet #2402 return received
44332.7028: MET_Broker: The number of finished Cloudlets is:2400
44334.4344: MET_Broker: Cloudlet #2397 return received
44334.4344: MET_Broker: The number of finished Cloudlets is:2401
44344.509999999995: MET_Broker: Cloudlet #2404 return received
44344.509999999995: MET_Broker: The number of finished Cloudlets is:2402
44357.2824: MET_Broker: Cloudlet #2405 return received
44357.2824: MET_Broker: The number of finished Cloudlets is:2403
44357.5116: MET_Broker: Cloudlet #2403 return received
44357.5116: MET_Broker: The number of finished Cloudlets is:2404
44384.172399999996: MET_Broker: Cloudlet #2406 return received
44384.172399999996: MET_Broker: The number of finished Cloudlets is:2405
44399.655999999995: MET_Broker: Cloudlet #2408 return received
44399.655999999995: MET_Broker: The number of finished Cloudlets is:2406
44432.39599999999: MET_Broker: Cloudlet #2398 return received
44432.39599999999: MET_Broker: The number of finished Cloudlets is:2407
44432.79519999999: MET_Broker: Cloudlet #2409 return received
44432.79519999999: MET_Broker: The number of finished Cloudlets is:2408
44457.69439999999: MET_Broker: Cloudlet #2400 return received
44457.69439999999: MET_Broker: The number of finished Cloudlets is:2409
44476.65559999999: MET_Broker: Cloudlet #2410 return received
44476.65559999999: MET_Broker: The number of finished Cloudlets is:2410
44483.29799999999: MET_Broker: Cloudlet #2407 return received
44483.29799999999: MET_Broker: The number of finished Cloudlets is:2411
44484.519599999985: MET_Broker: Cloudlet #2411 return received
44484.519599999985: MET_Broker: The number of finished Cloudlets is:2412
44510.632799999985: MET_Broker: Cloudlet #2412 return received
44510.632799999985: MET_Broker: The number of finished Cloudlets is:2413
44519.711999999985: MET_Broker: Cloudlet #2416 return received
44519.711999999985: MET_Broker: The number of finished Cloudlets is:2414
44521.52119999999: MET_Broker: Cloudlet #2413 return received
44521.52119999999: MET_Broker: The number of finished Cloudlets is:2415
44530.05639999999: MET_Broker: Cloudlet #2418 return received
44530.05639999999: MET_Broker: The number of finished Cloudlets is:2416
44541.86999999999: MET_Broker: Cloudlet #2415 return received
44541.86999999999: MET_Broker: The number of finished Cloudlets is:2417
44568.54079999999: MET_Broker: Cloudlet #2419 return received
44568.54079999999: MET_Broker: The number of finished Cloudlets is:2418
44657.310799999985: MET_Broker: Cloudlet #2420 return received
44657.310799999985: MET_Broker: The number of finished Cloudlets is:2419
44666.36559999998: MET_Broker: Cloudlet #2414 return received
44666.36559999998: MET_Broker: The number of finished Cloudlets is:2420
44702.74719999998: MET_Broker: Cloudlet #2423 return received
44702.74719999998: MET_Broker: The number of finished Cloudlets is:2421
44707.70759999999: MET_Broker: Cloudlet #2421 return received
44707.70759999999: MET_Broker: The number of finished Cloudlets is:2422
44747.211999999985: MET_Broker: Cloudlet #2425 return received
44747.211999999985: MET_Broker: The number of finished Cloudlets is:2423
44753.620399999985: MET_Broker: Cloudlet #2424 return received
44753.620399999985: MET_Broker: The number of finished Cloudlets is:2424
44760.68239999998: MET_Broker: Cloudlet #2426 return received
44760.68239999998: MET_Broker: The number of finished Cloudlets is:2425
44801.61799999998: MET_Broker: Cloudlet #2427 return received
44801.61799999998: MET_Broker: The number of finished Cloudlets is:2426
44819.78239999998: MET_Broker: Cloudlet #2422 return received
44819.78239999998: MET_Broker: The number of finished Cloudlets is:2427
44863.07799999998: MET_Broker: Cloudlet #2428 return received
44863.07799999998: MET_Broker: The number of finished Cloudlets is:2428
44865.52559999998: MET_Broker: Cloudlet #2417 return received
44865.52559999998: MET_Broker: The number of finished Cloudlets is:2429
44867.63119999998: MET_Broker: Cloudlet #2430 return received
44867.63119999998: MET_Broker: The number of finished Cloudlets is:2430
44872.08639999998: MET_Broker: Cloudlet #2431 return received
44872.08639999998: MET_Broker: The number of finished Cloudlets is:2431
44875.885199999975: MET_Broker: Cloudlet #2432 return received
44875.885199999975: MET_Broker: The number of finished Cloudlets is:2432
44900.30679999998: MET_Broker: Cloudlet #2435 return received
44900.30679999998: MET_Broker: The number of finished Cloudlets is:2433
44921.13279999998: MET_Broker: Cloudlet #2433 return received
44921.13279999998: MET_Broker: The number of finished Cloudlets is:2434
44927.19919999998: MET_Broker: Cloudlet #2429 return received
44927.19919999998: MET_Broker: The number of finished Cloudlets is:2435
44969.83159999998: MET_Broker: Cloudlet #2434 return received
44969.83159999998: MET_Broker: The number of finished Cloudlets is:2436
44975.74519999998: MET_Broker: Cloudlet #2438 return received
44975.74519999998: MET_Broker: The number of finished Cloudlets is:2437
45008.235599999985: MET_Broker: Cloudlet #2439 return received
45008.235599999985: MET_Broker: The number of finished Cloudlets is:2438
45009.007199999985: MET_Broker: Cloudlet #2436 return received
45009.007199999985: MET_Broker: The number of finished Cloudlets is:2439
45020.515599999984: MET_Broker: Cloudlet #2440 return received
45020.515599999984: MET_Broker: The number of finished Cloudlets is:2440
45036.445599999985: MET_Broker: Cloudlet #2442 return received
45036.445599999985: MET_Broker: The number of finished Cloudlets is:2441
45049.427999999985: MET_Broker: Cloudlet #2443 return received
45049.427999999985: MET_Broker: The number of finished Cloudlets is:2442
45064.28479999999: MET_Broker: Cloudlet #2444 return received
45064.28479999999: MET_Broker: The number of finished Cloudlets is:2443
45073.650399999984: MET_Broker: Cloudlet #2446 return received
45073.650399999984: MET_Broker: The number of finished Cloudlets is:2444
45081.66919999998: MET_Broker: Cloudlet #2437 return received
45081.66919999998: MET_Broker: The number of finished Cloudlets is:2445
45090.79479999998: MET_Broker: Cloudlet #2447 return received
45090.79479999998: MET_Broker: The number of finished Cloudlets is:2446
45093.229599999984: MET_Broker: Cloudlet #2448 return received
45093.229599999984: MET_Broker: The number of finished Cloudlets is:2447
45104.963999999985: MET_Broker: Cloudlet #2441 return received
45104.963999999985: MET_Broker: The number of finished Cloudlets is:2448
45116.174799999986: MET_Broker: Cloudlet #2450 return received
45116.174799999986: MET_Broker: The number of finished Cloudlets is:2449
45118.209999999985: MET_Broker: Cloudlet #2449 return received
45118.209999999985: MET_Broker: The number of finished Cloudlets is:2450
45139.93679999998: MET_Broker: Cloudlet #2451 return received
45139.93679999998: MET_Broker: The number of finished Cloudlets is:2451
45148.58439999998: MET_Broker: Cloudlet #2454 return received
45148.58439999998: MET_Broker: The number of finished Cloudlets is:2452
45166.974799999974: MET_Broker: Cloudlet #2455 return received
45166.974799999974: MET_Broker: The number of finished Cloudlets is:2453
45241.79959999998: MET_Broker: Cloudlet #2452 return received
45241.79959999998: MET_Broker: The number of finished Cloudlets is:2454
45244.339999999975: MET_Broker: Cloudlet #2445 return received
45244.339999999975: MET_Broker: The number of finished Cloudlets is:2455
45256.98879999998: MET_Broker: Cloudlet #2453 return received
45256.98879999998: MET_Broker: The number of finished Cloudlets is:2456
45275.69199999998: MET_Broker: Cloudlet #2459 return received
45275.69199999998: MET_Broker: The number of finished Cloudlets is:2457
45277.72679999998: MET_Broker: Cloudlet #2458 return received
45277.72679999998: MET_Broker: The number of finished Cloudlets is:2458
45278.541199999985: MET_Broker: Cloudlet #2457 return received
45278.541199999985: MET_Broker: The number of finished Cloudlets is:2459
45296.130799999984: MET_Broker: Cloudlet #2461 return received
45296.130799999984: MET_Broker: The number of finished Cloudlets is:2460
45297.76719999999: MET_Broker: Cloudlet #2456 return received
45297.76719999999: MET_Broker: The number of finished Cloudlets is:2461
45311.35319999999: MET_Broker: Cloudlet #2463 return received
45311.35319999999: MET_Broker: The number of finished Cloudlets is:2462
45333.81679999999: MET_Broker: Cloudlet #2462 return received
45333.81679999999: MET_Broker: The number of finished Cloudlets is:2463
45344.352399999996: MET_Broker: Cloudlet #2464 return received
45344.352399999996: MET_Broker: The number of finished Cloudlets is:2464
45374.76439999999: MET_Broker: Cloudlet #2460 return received
45374.76439999999: MET_Broker: The number of finished Cloudlets is:2465
45392.691999999995: MET_Broker: Cloudlet #2468 return received
45392.691999999995: MET_Broker: The number of finished Cloudlets is:2466
45433.7412: MET_Broker: Cloudlet #2467 return received
45433.7412: MET_Broker: The number of finished Cloudlets is:2467
45446.4036: MET_Broker: Cloudlet #2469 return received
45446.4036: MET_Broker: The number of finished Cloudlets is:2468
45460.2092: MET_Broker: Cloudlet #2465 return received
45460.2092: MET_Broker: The number of finished Cloudlets is:2469
45492.8872: MET_Broker: Cloudlet #2466 return received
45492.8872: MET_Broker: The number of finished Cloudlets is:2470
45502.5672: MET_Broker: Cloudlet #2471 return received
45502.5672: MET_Broker: The number of finished Cloudlets is:2471
45510.098399999995: MET_Broker: Cloudlet #2473 return received
45510.098399999995: MET_Broker: The number of finished Cloudlets is:2472
45513.815599999994: MET_Broker: Cloudlet #2472 return received
45513.815599999994: MET_Broker: The number of finished Cloudlets is:2473
45528.05159999999: MET_Broker: Cloudlet #2476 return received
45528.05159999999: MET_Broker: The number of finished Cloudlets is:2474
45535.19439999999: MET_Broker: Cloudlet #2475 return received
45535.19439999999: MET_Broker: The number of finished Cloudlets is:2475
45558.369199999994: MET_Broker: Cloudlet #2478 return received
45558.369199999994: MET_Broker: The number of finished Cloudlets is:2476
45672.62039999999: MET_Broker: Cloudlet #2477 return received
45672.62039999999: MET_Broker: The number of finished Cloudlets is:2477
45690.598399999995: MET_Broker: Cloudlet #2479 return received
45690.598399999995: MET_Broker: The number of finished Cloudlets is:2478
45697.060399999995: MET_Broker: Cloudlet #2474 return received
45697.060399999995: MET_Broker: The number of finished Cloudlets is:2479
45699.387599999995: MET_Broker: Cloudlet #2481 return received
45699.387599999995: MET_Broker: The number of finished Cloudlets is:2480
45706.6876: MET_Broker: Cloudlet #2482 return received
45706.6876: MET_Broker: The number of finished Cloudlets is:2481
45713.3436: MET_Broker: Cloudlet #2480 return received
45713.3436: MET_Broker: The number of finished Cloudlets is:2482
45770.8396: MET_Broker: Cloudlet #2470 return received
45770.8396: MET_Broker: The number of finished Cloudlets is:2483
45823.5352: MET_Broker: Cloudlet #2485 return received
45823.5352: MET_Broker: The number of finished Cloudlets is:2484
45855.141599999995: MET_Broker: Cloudlet #2487 return received
45855.141599999995: MET_Broker: The number of finished Cloudlets is:2485
45974.1236: MET_Broker: Cloudlet #2486 return received
45974.1236: MET_Broker: The number of finished Cloudlets is:2486
46009.2668: MET_Broker: Cloudlet #2483 return received
46009.2668: MET_Broker: The number of finished Cloudlets is:2487
46019.739199999996: MET_Broker: Cloudlet #2488 return received
46019.739199999996: MET_Broker: The number of finished Cloudlets is:2488
46048.580799999996: MET_Broker: Cloudlet #2491 return received
46048.580799999996: MET_Broker: The number of finished Cloudlets is:2489
46054.992: MET_Broker: Cloudlet #2484 return received
46054.992: MET_Broker: The number of finished Cloudlets is:2490
46055.7736: MET_Broker: Cloudlet #2492 return received
46055.7736: MET_Broker: The number of finished Cloudlets is:2491
46061.6744: MET_Broker: Cloudlet #2490 return received
46061.6744: MET_Broker: The number of finished Cloudlets is:2492
46062.21200000001: MET_Broker: Cloudlet #2489 return received
46062.21200000001: MET_Broker: The number of finished Cloudlets is:2493
46064.776000000005: MET_Broker: Cloudlet #2494 return received
46064.776000000005: MET_Broker: The number of finished Cloudlets is:2494
46066.96600000001: MET_Broker: Cloudlet #2493 return received
46066.96600000001: MET_Broker: The number of finished Cloudlets is:2495
46069.89560000001: MET_Broker: Cloudlet #2496 return received
46069.89560000001: MET_Broker: The number of finished Cloudlets is:2496
46070.84600000001: MET_Broker: Cloudlet #2497 return received
46070.84600000001: MET_Broker: The number of finished Cloudlets is:2497
46077.638800000015: MET_Broker: Cloudlet #2495 return received
46077.638800000015: MET_Broker: The number of finished Cloudlets is:2498
46086.13000000001: MET_Broker: Cloudlet #2499 return received
46086.13000000001: MET_Broker: The number of finished Cloudlets is:2499
46113.13920000001: MET_Broker: Cloudlet #2501 return received
46113.13920000001: MET_Broker: The number of finished Cloudlets is:2500
46126.30280000001: MET_Broker: Cloudlet #2498 return received
46126.30280000001: MET_Broker: The number of finished Cloudlets is:2501
46137.50160000001: MET_Broker: Cloudlet #2500 return received
46137.50160000001: MET_Broker: The number of finished Cloudlets is:2502
46144.36920000001: MET_Broker: Cloudlet #2504 return received
46144.36920000001: MET_Broker: The number of finished Cloudlets is:2503
46145.781200000005: MET_Broker: Cloudlet #2503 return received
46145.781200000005: MET_Broker: The number of finished Cloudlets is:2504
46158.590000000004: MET_Broker: Cloudlet #2506 return received
46158.590000000004: MET_Broker: The number of finished Cloudlets is:2505
46187.888000000006: MET_Broker: Cloudlet #2505 return received
46187.888000000006: MET_Broker: The number of finished Cloudlets is:2506
46207.21720000001: MET_Broker: Cloudlet #2508 return received
46207.21720000001: MET_Broker: The number of finished Cloudlets is:2507
46213.461200000005: MET_Broker: Cloudlet #2510 return received
46213.461200000005: MET_Broker: The number of finished Cloudlets is:2508
46222.968400000005: MET_Broker: Cloudlet #2509 return received
46222.968400000005: MET_Broker: The number of finished Cloudlets is:2509
46254.19840000001: MET_Broker: Cloudlet #2512 return received
46254.19840000001: MET_Broker: The number of finished Cloudlets is:2510
46276.95680000001: MET_Broker: Cloudlet #2513 return received
46276.95680000001: MET_Broker: The number of finished Cloudlets is:2511
46315.247200000005: MET_Broker: Cloudlet #2502 return received
46315.247200000005: MET_Broker: The number of finished Cloudlets is:2512
46327.6252: MET_Broker: Cloudlet #2515 return received
46327.6252: MET_Broker: The number of finished Cloudlets is:2513
46329.454000000005: MET_Broker: Cloudlet #2511 return received
46329.454000000005: MET_Broker: The number of finished Cloudlets is:2514
46337.416800000006: MET_Broker: Cloudlet #2516 return received
46337.416800000006: MET_Broker: The number of finished Cloudlets is:2515
46354.68320000001: MET_Broker: Cloudlet #2518 return received
46354.68320000001: MET_Broker: The number of finished Cloudlets is:2516
46366.18520000001: MET_Broker: Cloudlet #2517 return received
46366.18520000001: MET_Broker: The number of finished Cloudlets is:2517
46377.380800000006: MET_Broker: Cloudlet #2519 return received
46377.380800000006: MET_Broker: The number of finished Cloudlets is:2518
46380.893200000006: MET_Broker: Cloudlet #2520 return received
46380.893200000006: MET_Broker: The number of finished Cloudlets is:2519
46397.54720000001: MET_Broker: Cloudlet #2522 return received
46397.54720000001: MET_Broker: The number of finished Cloudlets is:2520
46428.12440000001: MET_Broker: Cloudlet #2521 return received
46428.12440000001: MET_Broker: The number of finished Cloudlets is:2521
46448.511600000005: MET_Broker: Cloudlet #2514 return received
46448.511600000005: MET_Broker: The number of finished Cloudlets is:2522
46490.34040000001: MET_Broker: Cloudlet #2507 return received
46490.34040000001: MET_Broker: The number of finished Cloudlets is:2523
46633.02480000001: MET_Broker: Cloudlet #2525 return received
46633.02480000001: MET_Broker: The number of finished Cloudlets is:2524
46666.12000000001: MET_Broker: Cloudlet #2526 return received
46666.12000000001: MET_Broker: The number of finished Cloudlets is:2525
46672.31040000001: MET_Broker: Cloudlet #2527 return received
46672.31040000001: MET_Broker: The number of finished Cloudlets is:2526
46689.41320000001: MET_Broker: Cloudlet #2528 return received
46689.41320000001: MET_Broker: The number of finished Cloudlets is:2527
46694.35640000001: MET_Broker: Cloudlet #2523 return received
46694.35640000001: MET_Broker: The number of finished Cloudlets is:2528
46699.524800000014: MET_Broker: Cloudlet #2529 return received
46699.524800000014: MET_Broker: The number of finished Cloudlets is:2529
46707.22280000001: MET_Broker: Cloudlet #2524 return received
46707.22280000001: MET_Broker: The number of finished Cloudlets is:2530
46720.46600000001: MET_Broker: Cloudlet #2530 return received
46720.46600000001: MET_Broker: The number of finished Cloudlets is:2531
46731.33720000001: MET_Broker: Cloudlet #2534 return received
46731.33720000001: MET_Broker: The number of finished Cloudlets is:2532
46737.88840000001: MET_Broker: Cloudlet #2535 return received
46737.88840000001: MET_Broker: The number of finished Cloudlets is:2533
46745.481600000014: MET_Broker: Cloudlet #2531 return received
46745.481600000014: MET_Broker: The number of finished Cloudlets is:2534
46748.76400000001: MET_Broker: Cloudlet #2533 return received
46748.76400000001: MET_Broker: The number of finished Cloudlets is:2535
46752.76320000001: MET_Broker: Cloudlet #2536 return received
46752.76320000001: MET_Broker: The number of finished Cloudlets is:2536
46764.46800000001: MET_Broker: Cloudlet #2538 return received
46764.46800000001: MET_Broker: The number of finished Cloudlets is:2537
46765.715200000006: MET_Broker: Cloudlet #2539 return received
46765.715200000006: MET_Broker: The number of finished Cloudlets is:2538
46767.43280000001: MET_Broker: Cloudlet #2537 return received
46767.43280000001: MET_Broker: The number of finished Cloudlets is:2539
46780.21600000001: MET_Broker: Cloudlet #2541 return received
46780.21600000001: MET_Broker: The number of finished Cloudlets is:2540
46782.421200000004: MET_Broker: Cloudlet #2542 return received
46782.421200000004: MET_Broker: The number of finished Cloudlets is:2541
46796.426400000004: MET_Broker: Cloudlet #2544 return received
46796.426400000004: MET_Broker: The number of finished Cloudlets is:2542
46823.613600000004: MET_Broker: Cloudlet #2543 return received
46823.613600000004: MET_Broker: The number of finished Cloudlets is:2543
46867.3072: MET_Broker: Cloudlet #2546 return received
46867.3072: MET_Broker: The number of finished Cloudlets is:2544
46893.1368: MET_Broker: Cloudlet #2547 return received
46893.1368: MET_Broker: The number of finished Cloudlets is:2545
46946.6192: MET_Broker: Cloudlet #2540 return received
46946.6192: MET_Broker: The number of finished Cloudlets is:2546
46950.3652: MET_Broker: Cloudlet #2532 return received
46950.3652: MET_Broker: The number of finished Cloudlets is:2547
46973.3196: MET_Broker: Cloudlet #2549 return received
46973.3196: MET_Broker: The number of finished Cloudlets is:2548
47027.015600000006: MET_Broker: Cloudlet #2551 return received
47027.015600000006: MET_Broker: The number of finished Cloudlets is:2549
47074.66120000001: MET_Broker: Cloudlet #2545 return received
47074.66120000001: MET_Broker: The number of finished Cloudlets is:2550
47079.90000000001: MET_Broker: Cloudlet #2552 return received
47079.90000000001: MET_Broker: The number of finished Cloudlets is:2551
47085.70760000001: MET_Broker: Cloudlet #2550 return received
47085.70760000001: MET_Broker: The number of finished Cloudlets is:2552
47086.763600000006: MET_Broker: Cloudlet #2553 return received
47086.763600000006: MET_Broker: The number of finished Cloudlets is:2553
47090.05840000001: MET_Broker: Cloudlet #2548 return received
47090.05840000001: MET_Broker: The number of finished Cloudlets is:2554
47114.31720000001: MET_Broker: Cloudlet #2557 return received
47114.31720000001: MET_Broker: The number of finished Cloudlets is:2555
47169.85160000001: MET_Broker: Cloudlet #2558 return received
47169.85160000001: MET_Broker: The number of finished Cloudlets is:2556
47187.45320000001: MET_Broker: Cloudlet #2559 return received
47187.45320000001: MET_Broker: The number of finished Cloudlets is:2557
47236.75720000001: MET_Broker: Cloudlet #2560 return received
47236.75720000001: MET_Broker: The number of finished Cloudlets is:2558
47258.03880000001: MET_Broker: Cloudlet #2555 return received
47258.03880000001: MET_Broker: The number of finished Cloudlets is:2559
47268.04520000001: MET_Broker: Cloudlet #2554 return received
47268.04520000001: MET_Broker: The number of finished Cloudlets is:2560
47283.979600000006: MET_Broker: Cloudlet #2563 return received
47283.979600000006: MET_Broker: The number of finished Cloudlets is:2561
47309.8668: MET_Broker: Cloudlet #2562 return received
47309.8668: MET_Broker: The number of finished Cloudlets is:2562
47341.7444: MET_Broker: Cloudlet #2565 return received
47341.7444: MET_Broker: The number of finished Cloudlets is:2563
47350.136000000006: MET_Broker: Cloudlet #2566 return received
47350.136000000006: MET_Broker: The number of finished Cloudlets is:2564
47370.28080000001: MET_Broker: Cloudlet #2556 return received
47370.28080000001: MET_Broker: The number of finished Cloudlets is:2565
47391.040400000005: MET_Broker: Cloudlet #2567 return received
47391.040400000005: MET_Broker: The number of finished Cloudlets is:2566
47439.77880000001: MET_Broker: Cloudlet #2568 return received
47439.77880000001: MET_Broker: The number of finished Cloudlets is:2567
47459.088800000005: MET_Broker: Cloudlet #2570 return received
47459.088800000005: MET_Broker: The number of finished Cloudlets is:2568
47484.074400000005: MET_Broker: Cloudlet #2571 return received
47484.074400000005: MET_Broker: The number of finished Cloudlets is:2569
47498.99160000001: MET_Broker: Cloudlet #2572 return received
47498.99160000001: MET_Broker: The number of finished Cloudlets is:2570
47540.268800000005: MET_Broker: Cloudlet #2564 return received
47540.268800000005: MET_Broker: The number of finished Cloudlets is:2571
47547.52040000001: MET_Broker: Cloudlet #2561 return received
47547.52040000001: MET_Broker: The number of finished Cloudlets is:2572
47555.34680000001: MET_Broker: Cloudlet #2569 return received
47555.34680000001: MET_Broker: The number of finished Cloudlets is:2573
47558.08600000001: MET_Broker: Cloudlet #2573 return received
47558.08600000001: MET_Broker: The number of finished Cloudlets is:2574
47613.64040000001: MET_Broker: Cloudlet #2574 return received
47613.64040000001: MET_Broker: The number of finished Cloudlets is:2575
47658.42280000001: MET_Broker: Cloudlet #2576 return received
47658.42280000001: MET_Broker: The number of finished Cloudlets is:2576
47671.416800000006: MET_Broker: Cloudlet #2579 return received
47671.416800000006: MET_Broker: The number of finished Cloudlets is:2577
47676.33200000001: MET_Broker: Cloudlet #2575 return received
47676.33200000001: MET_Broker: The number of finished Cloudlets is:2578
47715.51360000001: MET_Broker: Cloudlet #2581 return received
47715.51360000001: MET_Broker: The number of finished Cloudlets is:2579
47720.47360000001: MET_Broker: Cloudlet #2580 return received
47720.47360000001: MET_Broker: The number of finished Cloudlets is:2580
47727.879600000015: MET_Broker: Cloudlet #2582 return received
47727.879600000015: MET_Broker: The number of finished Cloudlets is:2581
47746.02840000002: MET_Broker: Cloudlet #2577 return received
47746.02840000002: MET_Broker: The number of finished Cloudlets is:2582
47774.843600000015: MET_Broker: Cloudlet #2585 return received
47774.843600000015: MET_Broker: The number of finished Cloudlets is:2583
47827.73080000001: MET_Broker: Cloudlet #2584 return received
47827.73080000001: MET_Broker: The number of finished Cloudlets is:2584
47855.762400000014: MET_Broker: Cloudlet #2578 return received
47855.762400000014: MET_Broker: The number of finished Cloudlets is:2585
47869.59000000001: MET_Broker: Cloudlet #2588 return received
47869.59000000001: MET_Broker: The number of finished Cloudlets is:2586
47878.26120000001: MET_Broker: Cloudlet #2589 return received
47878.26120000001: MET_Broker: The number of finished Cloudlets is:2587
47892.22680000001: MET_Broker: Cloudlet #2590 return received
47892.22680000001: MET_Broker: The number of finished Cloudlets is:2588
47906.22680000001: MET_Broker: Cloudlet #2591 return received
47906.22680000001: MET_Broker: The number of finished Cloudlets is:2589
47920.52760000001: MET_Broker: Cloudlet #2592 return received
47920.52760000001: MET_Broker: The number of finished Cloudlets is:2590
47956.78480000001: MET_Broker: Cloudlet #2593 return received
47956.78480000001: MET_Broker: The number of finished Cloudlets is:2591
47985.331600000005: MET_Broker: Cloudlet #2587 return received
47985.331600000005: MET_Broker: The number of finished Cloudlets is:2592
48026.117600000005: MET_Broker: Cloudlet #2595 return received
48026.117600000005: MET_Broker: The number of finished Cloudlets is:2593
48032.38360000001: MET_Broker: Cloudlet #2596 return received
48032.38360000001: MET_Broker: The number of finished Cloudlets is:2594
48038.650400000006: MET_Broker: Cloudlet #2583 return received
48038.650400000006: MET_Broker: The number of finished Cloudlets is:2595
48056.19240000001: MET_Broker: Cloudlet #2598 return received
48056.19240000001: MET_Broker: The number of finished Cloudlets is:2596
48093.654800000004: MET_Broker: Cloudlet #2599 return received
48093.654800000004: MET_Broker: The number of finished Cloudlets is:2597
48116.963200000006: MET_Broker: Cloudlet #2600 return received
48116.963200000006: MET_Broker: The number of finished Cloudlets is:2598
48120.027200000004: MET_Broker: Cloudlet #2586 return received
48120.027200000004: MET_Broker: The number of finished Cloudlets is:2599
48124.392400000004: MET_Broker: Cloudlet #2601 return received
48124.392400000004: MET_Broker: The number of finished Cloudlets is:2600
48139.408800000005: MET_Broker: Cloudlet #2603 return received
48139.408800000005: MET_Broker: The number of finished Cloudlets is:2601
48179.113600000004: MET_Broker: Cloudlet #2597 return received
48179.113600000004: MET_Broker: The number of finished Cloudlets is:2602
48214.402400000006: MET_Broker: Cloudlet #2594 return received
48214.402400000006: MET_Broker: The number of finished Cloudlets is:2603
48222.31560000001: MET_Broker: Cloudlet #2604 return received
48222.31560000001: MET_Broker: The number of finished Cloudlets is:2604
48226.80600000001: MET_Broker: Cloudlet #2606 return received
48226.80600000001: MET_Broker: The number of finished Cloudlets is:2605
48238.68360000001: MET_Broker: Cloudlet #2608 return received
48238.68360000001: MET_Broker: The number of finished Cloudlets is:2606
48239.32680000001: MET_Broker: Cloudlet #2607 return received
48239.32680000001: MET_Broker: The number of finished Cloudlets is:2607
48249.72520000001: MET_Broker: Cloudlet #2610 return received
48249.72520000001: MET_Broker: The number of finished Cloudlets is:2608
48269.36880000001: MET_Broker: Cloudlet #2605 return received
48269.36880000001: MET_Broker: The number of finished Cloudlets is:2609
48280.99880000001: MET_Broker: Cloudlet #2611 return received
48280.99880000001: MET_Broker: The number of finished Cloudlets is:2610
48293.47600000001: MET_Broker: Cloudlet #2609 return received
48293.47600000001: MET_Broker: The number of finished Cloudlets is:2611
48303.924000000006: MET_Broker: Cloudlet #2614 return received
48303.924000000006: MET_Broker: The number of finished Cloudlets is:2612
48320.516: MET_Broker: Cloudlet #2612 return received
48320.516: MET_Broker: The number of finished Cloudlets is:2613
48335.7208: MET_Broker: Cloudlet #2616 return received
48335.7208: MET_Broker: The number of finished Cloudlets is:2614
48374.0616: MET_Broker: Cloudlet #2617 return received
48374.0616: MET_Broker: The number of finished Cloudlets is:2615
48394.5544: MET_Broker: Cloudlet #2618 return received
48394.5544: MET_Broker: The number of finished Cloudlets is:2616
48404.0744: MET_Broker: Cloudlet #2619 return received
48404.0744: MET_Broker: The number of finished Cloudlets is:2617
48425.349599999994: MET_Broker: Cloudlet #2602 return received
48425.349599999994: MET_Broker: The number of finished Cloudlets is:2618
48443.6784: MET_Broker: Cloudlet #2621 return received
48443.6784: MET_Broker: The number of finished Cloudlets is:2619
48461.276: MET_Broker: Cloudlet #2620 return received
48461.276: MET_Broker: The number of finished Cloudlets is:2620
48476.179599999996: MET_Broker: Cloudlet #2622 return received
48476.179599999996: MET_Broker: The number of finished Cloudlets is:2621
48479.48959999999: MET_Broker: Cloudlet #2623 return received
48479.48959999999: MET_Broker: The number of finished Cloudlets is:2622
48494.899999999994: MET_Broker: Cloudlet #2625 return received
48494.899999999994: MET_Broker: The number of finished Cloudlets is:2623
48504.17199999999: MET_Broker: Cloudlet #2626 return received
48504.17199999999: MET_Broker: The number of finished Cloudlets is:2624
48539.17279999999: MET_Broker: Cloudlet #2627 return received
48539.17279999999: MET_Broker: The number of finished Cloudlets is:2625
48542.20399999999: MET_Broker: Cloudlet #2613 return received
48542.20399999999: MET_Broker: The number of finished Cloudlets is:2626
48545.76719999999: MET_Broker: Cloudlet #2624 return received
48545.76719999999: MET_Broker: The number of finished Cloudlets is:2627
48559.98639999999: MET_Broker: Cloudlet #2615 return received
48559.98639999999: MET_Broker: The number of finished Cloudlets is:2628
48574.83079999999: MET_Broker: Cloudlet #2629 return received
48574.83079999999: MET_Broker: The number of finished Cloudlets is:2629
48584.73799999999: MET_Broker: Cloudlet #2632 return received
48584.73799999999: MET_Broker: The number of finished Cloudlets is:2630
48620.46439999999: MET_Broker: Cloudlet #2633 return received
48620.46439999999: MET_Broker: The number of finished Cloudlets is:2631
48640.25159999999: MET_Broker: Cloudlet #2634 return received
48640.25159999999: MET_Broker: The number of finished Cloudlets is:2632
48644.29199999999: MET_Broker: Cloudlet #2628 return received
48644.29199999999: MET_Broker: The number of finished Cloudlets is:2633
48652.102799999986: MET_Broker: Cloudlet #2635 return received
48652.102799999986: MET_Broker: The number of finished Cloudlets is:2634
48655.456799999985: MET_Broker: Cloudlet #2636 return received
48655.456799999985: MET_Broker: The number of finished Cloudlets is:2635
48665.061599999986: MET_Broker: Cloudlet #2637 return received
48665.061599999986: MET_Broker: The number of finished Cloudlets is:2636
48702.90279999999: MET_Broker: Cloudlet #2638 return received
48702.90279999999: MET_Broker: The number of finished Cloudlets is:2637
48705.05639999999: MET_Broker: Cloudlet #2639 return received
48705.05639999999: MET_Broker: The number of finished Cloudlets is:2638
48732.79999999999: MET_Broker: Cloudlet #2630 return received
48732.79999999999: MET_Broker: The number of finished Cloudlets is:2639
48761.94079999999: MET_Broker: Cloudlet #2640 return received
48761.94079999999: MET_Broker: The number of finished Cloudlets is:2640
48762.28159999999: MET_Broker: Cloudlet #2642 return received
48762.28159999999: MET_Broker: The number of finished Cloudlets is:2641
48768.32759999999: MET_Broker: Cloudlet #2643 return received
48768.32759999999: MET_Broker: The number of finished Cloudlets is:2642
48768.602799999986: MET_Broker: Cloudlet #2644 return received
48768.602799999986: MET_Broker: The number of finished Cloudlets is:2643
48774.24039999999: MET_Broker: Cloudlet #2631 return received
48774.24039999999: MET_Broker: The number of finished Cloudlets is:2644
48778.86239999999: MET_Broker: Cloudlet #2646 return received
48778.86239999999: MET_Broker: The number of finished Cloudlets is:2645
48811.94799999999: MET_Broker: Cloudlet #2645 return received
48811.94799999999: MET_Broker: The number of finished Cloudlets is:2646
48818.79479999999: MET_Broker: Cloudlet #2647 return received
48818.79479999999: MET_Broker: The number of finished Cloudlets is:2647
48828.04559999999: MET_Broker: Cloudlet #2649 return received
48828.04559999999: MET_Broker: The number of finished Cloudlets is:2648
48831.93559999999: MET_Broker: Cloudlet #2641 return received
48831.93559999999: MET_Broker: The number of finished Cloudlets is:2649
48832.17039999999: MET_Broker: Cloudlet #2648 return received
48832.17039999999: MET_Broker: The number of finished Cloudlets is:2650
48839.09399999999: MET_Broker: Cloudlet #2651 return received
48839.09399999999: MET_Broker: The number of finished Cloudlets is:2651
48840.31719999999: MET_Broker: Cloudlet #2653 return received
48840.31719999999: MET_Broker: The number of finished Cloudlets is:2652
48849.91559999999: MET_Broker: Cloudlet #2650 return received
48849.91559999999: MET_Broker: The number of finished Cloudlets is:2653
48857.742399999996: MET_Broker: Cloudlet #2654 return received
48857.742399999996: MET_Broker: The number of finished Cloudlets is:2654
48863.125199999995: MET_Broker: Cloudlet #2656 return received
48863.125199999995: MET_Broker: The number of finished Cloudlets is:2655
48868.3224: MET_Broker: Cloudlet #2652 return received
48868.3224: MET_Broker: The number of finished Cloudlets is:2656
48882.36: MET_Broker: Cloudlet #2659 return received
48882.36: MET_Broker: The number of finished Cloudlets is:2657
48890.2368: MET_Broker: Cloudlet #2655 return received
48890.2368: MET_Broker: The number of finished Cloudlets is:2658
48901.1584: MET_Broker: Cloudlet #2660 return received
48901.1584: MET_Broker: The number of finished Cloudlets is:2659
48903.3132: MET_Broker: Cloudlet #2661 return received
48903.3132: MET_Broker: The number of finished Cloudlets is:2660
48915.8488: MET_Broker: Cloudlet #2657 return received
48915.8488: MET_Broker: The number of finished Cloudlets is:2661
48926.4108: MET_Broker: Cloudlet #2664 return received
48926.4108: MET_Broker: The number of finished Cloudlets is:2662
48941.6984: MET_Broker: Cloudlet #2665 return received
48941.6984: MET_Broker: The number of finished Cloudlets is:2663
48954.2164: MET_Broker: Cloudlet #2666 return received
48954.2164: MET_Broker: The number of finished Cloudlets is:2664
48960.474799999996: MET_Broker: Cloudlet #2662 return received
48960.474799999996: MET_Broker: The number of finished Cloudlets is:2665
49004.402799999996: MET_Broker: Cloudlet #2667 return received
49004.402799999996: MET_Broker: The number of finished Cloudlets is:2666
49010.6164: MET_Broker: Cloudlet #2668 return received
49010.6164: MET_Broker: The number of finished Cloudlets is:2667
49025.1844: MET_Broker: Cloudlet #2670 return received
49025.1844: MET_Broker: The number of finished Cloudlets is:2668
49085.416: MET_Broker: Cloudlet #2669 return received
49085.416: MET_Broker: The number of finished Cloudlets is:2669
49088.706: MET_Broker: Cloudlet #2663 return received
49088.706: MET_Broker: The number of finished Cloudlets is:2670
49114.9968: MET_Broker: Cloudlet #2673 return received
49114.9968: MET_Broker: The number of finished Cloudlets is:2671
49137.7444: MET_Broker: Cloudlet #2674 return received
49137.7444: MET_Broker: The number of finished Cloudlets is:2672
49148.2756: MET_Broker: Cloudlet #2658 return received
49148.2756: MET_Broker: The number of finished Cloudlets is:2673
49162.5552: MET_Broker: Cloudlet #2675 return received
49162.5552: MET_Broker: The number of finished Cloudlets is:2674
49182.9424: MET_Broker: Cloudlet #2676 return received
49182.9424: MET_Broker: The number of finished Cloudlets is:2675
49183.3356: MET_Broker: Cloudlet #2671 return received
49183.3356: MET_Broker: The number of finished Cloudlets is:2676
49189.9128: MET_Broker: Cloudlet #2678 return received
49189.9128: MET_Broker: The number of finished Cloudlets is:2677
49197.706399999995: MET_Broker: Cloudlet #2680 return received
49197.706399999995: MET_Broker: The number of finished Cloudlets is:2678
49215.3244: MET_Broker: Cloudlet #2677 return received
49215.3244: MET_Broker: The number of finished Cloudlets is:2679
49219.9972: MET_Broker: Cloudlet #2681 return received
49219.9972: MET_Broker: The number of finished Cloudlets is:2680
49232.0204: MET_Broker: Cloudlet #2672 return received
49232.0204: MET_Broker: The number of finished Cloudlets is:2681
49232.832800000004: MET_Broker: Cloudlet #2683 return received
49232.832800000004: MET_Broker: The number of finished Cloudlets is:2682
49276.3452: MET_Broker: Cloudlet #2684 return received
49276.3452: MET_Broker: The number of finished Cloudlets is:2683
49304.6388: MET_Broker: Cloudlet #2682 return received
49304.6388: MET_Broker: The number of finished Cloudlets is:2684
49323.1056: MET_Broker: Cloudlet #2685 return received
49323.1056: MET_Broker: The number of finished Cloudlets is:2685
49329.8864: MET_Broker: Cloudlet #2688 return received
49329.8864: MET_Broker: The number of finished Cloudlets is:2686
49331.5348: MET_Broker: Cloudlet #2686 return received
49331.5348: MET_Broker: The number of finished Cloudlets is:2687
49359.788: MET_Broker: Cloudlet #2690 return received
49359.788: MET_Broker: The number of finished Cloudlets is:2688
49408.6924: MET_Broker: Cloudlet #2691 return received
49408.6924: MET_Broker: The number of finished Cloudlets is:2689
49451.0332: MET_Broker: Cloudlet #2692 return received
49451.0332: MET_Broker: The number of finished Cloudlets is:2690
49509.774: MET_Broker: Cloudlet #2693 return received
49509.774: MET_Broker: The number of finished Cloudlets is:2691
49518.0132: MET_Broker: Cloudlet #2689 return received
49518.0132: MET_Broker: The number of finished Cloudlets is:2692
49532.5852: MET_Broker: Cloudlet #2679 return received
49532.5852: MET_Broker: The number of finished Cloudlets is:2693
49547.0: MET_Broker: Cloudlet #2694 return received
49547.0: MET_Broker: The number of finished Cloudlets is:2694
49556.0312: MET_Broker: Cloudlet #2697 return received
49556.0312: MET_Broker: The number of finished Cloudlets is:2695
49575.6852: MET_Broker: Cloudlet #2696 return received
49575.6852: MET_Broker: The number of finished Cloudlets is:2696
49581.778: MET_Broker: Cloudlet #2699 return received
49581.778: MET_Broker: The number of finished Cloudlets is:2697
49617.18: MET_Broker: Cloudlet #2700 return received
49617.18: MET_Broker: The number of finished Cloudlets is:2698
49647.604400000004: MET_Broker: Cloudlet #2687 return received
49647.604400000004: MET_Broker: The number of finished Cloudlets is:2699
49664.65640000001: MET_Broker: Cloudlet #2701 return received
49664.65640000001: MET_Broker: The number of finished Cloudlets is:2700
49672.799600000006: MET_Broker: Cloudlet #2702 return received
49672.799600000006: MET_Broker: The number of finished Cloudlets is:2701
49694.51520000001: MET_Broker: Cloudlet #2704 return received
49694.51520000001: MET_Broker: The number of finished Cloudlets is:2702
49699.16320000001: MET_Broker: Cloudlet #2695 return received
49699.16320000001: MET_Broker: The number of finished Cloudlets is:2703
49728.84320000001: MET_Broker: Cloudlet #2698 return received
49728.84320000001: MET_Broker: The number of finished Cloudlets is:2704
49748.10640000001: MET_Broker: Cloudlet #2707 return received
49748.10640000001: MET_Broker: The number of finished Cloudlets is:2705
49771.01280000001: MET_Broker: Cloudlet #2703 return received
49771.01280000001: MET_Broker: The number of finished Cloudlets is:2706
49787.30720000001: MET_Broker: Cloudlet #2706 return received
49787.30720000001: MET_Broker: The number of finished Cloudlets is:2707
49806.52120000001: MET_Broker: Cloudlet #2709 return received
49806.52120000001: MET_Broker: The number of finished Cloudlets is:2708
49840.13360000001: MET_Broker: Cloudlet #2705 return received
49840.13360000001: MET_Broker: The number of finished Cloudlets is:2709
49853.16920000001: MET_Broker: Cloudlet #2712 return received
49853.16920000001: MET_Broker: The number of finished Cloudlets is:2710
49865.36960000001: MET_Broker: Cloudlet #2711 return received
49865.36960000001: MET_Broker: The number of finished Cloudlets is:2711
49872.73480000001: MET_Broker: Cloudlet #2714 return received
49872.73480000001: MET_Broker: The number of finished Cloudlets is:2712
49882.08040000001: MET_Broker: Cloudlet #2715 return received
49882.08040000001: MET_Broker: The number of finished Cloudlets is:2713
49912.310800000014: MET_Broker: Cloudlet #2713 return received
49912.310800000014: MET_Broker: The number of finished Cloudlets is:2714
49943.17200000001: MET_Broker: Cloudlet #2717 return received
49943.17200000001: MET_Broker: The number of finished Cloudlets is:2715
49963.09480000001: MET_Broker: Cloudlet #2718 return received
49963.09480000001: MET_Broker: The number of finished Cloudlets is:2716
49985.88720000001: MET_Broker: Cloudlet #2719 return received
49985.88720000001: MET_Broker: The number of finished Cloudlets is:2717
50004.30120000001: MET_Broker: Cloudlet #2720 return received
50004.30120000001: MET_Broker: The number of finished Cloudlets is:2718
50019.84880000001: MET_Broker: Cloudlet #2721 return received
50019.84880000001: MET_Broker: The number of finished Cloudlets is:2719
50057.558800000006: MET_Broker: Cloudlet #2716 return received
50057.558800000006: MET_Broker: The number of finished Cloudlets is:2720
50064.08720000001: MET_Broker: Cloudlet #2708 return received
50064.08720000001: MET_Broker: The number of finished Cloudlets is:2721
50079.25800000001: MET_Broker: Cloudlet #2710 return received
50079.25800000001: MET_Broker: The number of finished Cloudlets is:2722
50082.75040000001: MET_Broker: Cloudlet #2723 return received
50082.75040000001: MET_Broker: The number of finished Cloudlets is:2723
50119.63840000001: MET_Broker: Cloudlet #2726 return received
50119.63840000001: MET_Broker: The number of finished Cloudlets is:2724
50132.98760000001: MET_Broker: Cloudlet #2725 return received
50132.98760000001: MET_Broker: The number of finished Cloudlets is:2725
50149.49160000001: MET_Broker: Cloudlet #2728 return received
50149.49160000001: MET_Broker: The number of finished Cloudlets is:2726
50150.91760000001: MET_Broker: Cloudlet #2727 return received
50150.91760000001: MET_Broker: The number of finished Cloudlets is:2727
50167.538400000005: MET_Broker: Cloudlet #2722 return received
50167.538400000005: MET_Broker: The number of finished Cloudlets is:2728
50188.890400000004: MET_Broker: Cloudlet #2731 return received
50188.890400000004: MET_Broker: The number of finished Cloudlets is:2729
50212.980800000005: MET_Broker: Cloudlet #2729 return received
50212.980800000005: MET_Broker: The number of finished Cloudlets is:2730
50257.051600000006: MET_Broker: Cloudlet #2732 return received
50257.051600000006: MET_Broker: The number of finished Cloudlets is:2731
50321.683600000004: MET_Broker: Cloudlet #2730 return received
50321.683600000004: MET_Broker: The number of finished Cloudlets is:2732
50331.8104: MET_Broker: Cloudlet #2735 return received
50331.8104: MET_Broker: The number of finished Cloudlets is:2733
50376.9076: MET_Broker: Cloudlet #2734 return received
50376.9076: MET_Broker: The number of finished Cloudlets is:2734
50395.7432: MET_Broker: Cloudlet #2737 return received
50395.7432: MET_Broker: The number of finished Cloudlets is:2735
50407.5412: MET_Broker: Cloudlet #2724 return received
50407.5412: MET_Broker: The number of finished Cloudlets is:2736
50559.3328: MET_Broker: Cloudlet #2733 return received
50559.3328: MET_Broker: The number of finished Cloudlets is:2737
50577.637599999995: MET_Broker: Cloudlet #2740 return received
50577.637599999995: MET_Broker: The number of finished Cloudlets is:2738
50581.719999999994: MET_Broker: Cloudlet #2739 return received
50581.719999999994: MET_Broker: The number of finished Cloudlets is:2739
50619.477999999996: MET_Broker: Cloudlet #2741 return received
50619.477999999996: MET_Broker: The number of finished Cloudlets is:2740
50651.75919999999: MET_Broker: Cloudlet #2736 return received
50651.75919999999: MET_Broker: The number of finished Cloudlets is:2741
50673.01359999999: MET_Broker: Cloudlet #2742 return received
50673.01359999999: MET_Broker: The number of finished Cloudlets is:2742
50689.55959999999: MET_Broker: Cloudlet #2744 return received
50689.55959999999: MET_Broker: The number of finished Cloudlets is:2743
50706.32759999999: MET_Broker: Cloudlet #2746 return received
50706.32759999999: MET_Broker: The number of finished Cloudlets is:2744
50726.75239999999: MET_Broker: Cloudlet #2747 return received
50726.75239999999: MET_Broker: The number of finished Cloudlets is:2745
50741.55639999999: MET_Broker: Cloudlet #2748 return received
50741.55639999999: MET_Broker: The number of finished Cloudlets is:2746
50744.29879999999: MET_Broker: Cloudlet #2738 return received
50744.29879999999: MET_Broker: The number of finished Cloudlets is:2747
50756.26479999999: MET_Broker: Cloudlet #2750 return received
50756.26479999999: MET_Broker: The number of finished Cloudlets is:2748
50786.64559999999: MET_Broker: Cloudlet #2749 return received
50786.64559999999: MET_Broker: The number of finished Cloudlets is:2749
50787.86559999999: MET_Broker: Cloudlet #2745 return received
50787.86559999999: MET_Broker: The number of finished Cloudlets is:2750
50789.02159999999: MET_Broker: Cloudlet #2751 return received
50789.02159999999: MET_Broker: The number of finished Cloudlets is:2751
50797.95399999999: MET_Broker: Cloudlet #2754 return received
50797.95399999999: MET_Broker: The number of finished Cloudlets is:2752
50812.73399999999: MET_Broker: Cloudlet #2752 return received
50812.73399999999: MET_Broker: The number of finished Cloudlets is:2753
50814.92919999999: MET_Broker: Cloudlet #2743 return received
50814.92919999999: MET_Broker: The number of finished Cloudlets is:2754
50821.849599999994: MET_Broker: Cloudlet #2753 return received
50821.849599999994: MET_Broker: The number of finished Cloudlets is:2755
50833.45159999999: MET_Broker: Cloudlet #2758 return received
50833.45159999999: MET_Broker: The number of finished Cloudlets is:2756
50854.747599999995: MET_Broker: Cloudlet #2755 return received
50854.747599999995: MET_Broker: The number of finished Cloudlets is:2757
50861.0148: MET_Broker: Cloudlet #2756 return received
50861.0148: MET_Broker: The number of finished Cloudlets is:2758
50866.7108: MET_Broker: Cloudlet #2760 return received
50866.7108: MET_Broker: The number of finished Cloudlets is:2759
50880.4724: MET_Broker: Cloudlet #2759 return received
50880.4724: MET_Broker: The number of finished Cloudlets is:2760
50888.239199999996: MET_Broker: Cloudlet #2763 return received
50888.239199999996: MET_Broker: The number of finished Cloudlets is:2761
50897.28: MET_Broker: Cloudlet #2762 return received
50897.28: MET_Broker: The number of finished Cloudlets is:2762
50936.8356: MET_Broker: Cloudlet #2757 return received
50936.8356: MET_Broker: The number of finished Cloudlets is:2763
50951.0792: MET_Broker: Cloudlet #2765 return received
50951.0792: MET_Broker: The number of finished Cloudlets is:2764
51003.3572: MET_Broker: Cloudlet #2767 return received
51003.3572: MET_Broker: The number of finished Cloudlets is:2765
51013.5076: MET_Broker: Cloudlet #2761 return received
51013.5076: MET_Broker: The number of finished Cloudlets is:2766
51069.378: MET_Broker: Cloudlet #2764 return received
51069.378: MET_Broker: The number of finished Cloudlets is:2767
51086.564399999996: MET_Broker: Cloudlet #2770 return received
51086.564399999996: MET_Broker: The number of finished Cloudlets is:2768
51097.593199999996: MET_Broker: Cloudlet #2766 return received
51097.593199999996: MET_Broker: The number of finished Cloudlets is:2769
51161.144799999995: MET_Broker: Cloudlet #2769 return received
51161.144799999995: MET_Broker: The number of finished Cloudlets is:2770
51213.358799999995: MET_Broker: Cloudlet #2773 return received
51213.358799999995: MET_Broker: The number of finished Cloudlets is:2771
51275.219999999994: MET_Broker: Cloudlet #2772 return received
51275.219999999994: MET_Broker: The number of finished Cloudlets is:2772
51286.551999999996: MET_Broker: Cloudlet #2768 return received
51286.551999999996: MET_Broker: The number of finished Cloudlets is:2773
51294.2648: MET_Broker: Cloudlet #2776 return received
51294.2648: MET_Broker: The number of finished Cloudlets is:2774
51309.614799999996: MET_Broker: Cloudlet #2775 return received
51309.614799999996: MET_Broker: The number of finished Cloudlets is:2775
51322.1884: MET_Broker: Cloudlet #2774 return received
51322.1884: MET_Broker: The number of finished Cloudlets is:2776
51341.604: MET_Broker: Cloudlet #2777 return received
51341.604: MET_Broker: The number of finished Cloudlets is:2777
51351.3672: MET_Broker: Cloudlet #2779 return received
51351.3672: MET_Broker: The number of finished Cloudlets is:2778
51366.8824: MET_Broker: Cloudlet #2781 return received
51366.8824: MET_Broker: The number of finished Cloudlets is:2779
51390.7356: MET_Broker: Cloudlet #2782 return received
51390.7356: MET_Broker: The number of finished Cloudlets is:2780
51392.912: MET_Broker: Cloudlet #2780 return received
51392.912: MET_Broker: The number of finished Cloudlets is:2781
51399.928799999994: MET_Broker: Cloudlet #2771 return received
51399.928799999994: MET_Broker: The number of finished Cloudlets is:2782
51403.146799999995: MET_Broker: Cloudlet #2784 return received
51403.146799999995: MET_Broker: The number of finished Cloudlets is:2783
51413.78799999999: MET_Broker: Cloudlet #2786 return received
51413.78799999999: MET_Broker: The number of finished Cloudlets is:2784
51426.40639999999: MET_Broker: Cloudlet #2787 return received
51426.40639999999: MET_Broker: The number of finished Cloudlets is:2785
51426.43639999999: MET_Broker: Cloudlet #2783 return received
51426.43639999999: MET_Broker: The number of finished Cloudlets is:2786
51448.35639999999: MET_Broker: Cloudlet #2789 return received
51448.35639999999: MET_Broker: The number of finished Cloudlets is:2787
51470.36479999999: MET_Broker: Cloudlet #2790 return received
51470.36479999999: MET_Broker: The number of finished Cloudlets is:2788
51472.34319999999: MET_Broker: Cloudlet #2778 return received
51472.34319999999: MET_Broker: The number of finished Cloudlets is:2789
51477.22359999999: MET_Broker: Cloudlet #2788 return received
51477.22359999999: MET_Broker: The number of finished Cloudlets is:2790
51513.10039999999: MET_Broker: Cloudlet #2793 return received
51513.10039999999: MET_Broker: The number of finished Cloudlets is:2791
51527.554399999986: MET_Broker: Cloudlet #2791 return received
51527.554399999986: MET_Broker: The number of finished Cloudlets is:2792
51551.38039999999: MET_Broker: Cloudlet #2795 return received
51551.38039999999: MET_Broker: The number of finished Cloudlets is:2793
51593.71559999999: MET_Broker: Cloudlet #2785 return received
51593.71559999999: MET_Broker: The number of finished Cloudlets is:2794
51650.336399999986: MET_Broker: Cloudlet #2797 return received
51650.336399999986: MET_Broker: The number of finished Cloudlets is:2795
51656.25679999999: MET_Broker: Cloudlet #2796 return received
51656.25679999999: MET_Broker: The number of finished Cloudlets is:2796
51668.97399999999: MET_Broker: Cloudlet #2799 return received
51668.97399999999: MET_Broker: The number of finished Cloudlets is:2797
51669.92679999999: MET_Broker: Cloudlet #2798 return received
51669.92679999999: MET_Broker: The number of finished Cloudlets is:2798
51685.84959999999: MET_Broker: Cloudlet #2801 return received
51685.84959999999: MET_Broker: The number of finished Cloudlets is:2799
51695.58079999999: MET_Broker: Cloudlet #2794 return received
51695.58079999999: MET_Broker: The number of finished Cloudlets is:2800
51707.18399999999: MET_Broker: Cloudlet #2803 return received
51707.18399999999: MET_Broker: The number of finished Cloudlets is:2801
51716.53559999999: MET_Broker: Cloudlet #2800 return received
51716.53559999999: MET_Broker: The number of finished Cloudlets is:2802
51733.43999999999: MET_Broker: Cloudlet #2792 return received
51733.43999999999: MET_Broker: The number of finished Cloudlets is:2803
51745.689199999986: MET_Broker: Cloudlet #2802 return received
51745.689199999986: MET_Broker: The number of finished Cloudlets is:2804
51759.11199999999: MET_Broker: Cloudlet #2805 return received
51759.11199999999: MET_Broker: The number of finished Cloudlets is:2805
51765.293199999986: MET_Broker: Cloudlet #2807 return received
51765.293199999986: MET_Broker: The number of finished Cloudlets is:2806
51768.045199999986: MET_Broker: Cloudlet #2806 return received
51768.045199999986: MET_Broker: The number of finished Cloudlets is:2807
51773.017599999985: MET_Broker: Cloudlet #2808 return received
51773.017599999985: MET_Broker: The number of finished Cloudlets is:2808
51783.85039999998: MET_Broker: Cloudlet #2811 return received
51783.85039999998: MET_Broker: The number of finished Cloudlets is:2809
51801.10759999998: MET_Broker: Cloudlet #2809 return received
51801.10759999998: MET_Broker: The number of finished Cloudlets is:2810
51809.70879999998: MET_Broker: Cloudlet #2813 return received
51809.70879999998: MET_Broker: The number of finished Cloudlets is:2811
51814.40999999998: MET_Broker: Cloudlet #2810 return received
51814.40999999998: MET_Broker: The number of finished Cloudlets is:2812
51855.10519999998: MET_Broker: Cloudlet #2804 return received
51855.10519999998: MET_Broker: The number of finished Cloudlets is:2813
51906.45039999999: MET_Broker: Cloudlet #2812 return received
51906.45039999999: MET_Broker: The number of finished Cloudlets is:2814
51950.042399999984: MET_Broker: Cloudlet #2817 return received
51950.042399999984: MET_Broker: The number of finished Cloudlets is:2815
51962.043199999986: MET_Broker: Cloudlet #2818 return received
51962.043199999986: MET_Broker: The number of finished Cloudlets is:2816
51986.04999999999: MET_Broker: Cloudlet #2815 return received
51986.04999999999: MET_Broker: The number of finished Cloudlets is:2817
52014.69679999999: MET_Broker: Cloudlet #2819 return received
52014.69679999999: MET_Broker: The number of finished Cloudlets is:2818
52033.04639999999: MET_Broker: Cloudlet #2816 return received
52033.04639999999: MET_Broker: The number of finished Cloudlets is:2819
52040.44639999999: MET_Broker: Cloudlet #2820 return received
52040.44639999999: MET_Broker: The number of finished Cloudlets is:2820
52047.19999999999: MET_Broker: Cloudlet #2822 return received
52047.19999999999: MET_Broker: The number of finished Cloudlets is:2821
52079.90839999999: MET_Broker: Cloudlet #2814 return received
52079.90839999999: MET_Broker: The number of finished Cloudlets is:2822
52137.274399999995: MET_Broker: Cloudlet #2821 return received
52137.274399999995: MET_Broker: The number of finished Cloudlets is:2823
52186.72119999999: MET_Broker: Cloudlet #2826 return received
52186.72119999999: MET_Broker: The number of finished Cloudlets is:2824
52203.95079999999: MET_Broker: Cloudlet #2827 return received
52203.95079999999: MET_Broker: The number of finished Cloudlets is:2825
52210.65319999999: MET_Broker: Cloudlet #2823 return received
52210.65319999999: MET_Broker: The number of finished Cloudlets is:2826
52223.7896: MET_Broker: Cloudlet #2829 return received
52223.7896: MET_Broker: The number of finished Cloudlets is:2827
52236.912399999994: MET_Broker: Cloudlet #2830 return received
52236.912399999994: MET_Broker: The number of finished Cloudlets is:2828
52257.826799999995: MET_Broker: Cloudlet #2828 return received
52257.826799999995: MET_Broker: The number of finished Cloudlets is:2829
52261.97519999999: MET_Broker: Cloudlet #2831 return received
52261.97519999999: MET_Broker: The number of finished Cloudlets is:2830
52270.087199999994: MET_Broker: Cloudlet #2833 return received
52270.087199999994: MET_Broker: The number of finished Cloudlets is:2831
52295.76119999999: MET_Broker: Cloudlet #2834 return received
52295.76119999999: MET_Broker: The number of finished Cloudlets is:2832
52302.57439999999: MET_Broker: Cloudlet #2835 return received
52302.57439999999: MET_Broker: The number of finished Cloudlets is:2833
52303.86999999999: MET_Broker: Cloudlet #2832 return received
52303.86999999999: MET_Broker: The number of finished Cloudlets is:2834
52312.703599999986: MET_Broker: Cloudlet #2837 return received
52312.703599999986: MET_Broker: The number of finished Cloudlets is:2835
52337.229599999984: MET_Broker: Cloudlet #2825 return received
52337.229599999984: MET_Broker: The number of finished Cloudlets is:2836
52350.171999999984: MET_Broker: Cloudlet #2824 return received
52350.171999999984: MET_Broker: The number of finished Cloudlets is:2837
52375.37199999998: MET_Broker: Cloudlet #2840 return received
52375.37199999998: MET_Broker: The number of finished Cloudlets is:2838
52457.72599999998: MET_Broker: Cloudlet #2838 return received
52457.72599999998: MET_Broker: The number of finished Cloudlets is:2839
52474.96719999998: MET_Broker: Cloudlet #2842 return received
52474.96719999998: MET_Broker: The number of finished Cloudlets is:2840
52508.13599999998: MET_Broker: Cloudlet #2839 return received
52508.13599999998: MET_Broker: The number of finished Cloudlets is:2841
52531.143599999974: MET_Broker: Cloudlet #2844 return received
52531.143599999974: MET_Broker: The number of finished Cloudlets is:2842
52553.109599999974: MET_Broker: Cloudlet #2836 return received
52553.109599999974: MET_Broker: The number of finished Cloudlets is:2843
52577.907999999974: MET_Broker: Cloudlet #2845 return received
52577.907999999974: MET_Broker: The number of finished Cloudlets is:2844
52586.87439999997: MET_Broker: Cloudlet #2843 return received
52586.87439999997: MET_Broker: The number of finished Cloudlets is:2845
52595.70599999997: MET_Broker: Cloudlet #2847 return received
52595.70599999997: MET_Broker: The number of finished Cloudlets is:2846
52596.00599999997: MET_Broker: Cloudlet #2846 return received
52596.00599999997: MET_Broker: The number of finished Cloudlets is:2847
52619.75199999997: MET_Broker: Cloudlet #2849 return received
52619.75199999997: MET_Broker: The number of finished Cloudlets is:2848
52658.607599999974: MET_Broker: Cloudlet #2841 return received
52658.607599999974: MET_Broker: The number of finished Cloudlets is:2849
52673.62239999997: MET_Broker: Cloudlet #2851 return received
52673.62239999997: MET_Broker: The number of finished Cloudlets is:2850
52710.19719999997: MET_Broker: Cloudlet #2848 return received
52710.19719999997: MET_Broker: The number of finished Cloudlets is:2851
52711.978799999975: MET_Broker: Cloudlet #2853 return received
52711.978799999975: MET_Broker: The number of finished Cloudlets is:2852
52750.07119999998: MET_Broker: Cloudlet #2850 return received
52750.07119999998: MET_Broker: The number of finished Cloudlets is:2853
52792.75319999998: MET_Broker: Cloudlet #2856 return received
52792.75319999998: MET_Broker: The number of finished Cloudlets is:2854
52794.47959999998: MET_Broker: Cloudlet #2852 return received
52794.47959999998: MET_Broker: The number of finished Cloudlets is:2855
52830.43719999998: MET_Broker: Cloudlet #2858 return received
52830.43719999998: MET_Broker: The number of finished Cloudlets is:2856
52830.64079999998: MET_Broker: Cloudlet #2855 return received
52830.64079999998: MET_Broker: The number of finished Cloudlets is:2857
52848.01799999998: MET_Broker: Cloudlet #2854 return received
52848.01799999998: MET_Broker: The number of finished Cloudlets is:2858
52848.88039999998: MET_Broker: Cloudlet #2859 return received
52848.88039999998: MET_Broker: The number of finished Cloudlets is:2859
52861.56839999998: MET_Broker: Cloudlet #2861 return received
52861.56839999998: MET_Broker: The number of finished Cloudlets is:2860
52884.16759999998: MET_Broker: Cloudlet #2860 return received
52884.16759999998: MET_Broker: The number of finished Cloudlets is:2861
52884.55119999998: MET_Broker: Cloudlet #2863 return received
52884.55119999998: MET_Broker: The number of finished Cloudlets is:2862
52898.63879999998: MET_Broker: Cloudlet #2862 return received
52898.63879999998: MET_Broker: The number of finished Cloudlets is:2863
52902.50119999998: MET_Broker: Cloudlet #2864 return received
52902.50119999998: MET_Broker: The number of finished Cloudlets is:2864
52916.82799999998: MET_Broker: Cloudlet #2866 return received
52916.82799999998: MET_Broker: The number of finished Cloudlets is:2865
52933.81759999998: MET_Broker: Cloudlet #2868 return received
52933.81759999998: MET_Broker: The number of finished Cloudlets is:2866
52961.55399999998: MET_Broker: Cloudlet #2869 return received
52961.55399999998: MET_Broker: The number of finished Cloudlets is:2867
52974.55759999998: MET_Broker: Cloudlet #2870 return received
52974.55759999998: MET_Broker: The number of finished Cloudlets is:2868
52984.60399999998: MET_Broker: Cloudlet #2871 return received
52984.60399999998: MET_Broker: The number of finished Cloudlets is:2869
52996.38239999998: MET_Broker: Cloudlet #2872 return received
52996.38239999998: MET_Broker: The number of finished Cloudlets is:2870
53030.34839999998: MET_Broker: Cloudlet #2857 return received
53030.34839999998: MET_Broker: The number of finished Cloudlets is:2871
53051.53399999998: MET_Broker: Cloudlet #2873 return received
53051.53399999998: MET_Broker: The number of finished Cloudlets is:2872
53066.08239999998: MET_Broker: Cloudlet #2867 return received
53066.08239999998: MET_Broker: The number of finished Cloudlets is:2873
53069.25479999998: MET_Broker: Cloudlet #2874 return received
53069.25479999998: MET_Broker: The number of finished Cloudlets is:2874
53086.73959999998: MET_Broker: Cloudlet #2877 return received
53086.73959999998: MET_Broker: The number of finished Cloudlets is:2875
53113.30759999998: MET_Broker: Cloudlet #2876 return received
53113.30759999998: MET_Broker: The number of finished Cloudlets is:2876
53132.61599999998: MET_Broker: Cloudlet #2879 return received
53132.61599999998: MET_Broker: The number of finished Cloudlets is:2877
53151.47959999998: MET_Broker: Cloudlet #2865 return received
53151.47959999998: MET_Broker: The number of finished Cloudlets is:2878
53157.84959999998: MET_Broker: Cloudlet #2875 return received
53157.84959999998: MET_Broker: The number of finished Cloudlets is:2879
53172.36719999998: MET_Broker: Cloudlet #2880 return received
53172.36719999998: MET_Broker: The number of finished Cloudlets is:2880
53204.80719999998: MET_Broker: Cloudlet #2881 return received
53204.80719999998: MET_Broker: The number of finished Cloudlets is:2881
53211.86159999998: MET_Broker: Cloudlet #2884 return received
53211.86159999998: MET_Broker: The number of finished Cloudlets is:2882
53229.169999999984: MET_Broker: Cloudlet #2878 return received
53229.169999999984: MET_Broker: The number of finished Cloudlets is:2883
53229.18999999999: MET_Broker: Cloudlet #2885 return received
53229.18999999999: MET_Broker: The number of finished Cloudlets is:2884
53280.891999999985: MET_Broker: Cloudlet #2887 return received
53280.891999999985: MET_Broker: The number of finished Cloudlets is:2885
53311.465199999984: MET_Broker: Cloudlet #2883 return received
53311.465199999984: MET_Broker: The number of finished Cloudlets is:2886
53320.73519999998: MET_Broker: Cloudlet #2882 return received
53320.73519999998: MET_Broker: The number of finished Cloudlets is:2887
53323.13839999998: MET_Broker: Cloudlet #2888 return received
53323.13839999998: MET_Broker: The number of finished Cloudlets is:2888
53334.99039999998: MET_Broker: Cloudlet #2889 return received
53334.99039999998: MET_Broker: The number of finished Cloudlets is:2889
53356.006399999984: MET_Broker: Cloudlet #2890 return received
53356.006399999984: MET_Broker: The number of finished Cloudlets is:2890
53366.29279999998: MET_Broker: Cloudlet #2892 return received
53366.29279999998: MET_Broker: The number of finished Cloudlets is:2891
53367.02719999998: MET_Broker: Cloudlet #2893 return received
53367.02719999998: MET_Broker: The number of finished Cloudlets is:2892
53377.143999999986: MET_Broker: Cloudlet #2895 return received
53377.143999999986: MET_Broker: The number of finished Cloudlets is:2893
53420.45039999999: MET_Broker: Cloudlet #2886 return received
53420.45039999999: MET_Broker: The number of finished Cloudlets is:2894
53443.45919999999: MET_Broker: Cloudlet #2891 return received
53443.45919999999: MET_Broker: The number of finished Cloudlets is:2895
53457.11719999999: MET_Broker: Cloudlet #2898 return received
53457.11719999999: MET_Broker: The number of finished Cloudlets is:2896
53463.562399999995: MET_Broker: Cloudlet #2897 return received
53463.562399999995: MET_Broker: The number of finished Cloudlets is:2897
53476.9552: MET_Broker: Cloudlet #2896 return received
53476.9552: MET_Broker: The number of finished Cloudlets is:2898
53538.098: MET_Broker: Cloudlet #2894 return received
53538.098: MET_Broker: The number of finished Cloudlets is:2899
53601.636399999996: MET_Broker: Cloudlet #2901 return received
53601.636399999996: MET_Broker: The number of finished Cloudlets is:2900
53620.9932: MET_Broker: Cloudlet #2903 return received
53620.9932: MET_Broker: The number of finished Cloudlets is:2901
53640.6584: MET_Broker: Cloudlet #2904 return received
53640.6584: MET_Broker: The number of finished Cloudlets is:2902
53657.3292: MET_Broker: Cloudlet #2905 return received
53657.3292: MET_Broker: The number of finished Cloudlets is:2903
53699.025200000004: MET_Broker: Cloudlet #2906 return received
53699.025200000004: MET_Broker: The number of finished Cloudlets is:2904
53718.286400000005: MET_Broker: Cloudlet #2907 return received
53718.286400000005: MET_Broker: The number of finished Cloudlets is:2905
53764.01840000001: MET_Broker: Cloudlet #2900 return received
53764.01840000001: MET_Broker: The number of finished Cloudlets is:2906
53773.66240000001: MET_Broker: Cloudlet #2902 return received
53773.66240000001: MET_Broker: The number of finished Cloudlets is:2907
53775.12840000001: MET_Broker: Cloudlet #2908 return received
53775.12840000001: MET_Broker: The number of finished Cloudlets is:2908
53789.39760000001: MET_Broker: Cloudlet #2909 return received
53789.39760000001: MET_Broker: The number of finished Cloudlets is:2909
53804.30840000001: MET_Broker: Cloudlet #2911 return received
53804.30840000001: MET_Broker: The number of finished Cloudlets is:2910
53806.10320000001: MET_Broker: Cloudlet #2912 return received
53806.10320000001: MET_Broker: The number of finished Cloudlets is:2911
53816.41400000001: MET_Broker: Cloudlet #2899 return received
53816.41400000001: MET_Broker: The number of finished Cloudlets is:2912
53839.861200000014: MET_Broker: Cloudlet #2915 return received
53839.861200000014: MET_Broker: The number of finished Cloudlets is:2913
53853.14440000001: MET_Broker: Cloudlet #2913 return received
53853.14440000001: MET_Broker: The number of finished Cloudlets is:2914
53863.03960000001: MET_Broker: Cloudlet #2917 return received
53863.03960000001: MET_Broker: The number of finished Cloudlets is:2915
53906.31320000001: MET_Broker: Cloudlet #2918 return received
53906.31320000001: MET_Broker: The number of finished Cloudlets is:2916
53930.39560000001: MET_Broker: Cloudlet #2919 return received
53930.39560000001: MET_Broker: The number of finished Cloudlets is:2917
53961.54960000001: MET_Broker: Cloudlet #2920 return received
53961.54960000001: MET_Broker: The number of finished Cloudlets is:2918
53987.10000000001: MET_Broker: Cloudlet #2921 return received
53987.10000000001: MET_Broker: The number of finished Cloudlets is:2919
54002.81400000001: MET_Broker: Cloudlet #2922 return received
54002.81400000001: MET_Broker: The number of finished Cloudlets is:2920
54020.34480000001: MET_Broker: Cloudlet #2923 return received
54020.34480000001: MET_Broker: The number of finished Cloudlets is:2921
54025.17000000001: MET_Broker: Cloudlet #2916 return received
54025.17000000001: MET_Broker: The number of finished Cloudlets is:2922
54032.17560000001: MET_Broker: Cloudlet #2924 return received
54032.17560000001: MET_Broker: The number of finished Cloudlets is:2923
54060.21080000001: MET_Broker: Cloudlet #2925 return received
54060.21080000001: MET_Broker: The number of finished Cloudlets is:2924
54072.14600000001: MET_Broker: Cloudlet #2926 return received
54072.14600000001: MET_Broker: The number of finished Cloudlets is:2925
54072.367600000005: MET_Broker: Cloudlet #2927 return received
54072.367600000005: MET_Broker: The number of finished Cloudlets is:2926
54076.549600000006: MET_Broker: Cloudlet #2910 return received
54076.549600000006: MET_Broker: The number of finished Cloudlets is:2927
54080.03280000001: MET_Broker: Cloudlet #2929 return received
54080.03280000001: MET_Broker: The number of finished Cloudlets is:2928
54085.948800000006: MET_Broker: Cloudlet #2914 return received
54085.948800000006: MET_Broker: The number of finished Cloudlets is:2929
54094.9544: MET_Broker: Cloudlet #2931 return received
54094.9544: MET_Broker: The number of finished Cloudlets is:2930
54096.6664: MET_Broker: Cloudlet #2928 return received
54096.6664: MET_Broker: The number of finished Cloudlets is:2931
54130.111600000004: MET_Broker: Cloudlet #2930 return received
54130.111600000004: MET_Broker: The number of finished Cloudlets is:2932
54136.18840000001: MET_Broker: Cloudlet #2932 return received
54136.18840000001: MET_Broker: The number of finished Cloudlets is:2933
54175.17560000001: MET_Broker: Cloudlet #2936 return received
54175.17560000001: MET_Broker: The number of finished Cloudlets is:2934
54220.67040000001: MET_Broker: Cloudlet #2937 return received
54220.67040000001: MET_Broker: The number of finished Cloudlets is:2935
54232.07000000001: MET_Broker: Cloudlet #2934 return received
54232.07000000001: MET_Broker: The number of finished Cloudlets is:2936
54253.659600000006: MET_Broker: Cloudlet #2938 return received
54253.659600000006: MET_Broker: The number of finished Cloudlets is:2937
54276.071200000006: MET_Broker: Cloudlet #2940 return received
54276.071200000006: MET_Broker: The number of finished Cloudlets is:2938
54286.44960000001: MET_Broker: Cloudlet #2939 return received
54286.44960000001: MET_Broker: The number of finished Cloudlets is:2939
54332.09360000001: MET_Broker: Cloudlet #2935 return received
54332.09360000001: MET_Broker: The number of finished Cloudlets is:2940
54375.45280000001: MET_Broker: Cloudlet #2933 return received
54375.45280000001: MET_Broker: The number of finished Cloudlets is:2941
54395.047600000005: MET_Broker: Cloudlet #2943 return received
54395.047600000005: MET_Broker: The number of finished Cloudlets is:2942
54462.484000000004: MET_Broker: Cloudlet #2941 return received
54462.484000000004: MET_Broker: The number of finished Cloudlets is:2943
54509.484000000004: MET_Broker: Cloudlet #2946 return received
54509.484000000004: MET_Broker: The number of finished Cloudlets is:2944
54548.278000000006: MET_Broker: Cloudlet #2947 return received
54548.278000000006: MET_Broker: The number of finished Cloudlets is:2945
54555.72000000001: MET_Broker: Cloudlet #2944 return received
54555.72000000001: MET_Broker: The number of finished Cloudlets is:2946
54561.04720000001: MET_Broker: Cloudlet #2945 return received
54561.04720000001: MET_Broker: The number of finished Cloudlets is:2947
54565.05640000001: MET_Broker: Cloudlet #2949 return received
54565.05640000001: MET_Broker: The number of finished Cloudlets is:2948
54571.69640000001: MET_Broker: Cloudlet #2951 return received
54571.69640000001: MET_Broker: The number of finished Cloudlets is:2949
54572.087600000006: MET_Broker: Cloudlet #2950 return received
54572.087600000006: MET_Broker: The number of finished Cloudlets is:2950
54585.47520000001: MET_Broker: Cloudlet #2948 return received
54585.47520000001: MET_Broker: The number of finished Cloudlets is:2951
54598.05520000001: MET_Broker: Cloudlet #2953 return received
54598.05520000001: MET_Broker: The number of finished Cloudlets is:2952
54618.29520000001: MET_Broker: Cloudlet #2952 return received
54618.29520000001: MET_Broker: The number of finished Cloudlets is:2953
54635.91640000001: MET_Broker: Cloudlet #2942 return received
54635.91640000001: MET_Broker: The number of finished Cloudlets is:2954
54637.48800000001: MET_Broker: Cloudlet #2954 return received
54637.48800000001: MET_Broker: The number of finished Cloudlets is:2955
54726.27640000001: MET_Broker: Cloudlet #2958 return received
54726.27640000001: MET_Broker: The number of finished Cloudlets is:2956
54737.88600000001: MET_Broker: Cloudlet #2955 return received
54737.88600000001: MET_Broker: The number of finished Cloudlets is:2957
54738.64640000001: MET_Broker: Cloudlet #2959 return received
54738.64640000001: MET_Broker: The number of finished Cloudlets is:2958
54822.668800000014: MET_Broker: Cloudlet #2957 return received
54822.668800000014: MET_Broker: The number of finished Cloudlets is:2959
54824.94000000002: MET_Broker: Cloudlet #2956 return received
54824.94000000002: MET_Broker: The number of finished Cloudlets is:2960
54825.77600000002: MET_Broker: Cloudlet #2960 return received
54825.77600000002: MET_Broker: The number of finished Cloudlets is:2961
54840.21520000002: MET_Broker: Cloudlet #2962 return received
54840.21520000002: MET_Broker: The number of finished Cloudlets is:2962
54852.618000000024: MET_Broker: Cloudlet #2963 return received
54852.618000000024: MET_Broker: The number of finished Cloudlets is:2963
54896.426400000026: MET_Broker: Cloudlet #2961 return received
54896.426400000026: MET_Broker: The number of finished Cloudlets is:2964
54898.92680000002: MET_Broker: Cloudlet #2966 return received
54898.92680000002: MET_Broker: The number of finished Cloudlets is:2965
54905.22040000002: MET_Broker: Cloudlet #2967 return received
54905.22040000002: MET_Broker: The number of finished Cloudlets is:2966
54914.95480000002: MET_Broker: Cloudlet #2968 return received
54914.95480000002: MET_Broker: The number of finished Cloudlets is:2967
54996.85840000002: MET_Broker: Cloudlet #2965 return received
54996.85840000002: MET_Broker: The number of finished Cloudlets is:2968
55034.48160000002: MET_Broker: Cloudlet #2969 return received
55034.48160000002: MET_Broker: The number of finished Cloudlets is:2969
55038.45360000002: MET_Broker: Cloudlet #2964 return received
55038.45360000002: MET_Broker: The number of finished Cloudlets is:2970
55053.31000000002: MET_Broker: Cloudlet #2970 return received
55053.31000000002: MET_Broker: The number of finished Cloudlets is:2971
55064.86200000002: MET_Broker: Cloudlet #2974 return received
55064.86200000002: MET_Broker: The number of finished Cloudlets is:2972
55081.989200000025: MET_Broker: Cloudlet #2973 return received
55081.989200000025: MET_Broker: The number of finished Cloudlets is:2973
55106.14320000003: MET_Broker: Cloudlet #2976 return received
55106.14320000003: MET_Broker: The number of finished Cloudlets is:2974
55163.250400000026: MET_Broker: Cloudlet #2971 return received
55163.250400000026: MET_Broker: The number of finished Cloudlets is:2975
55205.04120000003: MET_Broker: Cloudlet #2978 return received
55205.04120000003: MET_Broker: The number of finished Cloudlets is:2976
55234.80160000003: MET_Broker: Cloudlet #2975 return received
55234.80160000003: MET_Broker: The number of finished Cloudlets is:2977
55267.070400000026: MET_Broker: Cloudlet #2980 return received
55267.070400000026: MET_Broker: The number of finished Cloudlets is:2978
55314.173600000024: MET_Broker: Cloudlet #2972 return received
55314.173600000024: MET_Broker: The number of finished Cloudlets is:2979
55345.93040000003: MET_Broker: Cloudlet #2982 return received
55345.93040000003: MET_Broker: The number of finished Cloudlets is:2980
55373.150800000025: MET_Broker: Cloudlet #2979 return received
55373.150800000025: MET_Broker: The number of finished Cloudlets is:2981
55418.882400000024: MET_Broker: Cloudlet #2983 return received
55418.882400000024: MET_Broker: The number of finished Cloudlets is:2982
55419.23560000002: MET_Broker: Cloudlet #2984 return received
55419.23560000002: MET_Broker: The number of finished Cloudlets is:2983
55437.688800000025: MET_Broker: Cloudlet #2985 return received
55437.688800000025: MET_Broker: The number of finished Cloudlets is:2984
55458.01160000003: MET_Broker: Cloudlet #2977 return received
55458.01160000003: MET_Broker: The number of finished Cloudlets is:2985
55460.667200000025: MET_Broker: Cloudlet #2986 return received
55460.667200000025: MET_Broker: The number of finished Cloudlets is:2986
55461.021200000025: MET_Broker: Cloudlet #2981 return received
55461.021200000025: MET_Broker: The number of finished Cloudlets is:2987
55467.11920000002: MET_Broker: Cloudlet #2989 return received
55467.11920000002: MET_Broker: The number of finished Cloudlets is:2988
55481.654800000026: MET_Broker: Cloudlet #2987 return received
55481.654800000026: MET_Broker: The number of finished Cloudlets is:2989
55516.33880000003: MET_Broker: Cloudlet #2991 return received
55516.33880000003: MET_Broker: The number of finished Cloudlets is:2990
55537.35160000002: MET_Broker: Cloudlet #2992 return received
55537.35160000002: MET_Broker: The number of finished Cloudlets is:2991
55549.702400000024: MET_Broker: Cloudlet #2993 return received
55549.702400000024: MET_Broker: The number of finished Cloudlets is:2992
55550.37280000003: MET_Broker: Cloudlet #2990 return received
55550.37280000003: MET_Broker: The number of finished Cloudlets is:2993
55560.90120000003: MET_Broker: Cloudlet #2995 return received
55560.90120000003: MET_Broker: The number of finished Cloudlets is:2994
55571.86040000003: MET_Broker: Cloudlet #2996 return received
55571.86040000003: MET_Broker: The number of finished Cloudlets is:2995
55615.41800000003: MET_Broker: Cloudlet #2998 return received
55615.41800000003: MET_Broker: The number of finished Cloudlets is:2996
55625.553200000024: MET_Broker: Cloudlet #2999 return received
55625.553200000024: MET_Broker: The number of finished Cloudlets is:2997
55635.914000000026: MET_Broker: Cloudlet #2994 return received
55635.914000000026: MET_Broker: The number of finished Cloudlets is:2998
55671.28000000003: MET_Broker: Cloudlet #2988 return received
55671.28000000003: MET_Broker: The number of finished Cloudlets is:2999
55813.83720000003: MET_Broker: Cloudlet #2997 return received
55813.83720000003: MET_Broker: The number of finished Cloudlets is:3000
55813.83720000003: MET_Broker: All Cloudlets executed. Finishing...
55813.83720000003: MET_Broker: Destroying Vm #0
55813.83720000003: MET_Broker: Destroying Vm #1
55813.83720000003: MET_Broker: Destroying Vm #2
55813.83720000003: MET_Broker: Destroying Vm #3
55813.83720000003: MET_Broker: Destroying Vm #4
55813.83720000003: MET_Broker: Destroying Vm #5
55813.83720000003: MET_Broker: Destroying Vm #6
55813.83720000003: MET_Broker: Destroying Vm #7
55813.83720000003: MET_Broker: Destroying Vm #8
55813.83720000003: MET_Broker: Destroying Vm #9
55813.83720000003: MET_Broker: Destroying Vm #10
55813.83720000003: MET_Broker: Destroying Vm #11
55813.83720000003: MET_Broker: Destroying Vm #12
55813.83720000003: MET_Broker: Destroying Vm #13
55813.83720000003: MET_Broker: Destroying Vm #14
55813.83720000003: MET_Broker: Destroying Vm #15
55813.83720000003: MET_Broker: Destroying Vm #16
55813.83720000003: MET_Broker: Destroying Vm #17
55813.83720000003: MET_Broker: Destroying Vm #18
55813.83720000003: MET_Broker: Destroying Vm #19
55813.83720000003: MET_Broker is shutting down...
55813.83720000003: Simulation: No more future events
55813.83720000003: CloudInformationService is shutting down...
55813.83720000003: CloudInformationService: Notify all CloudSim entities for shutting down.
55813.83720000003: Datacenter_0 is shutting down...
55813.83720000003: MET_Broker is shutting down...
Simulation completed.
Simulation completed.

========== CLOUDLET RESULTS ==========
(only the first 20 successful Cloudlets are shown; METRICS below are still computed from all 3000 results)
Cloudlet ID	Status	VM ID	Exec Time	Start Time	Finish Time
3	SUCCESS	15	8.6792	0.01	8.6892
0	SUCCESS	15	12.934	0.01	12.944
4	SUCCESS	15	12.2532	8.6892	20.9424
5	SUCCESS	15	30.7588	12.944	43.7028
2	SUCCESS	15	84.624	0.01	84.634
8	SUCCESS	15	24.3316	84.634	108.9656
9	SUCCESS	15	7.9676	108.9656	116.9332
7	SUCCESS	15	108.2388	43.7028	151.9416
1	SUCCESS	15	154.4464	0.01	154.4564
10	SUCCESS	15	61.0868	116.9332	178.02
6	SUCCESS	15	167.5456	20.9424	188.488
14	SUCCESS	15	54.4896	188.488	242.9776
15	SUCCESS	15	7.5632	242.9776	250.5408
12	SUCCESS	15	160.322	154.4564	314.7784
17	SUCCESS	15	17.8352	314.7784	332.6136
11	SUCCESS	15	188.2364	151.9416	340.178
13	SUCCESS	15	162.4076	178.02	340.4276
20	SUCCESS	15	9.66	340.4276	350.0876
21	SUCCESS	15	16.7928	350.0876	366.8804
18	SUCCESS	15	68.4424	332.6136	401.056

========== METRICS ==========
Completed Cloudlets      : 3000
Makespan                 : 55813.8372 s
Degree of Imbalance      : 20
Average Waiting Time     : 27481.9951 s
Throughput               : 0.0538 cloudlets/s
Average VM Utilization*  : 19.9544 %

* Utilization is calculated from aggregate Cloudlet CPU time
  over the available VM time in this simplified model.
Week4_MET_TaskScheduling finished!
[INFO] ------------------------------------------------------------------------
[INFO] BUILD SUCCESS
[INFO] ------------------------------------------------------------------------
[INFO] Total time:  4.230 s
[INFO] Finished at: 2026-10-05T12:10:40+07:00
[INFO] ------------------------------------------------------------------------
