[INFO] Scanning for projects...
[INFO] 
[INFO] --------------< org.cloudbus.cloudsim:cloudsim-examples >---------------
[INFO] Building cloudsim-examples 7.0.1
[INFO]   from pom.xml
[INFO] --------------------------------[ jar ]---------------------------------
[INFO] 
[INFO] --- exec:3.6.4:java (default-cli) @ cloudsim-examples ---
Starting Week4_MET_TaskScheduling...
Initialising...
Dataset loaded: dataset/synthetic/Synthetic_5000.txt

========== CONFIGURATION ==========
Datacenters : 1
Hosts       : 10 (5 Class A + 5 Class B)
VMs         : 20
Cloudlets   : 5000
Algorithm   : Minimum Execution Time (MET)

VM assignment distribution:
VM 0 -> 0 cloudlets
VM 1 -> 0 cloudlets
VM 2 -> 0 cloudlets
VM 3 -> 0 cloudlets
VM 4 -> 0 cloudlets
VM 5 -> 0 cloudlets
VM 6 -> 0 cloudlets
VM 7 -> 0 cloudlets
VM 8 -> 0 cloudlets
VM 9 -> 0 cloudlets
VM 10 -> 0 cloudlets
VM 11 -> 0 cloudlets
VM 12 -> 0 cloudlets
VM 13 -> 0 cloudlets
VM 14 -> 0 cloudlets
VM 15 -> 5000 cloudlets
VM 16 -> 0 cloudlets
VM 17 -> 0 cloudlets
VM 18 -> 0 cloudlets
VM 19 -> 0 cloudlets

First 20 MET assignments:
Cloudlet 0 -> VM 15
Cloudlet 1 -> VM 15
Cloudlet 2 -> VM 15
Cloudlet 3 -> VM 15
Cloudlet 4 -> VM 15
Cloudlet 5 -> VM 15
Cloudlet 6 -> VM 15
Cloudlet 7 -> VM 15
Cloudlet 8 -> VM 15
Cloudlet 9 -> VM 15
Cloudlet 10 -> VM 15
Cloudlet 11 -> VM 15
Cloudlet 12 -> VM 15
Cloudlet 13 -> VM 15
Cloudlet 14 -> VM 15
Cloudlet 15 -> VM 15
Cloudlet 16 -> VM 15
Cloudlet 17 -> VM 15
Cloudlet 18 -> VM 15
Cloudlet 19 -> VM 15
Starting CloudSim version 7.0
0.0: Datacenter_0 is starting...
0.0: MET_Broker is starting...
Entities started.
0.0: MET_Broker: Cloud Resource List received with 1 datacenter(s)
0.0: MET_Broker: Trying to Create Vm #0 in Datacenter_0
0.0: MET_Broker: Trying to Create Vm #1 in Datacenter_0
0.0: MET_Broker: Trying to Create Vm #2 in Datacenter_0
0.0: MET_Broker: Trying to Create Vm #3 in Datacenter_0
0.0: MET_Broker: Trying to Create Vm #4 in Datacenter_0
0.0: MET_Broker: Trying to Create Vm #5 in Datacenter_0
0.0: MET_Broker: Trying to Create Vm #6 in Datacenter_0
0.0: MET_Broker: Trying to Create Vm #7 in Datacenter_0
0.0: MET_Broker: Trying to Create Vm #8 in Datacenter_0
0.0: MET_Broker: Trying to Create Vm #9 in Datacenter_0
0.0: MET_Broker: Trying to Create Vm #10 in Datacenter_0
0.0: MET_Broker: Trying to Create Vm #11 in Datacenter_0
0.0: MET_Broker: Trying to Create Vm #12 in Datacenter_0
0.0: MET_Broker: Trying to Create Vm #13 in Datacenter_0
0.0: MET_Broker: Trying to Create Vm #14 in Datacenter_0
0.0: MET_Broker: Trying to Create Vm #15 in Datacenter_0
0.0: MET_Broker: Trying to Create Vm #16 in Datacenter_0
0.0: MET_Broker: Trying to Create Vm #17 in Datacenter_0
0.0: MET_Broker: Trying to Create Vm #18 in Datacenter_0
0.0: MET_Broker: Trying to Create Vm #19 in Datacenter_0
0.0: Datacenter_0.guestAllocator: Vm #0 has been allocated to Host #5
0.0: Datacenter_0.guestAllocator: Vm #1 has been allocated to Host #6
0.0: Datacenter_0.guestAllocator: Vm #2 has been allocated to Host #7
0.0: Datacenter_0.guestAllocator: Vm #3 has been allocated to Host #8
0.0: Datacenter_0.guestAllocator: Vm #4 has been allocated to Host #9
0.0: Datacenter_0.guestAllocator: Vm #5 has been allocated to Host #5
0.0: Datacenter_0.guestAllocator: Vm #6 has been allocated to Host #6
0.0: Datacenter_0.guestAllocator: Vm #7 has been allocated to Host #7
0.0: Datacenter_0.guestAllocator: Vm #8 has been allocated to Host #8
0.0: Datacenter_0.guestAllocator: Vm #9 has been allocated to Host #9
0.0: Datacenter_0.guestAllocator: Vm #10 has been allocated to Host #5
0.0: Datacenter_0.guestAllocator: Vm #11 has been allocated to Host #6
0.0: Datacenter_0.guestAllocator: Vm #12 has been allocated to Host #7
0.0: Datacenter_0.guestAllocator: Vm #13 has been allocated to Host #8
0.0: Datacenter_0.guestAllocator: Vm #14 has been allocated to Host #9
0.0: Datacenter_0.guestAllocator: Vm #15 has been allocated to Host #5
0.0: Datacenter_0.guestAllocator: Vm #16 has been allocated to Host #6
0.0: Datacenter_0.guestAllocator: Vm #17 has been allocated to Host #7
0.0: Datacenter_0.guestAllocator: Vm #18 has been allocated to Host #8
0.0: Datacenter_0.guestAllocator: Vm #19 has been allocated to Host #9
0.01: MET_Broker: Vm #0 has been created in Datacenter #2, Host #5
0.01: MET_Broker: Vm #1 has been created in Datacenter #2, Host #6
0.01: MET_Broker: Vm #2 has been created in Datacenter #2, Host #7
0.01: MET_Broker: Vm #3 has been created in Datacenter #2, Host #8
0.01: MET_Broker: Vm #4 has been created in Datacenter #2, Host #9
0.01: MET_Broker: Vm #5 has been created in Datacenter #2, Host #5
0.01: MET_Broker: Vm #6 has been created in Datacenter #2, Host #6
0.01: MET_Broker: Vm #7 has been created in Datacenter #2, Host #7
0.01: MET_Broker: Vm #8 has been created in Datacenter #2, Host #8
0.01: MET_Broker: Vm #9 has been created in Datacenter #2, Host #9
0.01: MET_Broker: Vm #10 has been created in Datacenter #2, Host #5
0.01: MET_Broker: Vm #11 has been created in Datacenter #2, Host #6
0.01: MET_Broker: Vm #12 has been created in Datacenter #2, Host #7
0.01: MET_Broker: Vm #13 has been created in Datacenter #2, Host #8
0.01: MET_Broker: Vm #14 has been created in Datacenter #2, Host #9
0.01: MET_Broker: Vm #15 has been created in Datacenter #2, Host #5
0.01: MET_Broker: Vm #16 has been created in Datacenter #2, Host #6
0.01: MET_Broker: Vm #17 has been created in Datacenter #2, Host #7
0.01: MET_Broker: Vm #18 has been created in Datacenter #2, Host #8
0.01: MET_Broker: Vm #19 has been created in Datacenter #2, Host #9
0.01: MET_Broker: Sending Cloudlet #0 to Vm #15
0.01: MET_Broker: Sending Cloudlet #1 to Vm #15
0.01: MET_Broker: Sending Cloudlet #2 to Vm #15
0.01: MET_Broker: Sending Cloudlet #3 to Vm #15
0.01: MET_Broker: Sending Cloudlet #4 to Vm #15
0.01: MET_Broker: Sending Cloudlet #5 to Vm #15
0.01: MET_Broker: Sending Cloudlet #6 to Vm #15
0.01: MET_Broker: Sending Cloudlet #7 to Vm #15
0.01: MET_Broker: Sending Cloudlet #8 to Vm #15
0.01: MET_Broker: Sending Cloudlet #9 to Vm #15
0.01: MET_Broker: Sending Cloudlet #10 to Vm #15
0.01: MET_Broker: Sending Cloudlet #11 to Vm #15
0.01: MET_Broker: Sending Cloudlet #12 to Vm #15
0.01: MET_Broker: Sending Cloudlet #13 to Vm #15
0.01: MET_Broker: Sending Cloudlet #14 to Vm #15
0.01: MET_Broker: Sending Cloudlet #15 to Vm #15
0.01: MET_Broker: Sending Cloudlet #16 to Vm #15
0.01: MET_Broker: Sending Cloudlet #17 to Vm #15
0.01: MET_Broker: Sending Cloudlet #18 to Vm #15
0.01: MET_Broker: Sending Cloudlet #19 to Vm #15
0.01: MET_Broker: Sending Cloudlet #20 to Vm #15
0.01: MET_Broker: Sending Cloudlet #21 to Vm #15
0.01: MET_Broker: Sending Cloudlet #22 to Vm #15
0.01: MET_Broker: Sending Cloudlet #23 to Vm #15
0.01: MET_Broker: Sending Cloudlet #24 to Vm #15
0.01: MET_Broker: Sending Cloudlet #25 to Vm #15
0.01: MET_Broker: Sending Cloudlet #26 to Vm #15
0.01: MET_Broker: Sending Cloudlet #27 to Vm #15
0.01: MET_Broker: Sending Cloudlet #28 to Vm #15
0.01: MET_Broker: Sending Cloudlet #29 to Vm #15
0.01: MET_Broker: Sending Cloudlet #30 to Vm #15
0.01: MET_Broker: Sending Cloudlet #31 to Vm #15
0.01: MET_Broker: Sending Cloudlet #32 to Vm #15
0.01: MET_Broker: Sending Cloudlet #33 to Vm #15
0.01: MET_Broker: Sending Cloudlet #34 to Vm #15
0.01: MET_Broker: Sending Cloudlet #35 to Vm #15
0.01: MET_Broker: Sending Cloudlet #36 to Vm #15
0.01: MET_Broker: Sending Cloudlet #37 to Vm #15
0.01: MET_Broker: Sending Cloudlet #38 to Vm #15
0.01: MET_Broker: Sending Cloudlet #39 to Vm #15
0.01: MET_Broker: Sending Cloudlet #40 to Vm #15
0.01: MET_Broker: Sending Cloudlet #41 to Vm #15
0.01: MET_Broker: Sending Cloudlet #42 to Vm #15
0.01: MET_Broker: Sending Cloudlet #43 to Vm #15
0.01: MET_Broker: Sending Cloudlet #44 to Vm #15
0.01: MET_Broker: Sending Cloudlet #45 to Vm #15
0.01: MET_Broker: Sending Cloudlet #46 to Vm #15
0.01: MET_Broker: Sending Cloudlet #47 to Vm #15
0.01: MET_Broker: Sending Cloudlet #48 to Vm #15
0.01: MET_Broker: Sending Cloudlet #49 to Vm #15
0.01: MET_Broker: Sending Cloudlet #50 to Vm #15
0.01: MET_Broker: Sending Cloudlet #51 to Vm #15
0.01: MET_Broker: Sending Cloudlet #52 to Vm #15
0.01: MET_Broker: Sending Cloudlet #53 to Vm #15
0.01: MET_Broker: Sending Cloudlet #54 to Vm #15
0.01: MET_Broker: Sending Cloudlet #55 to Vm #15
0.01: MET_Broker: Sending Cloudlet #56 to Vm #15
0.01: MET_Broker: Sending Cloudlet #57 to Vm #15
0.01: MET_Broker: Sending Cloudlet #58 to Vm #15
0.01: MET_Broker: Sending Cloudlet #59 to Vm #15
0.01: MET_Broker: Sending Cloudlet #60 to Vm #15
0.01: MET_Broker: Sending Cloudlet #61 to Vm #15
0.01: MET_Broker: Sending Cloudlet #62 to Vm #15
0.01: MET_Broker: Sending Cloudlet #63 to Vm #15
0.01: MET_Broker: Sending Cloudlet #64 to Vm #15
0.01: MET_Broker: Sending Cloudlet #65 to Vm #15
0.01: MET_Broker: Sending Cloudlet #66 to Vm #15
0.01: MET_Broker: Sending Cloudlet #67 to Vm #15
0.01: MET_Broker: Sending Cloudlet #68 to Vm #15
0.01: MET_Broker: Sending Cloudlet #69 to Vm #15
0.01: MET_Broker: Sending Cloudlet #70 to Vm #15
0.01: MET_Broker: Sending Cloudlet #71 to Vm #15
0.01: MET_Broker: Sending Cloudlet #72 to Vm #15
0.01: MET_Broker: Sending Cloudlet #73 to Vm #15
0.01: MET_Broker: Sending Cloudlet #74 to Vm #15
0.01: MET_Broker: Sending Cloudlet #75 to Vm #15
0.01: MET_Broker: Sending Cloudlet #76 to Vm #15
0.01: MET_Broker: Sending Cloudlet #77 to Vm #15
0.01: MET_Broker: Sending Cloudlet #78 to Vm #15
0.01: MET_Broker: Sending Cloudlet #79 to Vm #15
0.01: MET_Broker: Sending Cloudlet #80 to Vm #15
0.01: MET_Broker: Sending Cloudlet #81 to Vm #15
0.01: MET_Broker: Sending Cloudlet #82 to Vm #15
0.01: MET_Broker: Sending Cloudlet #83 to Vm #15
0.01: MET_Broker: Sending Cloudlet #84 to Vm #15
0.01: MET_Broker: Sending Cloudlet #85 to Vm #15
0.01: MET_Broker: Sending Cloudlet #86 to Vm #15
0.01: MET_Broker: Sending Cloudlet #87 to Vm #15
0.01: MET_Broker: Sending Cloudlet #88 to Vm #15
0.01: MET_Broker: Sending Cloudlet #89 to Vm #15
0.01: MET_Broker: Sending Cloudlet #90 to Vm #15
0.01: MET_Broker: Sending Cloudlet #91 to Vm #15
0.01: MET_Broker: Sending Cloudlet #92 to Vm #15
0.01: MET_Broker: Sending Cloudlet #93 to Vm #15
0.01: MET_Broker: Sending Cloudlet #94 to Vm #15
0.01: MET_Broker: Sending Cloudlet #95 to Vm #15
0.01: MET_Broker: Sending Cloudlet #96 to Vm #15
0.01: MET_Broker: Sending Cloudlet #97 to Vm #15
0.01: MET_Broker: Sending Cloudlet #98 to Vm #15
0.01: MET_Broker: Sending Cloudlet #99 to Vm #15
0.01: MET_Broker: Sending Cloudlet #100 to Vm #15
0.01: MET_Broker: Sending Cloudlet #101 to Vm #15
0.01: MET_Broker: Sending Cloudlet #102 to Vm #15
0.01: MET_Broker: Sending Cloudlet #103 to Vm #15
0.01: MET_Broker: Sending Cloudlet #104 to Vm #15
0.01: MET_Broker: Sending Cloudlet #105 to Vm #15
0.01: MET_Broker: Sending Cloudlet #106 to Vm #15
0.01: MET_Broker: Sending Cloudlet #107 to Vm #15
0.01: MET_Broker: Sending Cloudlet #108 to Vm #15
0.01: MET_Broker: Sending Cloudlet #109 to Vm #15
0.01: MET_Broker: Sending Cloudlet #110 to Vm #15
0.01: MET_Broker: Sending Cloudlet #111 to Vm #15
0.01: MET_Broker: Sending Cloudlet #112 to Vm #15
0.01: MET_Broker: Sending Cloudlet #113 to Vm #15
0.01: MET_Broker: Sending Cloudlet #114 to Vm #15
0.01: MET_Broker: Sending Cloudlet #115 to Vm #15
0.01: MET_Broker: Sending Cloudlet #116 to Vm #15
0.01: MET_Broker: Sending Cloudlet #117 to Vm #15
0.01: MET_Broker: Sending Cloudlet #118 to Vm #15
0.01: MET_Broker: Sending Cloudlet #119 to Vm #15
0.01: MET_Broker: Sending Cloudlet #120 to Vm #15
0.01: MET_Broker: Sending Cloudlet #121 to Vm #15
0.01: MET_Broker: Sending Cloudlet #122 to Vm #15
0.01: MET_Broker: Sending Cloudlet #123 to Vm #15
0.01: MET_Broker: Sending Cloudlet #124 to Vm #15
0.01: MET_Broker: Sending Cloudlet #125 to Vm #15
0.01: MET_Broker: Sending Cloudlet #126 to Vm #15
0.01: MET_Broker: Sending Cloudlet #127 to Vm #15
0.01: MET_Broker: Sending Cloudlet #128 to Vm #15
0.01: MET_Broker: Sending Cloudlet #129 to Vm #15
0.01: MET_Broker: Sending Cloudlet #130 to Vm #15
0.01: MET_Broker: Sending Cloudlet #131 to Vm #15
0.01: MET_Broker: Sending Cloudlet #132 to Vm #15
0.01: MET_Broker: Sending Cloudlet #133 to Vm #15
0.01: MET_Broker: Sending Cloudlet #134 to Vm #15
0.01: MET_Broker: Sending Cloudlet #135 to Vm #15
0.01: MET_Broker: Sending Cloudlet #136 to Vm #15
0.01: MET_Broker: Sending Cloudlet #137 to Vm #15
0.01: MET_Broker: Sending Cloudlet #138 to Vm #15
0.01: MET_Broker: Sending Cloudlet #139 to Vm #15
0.01: MET_Broker: Sending Cloudlet #140 to Vm #15
0.01: MET_Broker: Sending Cloudlet #141 to Vm #15
0.01: MET_Broker: Sending Cloudlet #142 to Vm #15
0.01: MET_Broker: Sending Cloudlet #143 to Vm #15
0.01: MET_Broker: Sending Cloudlet #144 to Vm #15
0.01: MET_Broker: Sending Cloudlet #145 to Vm #15
0.01: MET_Broker: Sending Cloudlet #146 to Vm #15
0.01: MET_Broker: Sending Cloudlet #147 to Vm #15
0.01: MET_Broker: Sending Cloudlet #148 to Vm #15
0.01: MET_Broker: Sending Cloudlet #149 to Vm #15
0.01: MET_Broker: Sending Cloudlet #150 to Vm #15
0.01: MET_Broker: Sending Cloudlet #151 to Vm #15
0.01: MET_Broker: Sending Cloudlet #152 to Vm #15
0.01: MET_Broker: Sending Cloudlet #153 to Vm #15
0.01: MET_Broker: Sending Cloudlet #154 to Vm #15
0.01: MET_Broker: Sending Cloudlet #155 to Vm #15
0.01: MET_Broker: Sending Cloudlet #156 to Vm #15
0.01: MET_Broker: Sending Cloudlet #157 to Vm #15
0.01: MET_Broker: Sending Cloudlet #158 to Vm #15
0.01: MET_Broker: Sending Cloudlet #159 to Vm #15
0.01: MET_Broker: Sending Cloudlet #160 to Vm #15
0.01: MET_Broker: Sending Cloudlet #161 to Vm #15
0.01: MET_Broker: Sending Cloudlet #162 to Vm #15
0.01: MET_Broker: Sending Cloudlet #163 to Vm #15
0.01: MET_Broker: Sending Cloudlet #164 to Vm #15
0.01: MET_Broker: Sending Cloudlet #165 to Vm #15
0.01: MET_Broker: Sending Cloudlet #166 to Vm #15
0.01: MET_Broker: Sending Cloudlet #167 to Vm #15
0.01: MET_Broker: Sending Cloudlet #168 to Vm #15
0.01: MET_Broker: Sending Cloudlet #169 to Vm #15
0.01: MET_Broker: Sending Cloudlet #170 to Vm #15
0.01: MET_Broker: Sending Cloudlet #171 to Vm #15
0.01: MET_Broker: Sending Cloudlet #172 to Vm #15
0.01: MET_Broker: Sending Cloudlet #173 to Vm #15
0.01: MET_Broker: Sending Cloudlet #174 to Vm #15
0.01: MET_Broker: Sending Cloudlet #175 to Vm #15
0.01: MET_Broker: Sending Cloudlet #176 to Vm #15
0.01: MET_Broker: Sending Cloudlet #177 to Vm #15
0.01: MET_Broker: Sending Cloudlet #178 to Vm #15
0.01: MET_Broker: Sending Cloudlet #179 to Vm #15
0.01: MET_Broker: Sending Cloudlet #180 to Vm #15
0.01: MET_Broker: Sending Cloudlet #181 to Vm #15
0.01: MET_Broker: Sending Cloudlet #182 to Vm #15
0.01: MET_Broker: Sending Cloudlet #183 to Vm #15
0.01: MET_Broker: Sending Cloudlet #184 to Vm #15
0.01: MET_Broker: Sending Cloudlet #185 to Vm #15
0.01: MET_Broker: Sending Cloudlet #186 to Vm #15
0.01: MET_Broker: Sending Cloudlet #187 to Vm #15
0.01: MET_Broker: Sending Cloudlet #188 to Vm #15
0.01: MET_Broker: Sending Cloudlet #189 to Vm #15
0.01: MET_Broker: Sending Cloudlet #190 to Vm #15
0.01: MET_Broker: Sending Cloudlet #191 to Vm #15
0.01: MET_Broker: Sending Cloudlet #192 to Vm #15
0.01: MET_Broker: Sending Cloudlet #193 to Vm #15
0.01: MET_Broker: Sending Cloudlet #194 to Vm #15
0.01: MET_Broker: Sending Cloudlet #195 to Vm #15
0.01: MET_Broker: Sending Cloudlet #196 to Vm #15
0.01: MET_Broker: Sending Cloudlet #197 to Vm #15
0.01: MET_Broker: Sending Cloudlet #198 to Vm #15
0.01: MET_Broker: Sending Cloudlet #199 to Vm #15
0.01: MET_Broker: Sending Cloudlet #200 to Vm #15
0.01: MET_Broker: Sending Cloudlet #201 to Vm #15
0.01: MET_Broker: Sending Cloudlet #202 to Vm #15
0.01: MET_Broker: Sending Cloudlet #203 to Vm #15
0.01: MET_Broker: Sending Cloudlet #204 to Vm #15
0.01: MET_Broker: Sending Cloudlet #205 to Vm #15
0.01: MET_Broker: Sending Cloudlet #206 to Vm #15
0.01: MET_Broker: Sending Cloudlet #207 to Vm #15
0.01: MET_Broker: Sending Cloudlet #208 to Vm #15
0.01: MET_Broker: Sending Cloudlet #209 to Vm #15
0.01: MET_Broker: Sending Cloudlet #210 to Vm #15
0.01: MET_Broker: Sending Cloudlet #211 to Vm #15
0.01: MET_Broker: Sending Cloudlet #212 to Vm #15
0.01: MET_Broker: Sending Cloudlet #213 to Vm #15
0.01: MET_Broker: Sending Cloudlet #214 to Vm #15
0.01: MET_Broker: Sending Cloudlet #215 to Vm #15
0.01: MET_Broker: Sending Cloudlet #216 to Vm #15
0.01: MET_Broker: Sending Cloudlet #217 to Vm #15
0.01: MET_Broker: Sending Cloudlet #218 to Vm #15
0.01: MET_Broker: Sending Cloudlet #219 to Vm #15
0.01: MET_Broker: Sending Cloudlet #220 to Vm #15
0.01: MET_Broker: Sending Cloudlet #221 to Vm #15
0.01: MET_Broker: Sending Cloudlet #222 to Vm #15
0.01: MET_Broker: Sending Cloudlet #223 to Vm #15
0.01: MET_Broker: Sending Cloudlet #224 to Vm #15
0.01: MET_Broker: Sending Cloudlet #225 to Vm #15
0.01: MET_Broker: Sending Cloudlet #226 to Vm #15
0.01: MET_Broker: Sending Cloudlet #227 to Vm #15
0.01: MET_Broker: Sending Cloudlet #228 to Vm #15
0.01: MET_Broker: Sending Cloudlet #229 to Vm #15
0.01: MET_Broker: Sending Cloudlet #230 to Vm #15
0.01: MET_Broker: Sending Cloudlet #231 to Vm #15
0.01: MET_Broker: Sending Cloudlet #232 to Vm #15
0.01: MET_Broker: Sending Cloudlet #233 to Vm #15
0.01: MET_Broker: Sending Cloudlet #234 to Vm #15
0.01: MET_Broker: Sending Cloudlet #235 to Vm #15
0.01: MET_Broker: Sending Cloudlet #236 to Vm #15
0.01: MET_Broker: Sending Cloudlet #237 to Vm #15
0.01: MET_Broker: Sending Cloudlet #238 to Vm #15
0.01: MET_Broker: Sending Cloudlet #239 to Vm #15
0.01: MET_Broker: Sending Cloudlet #240 to Vm #15
0.01: MET_Broker: Sending Cloudlet #241 to Vm #15
0.01: MET_Broker: Sending Cloudlet #242 to Vm #15
0.01: MET_Broker: Sending Cloudlet #243 to Vm #15
0.01: MET_Broker: Sending Cloudlet #244 to Vm #15
0.01: MET_Broker: Sending Cloudlet #245 to Vm #15
0.01: MET_Broker: Sending Cloudlet #246 to Vm #15
0.01: MET_Broker: Sending Cloudlet #247 to Vm #15
0.01: MET_Broker: Sending Cloudlet #248 to Vm #15
0.01: MET_Broker: Sending Cloudlet #249 to Vm #15
0.01: MET_Broker: Sending Cloudlet #250 to Vm #15
0.01: MET_Broker: Sending Cloudlet #251 to Vm #15
0.01: MET_Broker: Sending Cloudlet #252 to Vm #15
0.01: MET_Broker: Sending Cloudlet #253 to Vm #15
0.01: MET_Broker: Sending Cloudlet #254 to Vm #15
0.01: MET_Broker: Sending Cloudlet #255 to Vm #15
0.01: MET_Broker: Sending Cloudlet #256 to Vm #15
0.01: MET_Broker: Sending Cloudlet #257 to Vm #15
0.01: MET_Broker: Sending Cloudlet #258 to Vm #15
0.01: MET_Broker: Sending Cloudlet #259 to Vm #15
0.01: MET_Broker: Sending Cloudlet #260 to Vm #15
0.01: MET_Broker: Sending Cloudlet #261 to Vm #15
0.01: MET_Broker: Sending Cloudlet #262 to Vm #15
0.01: MET_Broker: Sending Cloudlet #263 to Vm #15
0.01: MET_Broker: Sending Cloudlet #264 to Vm #15
0.01: MET_Broker: Sending Cloudlet #265 to Vm #15
0.01: MET_Broker: Sending Cloudlet #266 to Vm #15
0.01: MET_Broker: Sending Cloudlet #267 to Vm #15
0.01: MET_Broker: Sending Cloudlet #268 to Vm #15
0.01: MET_Broker: Sending Cloudlet #269 to Vm #15
0.01: MET_Broker: Sending Cloudlet #270 to Vm #15
0.01: MET_Broker: Sending Cloudlet #271 to Vm #15
0.01: MET_Broker: Sending Cloudlet #272 to Vm #15
0.01: MET_Broker: Sending Cloudlet #273 to Vm #15
0.01: MET_Broker: Sending Cloudlet #274 to Vm #15
0.01: MET_Broker: Sending Cloudlet #275 to Vm #15
0.01: MET_Broker: Sending Cloudlet #276 to Vm #15
0.01: MET_Broker: Sending Cloudlet #277 to Vm #15
0.01: MET_Broker: Sending Cloudlet #278 to Vm #15
0.01: MET_Broker: Sending Cloudlet #279 to Vm #15
0.01: MET_Broker: Sending Cloudlet #280 to Vm #15
0.01: MET_Broker: Sending Cloudlet #281 to Vm #15
0.01: MET_Broker: Sending Cloudlet #282 to Vm #15
0.01: MET_Broker: Sending Cloudlet #283 to Vm #15
0.01: MET_Broker: Sending Cloudlet #284 to Vm #15
0.01: MET_Broker: Sending Cloudlet #285 to Vm #15
0.01: MET_Broker: Sending Cloudlet #286 to Vm #15
0.01: MET_Broker: Sending Cloudlet #287 to Vm #15
0.01: MET_Broker: Sending Cloudlet #288 to Vm #15
0.01: MET_Broker: Sending Cloudlet #289 to Vm #15
0.01: MET_Broker: Sending Cloudlet #290 to Vm #15
0.01: MET_Broker: Sending Cloudlet #291 to Vm #15
0.01: MET_Broker: Sending Cloudlet #292 to Vm #15
0.01: MET_Broker: Sending Cloudlet #293 to Vm #15
0.01: MET_Broker: Sending Cloudlet #294 to Vm #15
0.01: MET_Broker: Sending Cloudlet #295 to Vm #15
0.01: MET_Broker: Sending Cloudlet #296 to Vm #15
0.01: MET_Broker: Sending Cloudlet #297 to Vm #15
0.01: MET_Broker: Sending Cloudlet #298 to Vm #15
0.01: MET_Broker: Sending Cloudlet #299 to Vm #15
0.01: MET_Broker: Sending Cloudlet #300 to Vm #15
0.01: MET_Broker: Sending Cloudlet #301 to Vm #15
0.01: MET_Broker: Sending Cloudlet #302 to Vm #15
0.01: MET_Broker: Sending Cloudlet #303 to Vm #15
0.01: MET_Broker: Sending Cloudlet #304 to Vm #15
0.01: MET_Broker: Sending Cloudlet #305 to Vm #15
0.01: MET_Broker: Sending Cloudlet #306 to Vm #15
0.01: MET_Broker: Sending Cloudlet #307 to Vm #15
0.01: MET_Broker: Sending Cloudlet #308 to Vm #15
0.01: MET_Broker: Sending Cloudlet #309 to Vm #15
0.01: MET_Broker: Sending Cloudlet #310 to Vm #15
0.01: MET_Broker: Sending Cloudlet #311 to Vm #15
0.01: MET_Broker: Sending Cloudlet #312 to Vm #15
0.01: MET_Broker: Sending Cloudlet #313 to Vm #15
0.01: MET_Broker: Sending Cloudlet #314 to Vm #15
0.01: MET_Broker: Sending Cloudlet #315 to Vm #15
0.01: MET_Broker: Sending Cloudlet #316 to Vm #15
0.01: MET_Broker: Sending Cloudlet #317 to Vm #15
0.01: MET_Broker: Sending Cloudlet #318 to Vm #15
0.01: MET_Broker: Sending Cloudlet #319 to Vm #15
0.01: MET_Broker: Sending Cloudlet #320 to Vm #15
0.01: MET_Broker: Sending Cloudlet #321 to Vm #15
0.01: MET_Broker: Sending Cloudlet #322 to Vm #15
0.01: MET_Broker: Sending Cloudlet #323 to Vm #15
0.01: MET_Broker: Sending Cloudlet #324 to Vm #15
0.01: MET_Broker: Sending Cloudlet #325 to Vm #15
0.01: MET_Broker: Sending Cloudlet #326 to Vm #15
0.01: MET_Broker: Sending Cloudlet #327 to Vm #15
0.01: MET_Broker: Sending Cloudlet #328 to Vm #15
0.01: MET_Broker: Sending Cloudlet #329 to Vm #15
0.01: MET_Broker: Sending Cloudlet #330 to Vm #15
0.01: MET_Broker: Sending Cloudlet #331 to Vm #15
0.01: MET_Broker: Sending Cloudlet #332 to Vm #15
0.01: MET_Broker: Sending Cloudlet #333 to Vm #15
0.01: MET_Broker: Sending Cloudlet #334 to Vm #15
0.01: MET_Broker: Sending Cloudlet #335 to Vm #15
0.01: MET_Broker: Sending Cloudlet #336 to Vm #15
0.01: MET_Broker: Sending Cloudlet #337 to Vm #15
0.01: MET_Broker: Sending Cloudlet #338 to Vm #15
0.01: MET_Broker: Sending Cloudlet #339 to Vm #15
0.01: MET_Broker: Sending Cloudlet #340 to Vm #15
0.01: MET_Broker: Sending Cloudlet #341 to Vm #15
0.01: MET_Broker: Sending Cloudlet #342 to Vm #15
0.01: MET_Broker: Sending Cloudlet #343 to Vm #15
0.01: MET_Broker: Sending Cloudlet #344 to Vm #15
0.01: MET_Broker: Sending Cloudlet #345 to Vm #15
0.01: MET_Broker: Sending Cloudlet #346 to Vm #15
0.01: MET_Broker: Sending Cloudlet #347 to Vm #15
0.01: MET_Broker: Sending Cloudlet #348 to Vm #15
0.01: MET_Broker: Sending Cloudlet #349 to Vm #15
0.01: MET_Broker: Sending Cloudlet #350 to Vm #15
0.01: MET_Broker: Sending Cloudlet #351 to Vm #15
0.01: MET_Broker: Sending Cloudlet #352 to Vm #15
0.01: MET_Broker: Sending Cloudlet #353 to Vm #15
0.01: MET_Broker: Sending Cloudlet #354 to Vm #15
0.01: MET_Broker: Sending Cloudlet #355 to Vm #15
0.01: MET_Broker: Sending Cloudlet #356 to Vm #15
0.01: MET_Broker: Sending Cloudlet #357 to Vm #15
0.01: MET_Broker: Sending Cloudlet #358 to Vm #15
0.01: MET_Broker: Sending Cloudlet #359 to Vm #15
0.01: MET_Broker: Sending Cloudlet #360 to Vm #15
0.01: MET_Broker: Sending Cloudlet #361 to Vm #15
0.01: MET_Broker: Sending Cloudlet #362 to Vm #15
0.01: MET_Broker: Sending Cloudlet #363 to Vm #15
0.01: MET_Broker: Sending Cloudlet #364 to Vm #15
0.01: MET_Broker: Sending Cloudlet #365 to Vm #15
0.01: MET_Broker: Sending Cloudlet #366 to Vm #15
0.01: MET_Broker: Sending Cloudlet #367 to Vm #15
0.01: MET_Broker: Sending Cloudlet #368 to Vm #15
0.01: MET_Broker: Sending Cloudlet #369 to Vm #15
0.01: MET_Broker: Sending Cloudlet #370 to Vm #15
0.01: MET_Broker: Sending Cloudlet #371 to Vm #15
0.01: MET_Broker: Sending Cloudlet #372 to Vm #15
0.01: MET_Broker: Sending Cloudlet #373 to Vm #15
0.01: MET_Broker: Sending Cloudlet #374 to Vm #15
0.01: MET_Broker: Sending Cloudlet #375 to Vm #15
0.01: MET_Broker: Sending Cloudlet #376 to Vm #15
0.01: MET_Broker: Sending Cloudlet #377 to Vm #15
0.01: MET_Broker: Sending Cloudlet #378 to Vm #15
0.01: MET_Broker: Sending Cloudlet #379 to Vm #15
0.01: MET_Broker: Sending Cloudlet #380 to Vm #15
0.01: MET_Broker: Sending Cloudlet #381 to Vm #15
0.01: MET_Broker: Sending Cloudlet #382 to Vm #15
0.01: MET_Broker: Sending Cloudlet #383 to Vm #15
0.01: MET_Broker: Sending Cloudlet #384 to Vm #15
0.01: MET_Broker: Sending Cloudlet #385 to Vm #15
0.01: MET_Broker: Sending Cloudlet #386 to Vm #15
0.01: MET_Broker: Sending Cloudlet #387 to Vm #15
0.01: MET_Broker: Sending Cloudlet #388 to Vm #15
0.01: MET_Broker: Sending Cloudlet #389 to Vm #15
0.01: MET_Broker: Sending Cloudlet #390 to Vm #15
0.01: MET_Broker: Sending Cloudlet #391 to Vm #15
0.01: MET_Broker: Sending Cloudlet #392 to Vm #15
0.01: MET_Broker: Sending Cloudlet #393 to Vm #15
0.01: MET_Broker: Sending Cloudlet #394 to Vm #15
0.01: MET_Broker: Sending Cloudlet #395 to Vm #15
0.01: MET_Broker: Sending Cloudlet #396 to Vm #15
0.01: MET_Broker: Sending Cloudlet #397 to Vm #15
0.01: MET_Broker: Sending Cloudlet #398 to Vm #15
0.01: MET_Broker: Sending Cloudlet #399 to Vm #15
0.01: MET_Broker: Sending Cloudlet #400 to Vm #15
0.01: MET_Broker: Sending Cloudlet #401 to Vm #15
0.01: MET_Broker: Sending Cloudlet #402 to Vm #15
0.01: MET_Broker: Sending Cloudlet #403 to Vm #15
0.01: MET_Broker: Sending Cloudlet #404 to Vm #15
0.01: MET_Broker: Sending Cloudlet #405 to Vm #15
0.01: MET_Broker: Sending Cloudlet #406 to Vm #15
0.01: MET_Broker: Sending Cloudlet #407 to Vm #15
0.01: MET_Broker: Sending Cloudlet #408 to Vm #15
0.01: MET_Broker: Sending Cloudlet #409 to Vm #15
0.01: MET_Broker: Sending Cloudlet #410 to Vm #15
0.01: MET_Broker: Sending Cloudlet #411 to Vm #15
0.01: MET_Broker: Sending Cloudlet #412 to Vm #15
0.01: MET_Broker: Sending Cloudlet #413 to Vm #15
0.01: MET_Broker: Sending Cloudlet #414 to Vm #15
0.01: MET_Broker: Sending Cloudlet #415 to Vm #15
0.01: MET_Broker: Sending Cloudlet #416 to Vm #15
0.01: MET_Broker: Sending Cloudlet #417 to Vm #15
0.01: MET_Broker: Sending Cloudlet #418 to Vm #15
0.01: MET_Broker: Sending Cloudlet #419 to Vm #15
0.01: MET_Broker: Sending Cloudlet #420 to Vm #15
0.01: MET_Broker: Sending Cloudlet #421 to Vm #15
0.01: MET_Broker: Sending Cloudlet #422 to Vm #15
0.01: MET_Broker: Sending Cloudlet #423 to Vm #15
0.01: MET_Broker: Sending Cloudlet #424 to Vm #15
0.01: MET_Broker: Sending Cloudlet #425 to Vm #15
0.01: MET_Broker: Sending Cloudlet #426 to Vm #15
0.01: MET_Broker: Sending Cloudlet #427 to Vm #15
0.01: MET_Broker: Sending Cloudlet #428 to Vm #15
0.01: MET_Broker: Sending Cloudlet #429 to Vm #15
0.01: MET_Broker: Sending Cloudlet #430 to Vm #15
0.01: MET_Broker: Sending Cloudlet #431 to Vm #15
0.01: MET_Broker: Sending Cloudlet #432 to Vm #15
0.01: MET_Broker: Sending Cloudlet #433 to Vm #15
0.01: MET_Broker: Sending Cloudlet #434 to Vm #15
0.01: MET_Broker: Sending Cloudlet #435 to Vm #15
0.01: MET_Broker: Sending Cloudlet #436 to Vm #15
0.01: MET_Broker: Sending Cloudlet #437 to Vm #15
0.01: MET_Broker: Sending Cloudlet #438 to Vm #15
0.01: MET_Broker: Sending Cloudlet #439 to Vm #15
0.01: MET_Broker: Sending Cloudlet #440 to Vm #15
0.01: MET_Broker: Sending Cloudlet #441 to Vm #15
0.01: MET_Broker: Sending Cloudlet #442 to Vm #15
0.01: MET_Broker: Sending Cloudlet #443 to Vm #15
0.01: MET_Broker: Sending Cloudlet #444 to Vm #15
0.01: MET_Broker: Sending Cloudlet #445 to Vm #15
0.01: MET_Broker: Sending Cloudlet #446 to Vm #15
0.01: MET_Broker: Sending Cloudlet #447 to Vm #15
0.01: MET_Broker: Sending Cloudlet #448 to Vm #15
0.01: MET_Broker: Sending Cloudlet #449 to Vm #15
0.01: MET_Broker: Sending Cloudlet #450 to Vm #15
0.01: MET_Broker: Sending Cloudlet #451 to Vm #15
0.01: MET_Broker: Sending Cloudlet #452 to Vm #15
0.01: MET_Broker: Sending Cloudlet #453 to Vm #15
0.01: MET_Broker: Sending Cloudlet #454 to Vm #15
0.01: MET_Broker: Sending Cloudlet #455 to Vm #15
0.01: MET_Broker: Sending Cloudlet #456 to Vm #15
0.01: MET_Broker: Sending Cloudlet #457 to Vm #15
0.01: MET_Broker: Sending Cloudlet #458 to Vm #15
0.01: MET_Broker: Sending Cloudlet #459 to Vm #15
0.01: MET_Broker: Sending Cloudlet #460 to Vm #15
0.01: MET_Broker: Sending Cloudlet #461 to Vm #15
0.01: MET_Broker: Sending Cloudlet #462 to Vm #15
0.01: MET_Broker: Sending Cloudlet #463 to Vm #15
0.01: MET_Broker: Sending Cloudlet #464 to Vm #15
0.01: MET_Broker: Sending Cloudlet #465 to Vm #15
0.01: MET_Broker: Sending Cloudlet #466 to Vm #15
0.01: MET_Broker: Sending Cloudlet #467 to Vm #15
0.01: MET_Broker: Sending Cloudlet #468 to Vm #15
0.01: MET_Broker: Sending Cloudlet #469 to Vm #15
0.01: MET_Broker: Sending Cloudlet #470 to Vm #15
0.01: MET_Broker: Sending Cloudlet #471 to Vm #15
0.01: MET_Broker: Sending Cloudlet #472 to Vm #15
0.01: MET_Broker: Sending Cloudlet #473 to Vm #15
0.01: MET_Broker: Sending Cloudlet #474 to Vm #15
0.01: MET_Broker: Sending Cloudlet #475 to Vm #15
0.01: MET_Broker: Sending Cloudlet #476 to Vm #15
0.01: MET_Broker: Sending Cloudlet #477 to Vm #15
0.01: MET_Broker: Sending Cloudlet #478 to Vm #15
0.01: MET_Broker: Sending Cloudlet #479 to Vm #15
0.01: MET_Broker: Sending Cloudlet #480 to Vm #15
0.01: MET_Broker: Sending Cloudlet #481 to Vm #15
0.01: MET_Broker: Sending Cloudlet #482 to Vm #15
0.01: MET_Broker: Sending Cloudlet #483 to Vm #15
0.01: MET_Broker: Sending Cloudlet #484 to Vm #15
0.01: MET_Broker: Sending Cloudlet #485 to Vm #15
0.01: MET_Broker: Sending Cloudlet #486 to Vm #15
0.01: MET_Broker: Sending Cloudlet #487 to Vm #15
0.01: MET_Broker: Sending Cloudlet #488 to Vm #15
0.01: MET_Broker: Sending Cloudlet #489 to Vm #15
0.01: MET_Broker: Sending Cloudlet #490 to Vm #15
0.01: MET_Broker: Sending Cloudlet #491 to Vm #15
0.01: MET_Broker: Sending Cloudlet #492 to Vm #15
0.01: MET_Broker: Sending Cloudlet #493 to Vm #15
0.01: MET_Broker: Sending Cloudlet #494 to Vm #15
0.01: MET_Broker: Sending Cloudlet #495 to Vm #15
0.01: MET_Broker: Sending Cloudlet #496 to Vm #15
0.01: MET_Broker: Sending Cloudlet #497 to Vm #15
0.01: MET_Broker: Sending Cloudlet #498 to Vm #15
0.01: MET_Broker: Sending Cloudlet #499 to Vm #15
0.01: MET_Broker: Sending Cloudlet #500 to Vm #15
0.01: MET_Broker: Sending Cloudlet #501 to Vm #15
0.01: MET_Broker: Sending Cloudlet #502 to Vm #15
0.01: MET_Broker: Sending Cloudlet #503 to Vm #15
0.01: MET_Broker: Sending Cloudlet #504 to Vm #15
0.01: MET_Broker: Sending Cloudlet #505 to Vm #15
0.01: MET_Broker: Sending Cloudlet #506 to Vm #15
0.01: MET_Broker: Sending Cloudlet #507 to Vm #15
0.01: MET_Broker: Sending Cloudlet #508 to Vm #15
0.01: MET_Broker: Sending Cloudlet #509 to Vm #15
0.01: MET_Broker: Sending Cloudlet #510 to Vm #15
0.01: MET_Broker: Sending Cloudlet #511 to Vm #15
0.01: MET_Broker: Sending Cloudlet #512 to Vm #15
0.01: MET_Broker: Sending Cloudlet #513 to Vm #15
0.01: MET_Broker: Sending Cloudlet #514 to Vm #15
0.01: MET_Broker: Sending Cloudlet #515 to Vm #15
0.01: MET_Broker: Sending Cloudlet #516 to Vm #15
0.01: MET_Broker: Sending Cloudlet #517 to Vm #15
0.01: MET_Broker: Sending Cloudlet #518 to Vm #15
0.01: MET_Broker: Sending Cloudlet #519 to Vm #15
0.01: MET_Broker: Sending Cloudlet #520 to Vm #15
0.01: MET_Broker: Sending Cloudlet #521 to Vm #15
0.01: MET_Broker: Sending Cloudlet #522 to Vm #15
0.01: MET_Broker: Sending Cloudlet #523 to Vm #15
0.01: MET_Broker: Sending Cloudlet #524 to Vm #15
0.01: MET_Broker: Sending Cloudlet #525 to Vm #15
0.01: MET_Broker: Sending Cloudlet #526 to Vm #15
0.01: MET_Broker: Sending Cloudlet #527 to Vm #15
0.01: MET_Broker: Sending Cloudlet #528 to Vm #15
0.01: MET_Broker: Sending Cloudlet #529 to Vm #15
0.01: MET_Broker: Sending Cloudlet #530 to Vm #15
0.01: MET_Broker: Sending Cloudlet #531 to Vm #15
0.01: MET_Broker: Sending Cloudlet #532 to Vm #15
0.01: MET_Broker: Sending Cloudlet #533 to Vm #15
0.01: MET_Broker: Sending Cloudlet #534 to Vm #15
0.01: MET_Broker: Sending Cloudlet #535 to Vm #15
0.01: MET_Broker: Sending Cloudlet #536 to Vm #15
0.01: MET_Broker: Sending Cloudlet #537 to Vm #15
0.01: MET_Broker: Sending Cloudlet #538 to Vm #15
0.01: MET_Broker: Sending Cloudlet #539 to Vm #15
0.01: MET_Broker: Sending Cloudlet #540 to Vm #15
0.01: MET_Broker: Sending Cloudlet #541 to Vm #15
0.01: MET_Broker: Sending Cloudlet #542 to Vm #15
0.01: MET_Broker: Sending Cloudlet #543 to Vm #15
0.01: MET_Broker: Sending Cloudlet #544 to Vm #15
0.01: MET_Broker: Sending Cloudlet #545 to Vm #15
0.01: MET_Broker: Sending Cloudlet #546 to Vm #15
0.01: MET_Broker: Sending Cloudlet #547 to Vm #15
0.01: MET_Broker: Sending Cloudlet #548 to Vm #15
0.01: MET_Broker: Sending Cloudlet #549 to Vm #15
0.01: MET_Broker: Sending Cloudlet #550 to Vm #15
0.01: MET_Broker: Sending Cloudlet #551 to Vm #15
0.01: MET_Broker: Sending Cloudlet #552 to Vm #15
0.01: MET_Broker: Sending Cloudlet #553 to Vm #15
0.01: MET_Broker: Sending Cloudlet #554 to Vm #15
0.01: MET_Broker: Sending Cloudlet #555 to Vm #15
0.01: MET_Broker: Sending Cloudlet #556 to Vm #15
0.01: MET_Broker: Sending Cloudlet #557 to Vm #15
0.01: MET_Broker: Sending Cloudlet #558 to Vm #15
0.01: MET_Broker: Sending Cloudlet #559 to Vm #15
0.01: MET_Broker: Sending Cloudlet #560 to Vm #15
0.01: MET_Broker: Sending Cloudlet #561 to Vm #15
0.01: MET_Broker: Sending Cloudlet #562 to Vm #15
0.01: MET_Broker: Sending Cloudlet #563 to Vm #15
0.01: MET_Broker: Sending Cloudlet #564 to Vm #15
0.01: MET_Broker: Sending Cloudlet #565 to Vm #15
0.01: MET_Broker: Sending Cloudlet #566 to Vm #15
0.01: MET_Broker: Sending Cloudlet #567 to Vm #15
0.01: MET_Broker: Sending Cloudlet #568 to Vm #15
0.01: MET_Broker: Sending Cloudlet #569 to Vm #15
0.01: MET_Broker: Sending Cloudlet #570 to Vm #15
0.01: MET_Broker: Sending Cloudlet #571 to Vm #15
0.01: MET_Broker: Sending Cloudlet #572 to Vm #15
0.01: MET_Broker: Sending Cloudlet #573 to Vm #15
0.01: MET_Broker: Sending Cloudlet #574 to Vm #15
0.01: MET_Broker: Sending Cloudlet #575 to Vm #15
0.01: MET_Broker: Sending Cloudlet #576 to Vm #15
0.01: MET_Broker: Sending Cloudlet #577 to Vm #15
0.01: MET_Broker: Sending Cloudlet #578 to Vm #15
0.01: MET_Broker: Sending Cloudlet #579 to Vm #15
0.01: MET_Broker: Sending Cloudlet #580 to Vm #15
0.01: MET_Broker: Sending Cloudlet #581 to Vm #15
0.01: MET_Broker: Sending Cloudlet #582 to Vm #15
0.01: MET_Broker: Sending Cloudlet #583 to Vm #15
0.01: MET_Broker: Sending Cloudlet #584 to Vm #15
0.01: MET_Broker: Sending Cloudlet #585 to Vm #15
0.01: MET_Broker: Sending Cloudlet #586 to Vm #15
0.01: MET_Broker: Sending Cloudlet #587 to Vm #15
0.01: MET_Broker: Sending Cloudlet #588 to Vm #15
0.01: MET_Broker: Sending Cloudlet #589 to Vm #15
0.01: MET_Broker: Sending Cloudlet #590 to Vm #15
0.01: MET_Broker: Sending Cloudlet #591 to Vm #15
0.01: MET_Broker: Sending Cloudlet #592 to Vm #15
0.01: MET_Broker: Sending Cloudlet #593 to Vm #15
0.01: MET_Broker: Sending Cloudlet #594 to Vm #15
0.01: MET_Broker: Sending Cloudlet #595 to Vm #15
0.01: MET_Broker: Sending Cloudlet #596 to Vm #15
0.01: MET_Broker: Sending Cloudlet #597 to Vm #15
0.01: MET_Broker: Sending Cloudlet #598 to Vm #15
0.01: MET_Broker: Sending Cloudlet #599 to Vm #15
0.01: MET_Broker: Sending Cloudlet #600 to Vm #15
0.01: MET_Broker: Sending Cloudlet #601 to Vm #15
0.01: MET_Broker: Sending Cloudlet #602 to Vm #15
0.01: MET_Broker: Sending Cloudlet #603 to Vm #15
0.01: MET_Broker: Sending Cloudlet #604 to Vm #15
0.01: MET_Broker: Sending Cloudlet #605 to Vm #15
0.01: MET_Broker: Sending Cloudlet #606 to Vm #15
0.01: MET_Broker: Sending Cloudlet #607 to Vm #15
0.01: MET_Broker: Sending Cloudlet #608 to Vm #15
0.01: MET_Broker: Sending Cloudlet #609 to Vm #15
0.01: MET_Broker: Sending Cloudlet #610 to Vm #15
0.01: MET_Broker: Sending Cloudlet #611 to Vm #15
0.01: MET_Broker: Sending Cloudlet #612 to Vm #15
0.01: MET_Broker: Sending Cloudlet #613 to Vm #15
0.01: MET_Broker: Sending Cloudlet #614 to Vm #15
0.01: MET_Broker: Sending Cloudlet #615 to Vm #15
0.01: MET_Broker: Sending Cloudlet #616 to Vm #15
0.01: MET_Broker: Sending Cloudlet #617 to Vm #15
0.01: MET_Broker: Sending Cloudlet #618 to Vm #15
0.01: MET_Broker: Sending Cloudlet #619 to Vm #15
0.01: MET_Broker: Sending Cloudlet #620 to Vm #15
0.01: MET_Broker: Sending Cloudlet #621 to Vm #15
0.01: MET_Broker: Sending Cloudlet #622 to Vm #15
0.01: MET_Broker: Sending Cloudlet #623 to Vm #15
0.01: MET_Broker: Sending Cloudlet #624 to Vm #15
0.01: MET_Broker: Sending Cloudlet #625 to Vm #15
0.01: MET_Broker: Sending Cloudlet #626 to Vm #15
0.01: MET_Broker: Sending Cloudlet #627 to Vm #15
0.01: MET_Broker: Sending Cloudlet #628 to Vm #15
0.01: MET_Broker: Sending Cloudlet #629 to Vm #15
0.01: MET_Broker: Sending Cloudlet #630 to Vm #15
0.01: MET_Broker: Sending Cloudlet #631 to Vm #15
0.01: MET_Broker: Sending Cloudlet #632 to Vm #15
0.01: MET_Broker: Sending Cloudlet #633 to Vm #15
0.01: MET_Broker: Sending Cloudlet #634 to Vm #15
0.01: MET_Broker: Sending Cloudlet #635 to Vm #15
0.01: MET_Broker: Sending Cloudlet #636 to Vm #15
0.01: MET_Broker: Sending Cloudlet #637 to Vm #15
0.01: MET_Broker: Sending Cloudlet #638 to Vm #15
0.01: MET_Broker: Sending Cloudlet #639 to Vm #15
0.01: MET_Broker: Sending Cloudlet #640 to Vm #15
0.01: MET_Broker: Sending Cloudlet #641 to Vm #15
0.01: MET_Broker: Sending Cloudlet #642 to Vm #15
0.01: MET_Broker: Sending Cloudlet #643 to Vm #15
0.01: MET_Broker: Sending Cloudlet #644 to Vm #15
0.01: MET_Broker: Sending Cloudlet #645 to Vm #15
0.01: MET_Broker: Sending Cloudlet #646 to Vm #15
0.01: MET_Broker: Sending Cloudlet #647 to Vm #15
0.01: MET_Broker: Sending Cloudlet #648 to Vm #15
0.01: MET_Broker: Sending Cloudlet #649 to Vm #15
0.01: MET_Broker: Sending Cloudlet #650 to Vm #15
0.01: MET_Broker: Sending Cloudlet #651 to Vm #15
0.01: MET_Broker: Sending Cloudlet #652 to Vm #15
0.01: MET_Broker: Sending Cloudlet #653 to Vm #15
0.01: MET_Broker: Sending Cloudlet #654 to Vm #15
0.01: MET_Broker: Sending Cloudlet #655 to Vm #15
0.01: MET_Broker: Sending Cloudlet #656 to Vm #15
0.01: MET_Broker: Sending Cloudlet #657 to Vm #15
0.01: MET_Broker: Sending Cloudlet #658 to Vm #15
0.01: MET_Broker: Sending Cloudlet #659 to Vm #15
0.01: MET_Broker: Sending Cloudlet #660 to Vm #15
0.01: MET_Broker: Sending Cloudlet #661 to Vm #15
0.01: MET_Broker: Sending Cloudlet #662 to Vm #15
0.01: MET_Broker: Sending Cloudlet #663 to Vm #15
0.01: MET_Broker: Sending Cloudlet #664 to Vm #15
0.01: MET_Broker: Sending Cloudlet #665 to Vm #15
0.01: MET_Broker: Sending Cloudlet #666 to Vm #15
0.01: MET_Broker: Sending Cloudlet #667 to Vm #15
0.01: MET_Broker: Sending Cloudlet #668 to Vm #15
0.01: MET_Broker: Sending Cloudlet #669 to Vm #15
0.01: MET_Broker: Sending Cloudlet #670 to Vm #15
0.01: MET_Broker: Sending Cloudlet #671 to Vm #15
0.01: MET_Broker: Sending Cloudlet #672 to Vm #15
0.01: MET_Broker: Sending Cloudlet #673 to Vm #15
0.01: MET_Broker: Sending Cloudlet #674 to Vm #15
0.01: MET_Broker: Sending Cloudlet #675 to Vm #15
0.01: MET_Broker: Sending Cloudlet #676 to Vm #15
0.01: MET_Broker: Sending Cloudlet #677 to Vm #15
0.01: MET_Broker: Sending Cloudlet #678 to Vm #15
0.01: MET_Broker: Sending Cloudlet #679 to Vm #15
0.01: MET_Broker: Sending Cloudlet #680 to Vm #15
0.01: MET_Broker: Sending Cloudlet #681 to Vm #15
0.01: MET_Broker: Sending Cloudlet #682 to Vm #15
0.01: MET_Broker: Sending Cloudlet #683 to Vm #15
0.01: MET_Broker: Sending Cloudlet #684 to Vm #15
0.01: MET_Broker: Sending Cloudlet #685 to Vm #15
0.01: MET_Broker: Sending Cloudlet #686 to Vm #15
0.01: MET_Broker: Sending Cloudlet #687 to Vm #15
0.01: MET_Broker: Sending Cloudlet #688 to Vm #15
0.01: MET_Broker: Sending Cloudlet #689 to Vm #15
0.01: MET_Broker: Sending Cloudlet #690 to Vm #15
0.01: MET_Broker: Sending Cloudlet #691 to Vm #15
0.01: MET_Broker: Sending Cloudlet #692 to Vm #15
0.01: MET_Broker: Sending Cloudlet #693 to Vm #15
0.01: MET_Broker: Sending Cloudlet #694 to Vm #15
0.01: MET_Broker: Sending Cloudlet #695 to Vm #15
0.01: MET_Broker: Sending Cloudlet #696 to Vm #15
0.01: MET_Broker: Sending Cloudlet #697 to Vm #15
0.01: MET_Broker: Sending Cloudlet #698 to Vm #15
0.01: MET_Broker: Sending Cloudlet #699 to Vm #15
0.01: MET_Broker: Sending Cloudlet #700 to Vm #15
0.01: MET_Broker: Sending Cloudlet #701 to Vm #15
0.01: MET_Broker: Sending Cloudlet #702 to Vm #15
0.01: MET_Broker: Sending Cloudlet #703 to Vm #15
0.01: MET_Broker: Sending Cloudlet #704 to Vm #15
0.01: MET_Broker: Sending Cloudlet #705 to Vm #15
0.01: MET_Broker: Sending Cloudlet #706 to Vm #15
0.01: MET_Broker: Sending Cloudlet #707 to Vm #15
0.01: MET_Broker: Sending Cloudlet #708 to Vm #15
0.01: MET_Broker: Sending Cloudlet #709 to Vm #15
0.01: MET_Broker: Sending Cloudlet #710 to Vm #15
0.01: MET_Broker: Sending Cloudlet #711 to Vm #15
0.01: MET_Broker: Sending Cloudlet #712 to Vm #15
0.01: MET_Broker: Sending Cloudlet #713 to Vm #15
0.01: MET_Broker: Sending Cloudlet #714 to Vm #15
0.01: MET_Broker: Sending Cloudlet #715 to Vm #15
0.01: MET_Broker: Sending Cloudlet #716 to Vm #15
0.01: MET_Broker: Sending Cloudlet #717 to Vm #15
0.01: MET_Broker: Sending Cloudlet #718 to Vm #15
0.01: MET_Broker: Sending Cloudlet #719 to Vm #15
0.01: MET_Broker: Sending Cloudlet #720 to Vm #15
0.01: MET_Broker: Sending Cloudlet #721 to Vm #15
0.01: MET_Broker: Sending Cloudlet #722 to Vm #15
0.01: MET_Broker: Sending Cloudlet #723 to Vm #15
0.01: MET_Broker: Sending Cloudlet #724 to Vm #15
0.01: MET_Broker: Sending Cloudlet #725 to Vm #15
0.01: MET_Broker: Sending Cloudlet #726 to Vm #15
0.01: MET_Broker: Sending Cloudlet #727 to Vm #15
0.01: MET_Broker: Sending Cloudlet #728 to Vm #15
0.01: MET_Broker: Sending Cloudlet #729 to Vm #15
0.01: MET_Broker: Sending Cloudlet #730 to Vm #15
0.01: MET_Broker: Sending Cloudlet #731 to Vm #15
0.01: MET_Broker: Sending Cloudlet #732 to Vm #15
0.01: MET_Broker: Sending Cloudlet #733 to Vm #15
0.01: MET_Broker: Sending Cloudlet #734 to Vm #15
0.01: MET_Broker: Sending Cloudlet #735 to Vm #15
0.01: MET_Broker: Sending Cloudlet #736 to Vm #15
0.01: MET_Broker: Sending Cloudlet #737 to Vm #15
0.01: MET_Broker: Sending Cloudlet #738 to Vm #15
0.01: MET_Broker: Sending Cloudlet #739 to Vm #15
0.01: MET_Broker: Sending Cloudlet #740 to Vm #15
0.01: MET_Broker: Sending Cloudlet #741 to Vm #15
0.01: MET_Broker: Sending Cloudlet #742 to Vm #15
0.01: MET_Broker: Sending Cloudlet #743 to Vm #15
0.01: MET_Broker: Sending Cloudlet #744 to Vm #15
0.01: MET_Broker: Sending Cloudlet #745 to Vm #15
0.01: MET_Broker: Sending Cloudlet #746 to Vm #15
0.01: MET_Broker: Sending Cloudlet #747 to Vm #15
0.01: MET_Broker: Sending Cloudlet #748 to Vm #15
0.01: MET_Broker: Sending Cloudlet #749 to Vm #15
0.01: MET_Broker: Sending Cloudlet #750 to Vm #15
0.01: MET_Broker: Sending Cloudlet #751 to Vm #15
0.01: MET_Broker: Sending Cloudlet #752 to Vm #15
0.01: MET_Broker: Sending Cloudlet #753 to Vm #15
0.01: MET_Broker: Sending Cloudlet #754 to Vm #15
0.01: MET_Broker: Sending Cloudlet #755 to Vm #15
0.01: MET_Broker: Sending Cloudlet #756 to Vm #15
0.01: MET_Broker: Sending Cloudlet #757 to Vm #15
0.01: MET_Broker: Sending Cloudlet #758 to Vm #15
0.01: MET_Broker: Sending Cloudlet #759 to Vm #15
0.01: MET_Broker: Sending Cloudlet #760 to Vm #15
0.01: MET_Broker: Sending Cloudlet #761 to Vm #15
0.01: MET_Broker: Sending Cloudlet #762 to Vm #15
0.01: MET_Broker: Sending Cloudlet #763 to Vm #15
0.01: MET_Broker: Sending Cloudlet #764 to Vm #15
0.01: MET_Broker: Sending Cloudlet #765 to Vm #15
0.01: MET_Broker: Sending Cloudlet #766 to Vm #15
0.01: MET_Broker: Sending Cloudlet #767 to Vm #15
0.01: MET_Broker: Sending Cloudlet #768 to Vm #15
0.01: MET_Broker: Sending Cloudlet #769 to Vm #15
0.01: MET_Broker: Sending Cloudlet #770 to Vm #15
0.01: MET_Broker: Sending Cloudlet #771 to Vm #15
0.01: MET_Broker: Sending Cloudlet #772 to Vm #15
0.01: MET_Broker: Sending Cloudlet #773 to Vm #15
0.01: MET_Broker: Sending Cloudlet #774 to Vm #15
0.01: MET_Broker: Sending Cloudlet #775 to Vm #15
0.01: MET_Broker: Sending Cloudlet #776 to Vm #15
0.01: MET_Broker: Sending Cloudlet #777 to Vm #15
0.01: MET_Broker: Sending Cloudlet #778 to Vm #15
0.01: MET_Broker: Sending Cloudlet #779 to Vm #15
0.01: MET_Broker: Sending Cloudlet #780 to Vm #15
0.01: MET_Broker: Sending Cloudlet #781 to Vm #15
0.01: MET_Broker: Sending Cloudlet #782 to Vm #15
0.01: MET_Broker: Sending Cloudlet #783 to Vm #15
0.01: MET_Broker: Sending Cloudlet #784 to Vm #15
0.01: MET_Broker: Sending Cloudlet #785 to Vm #15
0.01: MET_Broker: Sending Cloudlet #786 to Vm #15
0.01: MET_Broker: Sending Cloudlet #787 to Vm #15
0.01: MET_Broker: Sending Cloudlet #788 to Vm #15
0.01: MET_Broker: Sending Cloudlet #789 to Vm #15
0.01: MET_Broker: Sending Cloudlet #790 to Vm #15
0.01: MET_Broker: Sending Cloudlet #791 to Vm #15
0.01: MET_Broker: Sending Cloudlet #792 to Vm #15
0.01: MET_Broker: Sending Cloudlet #793 to Vm #15
0.01: MET_Broker: Sending Cloudlet #794 to Vm #15
0.01: MET_Broker: Sending Cloudlet #795 to Vm #15
0.01: MET_Broker: Sending Cloudlet #796 to Vm #15
0.01: MET_Broker: Sending Cloudlet #797 to Vm #15
0.01: MET_Broker: Sending Cloudlet #798 to Vm #15
0.01: MET_Broker: Sending Cloudlet #799 to Vm #15
0.01: MET_Broker: Sending Cloudlet #800 to Vm #15
0.01: MET_Broker: Sending Cloudlet #801 to Vm #15
0.01: MET_Broker: Sending Cloudlet #802 to Vm #15
0.01: MET_Broker: Sending Cloudlet #803 to Vm #15
0.01: MET_Broker: Sending Cloudlet #804 to Vm #15
0.01: MET_Broker: Sending Cloudlet #805 to Vm #15
0.01: MET_Broker: Sending Cloudlet #806 to Vm #15
0.01: MET_Broker: Sending Cloudlet #807 to Vm #15
0.01: MET_Broker: Sending Cloudlet #808 to Vm #15
0.01: MET_Broker: Sending Cloudlet #809 to Vm #15
0.01: MET_Broker: Sending Cloudlet #810 to Vm #15
0.01: MET_Broker: Sending Cloudlet #811 to Vm #15
0.01: MET_Broker: Sending Cloudlet #812 to Vm #15
0.01: MET_Broker: Sending Cloudlet #813 to Vm #15
0.01: MET_Broker: Sending Cloudlet #814 to Vm #15
0.01: MET_Broker: Sending Cloudlet #815 to Vm #15
0.01: MET_Broker: Sending Cloudlet #816 to Vm #15
0.01: MET_Broker: Sending Cloudlet #817 to Vm #15
0.01: MET_Broker: Sending Cloudlet #818 to Vm #15
0.01: MET_Broker: Sending Cloudlet #819 to Vm #15
0.01: MET_Broker: Sending Cloudlet #820 to Vm #15
0.01: MET_Broker: Sending Cloudlet #821 to Vm #15
0.01: MET_Broker: Sending Cloudlet #822 to Vm #15
0.01: MET_Broker: Sending Cloudlet #823 to Vm #15
0.01: MET_Broker: Sending Cloudlet #824 to Vm #15
0.01: MET_Broker: Sending Cloudlet #825 to Vm #15
0.01: MET_Broker: Sending Cloudlet #826 to Vm #15
0.01: MET_Broker: Sending Cloudlet #827 to Vm #15
0.01: MET_Broker: Sending Cloudlet #828 to Vm #15
0.01: MET_Broker: Sending Cloudlet #829 to Vm #15
0.01: MET_Broker: Sending Cloudlet #830 to Vm #15
0.01: MET_Broker: Sending Cloudlet #831 to Vm #15
0.01: MET_Broker: Sending Cloudlet #832 to Vm #15
0.01: MET_Broker: Sending Cloudlet #833 to Vm #15
0.01: MET_Broker: Sending Cloudlet #834 to Vm #15
0.01: MET_Broker: Sending Cloudlet #835 to Vm #15
0.01: MET_Broker: Sending Cloudlet #836 to Vm #15
0.01: MET_Broker: Sending Cloudlet #837 to Vm #15
0.01: MET_Broker: Sending Cloudlet #838 to Vm #15
0.01: MET_Broker: Sending Cloudlet #839 to Vm #15
0.01: MET_Broker: Sending Cloudlet #840 to Vm #15
0.01: MET_Broker: Sending Cloudlet #841 to Vm #15
0.01: MET_Broker: Sending Cloudlet #842 to Vm #15
0.01: MET_Broker: Sending Cloudlet #843 to Vm #15
0.01: MET_Broker: Sending Cloudlet #844 to Vm #15
0.01: MET_Broker: Sending Cloudlet #845 to Vm #15
0.01: MET_Broker: Sending Cloudlet #846 to Vm #15
0.01: MET_Broker: Sending Cloudlet #847 to Vm #15
0.01: MET_Broker: Sending Cloudlet #848 to Vm #15
0.01: MET_Broker: Sending Cloudlet #849 to Vm #15
0.01: MET_Broker: Sending Cloudlet #850 to Vm #15
0.01: MET_Broker: Sending Cloudlet #851 to Vm #15
0.01: MET_Broker: Sending Cloudlet #852 to Vm #15
0.01: MET_Broker: Sending Cloudlet #853 to Vm #15
0.01: MET_Broker: Sending Cloudlet #854 to Vm #15
0.01: MET_Broker: Sending Cloudlet #855 to Vm #15
0.01: MET_Broker: Sending Cloudlet #856 to Vm #15
0.01: MET_Broker: Sending Cloudlet #857 to Vm #15
0.01: MET_Broker: Sending Cloudlet #858 to Vm #15
0.01: MET_Broker: Sending Cloudlet #859 to Vm #15
0.01: MET_Broker: Sending Cloudlet #860 to Vm #15
0.01: MET_Broker: Sending Cloudlet #861 to Vm #15
0.01: MET_Broker: Sending Cloudlet #862 to Vm #15
0.01: MET_Broker: Sending Cloudlet #863 to Vm #15
0.01: MET_Broker: Sending Cloudlet #864 to Vm #15
0.01: MET_Broker: Sending Cloudlet #865 to Vm #15
0.01: MET_Broker: Sending Cloudlet #866 to Vm #15
0.01: MET_Broker: Sending Cloudlet #867 to Vm #15
0.01: MET_Broker: Sending Cloudlet #868 to Vm #15
0.01: MET_Broker: Sending Cloudlet #869 to Vm #15
0.01: MET_Broker: Sending Cloudlet #870 to Vm #15
0.01: MET_Broker: Sending Cloudlet #871 to Vm #15
0.01: MET_Broker: Sending Cloudlet #872 to Vm #15
0.01: MET_Broker: Sending Cloudlet #873 to Vm #15
0.01: MET_Broker: Sending Cloudlet #874 to Vm #15
0.01: MET_Broker: Sending Cloudlet #875 to Vm #15
0.01: MET_Broker: Sending Cloudlet #876 to Vm #15
0.01: MET_Broker: Sending Cloudlet #877 to Vm #15
0.01: MET_Broker: Sending Cloudlet #878 to Vm #15
0.01: MET_Broker: Sending Cloudlet #879 to Vm #15
0.01: MET_Broker: Sending Cloudlet #880 to Vm #15
0.01: MET_Broker: Sending Cloudlet #881 to Vm #15
0.01: MET_Broker: Sending Cloudlet #882 to Vm #15
0.01: MET_Broker: Sending Cloudlet #883 to Vm #15
0.01: MET_Broker: Sending Cloudlet #884 to Vm #15
0.01: MET_Broker: Sending Cloudlet #885 to Vm #15
0.01: MET_Broker: Sending Cloudlet #886 to Vm #15
0.01: MET_Broker: Sending Cloudlet #887 to Vm #15
0.01: MET_Broker: Sending Cloudlet #888 to Vm #15
0.01: MET_Broker: Sending Cloudlet #889 to Vm #15
0.01: MET_Broker: Sending Cloudlet #890 to Vm #15
0.01: MET_Broker: Sending Cloudlet #891 to Vm #15
0.01: MET_Broker: Sending Cloudlet #892 to Vm #15
0.01: MET_Broker: Sending Cloudlet #893 to Vm #15
0.01: MET_Broker: Sending Cloudlet #894 to Vm #15
0.01: MET_Broker: Sending Cloudlet #895 to Vm #15
0.01: MET_Broker: Sending Cloudlet #896 to Vm #15
0.01: MET_Broker: Sending Cloudlet #897 to Vm #15
0.01: MET_Broker: Sending Cloudlet #898 to Vm #15
0.01: MET_Broker: Sending Cloudlet #899 to Vm #15
0.01: MET_Broker: Sending Cloudlet #900 to Vm #15
0.01: MET_Broker: Sending Cloudlet #901 to Vm #15
0.01: MET_Broker: Sending Cloudlet #902 to Vm #15
0.01: MET_Broker: Sending Cloudlet #903 to Vm #15
0.01: MET_Broker: Sending Cloudlet #904 to Vm #15
0.01: MET_Broker: Sending Cloudlet #905 to Vm #15
0.01: MET_Broker: Sending Cloudlet #906 to Vm #15
0.01: MET_Broker: Sending Cloudlet #907 to Vm #15
0.01: MET_Broker: Sending Cloudlet #908 to Vm #15
0.01: MET_Broker: Sending Cloudlet #909 to Vm #15
0.01: MET_Broker: Sending Cloudlet #910 to Vm #15
0.01: MET_Broker: Sending Cloudlet #911 to Vm #15
0.01: MET_Broker: Sending Cloudlet #912 to Vm #15
0.01: MET_Broker: Sending Cloudlet #913 to Vm #15
0.01: MET_Broker: Sending Cloudlet #914 to Vm #15
0.01: MET_Broker: Sending Cloudlet #915 to Vm #15
0.01: MET_Broker: Sending Cloudlet #916 to Vm #15
0.01: MET_Broker: Sending Cloudlet #917 to Vm #15
0.01: MET_Broker: Sending Cloudlet #918 to Vm #15
0.01: MET_Broker: Sending Cloudlet #919 to Vm #15
0.01: MET_Broker: Sending Cloudlet #920 to Vm #15
0.01: MET_Broker: Sending Cloudlet #921 to Vm #15
0.01: MET_Broker: Sending Cloudlet #922 to Vm #15
0.01: MET_Broker: Sending Cloudlet #923 to Vm #15
0.01: MET_Broker: Sending Cloudlet #924 to Vm #15
0.01: MET_Broker: Sending Cloudlet #925 to Vm #15
0.01: MET_Broker: Sending Cloudlet #926 to Vm #15
0.01: MET_Broker: Sending Cloudlet #927 to Vm #15
0.01: MET_Broker: Sending Cloudlet #928 to Vm #15
0.01: MET_Broker: Sending Cloudlet #929 to Vm #15
0.01: MET_Broker: Sending Cloudlet #930 to Vm #15
0.01: MET_Broker: Sending Cloudlet #931 to Vm #15
0.01: MET_Broker: Sending Cloudlet #932 to Vm #15
0.01: MET_Broker: Sending Cloudlet #933 to Vm #15
0.01: MET_Broker: Sending Cloudlet #934 to Vm #15
0.01: MET_Broker: Sending Cloudlet #935 to Vm #15
0.01: MET_Broker: Sending Cloudlet #936 to Vm #15
0.01: MET_Broker: Sending Cloudlet #937 to Vm #15
0.01: MET_Broker: Sending Cloudlet #938 to Vm #15
0.01: MET_Broker: Sending Cloudlet #939 to Vm #15
0.01: MET_Broker: Sending Cloudlet #940 to Vm #15
0.01: MET_Broker: Sending Cloudlet #941 to Vm #15
0.01: MET_Broker: Sending Cloudlet #942 to Vm #15
0.01: MET_Broker: Sending Cloudlet #943 to Vm #15
0.01: MET_Broker: Sending Cloudlet #944 to Vm #15
0.01: MET_Broker: Sending Cloudlet #945 to Vm #15
0.01: MET_Broker: Sending Cloudlet #946 to Vm #15
0.01: MET_Broker: Sending Cloudlet #947 to Vm #15
0.01: MET_Broker: Sending Cloudlet #948 to Vm #15
0.01: MET_Broker: Sending Cloudlet #949 to Vm #15
0.01: MET_Broker: Sending Cloudlet #950 to Vm #15
0.01: MET_Broker: Sending Cloudlet #951 to Vm #15
0.01: MET_Broker: Sending Cloudlet #952 to Vm #15
0.01: MET_Broker: Sending Cloudlet #953 to Vm #15
0.01: MET_Broker: Sending Cloudlet #954 to Vm #15
0.01: MET_Broker: Sending Cloudlet #955 to Vm #15
0.01: MET_Broker: Sending Cloudlet #956 to Vm #15
0.01: MET_Broker: Sending Cloudlet #957 to Vm #15
0.01: MET_Broker: Sending Cloudlet #958 to Vm #15
0.01: MET_Broker: Sending Cloudlet #959 to Vm #15
0.01: MET_Broker: Sending Cloudlet #960 to Vm #15
0.01: MET_Broker: Sending Cloudlet #961 to Vm #15
0.01: MET_Broker: Sending Cloudlet #962 to Vm #15
0.01: MET_Broker: Sending Cloudlet #963 to Vm #15
0.01: MET_Broker: Sending Cloudlet #964 to Vm #15
0.01: MET_Broker: Sending Cloudlet #965 to Vm #15
0.01: MET_Broker: Sending Cloudlet #966 to Vm #15
0.01: MET_Broker: Sending Cloudlet #967 to Vm #15
0.01: MET_Broker: Sending Cloudlet #968 to Vm #15
0.01: MET_Broker: Sending Cloudlet #969 to Vm #15
0.01: MET_Broker: Sending Cloudlet #970 to Vm #15
0.01: MET_Broker: Sending Cloudlet #971 to Vm #15
0.01: MET_Broker: Sending Cloudlet #972 to Vm #15
0.01: MET_Broker: Sending Cloudlet #973 to Vm #15
0.01: MET_Broker: Sending Cloudlet #974 to Vm #15
0.01: MET_Broker: Sending Cloudlet #975 to Vm #15
0.01: MET_Broker: Sending Cloudlet #976 to Vm #15
0.01: MET_Broker: Sending Cloudlet #977 to Vm #15
0.01: MET_Broker: Sending Cloudlet #978 to Vm #15
0.01: MET_Broker: Sending Cloudlet #979 to Vm #15
0.01: MET_Broker: Sending Cloudlet #980 to Vm #15
0.01: MET_Broker: Sending Cloudlet #981 to Vm #15
0.01: MET_Broker: Sending Cloudlet #982 to Vm #15
0.01: MET_Broker: Sending Cloudlet #983 to Vm #15
0.01: MET_Broker: Sending Cloudlet #984 to Vm #15
0.01: MET_Broker: Sending Cloudlet #985 to Vm #15
0.01: MET_Broker: Sending Cloudlet #986 to Vm #15
0.01: MET_Broker: Sending Cloudlet #987 to Vm #15
0.01: MET_Broker: Sending Cloudlet #988 to Vm #15
0.01: MET_Broker: Sending Cloudlet #989 to Vm #15
0.01: MET_Broker: Sending Cloudlet #990 to Vm #15
0.01: MET_Broker: Sending Cloudlet #991 to Vm #15
0.01: MET_Broker: Sending Cloudlet #992 to Vm #15
0.01: MET_Broker: Sending Cloudlet #993 to Vm #15
0.01: MET_Broker: Sending Cloudlet #994 to Vm #15
0.01: MET_Broker: Sending Cloudlet #995 to Vm #15
0.01: MET_Broker: Sending Cloudlet #996 to Vm #15
0.01: MET_Broker: Sending Cloudlet #997 to Vm #15
0.01: MET_Broker: Sending Cloudlet #998 to Vm #15
0.01: MET_Broker: Sending Cloudlet #999 to Vm #15
0.01: MET_Broker: Sending Cloudlet #1000 to Vm #15
0.01: MET_Broker: Sending Cloudlet #1001 to Vm #15
0.01: MET_Broker: Sending Cloudlet #1002 to Vm #15
0.01: MET_Broker: Sending Cloudlet #1003 to Vm #15
0.01: MET_Broker: Sending Cloudlet #1004 to Vm #15
0.01: MET_Broker: Sending Cloudlet #1005 to Vm #15
0.01: MET_Broker: Sending Cloudlet #1006 to Vm #15
0.01: MET_Broker: Sending Cloudlet #1007 to Vm #15
0.01: MET_Broker: Sending Cloudlet #1008 to Vm #15
0.01: MET_Broker: Sending Cloudlet #1009 to Vm #15
0.01: MET_Broker: Sending Cloudlet #1010 to Vm #15
0.01: MET_Broker: Sending Cloudlet #1011 to Vm #15
0.01: MET_Broker: Sending Cloudlet #1012 to Vm #15
0.01: MET_Broker: Sending Cloudlet #1013 to Vm #15
0.01: MET_Broker: Sending Cloudlet #1014 to Vm #15
0.01: MET_Broker: Sending Cloudlet #1015 to Vm #15
0.01: MET_Broker: Sending Cloudlet #1016 to Vm #15
0.01: MET_Broker: Sending Cloudlet #1017 to Vm #15
0.01: MET_Broker: Sending Cloudlet #1018 to Vm #15
0.01: MET_Broker: Sending Cloudlet #1019 to Vm #15
0.01: MET_Broker: Sending Cloudlet #1020 to Vm #15
0.01: MET_Broker: Sending Cloudlet #1021 to Vm #15
0.01: MET_Broker: Sending Cloudlet #1022 to Vm #15
0.01: MET_Broker: Sending Cloudlet #1023 to Vm #15
0.01: MET_Broker: Sending Cloudlet #1024 to Vm #15
0.01: MET_Broker: Sending Cloudlet #1025 to Vm #15
0.01: MET_Broker: Sending Cloudlet #1026 to Vm #15
0.01: MET_Broker: Sending Cloudlet #1027 to Vm #15
0.01: MET_Broker: Sending Cloudlet #1028 to Vm #15
0.01: MET_Broker: Sending Cloudlet #1029 to Vm #15
0.01: MET_Broker: Sending Cloudlet #1030 to Vm #15
0.01: MET_Broker: Sending Cloudlet #1031 to Vm #15
0.01: MET_Broker: Sending Cloudlet #1032 to Vm #15
0.01: MET_Broker: Sending Cloudlet #1033 to Vm #15
0.01: MET_Broker: Sending Cloudlet #1034 to Vm #15
0.01: MET_Broker: Sending Cloudlet #1035 to Vm #15
0.01: MET_Broker: Sending Cloudlet #1036 to Vm #15
0.01: MET_Broker: Sending Cloudlet #1037 to Vm #15
0.01: MET_Broker: Sending Cloudlet #1038 to Vm #15
0.01: MET_Broker: Sending Cloudlet #1039 to Vm #15
0.01: MET_Broker: Sending Cloudlet #1040 to Vm #15
0.01: MET_Broker: Sending Cloudlet #1041 to Vm #15
0.01: MET_Broker: Sending Cloudlet #1042 to Vm #15
0.01: MET_Broker: Sending Cloudlet #1043 to Vm #15
0.01: MET_Broker: Sending Cloudlet #1044 to Vm #15
0.01: MET_Broker: Sending Cloudlet #1045 to Vm #15
0.01: MET_Broker: Sending Cloudlet #1046 to Vm #15
0.01: MET_Broker: Sending Cloudlet #1047 to Vm #15
0.01: MET_Broker: Sending Cloudlet #1048 to Vm #15
0.01: MET_Broker: Sending Cloudlet #1049 to Vm #15
0.01: MET_Broker: Sending Cloudlet #1050 to Vm #15
0.01: MET_Broker: Sending Cloudlet #1051 to Vm #15
0.01: MET_Broker: Sending Cloudlet #1052 to Vm #15
0.01: MET_Broker: Sending Cloudlet #1053 to Vm #15
0.01: MET_Broker: Sending Cloudlet #1054 to Vm #15
0.01: MET_Broker: Sending Cloudlet #1055 to Vm #15
0.01: MET_Broker: Sending Cloudlet #1056 to Vm #15
0.01: MET_Broker: Sending Cloudlet #1057 to Vm #15
0.01: MET_Broker: Sending Cloudlet #1058 to Vm #15
0.01: MET_Broker: Sending Cloudlet #1059 to Vm #15
0.01: MET_Broker: Sending Cloudlet #1060 to Vm #15
0.01: MET_Broker: Sending Cloudlet #1061 to Vm #15
0.01: MET_Broker: Sending Cloudlet #1062 to Vm #15
0.01: MET_Broker: Sending Cloudlet #1063 to Vm #15
0.01: MET_Broker: Sending Cloudlet #1064 to Vm #15
0.01: MET_Broker: Sending Cloudlet #1065 to Vm #15
0.01: MET_Broker: Sending Cloudlet #1066 to Vm #15
0.01: MET_Broker: Sending Cloudlet #1067 to Vm #15
0.01: MET_Broker: Sending Cloudlet #1068 to Vm #15
0.01: MET_Broker: Sending Cloudlet #1069 to Vm #15
0.01: MET_Broker: Sending Cloudlet #1070 to Vm #15
0.01: MET_Broker: Sending Cloudlet #1071 to Vm #15
0.01: MET_Broker: Sending Cloudlet #1072 to Vm #15
0.01: MET_Broker: Sending Cloudlet #1073 to Vm #15
0.01: MET_Broker: Sending Cloudlet #1074 to Vm #15
0.01: MET_Broker: Sending Cloudlet #1075 to Vm #15
0.01: MET_Broker: Sending Cloudlet #1076 to Vm #15
0.01: MET_Broker: Sending Cloudlet #1077 to Vm #15
0.01: MET_Broker: Sending Cloudlet #1078 to Vm #15
0.01: MET_Broker: Sending Cloudlet #1079 to Vm #15
0.01: MET_Broker: Sending Cloudlet #1080 to Vm #15
0.01: MET_Broker: Sending Cloudlet #1081 to Vm #15
0.01: MET_Broker: Sending Cloudlet #1082 to Vm #15
0.01: MET_Broker: Sending Cloudlet #1083 to Vm #15
0.01: MET_Broker: Sending Cloudlet #1084 to Vm #15
0.01: MET_Broker: Sending Cloudlet #1085 to Vm #15
0.01: MET_Broker: Sending Cloudlet #1086 to Vm #15
0.01: MET_Broker: Sending Cloudlet #1087 to Vm #15
0.01: MET_Broker: Sending Cloudlet #1088 to Vm #15
0.01: MET_Broker: Sending Cloudlet #1089 to Vm #15
0.01: MET_Broker: Sending Cloudlet #1090 to Vm #15
0.01: MET_Broker: Sending Cloudlet #1091 to Vm #15
0.01: MET_Broker: Sending Cloudlet #1092 to Vm #15
0.01: MET_Broker: Sending Cloudlet #1093 to Vm #15
0.01: MET_Broker: Sending Cloudlet #1094 to Vm #15
0.01: MET_Broker: Sending Cloudlet #1095 to Vm #15
0.01: MET_Broker: Sending Cloudlet #1096 to Vm #15
0.01: MET_Broker: Sending Cloudlet #1097 to Vm #15
0.01: MET_Broker: Sending Cloudlet #1098 to Vm #15
0.01: MET_Broker: Sending Cloudlet #1099 to Vm #15
0.01: MET_Broker: Sending Cloudlet #1100 to Vm #15
0.01: MET_Broker: Sending Cloudlet #1101 to Vm #15
0.01: MET_Broker: Sending Cloudlet #1102 to Vm #15
0.01: MET_Broker: Sending Cloudlet #1103 to Vm #15
0.01: MET_Broker: Sending Cloudlet #1104 to Vm #15
0.01: MET_Broker: Sending Cloudlet #1105 to Vm #15
0.01: MET_Broker: Sending Cloudlet #1106 to Vm #15
0.01: MET_Broker: Sending Cloudlet #1107 to Vm #15
0.01: MET_Broker: Sending Cloudlet #1108 to Vm #15
0.01: MET_Broker: Sending Cloudlet #1109 to Vm #15
0.01: MET_Broker: Sending Cloudlet #1110 to Vm #15
0.01: MET_Broker: Sending Cloudlet #1111 to Vm #15
0.01: MET_Broker: Sending Cloudlet #1112 to Vm #15
0.01: MET_Broker: Sending Cloudlet #1113 to Vm #15
0.01: MET_Broker: Sending Cloudlet #1114 to Vm #15
0.01: MET_Broker: Sending Cloudlet #1115 to Vm #15
0.01: MET_Broker: Sending Cloudlet #1116 to Vm #15
0.01: MET_Broker: Sending Cloudlet #1117 to Vm #15
0.01: MET_Broker: Sending Cloudlet #1118 to Vm #15
0.01: MET_Broker: Sending Cloudlet #1119 to Vm #15
0.01: MET_Broker: Sending Cloudlet #1120 to Vm #15
0.01: MET_Broker: Sending Cloudlet #1121 to Vm #15
0.01: MET_Broker: Sending Cloudlet #1122 to Vm #15
0.01: MET_Broker: Sending Cloudlet #1123 to Vm #15
0.01: MET_Broker: Sending Cloudlet #1124 to Vm #15
0.01: MET_Broker: Sending Cloudlet #1125 to Vm #15
0.01: MET_Broker: Sending Cloudlet #1126 to Vm #15
0.01: MET_Broker: Sending Cloudlet #1127 to Vm #15
0.01: MET_Broker: Sending Cloudlet #1128 to Vm #15
0.01: MET_Broker: Sending Cloudlet #1129 to Vm #15
0.01: MET_Broker: Sending Cloudlet #1130 to Vm #15
0.01: MET_Broker: Sending Cloudlet #1131 to Vm #15
0.01: MET_Broker: Sending Cloudlet #1132 to Vm #15
0.01: MET_Broker: Sending Cloudlet #1133 to Vm #15
0.01: MET_Broker: Sending Cloudlet #1134 to Vm #15
0.01: MET_Broker: Sending Cloudlet #1135 to Vm #15
0.01: MET_Broker: Sending Cloudlet #1136 to Vm #15
0.01: MET_Broker: Sending Cloudlet #1137 to Vm #15
0.01: MET_Broker: Sending Cloudlet #1138 to Vm #15
0.01: MET_Broker: Sending Cloudlet #1139 to Vm #15
0.01: MET_Broker: Sending Cloudlet #1140 to Vm #15
0.01: MET_Broker: Sending Cloudlet #1141 to Vm #15
0.01: MET_Broker: Sending Cloudlet #1142 to Vm #15
0.01: MET_Broker: Sending Cloudlet #1143 to Vm #15
0.01: MET_Broker: Sending Cloudlet #1144 to Vm #15
0.01: MET_Broker: Sending Cloudlet #1145 to Vm #15
0.01: MET_Broker: Sending Cloudlet #1146 to Vm #15
0.01: MET_Broker: Sending Cloudlet #1147 to Vm #15
0.01: MET_Broker: Sending Cloudlet #1148 to Vm #15
0.01: MET_Broker: Sending Cloudlet #1149 to Vm #15
0.01: MET_Broker: Sending Cloudlet #1150 to Vm #15
0.01: MET_Broker: Sending Cloudlet #1151 to Vm #15
0.01: MET_Broker: Sending Cloudlet #1152 to Vm #15
0.01: MET_Broker: Sending Cloudlet #1153 to Vm #15
0.01: MET_Broker: Sending Cloudlet #1154 to Vm #15
0.01: MET_Broker: Sending Cloudlet #1155 to Vm #15
0.01: MET_Broker: Sending Cloudlet #1156 to Vm #15
0.01: MET_Broker: Sending Cloudlet #1157 to Vm #15
0.01: MET_Broker: Sending Cloudlet #1158 to Vm #15
0.01: MET_Broker: Sending Cloudlet #1159 to Vm #15
0.01: MET_Broker: Sending Cloudlet #1160 to Vm #15
0.01: MET_Broker: Sending Cloudlet #1161 to Vm #15
0.01: MET_Broker: Sending Cloudlet #1162 to Vm #15
0.01: MET_Broker: Sending Cloudlet #1163 to Vm #15
0.01: MET_Broker: Sending Cloudlet #1164 to Vm #15
0.01: MET_Broker: Sending Cloudlet #1165 to Vm #15
0.01: MET_Broker: Sending Cloudlet #1166 to Vm #15
0.01: MET_Broker: Sending Cloudlet #1167 to Vm #15
0.01: MET_Broker: Sending Cloudlet #1168 to Vm #15
0.01: MET_Broker: Sending Cloudlet #1169 to Vm #15
0.01: MET_Broker: Sending Cloudlet #1170 to Vm #15
0.01: MET_Broker: Sending Cloudlet #1171 to Vm #15
0.01: MET_Broker: Sending Cloudlet #1172 to Vm #15
0.01: MET_Broker: Sending Cloudlet #1173 to Vm #15
0.01: MET_Broker: Sending Cloudlet #1174 to Vm #15
0.01: MET_Broker: Sending Cloudlet #1175 to Vm #15
0.01: MET_Broker: Sending Cloudlet #1176 to Vm #15
0.01: MET_Broker: Sending Cloudlet #1177 to Vm #15
0.01: MET_Broker: Sending Cloudlet #1178 to Vm #15
0.01: MET_Broker: Sending Cloudlet #1179 to Vm #15
0.01: MET_Broker: Sending Cloudlet #1180 to Vm #15
0.01: MET_Broker: Sending Cloudlet #1181 to Vm #15
0.01: MET_Broker: Sending Cloudlet #1182 to Vm #15
0.01: MET_Broker: Sending Cloudlet #1183 to Vm #15
0.01: MET_Broker: Sending Cloudlet #1184 to Vm #15
0.01: MET_Broker: Sending Cloudlet #1185 to Vm #15
0.01: MET_Broker: Sending Cloudlet #1186 to Vm #15
0.01: MET_Broker: Sending Cloudlet #1187 to Vm #15
0.01: MET_Broker: Sending Cloudlet #1188 to Vm #15
0.01: MET_Broker: Sending Cloudlet #1189 to Vm #15
0.01: MET_Broker: Sending Cloudlet #1190 to Vm #15
0.01: MET_Broker: Sending Cloudlet #1191 to Vm #15
0.01: MET_Broker: Sending Cloudlet #1192 to Vm #15
0.01: MET_Broker: Sending Cloudlet #1193 to Vm #15
0.01: MET_Broker: Sending Cloudlet #1194 to Vm #15
0.01: MET_Broker: Sending Cloudlet #1195 to Vm #15
0.01: MET_Broker: Sending Cloudlet #1196 to Vm #15
0.01: MET_Broker: Sending Cloudlet #1197 to Vm #15
0.01: MET_Broker: Sending Cloudlet #1198 to Vm #15
0.01: MET_Broker: Sending Cloudlet #1199 to Vm #15
0.01: MET_Broker: Sending Cloudlet #1200 to Vm #15
0.01: MET_Broker: Sending Cloudlet #1201 to Vm #15
0.01: MET_Broker: Sending Cloudlet #1202 to Vm #15
0.01: MET_Broker: Sending Cloudlet #1203 to Vm #15
0.01: MET_Broker: Sending Cloudlet #1204 to Vm #15
0.01: MET_Broker: Sending Cloudlet #1205 to Vm #15
0.01: MET_Broker: Sending Cloudlet #1206 to Vm #15
0.01: MET_Broker: Sending Cloudlet #1207 to Vm #15
0.01: MET_Broker: Sending Cloudlet #1208 to Vm #15
0.01: MET_Broker: Sending Cloudlet #1209 to Vm #15
0.01: MET_Broker: Sending Cloudlet #1210 to Vm #15
0.01: MET_Broker: Sending Cloudlet #1211 to Vm #15
0.01: MET_Broker: Sending Cloudlet #1212 to Vm #15
0.01: MET_Broker: Sending Cloudlet #1213 to Vm #15
0.01: MET_Broker: Sending Cloudlet #1214 to Vm #15
0.01: MET_Broker: Sending Cloudlet #1215 to Vm #15
0.01: MET_Broker: Sending Cloudlet #1216 to Vm #15
0.01: MET_Broker: Sending Cloudlet #1217 to Vm #15
0.01: MET_Broker: Sending Cloudlet #1218 to Vm #15
0.01: MET_Broker: Sending Cloudlet #1219 to Vm #15
0.01: MET_Broker: Sending Cloudlet #1220 to Vm #15
0.01: MET_Broker: Sending Cloudlet #1221 to Vm #15
0.01: MET_Broker: Sending Cloudlet #1222 to Vm #15
0.01: MET_Broker: Sending Cloudlet #1223 to Vm #15
0.01: MET_Broker: Sending Cloudlet #1224 to Vm #15
0.01: MET_Broker: Sending Cloudlet #1225 to Vm #15
0.01: MET_Broker: Sending Cloudlet #1226 to Vm #15
0.01: MET_Broker: Sending Cloudlet #1227 to Vm #15
0.01: MET_Broker: Sending Cloudlet #1228 to Vm #15
0.01: MET_Broker: Sending Cloudlet #1229 to Vm #15
0.01: MET_Broker: Sending Cloudlet #1230 to Vm #15
0.01: MET_Broker: Sending Cloudlet #1231 to Vm #15
0.01: MET_Broker: Sending Cloudlet #1232 to Vm #15
0.01: MET_Broker: Sending Cloudlet #1233 to Vm #15
0.01: MET_Broker: Sending Cloudlet #1234 to Vm #15
0.01: MET_Broker: Sending Cloudlet #1235 to Vm #15
0.01: MET_Broker: Sending Cloudlet #1236 to Vm #15
0.01: MET_Broker: Sending Cloudlet #1237 to Vm #15
0.01: MET_Broker: Sending Cloudlet #1238 to Vm #15
0.01: MET_Broker: Sending Cloudlet #1239 to Vm #15
0.01: MET_Broker: Sending Cloudlet #1240 to Vm #15
0.01: MET_Broker: Sending Cloudlet #1241 to Vm #15
0.01: MET_Broker: Sending Cloudlet #1242 to Vm #15
0.01: MET_Broker: Sending Cloudlet #1243 to Vm #15
0.01: MET_Broker: Sending Cloudlet #1244 to Vm #15
0.01: MET_Broker: Sending Cloudlet #1245 to Vm #15
0.01: MET_Broker: Sending Cloudlet #1246 to Vm #15
0.01: MET_Broker: Sending Cloudlet #1247 to Vm #15
0.01: MET_Broker: Sending Cloudlet #1248 to Vm #15
0.01: MET_Broker: Sending Cloudlet #1249 to Vm #15
0.01: MET_Broker: Sending Cloudlet #1250 to Vm #15
0.01: MET_Broker: Sending Cloudlet #1251 to Vm #15
0.01: MET_Broker: Sending Cloudlet #1252 to Vm #15
0.01: MET_Broker: Sending Cloudlet #1253 to Vm #15
0.01: MET_Broker: Sending Cloudlet #1254 to Vm #15
0.01: MET_Broker: Sending Cloudlet #1255 to Vm #15
0.01: MET_Broker: Sending Cloudlet #1256 to Vm #15
0.01: MET_Broker: Sending Cloudlet #1257 to Vm #15
0.01: MET_Broker: Sending Cloudlet #1258 to Vm #15
0.01: MET_Broker: Sending Cloudlet #1259 to Vm #15
0.01: MET_Broker: Sending Cloudlet #1260 to Vm #15
0.01: MET_Broker: Sending Cloudlet #1261 to Vm #15
0.01: MET_Broker: Sending Cloudlet #1262 to Vm #15
0.01: MET_Broker: Sending Cloudlet #1263 to Vm #15
0.01: MET_Broker: Sending Cloudlet #1264 to Vm #15
0.01: MET_Broker: Sending Cloudlet #1265 to Vm #15
0.01: MET_Broker: Sending Cloudlet #1266 to Vm #15
0.01: MET_Broker: Sending Cloudlet #1267 to Vm #15
0.01: MET_Broker: Sending Cloudlet #1268 to Vm #15
0.01: MET_Broker: Sending Cloudlet #1269 to Vm #15
0.01: MET_Broker: Sending Cloudlet #1270 to Vm #15
0.01: MET_Broker: Sending Cloudlet #1271 to Vm #15
0.01: MET_Broker: Sending Cloudlet #1272 to Vm #15
0.01: MET_Broker: Sending Cloudlet #1273 to Vm #15
0.01: MET_Broker: Sending Cloudlet #1274 to Vm #15
0.01: MET_Broker: Sending Cloudlet #1275 to Vm #15
0.01: MET_Broker: Sending Cloudlet #1276 to Vm #15
0.01: MET_Broker: Sending Cloudlet #1277 to Vm #15
0.01: MET_Broker: Sending Cloudlet #1278 to Vm #15
0.01: MET_Broker: Sending Cloudlet #1279 to Vm #15
0.01: MET_Broker: Sending Cloudlet #1280 to Vm #15
0.01: MET_Broker: Sending Cloudlet #1281 to Vm #15
0.01: MET_Broker: Sending Cloudlet #1282 to Vm #15
0.01: MET_Broker: Sending Cloudlet #1283 to Vm #15
0.01: MET_Broker: Sending Cloudlet #1284 to Vm #15
0.01: MET_Broker: Sending Cloudlet #1285 to Vm #15
0.01: MET_Broker: Sending Cloudlet #1286 to Vm #15
0.01: MET_Broker: Sending Cloudlet #1287 to Vm #15
0.01: MET_Broker: Sending Cloudlet #1288 to Vm #15
0.01: MET_Broker: Sending Cloudlet #1289 to Vm #15
0.01: MET_Broker: Sending Cloudlet #1290 to Vm #15
0.01: MET_Broker: Sending Cloudlet #1291 to Vm #15
0.01: MET_Broker: Sending Cloudlet #1292 to Vm #15
0.01: MET_Broker: Sending Cloudlet #1293 to Vm #15
0.01: MET_Broker: Sending Cloudlet #1294 to Vm #15
0.01: MET_Broker: Sending Cloudlet #1295 to Vm #15
0.01: MET_Broker: Sending Cloudlet #1296 to Vm #15
0.01: MET_Broker: Sending Cloudlet #1297 to Vm #15
0.01: MET_Broker: Sending Cloudlet #1298 to Vm #15
0.01: MET_Broker: Sending Cloudlet #1299 to Vm #15
0.01: MET_Broker: Sending Cloudlet #1300 to Vm #15
0.01: MET_Broker: Sending Cloudlet #1301 to Vm #15
0.01: MET_Broker: Sending Cloudlet #1302 to Vm #15
0.01: MET_Broker: Sending Cloudlet #1303 to Vm #15
0.01: MET_Broker: Sending Cloudlet #1304 to Vm #15
0.01: MET_Broker: Sending Cloudlet #1305 to Vm #15
0.01: MET_Broker: Sending Cloudlet #1306 to Vm #15
0.01: MET_Broker: Sending Cloudlet #1307 to Vm #15
0.01: MET_Broker: Sending Cloudlet #1308 to Vm #15
0.01: MET_Broker: Sending Cloudlet #1309 to Vm #15
0.01: MET_Broker: Sending Cloudlet #1310 to Vm #15
0.01: MET_Broker: Sending Cloudlet #1311 to Vm #15
0.01: MET_Broker: Sending Cloudlet #1312 to Vm #15
0.01: MET_Broker: Sending Cloudlet #1313 to Vm #15
0.01: MET_Broker: Sending Cloudlet #1314 to Vm #15
0.01: MET_Broker: Sending Cloudlet #1315 to Vm #15
0.01: MET_Broker: Sending Cloudlet #1316 to Vm #15
0.01: MET_Broker: Sending Cloudlet #1317 to Vm #15
0.01: MET_Broker: Sending Cloudlet #1318 to Vm #15
0.01: MET_Broker: Sending Cloudlet #1319 to Vm #15
0.01: MET_Broker: Sending Cloudlet #1320 to Vm #15
0.01: MET_Broker: Sending Cloudlet #1321 to Vm #15
0.01: MET_Broker: Sending Cloudlet #1322 to Vm #15
0.01: MET_Broker: Sending Cloudlet #1323 to Vm #15
0.01: MET_Broker: Sending Cloudlet #1324 to Vm #15
0.01: MET_Broker: Sending Cloudlet #1325 to Vm #15
0.01: MET_Broker: Sending Cloudlet #1326 to Vm #15
0.01: MET_Broker: Sending Cloudlet #1327 to Vm #15
0.01: MET_Broker: Sending Cloudlet #1328 to Vm #15
0.01: MET_Broker: Sending Cloudlet #1329 to Vm #15
0.01: MET_Broker: Sending Cloudlet #1330 to Vm #15
0.01: MET_Broker: Sending Cloudlet #1331 to Vm #15
0.01: MET_Broker: Sending Cloudlet #1332 to Vm #15
0.01: MET_Broker: Sending Cloudlet #1333 to Vm #15
0.01: MET_Broker: Sending Cloudlet #1334 to Vm #15
0.01: MET_Broker: Sending Cloudlet #1335 to Vm #15
0.01: MET_Broker: Sending Cloudlet #1336 to Vm #15
0.01: MET_Broker: Sending Cloudlet #1337 to Vm #15
0.01: MET_Broker: Sending Cloudlet #1338 to Vm #15
0.01: MET_Broker: Sending Cloudlet #1339 to Vm #15
0.01: MET_Broker: Sending Cloudlet #1340 to Vm #15
0.01: MET_Broker: Sending Cloudlet #1341 to Vm #15
0.01: MET_Broker: Sending Cloudlet #1342 to Vm #15
0.01: MET_Broker: Sending Cloudlet #1343 to Vm #15
0.01: MET_Broker: Sending Cloudlet #1344 to Vm #15
0.01: MET_Broker: Sending Cloudlet #1345 to Vm #15
0.01: MET_Broker: Sending Cloudlet #1346 to Vm #15
0.01: MET_Broker: Sending Cloudlet #1347 to Vm #15
0.01: MET_Broker: Sending Cloudlet #1348 to Vm #15
0.01: MET_Broker: Sending Cloudlet #1349 to Vm #15
0.01: MET_Broker: Sending Cloudlet #1350 to Vm #15
0.01: MET_Broker: Sending Cloudlet #1351 to Vm #15
0.01: MET_Broker: Sending Cloudlet #1352 to Vm #15
0.01: MET_Broker: Sending Cloudlet #1353 to Vm #15
0.01: MET_Broker: Sending Cloudlet #1354 to Vm #15
0.01: MET_Broker: Sending Cloudlet #1355 to Vm #15
0.01: MET_Broker: Sending Cloudlet #1356 to Vm #15
0.01: MET_Broker: Sending Cloudlet #1357 to Vm #15
0.01: MET_Broker: Sending Cloudlet #1358 to Vm #15
0.01: MET_Broker: Sending Cloudlet #1359 to Vm #15
0.01: MET_Broker: Sending Cloudlet #1360 to Vm #15
0.01: MET_Broker: Sending Cloudlet #1361 to Vm #15
0.01: MET_Broker: Sending Cloudlet #1362 to Vm #15
0.01: MET_Broker: Sending Cloudlet #1363 to Vm #15
0.01: MET_Broker: Sending Cloudlet #1364 to Vm #15
0.01: MET_Broker: Sending Cloudlet #1365 to Vm #15
0.01: MET_Broker: Sending Cloudlet #1366 to Vm #15
0.01: MET_Broker: Sending Cloudlet #1367 to Vm #15
0.01: MET_Broker: Sending Cloudlet #1368 to Vm #15
0.01: MET_Broker: Sending Cloudlet #1369 to Vm #15
0.01: MET_Broker: Sending Cloudlet #1370 to Vm #15
0.01: MET_Broker: Sending Cloudlet #1371 to Vm #15
0.01: MET_Broker: Sending Cloudlet #1372 to Vm #15
0.01: MET_Broker: Sending Cloudlet #1373 to Vm #15
0.01: MET_Broker: Sending Cloudlet #1374 to Vm #15
0.01: MET_Broker: Sending Cloudlet #1375 to Vm #15
0.01: MET_Broker: Sending Cloudlet #1376 to Vm #15
0.01: MET_Broker: Sending Cloudlet #1377 to Vm #15
0.01: MET_Broker: Sending Cloudlet #1378 to Vm #15
0.01: MET_Broker: Sending Cloudlet #1379 to Vm #15
0.01: MET_Broker: Sending Cloudlet #1380 to Vm #15
0.01: MET_Broker: Sending Cloudlet #1381 to Vm #15
0.01: MET_Broker: Sending Cloudlet #1382 to Vm #15
0.01: MET_Broker: Sending Cloudlet #1383 to Vm #15
0.01: MET_Broker: Sending Cloudlet #1384 to Vm #15
0.01: MET_Broker: Sending Cloudlet #1385 to Vm #15
0.01: MET_Broker: Sending Cloudlet #1386 to Vm #15
0.01: MET_Broker: Sending Cloudlet #1387 to Vm #15
0.01: MET_Broker: Sending Cloudlet #1388 to Vm #15
0.01: MET_Broker: Sending Cloudlet #1389 to Vm #15
0.01: MET_Broker: Sending Cloudlet #1390 to Vm #15
0.01: MET_Broker: Sending Cloudlet #1391 to Vm #15
0.01: MET_Broker: Sending Cloudlet #1392 to Vm #15
0.01: MET_Broker: Sending Cloudlet #1393 to Vm #15
0.01: MET_Broker: Sending Cloudlet #1394 to Vm #15
0.01: MET_Broker: Sending Cloudlet #1395 to Vm #15
0.01: MET_Broker: Sending Cloudlet #1396 to Vm #15
0.01: MET_Broker: Sending Cloudlet #1397 to Vm #15
0.01: MET_Broker: Sending Cloudlet #1398 to Vm #15
0.01: MET_Broker: Sending Cloudlet #1399 to Vm #15
0.01: MET_Broker: Sending Cloudlet #1400 to Vm #15
0.01: MET_Broker: Sending Cloudlet #1401 to Vm #15
0.01: MET_Broker: Sending Cloudlet #1402 to Vm #15
0.01: MET_Broker: Sending Cloudlet #1403 to Vm #15
0.01: MET_Broker: Sending Cloudlet #1404 to Vm #15
0.01: MET_Broker: Sending Cloudlet #1405 to Vm #15
0.01: MET_Broker: Sending Cloudlet #1406 to Vm #15
0.01: MET_Broker: Sending Cloudlet #1407 to Vm #15
0.01: MET_Broker: Sending Cloudlet #1408 to Vm #15
0.01: MET_Broker: Sending Cloudlet #1409 to Vm #15
0.01: MET_Broker: Sending Cloudlet #1410 to Vm #15
0.01: MET_Broker: Sending Cloudlet #1411 to Vm #15
0.01: MET_Broker: Sending Cloudlet #1412 to Vm #15
0.01: MET_Broker: Sending Cloudlet #1413 to Vm #15
0.01: MET_Broker: Sending Cloudlet #1414 to Vm #15
0.01: MET_Broker: Sending Cloudlet #1415 to Vm #15
0.01: MET_Broker: Sending Cloudlet #1416 to Vm #15
0.01: MET_Broker: Sending Cloudlet #1417 to Vm #15
0.01: MET_Broker: Sending Cloudlet #1418 to Vm #15
0.01: MET_Broker: Sending Cloudlet #1419 to Vm #15
0.01: MET_Broker: Sending Cloudlet #1420 to Vm #15
0.01: MET_Broker: Sending Cloudlet #1421 to Vm #15
0.01: MET_Broker: Sending Cloudlet #1422 to Vm #15
0.01: MET_Broker: Sending Cloudlet #1423 to Vm #15
0.01: MET_Broker: Sending Cloudlet #1424 to Vm #15
0.01: MET_Broker: Sending Cloudlet #1425 to Vm #15
0.01: MET_Broker: Sending Cloudlet #1426 to Vm #15
0.01: MET_Broker: Sending Cloudlet #1427 to Vm #15
0.01: MET_Broker: Sending Cloudlet #1428 to Vm #15
0.01: MET_Broker: Sending Cloudlet #1429 to Vm #15
0.01: MET_Broker: Sending Cloudlet #1430 to Vm #15
0.01: MET_Broker: Sending Cloudlet #1431 to Vm #15
0.01: MET_Broker: Sending Cloudlet #1432 to Vm #15
0.01: MET_Broker: Sending Cloudlet #1433 to Vm #15
0.01: MET_Broker: Sending Cloudlet #1434 to Vm #15
0.01: MET_Broker: Sending Cloudlet #1435 to Vm #15
0.01: MET_Broker: Sending Cloudlet #1436 to Vm #15
0.01: MET_Broker: Sending Cloudlet #1437 to Vm #15
0.01: MET_Broker: Sending Cloudlet #1438 to Vm #15
0.01: MET_Broker: Sending Cloudlet #1439 to Vm #15
0.01: MET_Broker: Sending Cloudlet #1440 to Vm #15
0.01: MET_Broker: Sending Cloudlet #1441 to Vm #15
0.01: MET_Broker: Sending Cloudlet #1442 to Vm #15
0.01: MET_Broker: Sending Cloudlet #1443 to Vm #15
0.01: MET_Broker: Sending Cloudlet #1444 to Vm #15
0.01: MET_Broker: Sending Cloudlet #1445 to Vm #15
0.01: MET_Broker: Sending Cloudlet #1446 to Vm #15
0.01: MET_Broker: Sending Cloudlet #1447 to Vm #15
0.01: MET_Broker: Sending Cloudlet #1448 to Vm #15
0.01: MET_Broker: Sending Cloudlet #1449 to Vm #15
0.01: MET_Broker: Sending Cloudlet #1450 to Vm #15
0.01: MET_Broker: Sending Cloudlet #1451 to Vm #15
0.01: MET_Broker: Sending Cloudlet #1452 to Vm #15
0.01: MET_Broker: Sending Cloudlet #1453 to Vm #15
0.01: MET_Broker: Sending Cloudlet #1454 to Vm #15
0.01: MET_Broker: Sending Cloudlet #1455 to Vm #15
0.01: MET_Broker: Sending Cloudlet #1456 to Vm #15
0.01: MET_Broker: Sending Cloudlet #1457 to Vm #15
0.01: MET_Broker: Sending Cloudlet #1458 to Vm #15
0.01: MET_Broker: Sending Cloudlet #1459 to Vm #15
0.01: MET_Broker: Sending Cloudlet #1460 to Vm #15
0.01: MET_Broker: Sending Cloudlet #1461 to Vm #15
0.01: MET_Broker: Sending Cloudlet #1462 to Vm #15
0.01: MET_Broker: Sending Cloudlet #1463 to Vm #15
0.01: MET_Broker: Sending Cloudlet #1464 to Vm #15
0.01: MET_Broker: Sending Cloudlet #1465 to Vm #15
0.01: MET_Broker: Sending Cloudlet #1466 to Vm #15
0.01: MET_Broker: Sending Cloudlet #1467 to Vm #15
0.01: MET_Broker: Sending Cloudlet #1468 to Vm #15
0.01: MET_Broker: Sending Cloudlet #1469 to Vm #15
0.01: MET_Broker: Sending Cloudlet #1470 to Vm #15
0.01: MET_Broker: Sending Cloudlet #1471 to Vm #15
0.01: MET_Broker: Sending Cloudlet #1472 to Vm #15
0.01: MET_Broker: Sending Cloudlet #1473 to Vm #15
0.01: MET_Broker: Sending Cloudlet #1474 to Vm #15
0.01: MET_Broker: Sending Cloudlet #1475 to Vm #15
0.01: MET_Broker: Sending Cloudlet #1476 to Vm #15
0.01: MET_Broker: Sending Cloudlet #1477 to Vm #15
0.01: MET_Broker: Sending Cloudlet #1478 to Vm #15
0.01: MET_Broker: Sending Cloudlet #1479 to Vm #15
0.01: MET_Broker: Sending Cloudlet #1480 to Vm #15
0.01: MET_Broker: Sending Cloudlet #1481 to Vm #15
0.01: MET_Broker: Sending Cloudlet #1482 to Vm #15
0.01: MET_Broker: Sending Cloudlet #1483 to Vm #15
0.01: MET_Broker: Sending Cloudlet #1484 to Vm #15
0.01: MET_Broker: Sending Cloudlet #1485 to Vm #15
0.01: MET_Broker: Sending Cloudlet #1486 to Vm #15
0.01: MET_Broker: Sending Cloudlet #1487 to Vm #15
0.01: MET_Broker: Sending Cloudlet #1488 to Vm #15
0.01: MET_Broker: Sending Cloudlet #1489 to Vm #15
0.01: MET_Broker: Sending Cloudlet #1490 to Vm #15
0.01: MET_Broker: Sending Cloudlet #1491 to Vm #15
0.01: MET_Broker: Sending Cloudlet #1492 to Vm #15
0.01: MET_Broker: Sending Cloudlet #1493 to Vm #15
0.01: MET_Broker: Sending Cloudlet #1494 to Vm #15
0.01: MET_Broker: Sending Cloudlet #1495 to Vm #15
0.01: MET_Broker: Sending Cloudlet #1496 to Vm #15
0.01: MET_Broker: Sending Cloudlet #1497 to Vm #15
0.01: MET_Broker: Sending Cloudlet #1498 to Vm #15
0.01: MET_Broker: Sending Cloudlet #1499 to Vm #15
0.01: MET_Broker: Sending Cloudlet #1500 to Vm #15
0.01: MET_Broker: Sending Cloudlet #1501 to Vm #15
0.01: MET_Broker: Sending Cloudlet #1502 to Vm #15
0.01: MET_Broker: Sending Cloudlet #1503 to Vm #15
0.01: MET_Broker: Sending Cloudlet #1504 to Vm #15
0.01: MET_Broker: Sending Cloudlet #1505 to Vm #15
0.01: MET_Broker: Sending Cloudlet #1506 to Vm #15
0.01: MET_Broker: Sending Cloudlet #1507 to Vm #15
0.01: MET_Broker: Sending Cloudlet #1508 to Vm #15
0.01: MET_Broker: Sending Cloudlet #1509 to Vm #15
0.01: MET_Broker: Sending Cloudlet #1510 to Vm #15
0.01: MET_Broker: Sending Cloudlet #1511 to Vm #15
0.01: MET_Broker: Sending Cloudlet #1512 to Vm #15
0.01: MET_Broker: Sending Cloudlet #1513 to Vm #15
0.01: MET_Broker: Sending Cloudlet #1514 to Vm #15
0.01: MET_Broker: Sending Cloudlet #1515 to Vm #15
0.01: MET_Broker: Sending Cloudlet #1516 to Vm #15
0.01: MET_Broker: Sending Cloudlet #1517 to Vm #15
0.01: MET_Broker: Sending Cloudlet #1518 to Vm #15
0.01: MET_Broker: Sending Cloudlet #1519 to Vm #15
0.01: MET_Broker: Sending Cloudlet #1520 to Vm #15
0.01: MET_Broker: Sending Cloudlet #1521 to Vm #15
0.01: MET_Broker: Sending Cloudlet #1522 to Vm #15
0.01: MET_Broker: Sending Cloudlet #1523 to Vm #15
0.01: MET_Broker: Sending Cloudlet #1524 to Vm #15
0.01: MET_Broker: Sending Cloudlet #1525 to Vm #15
0.01: MET_Broker: Sending Cloudlet #1526 to Vm #15
0.01: MET_Broker: Sending Cloudlet #1527 to Vm #15
0.01: MET_Broker: Sending Cloudlet #1528 to Vm #15
0.01: MET_Broker: Sending Cloudlet #1529 to Vm #15
0.01: MET_Broker: Sending Cloudlet #1530 to Vm #15
0.01: MET_Broker: Sending Cloudlet #1531 to Vm #15
0.01: MET_Broker: Sending Cloudlet #1532 to Vm #15
0.01: MET_Broker: Sending Cloudlet #1533 to Vm #15
0.01: MET_Broker: Sending Cloudlet #1534 to Vm #15
0.01: MET_Broker: Sending Cloudlet #1535 to Vm #15
0.01: MET_Broker: Sending Cloudlet #1536 to Vm #15
0.01: MET_Broker: Sending Cloudlet #1537 to Vm #15
0.01: MET_Broker: Sending Cloudlet #1538 to Vm #15
0.01: MET_Broker: Sending Cloudlet #1539 to Vm #15
0.01: MET_Broker: Sending Cloudlet #1540 to Vm #15
0.01: MET_Broker: Sending Cloudlet #1541 to Vm #15
0.01: MET_Broker: Sending Cloudlet #1542 to Vm #15
0.01: MET_Broker: Sending Cloudlet #1543 to Vm #15
0.01: MET_Broker: Sending Cloudlet #1544 to Vm #15
0.01: MET_Broker: Sending Cloudlet #1545 to Vm #15
0.01: MET_Broker: Sending Cloudlet #1546 to Vm #15
0.01: MET_Broker: Sending Cloudlet #1547 to Vm #15
0.01: MET_Broker: Sending Cloudlet #1548 to Vm #15
0.01: MET_Broker: Sending Cloudlet #1549 to Vm #15
0.01: MET_Broker: Sending Cloudlet #1550 to Vm #15
0.01: MET_Broker: Sending Cloudlet #1551 to Vm #15
0.01: MET_Broker: Sending Cloudlet #1552 to Vm #15
0.01: MET_Broker: Sending Cloudlet #1553 to Vm #15
0.01: MET_Broker: Sending Cloudlet #1554 to Vm #15
0.01: MET_Broker: Sending Cloudlet #1555 to Vm #15
0.01: MET_Broker: Sending Cloudlet #1556 to Vm #15
0.01: MET_Broker: Sending Cloudlet #1557 to Vm #15
0.01: MET_Broker: Sending Cloudlet #1558 to Vm #15
0.01: MET_Broker: Sending Cloudlet #1559 to Vm #15
0.01: MET_Broker: Sending Cloudlet #1560 to Vm #15
0.01: MET_Broker: Sending Cloudlet #1561 to Vm #15
0.01: MET_Broker: Sending Cloudlet #1562 to Vm #15
0.01: MET_Broker: Sending Cloudlet #1563 to Vm #15
0.01: MET_Broker: Sending Cloudlet #1564 to Vm #15
0.01: MET_Broker: Sending Cloudlet #1565 to Vm #15
0.01: MET_Broker: Sending Cloudlet #1566 to Vm #15
0.01: MET_Broker: Sending Cloudlet #1567 to Vm #15
0.01: MET_Broker: Sending Cloudlet #1568 to Vm #15
0.01: MET_Broker: Sending Cloudlet #1569 to Vm #15
0.01: MET_Broker: Sending Cloudlet #1570 to Vm #15
0.01: MET_Broker: Sending Cloudlet #1571 to Vm #15
0.01: MET_Broker: Sending Cloudlet #1572 to Vm #15
0.01: MET_Broker: Sending Cloudlet #1573 to Vm #15
0.01: MET_Broker: Sending Cloudlet #1574 to Vm #15
0.01: MET_Broker: Sending Cloudlet #1575 to Vm #15
0.01: MET_Broker: Sending Cloudlet #1576 to Vm #15
0.01: MET_Broker: Sending Cloudlet #1577 to Vm #15
0.01: MET_Broker: Sending Cloudlet #1578 to Vm #15
0.01: MET_Broker: Sending Cloudlet #1579 to Vm #15
0.01: MET_Broker: Sending Cloudlet #1580 to Vm #15
0.01: MET_Broker: Sending Cloudlet #1581 to Vm #15
0.01: MET_Broker: Sending Cloudlet #1582 to Vm #15
0.01: MET_Broker: Sending Cloudlet #1583 to Vm #15
0.01: MET_Broker: Sending Cloudlet #1584 to Vm #15
0.01: MET_Broker: Sending Cloudlet #1585 to Vm #15
0.01: MET_Broker: Sending Cloudlet #1586 to Vm #15
0.01: MET_Broker: Sending Cloudlet #1587 to Vm #15
0.01: MET_Broker: Sending Cloudlet #1588 to Vm #15
0.01: MET_Broker: Sending Cloudlet #1589 to Vm #15
0.01: MET_Broker: Sending Cloudlet #1590 to Vm #15
0.01: MET_Broker: Sending Cloudlet #1591 to Vm #15
0.01: MET_Broker: Sending Cloudlet #1592 to Vm #15
0.01: MET_Broker: Sending Cloudlet #1593 to Vm #15
0.01: MET_Broker: Sending Cloudlet #1594 to Vm #15
0.01: MET_Broker: Sending Cloudlet #1595 to Vm #15
0.01: MET_Broker: Sending Cloudlet #1596 to Vm #15
0.01: MET_Broker: Sending Cloudlet #1597 to Vm #15
0.01: MET_Broker: Sending Cloudlet #1598 to Vm #15
0.01: MET_Broker: Sending Cloudlet #1599 to Vm #15
0.01: MET_Broker: Sending Cloudlet #1600 to Vm #15
0.01: MET_Broker: Sending Cloudlet #1601 to Vm #15
0.01: MET_Broker: Sending Cloudlet #1602 to Vm #15
0.01: MET_Broker: Sending Cloudlet #1603 to Vm #15
0.01: MET_Broker: Sending Cloudlet #1604 to Vm #15
0.01: MET_Broker: Sending Cloudlet #1605 to Vm #15
0.01: MET_Broker: Sending Cloudlet #1606 to Vm #15
0.01: MET_Broker: Sending Cloudlet #1607 to Vm #15
0.01: MET_Broker: Sending Cloudlet #1608 to Vm #15
0.01: MET_Broker: Sending Cloudlet #1609 to Vm #15
0.01: MET_Broker: Sending Cloudlet #1610 to Vm #15
0.01: MET_Broker: Sending Cloudlet #1611 to Vm #15
0.01: MET_Broker: Sending Cloudlet #1612 to Vm #15
0.01: MET_Broker: Sending Cloudlet #1613 to Vm #15
0.01: MET_Broker: Sending Cloudlet #1614 to Vm #15
0.01: MET_Broker: Sending Cloudlet #1615 to Vm #15
0.01: MET_Broker: Sending Cloudlet #1616 to Vm #15
0.01: MET_Broker: Sending Cloudlet #1617 to Vm #15
0.01: MET_Broker: Sending Cloudlet #1618 to Vm #15
0.01: MET_Broker: Sending Cloudlet #1619 to Vm #15
0.01: MET_Broker: Sending Cloudlet #1620 to Vm #15
0.01: MET_Broker: Sending Cloudlet #1621 to Vm #15
0.01: MET_Broker: Sending Cloudlet #1622 to Vm #15
0.01: MET_Broker: Sending Cloudlet #1623 to Vm #15
0.01: MET_Broker: Sending Cloudlet #1624 to Vm #15
0.01: MET_Broker: Sending Cloudlet #1625 to Vm #15
0.01: MET_Broker: Sending Cloudlet #1626 to Vm #15
0.01: MET_Broker: Sending Cloudlet #1627 to Vm #15
0.01: MET_Broker: Sending Cloudlet #1628 to Vm #15
0.01: MET_Broker: Sending Cloudlet #1629 to Vm #15
0.01: MET_Broker: Sending Cloudlet #1630 to Vm #15
0.01: MET_Broker: Sending Cloudlet #1631 to Vm #15
0.01: MET_Broker: Sending Cloudlet #1632 to Vm #15
0.01: MET_Broker: Sending Cloudlet #1633 to Vm #15
0.01: MET_Broker: Sending Cloudlet #1634 to Vm #15
0.01: MET_Broker: Sending Cloudlet #1635 to Vm #15
0.01: MET_Broker: Sending Cloudlet #1636 to Vm #15
0.01: MET_Broker: Sending Cloudlet #1637 to Vm #15
0.01: MET_Broker: Sending Cloudlet #1638 to Vm #15
0.01: MET_Broker: Sending Cloudlet #1639 to Vm #15
0.01: MET_Broker: Sending Cloudlet #1640 to Vm #15
0.01: MET_Broker: Sending Cloudlet #1641 to Vm #15
0.01: MET_Broker: Sending Cloudlet #1642 to Vm #15
0.01: MET_Broker: Sending Cloudlet #1643 to Vm #15
0.01: MET_Broker: Sending Cloudlet #1644 to Vm #15
0.01: MET_Broker: Sending Cloudlet #1645 to Vm #15
0.01: MET_Broker: Sending Cloudlet #1646 to Vm #15
0.01: MET_Broker: Sending Cloudlet #1647 to Vm #15
0.01: MET_Broker: Sending Cloudlet #1648 to Vm #15
0.01: MET_Broker: Sending Cloudlet #1649 to Vm #15
0.01: MET_Broker: Sending Cloudlet #1650 to Vm #15
0.01: MET_Broker: Sending Cloudlet #1651 to Vm #15
0.01: MET_Broker: Sending Cloudlet #1652 to Vm #15
0.01: MET_Broker: Sending Cloudlet #1653 to Vm #15
0.01: MET_Broker: Sending Cloudlet #1654 to Vm #15
0.01: MET_Broker: Sending Cloudlet #1655 to Vm #15
0.01: MET_Broker: Sending Cloudlet #1656 to Vm #15
0.01: MET_Broker: Sending Cloudlet #1657 to Vm #15
0.01: MET_Broker: Sending Cloudlet #1658 to Vm #15
0.01: MET_Broker: Sending Cloudlet #1659 to Vm #15
0.01: MET_Broker: Sending Cloudlet #1660 to Vm #15
0.01: MET_Broker: Sending Cloudlet #1661 to Vm #15
0.01: MET_Broker: Sending Cloudlet #1662 to Vm #15
0.01: MET_Broker: Sending Cloudlet #1663 to Vm #15
0.01: MET_Broker: Sending Cloudlet #1664 to Vm #15
0.01: MET_Broker: Sending Cloudlet #1665 to Vm #15
0.01: MET_Broker: Sending Cloudlet #1666 to Vm #15
0.01: MET_Broker: Sending Cloudlet #1667 to Vm #15
0.01: MET_Broker: Sending Cloudlet #1668 to Vm #15
0.01: MET_Broker: Sending Cloudlet #1669 to Vm #15
0.01: MET_Broker: Sending Cloudlet #1670 to Vm #15
0.01: MET_Broker: Sending Cloudlet #1671 to Vm #15
0.01: MET_Broker: Sending Cloudlet #1672 to Vm #15
0.01: MET_Broker: Sending Cloudlet #1673 to Vm #15
0.01: MET_Broker: Sending Cloudlet #1674 to Vm #15
0.01: MET_Broker: Sending Cloudlet #1675 to Vm #15
0.01: MET_Broker: Sending Cloudlet #1676 to Vm #15
0.01: MET_Broker: Sending Cloudlet #1677 to Vm #15
0.01: MET_Broker: Sending Cloudlet #1678 to Vm #15
0.01: MET_Broker: Sending Cloudlet #1679 to Vm #15
0.01: MET_Broker: Sending Cloudlet #1680 to Vm #15
0.01: MET_Broker: Sending Cloudlet #1681 to Vm #15
0.01: MET_Broker: Sending Cloudlet #1682 to Vm #15
0.01: MET_Broker: Sending Cloudlet #1683 to Vm #15
0.01: MET_Broker: Sending Cloudlet #1684 to Vm #15
0.01: MET_Broker: Sending Cloudlet #1685 to Vm #15
0.01: MET_Broker: Sending Cloudlet #1686 to Vm #15
0.01: MET_Broker: Sending Cloudlet #1687 to Vm #15
0.01: MET_Broker: Sending Cloudlet #1688 to Vm #15
0.01: MET_Broker: Sending Cloudlet #1689 to Vm #15
0.01: MET_Broker: Sending Cloudlet #1690 to Vm #15
0.01: MET_Broker: Sending Cloudlet #1691 to Vm #15
0.01: MET_Broker: Sending Cloudlet #1692 to Vm #15
0.01: MET_Broker: Sending Cloudlet #1693 to Vm #15
0.01: MET_Broker: Sending Cloudlet #1694 to Vm #15
0.01: MET_Broker: Sending Cloudlet #1695 to Vm #15
0.01: MET_Broker: Sending Cloudlet #1696 to Vm #15
0.01: MET_Broker: Sending Cloudlet #1697 to Vm #15
0.01: MET_Broker: Sending Cloudlet #1698 to Vm #15
0.01: MET_Broker: Sending Cloudlet #1699 to Vm #15
0.01: MET_Broker: Sending Cloudlet #1700 to Vm #15
0.01: MET_Broker: Sending Cloudlet #1701 to Vm #15
0.01: MET_Broker: Sending Cloudlet #1702 to Vm #15
0.01: MET_Broker: Sending Cloudlet #1703 to Vm #15
0.01: MET_Broker: Sending Cloudlet #1704 to Vm #15
0.01: MET_Broker: Sending Cloudlet #1705 to Vm #15
0.01: MET_Broker: Sending Cloudlet #1706 to Vm #15
0.01: MET_Broker: Sending Cloudlet #1707 to Vm #15
0.01: MET_Broker: Sending Cloudlet #1708 to Vm #15
0.01: MET_Broker: Sending Cloudlet #1709 to Vm #15
0.01: MET_Broker: Sending Cloudlet #1710 to Vm #15
0.01: MET_Broker: Sending Cloudlet #1711 to Vm #15
0.01: MET_Broker: Sending Cloudlet #1712 to Vm #15
0.01: MET_Broker: Sending Cloudlet #1713 to Vm #15
0.01: MET_Broker: Sending Cloudlet #1714 to Vm #15
0.01: MET_Broker: Sending Cloudlet #1715 to Vm #15
0.01: MET_Broker: Sending Cloudlet #1716 to Vm #15
0.01: MET_Broker: Sending Cloudlet #1717 to Vm #15
0.01: MET_Broker: Sending Cloudlet #1718 to Vm #15
0.01: MET_Broker: Sending Cloudlet #1719 to Vm #15
0.01: MET_Broker: Sending Cloudlet #1720 to Vm #15
0.01: MET_Broker: Sending Cloudlet #1721 to Vm #15
0.01: MET_Broker: Sending Cloudlet #1722 to Vm #15
0.01: MET_Broker: Sending Cloudlet #1723 to Vm #15
0.01: MET_Broker: Sending Cloudlet #1724 to Vm #15
0.01: MET_Broker: Sending Cloudlet #1725 to Vm #15
0.01: MET_Broker: Sending Cloudlet #1726 to Vm #15
0.01: MET_Broker: Sending Cloudlet #1727 to Vm #15
0.01: MET_Broker: Sending Cloudlet #1728 to Vm #15
0.01: MET_Broker: Sending Cloudlet #1729 to Vm #15
0.01: MET_Broker: Sending Cloudlet #1730 to Vm #15
0.01: MET_Broker: Sending Cloudlet #1731 to Vm #15
0.01: MET_Broker: Sending Cloudlet #1732 to Vm #15
0.01: MET_Broker: Sending Cloudlet #1733 to Vm #15
0.01: MET_Broker: Sending Cloudlet #1734 to Vm #15
0.01: MET_Broker: Sending Cloudlet #1735 to Vm #15
0.01: MET_Broker: Sending Cloudlet #1736 to Vm #15
0.01: MET_Broker: Sending Cloudlet #1737 to Vm #15
0.01: MET_Broker: Sending Cloudlet #1738 to Vm #15
0.01: MET_Broker: Sending Cloudlet #1739 to Vm #15
0.01: MET_Broker: Sending Cloudlet #1740 to Vm #15
0.01: MET_Broker: Sending Cloudlet #1741 to Vm #15
0.01: MET_Broker: Sending Cloudlet #1742 to Vm #15
0.01: MET_Broker: Sending Cloudlet #1743 to Vm #15
0.01: MET_Broker: Sending Cloudlet #1744 to Vm #15
0.01: MET_Broker: Sending Cloudlet #1745 to Vm #15
0.01: MET_Broker: Sending Cloudlet #1746 to Vm #15
0.01: MET_Broker: Sending Cloudlet #1747 to Vm #15
0.01: MET_Broker: Sending Cloudlet #1748 to Vm #15
0.01: MET_Broker: Sending Cloudlet #1749 to Vm #15
0.01: MET_Broker: Sending Cloudlet #1750 to Vm #15
0.01: MET_Broker: Sending Cloudlet #1751 to Vm #15
0.01: MET_Broker: Sending Cloudlet #1752 to Vm #15
0.01: MET_Broker: Sending Cloudlet #1753 to Vm #15
0.01: MET_Broker: Sending Cloudlet #1754 to Vm #15
0.01: MET_Broker: Sending Cloudlet #1755 to Vm #15
0.01: MET_Broker: Sending Cloudlet #1756 to Vm #15
0.01: MET_Broker: Sending Cloudlet #1757 to Vm #15
0.01: MET_Broker: Sending Cloudlet #1758 to Vm #15
0.01: MET_Broker: Sending Cloudlet #1759 to Vm #15
0.01: MET_Broker: Sending Cloudlet #1760 to Vm #15
0.01: MET_Broker: Sending Cloudlet #1761 to Vm #15
0.01: MET_Broker: Sending Cloudlet #1762 to Vm #15
0.01: MET_Broker: Sending Cloudlet #1763 to Vm #15
0.01: MET_Broker: Sending Cloudlet #1764 to Vm #15
0.01: MET_Broker: Sending Cloudlet #1765 to Vm #15
0.01: MET_Broker: Sending Cloudlet #1766 to Vm #15
0.01: MET_Broker: Sending Cloudlet #1767 to Vm #15
0.01: MET_Broker: Sending Cloudlet #1768 to Vm #15
0.01: MET_Broker: Sending Cloudlet #1769 to Vm #15
0.01: MET_Broker: Sending Cloudlet #1770 to Vm #15
0.01: MET_Broker: Sending Cloudlet #1771 to Vm #15
0.01: MET_Broker: Sending Cloudlet #1772 to Vm #15
0.01: MET_Broker: Sending Cloudlet #1773 to Vm #15
0.01: MET_Broker: Sending Cloudlet #1774 to Vm #15
0.01: MET_Broker: Sending Cloudlet #1775 to Vm #15
0.01: MET_Broker: Sending Cloudlet #1776 to Vm #15
0.01: MET_Broker: Sending Cloudlet #1777 to Vm #15
0.01: MET_Broker: Sending Cloudlet #1778 to Vm #15
0.01: MET_Broker: Sending Cloudlet #1779 to Vm #15
0.01: MET_Broker: Sending Cloudlet #1780 to Vm #15
0.01: MET_Broker: Sending Cloudlet #1781 to Vm #15
0.01: MET_Broker: Sending Cloudlet #1782 to Vm #15
0.01: MET_Broker: Sending Cloudlet #1783 to Vm #15
0.01: MET_Broker: Sending Cloudlet #1784 to Vm #15
0.01: MET_Broker: Sending Cloudlet #1785 to Vm #15
0.01: MET_Broker: Sending Cloudlet #1786 to Vm #15
0.01: MET_Broker: Sending Cloudlet #1787 to Vm #15
0.01: MET_Broker: Sending Cloudlet #1788 to Vm #15
0.01: MET_Broker: Sending Cloudlet #1789 to Vm #15
0.01: MET_Broker: Sending Cloudlet #1790 to Vm #15
0.01: MET_Broker: Sending Cloudlet #1791 to Vm #15
0.01: MET_Broker: Sending Cloudlet #1792 to Vm #15
0.01: MET_Broker: Sending Cloudlet #1793 to Vm #15
0.01: MET_Broker: Sending Cloudlet #1794 to Vm #15
0.01: MET_Broker: Sending Cloudlet #1795 to Vm #15
0.01: MET_Broker: Sending Cloudlet #1796 to Vm #15
0.01: MET_Broker: Sending Cloudlet #1797 to Vm #15
0.01: MET_Broker: Sending Cloudlet #1798 to Vm #15
0.01: MET_Broker: Sending Cloudlet #1799 to Vm #15
0.01: MET_Broker: Sending Cloudlet #1800 to Vm #15
0.01: MET_Broker: Sending Cloudlet #1801 to Vm #15
0.01: MET_Broker: Sending Cloudlet #1802 to Vm #15
0.01: MET_Broker: Sending Cloudlet #1803 to Vm #15
0.01: MET_Broker: Sending Cloudlet #1804 to Vm #15
0.01: MET_Broker: Sending Cloudlet #1805 to Vm #15
0.01: MET_Broker: Sending Cloudlet #1806 to Vm #15
0.01: MET_Broker: Sending Cloudlet #1807 to Vm #15
0.01: MET_Broker: Sending Cloudlet #1808 to Vm #15
0.01: MET_Broker: Sending Cloudlet #1809 to Vm #15
0.01: MET_Broker: Sending Cloudlet #1810 to Vm #15
0.01: MET_Broker: Sending Cloudlet #1811 to Vm #15
0.01: MET_Broker: Sending Cloudlet #1812 to Vm #15
0.01: MET_Broker: Sending Cloudlet #1813 to Vm #15
0.01: MET_Broker: Sending Cloudlet #1814 to Vm #15
0.01: MET_Broker: Sending Cloudlet #1815 to Vm #15
0.01: MET_Broker: Sending Cloudlet #1816 to Vm #15
0.01: MET_Broker: Sending Cloudlet #1817 to Vm #15
0.01: MET_Broker: Sending Cloudlet #1818 to Vm #15
0.01: MET_Broker: Sending Cloudlet #1819 to Vm #15
0.01: MET_Broker: Sending Cloudlet #1820 to Vm #15
0.01: MET_Broker: Sending Cloudlet #1821 to Vm #15
0.01: MET_Broker: Sending Cloudlet #1822 to Vm #15
0.01: MET_Broker: Sending Cloudlet #1823 to Vm #15
0.01: MET_Broker: Sending Cloudlet #1824 to Vm #15
0.01: MET_Broker: Sending Cloudlet #1825 to Vm #15
0.01: MET_Broker: Sending Cloudlet #1826 to Vm #15
0.01: MET_Broker: Sending Cloudlet #1827 to Vm #15
0.01: MET_Broker: Sending Cloudlet #1828 to Vm #15
0.01: MET_Broker: Sending Cloudlet #1829 to Vm #15
0.01: MET_Broker: Sending Cloudlet #1830 to Vm #15
0.01: MET_Broker: Sending Cloudlet #1831 to Vm #15
0.01: MET_Broker: Sending Cloudlet #1832 to Vm #15
0.01: MET_Broker: Sending Cloudlet #1833 to Vm #15
0.01: MET_Broker: Sending Cloudlet #1834 to Vm #15
0.01: MET_Broker: Sending Cloudlet #1835 to Vm #15
0.01: MET_Broker: Sending Cloudlet #1836 to Vm #15
0.01: MET_Broker: Sending Cloudlet #1837 to Vm #15
0.01: MET_Broker: Sending Cloudlet #1838 to Vm #15
0.01: MET_Broker: Sending Cloudlet #1839 to Vm #15
0.01: MET_Broker: Sending Cloudlet #1840 to Vm #15
0.01: MET_Broker: Sending Cloudlet #1841 to Vm #15
0.01: MET_Broker: Sending Cloudlet #1842 to Vm #15
0.01: MET_Broker: Sending Cloudlet #1843 to Vm #15
0.01: MET_Broker: Sending Cloudlet #1844 to Vm #15
0.01: MET_Broker: Sending Cloudlet #1845 to Vm #15
0.01: MET_Broker: Sending Cloudlet #1846 to Vm #15
0.01: MET_Broker: Sending Cloudlet #1847 to Vm #15
0.01: MET_Broker: Sending Cloudlet #1848 to Vm #15
0.01: MET_Broker: Sending Cloudlet #1849 to Vm #15
0.01: MET_Broker: Sending Cloudlet #1850 to Vm #15
0.01: MET_Broker: Sending Cloudlet #1851 to Vm #15
0.01: MET_Broker: Sending Cloudlet #1852 to Vm #15
0.01: MET_Broker: Sending Cloudlet #1853 to Vm #15
0.01: MET_Broker: Sending Cloudlet #1854 to Vm #15
0.01: MET_Broker: Sending Cloudlet #1855 to Vm #15
0.01: MET_Broker: Sending Cloudlet #1856 to Vm #15
0.01: MET_Broker: Sending Cloudlet #1857 to Vm #15
0.01: MET_Broker: Sending Cloudlet #1858 to Vm #15
0.01: MET_Broker: Sending Cloudlet #1859 to Vm #15
0.01: MET_Broker: Sending Cloudlet #1860 to Vm #15
0.01: MET_Broker: Sending Cloudlet #1861 to Vm #15
0.01: MET_Broker: Sending Cloudlet #1862 to Vm #15
0.01: MET_Broker: Sending Cloudlet #1863 to Vm #15
0.01: MET_Broker: Sending Cloudlet #1864 to Vm #15
0.01: MET_Broker: Sending Cloudlet #1865 to Vm #15
0.01: MET_Broker: Sending Cloudlet #1866 to Vm #15
0.01: MET_Broker: Sending Cloudlet #1867 to Vm #15
0.01: MET_Broker: Sending Cloudlet #1868 to Vm #15
0.01: MET_Broker: Sending Cloudlet #1869 to Vm #15
0.01: MET_Broker: Sending Cloudlet #1870 to Vm #15
0.01: MET_Broker: Sending Cloudlet #1871 to Vm #15
0.01: MET_Broker: Sending Cloudlet #1872 to Vm #15
0.01: MET_Broker: Sending Cloudlet #1873 to Vm #15
0.01: MET_Broker: Sending Cloudlet #1874 to Vm #15
0.01: MET_Broker: Sending Cloudlet #1875 to Vm #15
0.01: MET_Broker: Sending Cloudlet #1876 to Vm #15
0.01: MET_Broker: Sending Cloudlet #1877 to Vm #15
0.01: MET_Broker: Sending Cloudlet #1878 to Vm #15
0.01: MET_Broker: Sending Cloudlet #1879 to Vm #15
0.01: MET_Broker: Sending Cloudlet #1880 to Vm #15
0.01: MET_Broker: Sending Cloudlet #1881 to Vm #15
0.01: MET_Broker: Sending Cloudlet #1882 to Vm #15
0.01: MET_Broker: Sending Cloudlet #1883 to Vm #15
0.01: MET_Broker: Sending Cloudlet #1884 to Vm #15
0.01: MET_Broker: Sending Cloudlet #1885 to Vm #15
0.01: MET_Broker: Sending Cloudlet #1886 to Vm #15
0.01: MET_Broker: Sending Cloudlet #1887 to Vm #15
0.01: MET_Broker: Sending Cloudlet #1888 to Vm #15
0.01: MET_Broker: Sending Cloudlet #1889 to Vm #15
0.01: MET_Broker: Sending Cloudlet #1890 to Vm #15
0.01: MET_Broker: Sending Cloudlet #1891 to Vm #15
0.01: MET_Broker: Sending Cloudlet #1892 to Vm #15
0.01: MET_Broker: Sending Cloudlet #1893 to Vm #15
0.01: MET_Broker: Sending Cloudlet #1894 to Vm #15
0.01: MET_Broker: Sending Cloudlet #1895 to Vm #15
0.01: MET_Broker: Sending Cloudlet #1896 to Vm #15
0.01: MET_Broker: Sending Cloudlet #1897 to Vm #15
0.01: MET_Broker: Sending Cloudlet #1898 to Vm #15
0.01: MET_Broker: Sending Cloudlet #1899 to Vm #15
0.01: MET_Broker: Sending Cloudlet #1900 to Vm #15
0.01: MET_Broker: Sending Cloudlet #1901 to Vm #15
0.01: MET_Broker: Sending Cloudlet #1902 to Vm #15
0.01: MET_Broker: Sending Cloudlet #1903 to Vm #15
0.01: MET_Broker: Sending Cloudlet #1904 to Vm #15
0.01: MET_Broker: Sending Cloudlet #1905 to Vm #15
0.01: MET_Broker: Sending Cloudlet #1906 to Vm #15
0.01: MET_Broker: Sending Cloudlet #1907 to Vm #15
0.01: MET_Broker: Sending Cloudlet #1908 to Vm #15
0.01: MET_Broker: Sending Cloudlet #1909 to Vm #15
0.01: MET_Broker: Sending Cloudlet #1910 to Vm #15
0.01: MET_Broker: Sending Cloudlet #1911 to Vm #15
0.01: MET_Broker: Sending Cloudlet #1912 to Vm #15
0.01: MET_Broker: Sending Cloudlet #1913 to Vm #15
0.01: MET_Broker: Sending Cloudlet #1914 to Vm #15
0.01: MET_Broker: Sending Cloudlet #1915 to Vm #15
0.01: MET_Broker: Sending Cloudlet #1916 to Vm #15
0.01: MET_Broker: Sending Cloudlet #1917 to Vm #15
0.01: MET_Broker: Sending Cloudlet #1918 to Vm #15
0.01: MET_Broker: Sending Cloudlet #1919 to Vm #15
0.01: MET_Broker: Sending Cloudlet #1920 to Vm #15
0.01: MET_Broker: Sending Cloudlet #1921 to Vm #15
0.01: MET_Broker: Sending Cloudlet #1922 to Vm #15
0.01: MET_Broker: Sending Cloudlet #1923 to Vm #15
0.01: MET_Broker: Sending Cloudlet #1924 to Vm #15
0.01: MET_Broker: Sending Cloudlet #1925 to Vm #15
0.01: MET_Broker: Sending Cloudlet #1926 to Vm #15
0.01: MET_Broker: Sending Cloudlet #1927 to Vm #15
0.01: MET_Broker: Sending Cloudlet #1928 to Vm #15
0.01: MET_Broker: Sending Cloudlet #1929 to Vm #15
0.01: MET_Broker: Sending Cloudlet #1930 to Vm #15
0.01: MET_Broker: Sending Cloudlet #1931 to Vm #15
0.01: MET_Broker: Sending Cloudlet #1932 to Vm #15
0.01: MET_Broker: Sending Cloudlet #1933 to Vm #15
0.01: MET_Broker: Sending Cloudlet #1934 to Vm #15
0.01: MET_Broker: Sending Cloudlet #1935 to Vm #15
0.01: MET_Broker: Sending Cloudlet #1936 to Vm #15
0.01: MET_Broker: Sending Cloudlet #1937 to Vm #15
0.01: MET_Broker: Sending Cloudlet #1938 to Vm #15
0.01: MET_Broker: Sending Cloudlet #1939 to Vm #15
0.01: MET_Broker: Sending Cloudlet #1940 to Vm #15
0.01: MET_Broker: Sending Cloudlet #1941 to Vm #15
0.01: MET_Broker: Sending Cloudlet #1942 to Vm #15
0.01: MET_Broker: Sending Cloudlet #1943 to Vm #15
0.01: MET_Broker: Sending Cloudlet #1944 to Vm #15
0.01: MET_Broker: Sending Cloudlet #1945 to Vm #15
0.01: MET_Broker: Sending Cloudlet #1946 to Vm #15
0.01: MET_Broker: Sending Cloudlet #1947 to Vm #15
0.01: MET_Broker: Sending Cloudlet #1948 to Vm #15
0.01: MET_Broker: Sending Cloudlet #1949 to Vm #15
0.01: MET_Broker: Sending Cloudlet #1950 to Vm #15
0.01: MET_Broker: Sending Cloudlet #1951 to Vm #15
0.01: MET_Broker: Sending Cloudlet #1952 to Vm #15
0.01: MET_Broker: Sending Cloudlet #1953 to Vm #15
0.01: MET_Broker: Sending Cloudlet #1954 to Vm #15
0.01: MET_Broker: Sending Cloudlet #1955 to Vm #15
0.01: MET_Broker: Sending Cloudlet #1956 to Vm #15
0.01: MET_Broker: Sending Cloudlet #1957 to Vm #15
0.01: MET_Broker: Sending Cloudlet #1958 to Vm #15
0.01: MET_Broker: Sending Cloudlet #1959 to Vm #15
0.01: MET_Broker: Sending Cloudlet #1960 to Vm #15
0.01: MET_Broker: Sending Cloudlet #1961 to Vm #15
0.01: MET_Broker: Sending Cloudlet #1962 to Vm #15
0.01: MET_Broker: Sending Cloudlet #1963 to Vm #15
0.01: MET_Broker: Sending Cloudlet #1964 to Vm #15
0.01: MET_Broker: Sending Cloudlet #1965 to Vm #15
0.01: MET_Broker: Sending Cloudlet #1966 to Vm #15
0.01: MET_Broker: Sending Cloudlet #1967 to Vm #15
0.01: MET_Broker: Sending Cloudlet #1968 to Vm #15
0.01: MET_Broker: Sending Cloudlet #1969 to Vm #15
0.01: MET_Broker: Sending Cloudlet #1970 to Vm #15
0.01: MET_Broker: Sending Cloudlet #1971 to Vm #15
0.01: MET_Broker: Sending Cloudlet #1972 to Vm #15
0.01: MET_Broker: Sending Cloudlet #1973 to Vm #15
0.01: MET_Broker: Sending Cloudlet #1974 to Vm #15
0.01: MET_Broker: Sending Cloudlet #1975 to Vm #15
0.01: MET_Broker: Sending Cloudlet #1976 to Vm #15
0.01: MET_Broker: Sending Cloudlet #1977 to Vm #15
0.01: MET_Broker: Sending Cloudlet #1978 to Vm #15
0.01: MET_Broker: Sending Cloudlet #1979 to Vm #15
0.01: MET_Broker: Sending Cloudlet #1980 to Vm #15
0.01: MET_Broker: Sending Cloudlet #1981 to Vm #15
0.01: MET_Broker: Sending Cloudlet #1982 to Vm #15
0.01: MET_Broker: Sending Cloudlet #1983 to Vm #15
0.01: MET_Broker: Sending Cloudlet #1984 to Vm #15
0.01: MET_Broker: Sending Cloudlet #1985 to Vm #15
0.01: MET_Broker: Sending Cloudlet #1986 to Vm #15
0.01: MET_Broker: Sending Cloudlet #1987 to Vm #15
0.01: MET_Broker: Sending Cloudlet #1988 to Vm #15
0.01: MET_Broker: Sending Cloudlet #1989 to Vm #15
0.01: MET_Broker: Sending Cloudlet #1990 to Vm #15
0.01: MET_Broker: Sending Cloudlet #1991 to Vm #15
0.01: MET_Broker: Sending Cloudlet #1992 to Vm #15
0.01: MET_Broker: Sending Cloudlet #1993 to Vm #15
0.01: MET_Broker: Sending Cloudlet #1994 to Vm #15
0.01: MET_Broker: Sending Cloudlet #1995 to Vm #15
0.01: MET_Broker: Sending Cloudlet #1996 to Vm #15
0.01: MET_Broker: Sending Cloudlet #1997 to Vm #15
0.01: MET_Broker: Sending Cloudlet #1998 to Vm #15
0.01: MET_Broker: Sending Cloudlet #1999 to Vm #15
0.01: MET_Broker: Sending Cloudlet #2000 to Vm #15
0.01: MET_Broker: Sending Cloudlet #2001 to Vm #15
0.01: MET_Broker: Sending Cloudlet #2002 to Vm #15
0.01: MET_Broker: Sending Cloudlet #2003 to Vm #15
0.01: MET_Broker: Sending Cloudlet #2004 to Vm #15
0.01: MET_Broker: Sending Cloudlet #2005 to Vm #15
0.01: MET_Broker: Sending Cloudlet #2006 to Vm #15
0.01: MET_Broker: Sending Cloudlet #2007 to Vm #15
0.01: MET_Broker: Sending Cloudlet #2008 to Vm #15
0.01: MET_Broker: Sending Cloudlet #2009 to Vm #15
0.01: MET_Broker: Sending Cloudlet #2010 to Vm #15
0.01: MET_Broker: Sending Cloudlet #2011 to Vm #15
0.01: MET_Broker: Sending Cloudlet #2012 to Vm #15
0.01: MET_Broker: Sending Cloudlet #2013 to Vm #15
0.01: MET_Broker: Sending Cloudlet #2014 to Vm #15
0.01: MET_Broker: Sending Cloudlet #2015 to Vm #15
0.01: MET_Broker: Sending Cloudlet #2016 to Vm #15
0.01: MET_Broker: Sending Cloudlet #2017 to Vm #15
0.01: MET_Broker: Sending Cloudlet #2018 to Vm #15
0.01: MET_Broker: Sending Cloudlet #2019 to Vm #15
0.01: MET_Broker: Sending Cloudlet #2020 to Vm #15
0.01: MET_Broker: Sending Cloudlet #2021 to Vm #15
0.01: MET_Broker: Sending Cloudlet #2022 to Vm #15
0.01: MET_Broker: Sending Cloudlet #2023 to Vm #15
0.01: MET_Broker: Sending Cloudlet #2024 to Vm #15
0.01: MET_Broker: Sending Cloudlet #2025 to Vm #15
0.01: MET_Broker: Sending Cloudlet #2026 to Vm #15
0.01: MET_Broker: Sending Cloudlet #2027 to Vm #15
0.01: MET_Broker: Sending Cloudlet #2028 to Vm #15
0.01: MET_Broker: Sending Cloudlet #2029 to Vm #15
0.01: MET_Broker: Sending Cloudlet #2030 to Vm #15
0.01: MET_Broker: Sending Cloudlet #2031 to Vm #15
0.01: MET_Broker: Sending Cloudlet #2032 to Vm #15
0.01: MET_Broker: Sending Cloudlet #2033 to Vm #15
0.01: MET_Broker: Sending Cloudlet #2034 to Vm #15
0.01: MET_Broker: Sending Cloudlet #2035 to Vm #15
0.01: MET_Broker: Sending Cloudlet #2036 to Vm #15
0.01: MET_Broker: Sending Cloudlet #2037 to Vm #15
0.01: MET_Broker: Sending Cloudlet #2038 to Vm #15
0.01: MET_Broker: Sending Cloudlet #2039 to Vm #15
0.01: MET_Broker: Sending Cloudlet #2040 to Vm #15
0.01: MET_Broker: Sending Cloudlet #2041 to Vm #15
0.01: MET_Broker: Sending Cloudlet #2042 to Vm #15
0.01: MET_Broker: Sending Cloudlet #2043 to Vm #15
0.01: MET_Broker: Sending Cloudlet #2044 to Vm #15
0.01: MET_Broker: Sending Cloudlet #2045 to Vm #15
0.01: MET_Broker: Sending Cloudlet #2046 to Vm #15
0.01: MET_Broker: Sending Cloudlet #2047 to Vm #15
0.01: MET_Broker: Sending Cloudlet #2048 to Vm #15
0.01: MET_Broker: Sending Cloudlet #2049 to Vm #15
0.01: MET_Broker: Sending Cloudlet #2050 to Vm #15
0.01: MET_Broker: Sending Cloudlet #2051 to Vm #15
0.01: MET_Broker: Sending Cloudlet #2052 to Vm #15
0.01: MET_Broker: Sending Cloudlet #2053 to Vm #15
0.01: MET_Broker: Sending Cloudlet #2054 to Vm #15
0.01: MET_Broker: Sending Cloudlet #2055 to Vm #15
0.01: MET_Broker: Sending Cloudlet #2056 to Vm #15
0.01: MET_Broker: Sending Cloudlet #2057 to Vm #15
0.01: MET_Broker: Sending Cloudlet #2058 to Vm #15
0.01: MET_Broker: Sending Cloudlet #2059 to Vm #15
0.01: MET_Broker: Sending Cloudlet #2060 to Vm #15
0.01: MET_Broker: Sending Cloudlet #2061 to Vm #15
0.01: MET_Broker: Sending Cloudlet #2062 to Vm #15
0.01: MET_Broker: Sending Cloudlet #2063 to Vm #15
0.01: MET_Broker: Sending Cloudlet #2064 to Vm #15
0.01: MET_Broker: Sending Cloudlet #2065 to Vm #15
0.01: MET_Broker: Sending Cloudlet #2066 to Vm #15
0.01: MET_Broker: Sending Cloudlet #2067 to Vm #15
0.01: MET_Broker: Sending Cloudlet #2068 to Vm #15
0.01: MET_Broker: Sending Cloudlet #2069 to Vm #15
0.01: MET_Broker: Sending Cloudlet #2070 to Vm #15
0.01: MET_Broker: Sending Cloudlet #2071 to Vm #15
0.01: MET_Broker: Sending Cloudlet #2072 to Vm #15
0.01: MET_Broker: Sending Cloudlet #2073 to Vm #15
0.01: MET_Broker: Sending Cloudlet #2074 to Vm #15
0.01: MET_Broker: Sending Cloudlet #2075 to Vm #15
0.01: MET_Broker: Sending Cloudlet #2076 to Vm #15
0.01: MET_Broker: Sending Cloudlet #2077 to Vm #15
0.01: MET_Broker: Sending Cloudlet #2078 to Vm #15
0.01: MET_Broker: Sending Cloudlet #2079 to Vm #15
0.01: MET_Broker: Sending Cloudlet #2080 to Vm #15
0.01: MET_Broker: Sending Cloudlet #2081 to Vm #15
0.01: MET_Broker: Sending Cloudlet #2082 to Vm #15
0.01: MET_Broker: Sending Cloudlet #2083 to Vm #15
0.01: MET_Broker: Sending Cloudlet #2084 to Vm #15
0.01: MET_Broker: Sending Cloudlet #2085 to Vm #15
0.01: MET_Broker: Sending Cloudlet #2086 to Vm #15
0.01: MET_Broker: Sending Cloudlet #2087 to Vm #15
0.01: MET_Broker: Sending Cloudlet #2088 to Vm #15
0.01: MET_Broker: Sending Cloudlet #2089 to Vm #15
0.01: MET_Broker: Sending Cloudlet #2090 to Vm #15
0.01: MET_Broker: Sending Cloudlet #2091 to Vm #15
0.01: MET_Broker: Sending Cloudlet #2092 to Vm #15
0.01: MET_Broker: Sending Cloudlet #2093 to Vm #15
0.01: MET_Broker: Sending Cloudlet #2094 to Vm #15
0.01: MET_Broker: Sending Cloudlet #2095 to Vm #15
0.01: MET_Broker: Sending Cloudlet #2096 to Vm #15
0.01: MET_Broker: Sending Cloudlet #2097 to Vm #15
0.01: MET_Broker: Sending Cloudlet #2098 to Vm #15
0.01: MET_Broker: Sending Cloudlet #2099 to Vm #15
0.01: MET_Broker: Sending Cloudlet #2100 to Vm #15
0.01: MET_Broker: Sending Cloudlet #2101 to Vm #15
0.01: MET_Broker: Sending Cloudlet #2102 to Vm #15
0.01: MET_Broker: Sending Cloudlet #2103 to Vm #15
0.01: MET_Broker: Sending Cloudlet #2104 to Vm #15
0.01: MET_Broker: Sending Cloudlet #2105 to Vm #15
0.01: MET_Broker: Sending Cloudlet #2106 to Vm #15
0.01: MET_Broker: Sending Cloudlet #2107 to Vm #15
0.01: MET_Broker: Sending Cloudlet #2108 to Vm #15
0.01: MET_Broker: Sending Cloudlet #2109 to Vm #15
0.01: MET_Broker: Sending Cloudlet #2110 to Vm #15
0.01: MET_Broker: Sending Cloudlet #2111 to Vm #15
0.01: MET_Broker: Sending Cloudlet #2112 to Vm #15
0.01: MET_Broker: Sending Cloudlet #2113 to Vm #15
0.01: MET_Broker: Sending Cloudlet #2114 to Vm #15
0.01: MET_Broker: Sending Cloudlet #2115 to Vm #15
0.01: MET_Broker: Sending Cloudlet #2116 to Vm #15
0.01: MET_Broker: Sending Cloudlet #2117 to Vm #15
0.01: MET_Broker: Sending Cloudlet #2118 to Vm #15
0.01: MET_Broker: Sending Cloudlet #2119 to Vm #15
0.01: MET_Broker: Sending Cloudlet #2120 to Vm #15
0.01: MET_Broker: Sending Cloudlet #2121 to Vm #15
0.01: MET_Broker: Sending Cloudlet #2122 to Vm #15
0.01: MET_Broker: Sending Cloudlet #2123 to Vm #15
0.01: MET_Broker: Sending Cloudlet #2124 to Vm #15
0.01: MET_Broker: Sending Cloudlet #2125 to Vm #15
0.01: MET_Broker: Sending Cloudlet #2126 to Vm #15
0.01: MET_Broker: Sending Cloudlet #2127 to Vm #15
0.01: MET_Broker: Sending Cloudlet #2128 to Vm #15
0.01: MET_Broker: Sending Cloudlet #2129 to Vm #15
0.01: MET_Broker: Sending Cloudlet #2130 to Vm #15
0.01: MET_Broker: Sending Cloudlet #2131 to Vm #15
0.01: MET_Broker: Sending Cloudlet #2132 to Vm #15
0.01: MET_Broker: Sending Cloudlet #2133 to Vm #15
0.01: MET_Broker: Sending Cloudlet #2134 to Vm #15
0.01: MET_Broker: Sending Cloudlet #2135 to Vm #15
0.01: MET_Broker: Sending Cloudlet #2136 to Vm #15
0.01: MET_Broker: Sending Cloudlet #2137 to Vm #15
0.01: MET_Broker: Sending Cloudlet #2138 to Vm #15
0.01: MET_Broker: Sending Cloudlet #2139 to Vm #15
0.01: MET_Broker: Sending Cloudlet #2140 to Vm #15
0.01: MET_Broker: Sending Cloudlet #2141 to Vm #15
0.01: MET_Broker: Sending Cloudlet #2142 to Vm #15
0.01: MET_Broker: Sending Cloudlet #2143 to Vm #15
0.01: MET_Broker: Sending Cloudlet #2144 to Vm #15
0.01: MET_Broker: Sending Cloudlet #2145 to Vm #15
0.01: MET_Broker: Sending Cloudlet #2146 to Vm #15
0.01: MET_Broker: Sending Cloudlet #2147 to Vm #15
0.01: MET_Broker: Sending Cloudlet #2148 to Vm #15
0.01: MET_Broker: Sending Cloudlet #2149 to Vm #15
0.01: MET_Broker: Sending Cloudlet #2150 to Vm #15
0.01: MET_Broker: Sending Cloudlet #2151 to Vm #15
0.01: MET_Broker: Sending Cloudlet #2152 to Vm #15
0.01: MET_Broker: Sending Cloudlet #2153 to Vm #15
0.01: MET_Broker: Sending Cloudlet #2154 to Vm #15
0.01: MET_Broker: Sending Cloudlet #2155 to Vm #15
0.01: MET_Broker: Sending Cloudlet #2156 to Vm #15
0.01: MET_Broker: Sending Cloudlet #2157 to Vm #15
0.01: MET_Broker: Sending Cloudlet #2158 to Vm #15
0.01: MET_Broker: Sending Cloudlet #2159 to Vm #15
0.01: MET_Broker: Sending Cloudlet #2160 to Vm #15
0.01: MET_Broker: Sending Cloudlet #2161 to Vm #15
0.01: MET_Broker: Sending Cloudlet #2162 to Vm #15
0.01: MET_Broker: Sending Cloudlet #2163 to Vm #15
0.01: MET_Broker: Sending Cloudlet #2164 to Vm #15
0.01: MET_Broker: Sending Cloudlet #2165 to Vm #15
0.01: MET_Broker: Sending Cloudlet #2166 to Vm #15
0.01: MET_Broker: Sending Cloudlet #2167 to Vm #15
0.01: MET_Broker: Sending Cloudlet #2168 to Vm #15
0.01: MET_Broker: Sending Cloudlet #2169 to Vm #15
0.01: MET_Broker: Sending Cloudlet #2170 to Vm #15
0.01: MET_Broker: Sending Cloudlet #2171 to Vm #15
0.01: MET_Broker: Sending Cloudlet #2172 to Vm #15
0.01: MET_Broker: Sending Cloudlet #2173 to Vm #15
0.01: MET_Broker: Sending Cloudlet #2174 to Vm #15
0.01: MET_Broker: Sending Cloudlet #2175 to Vm #15
0.01: MET_Broker: Sending Cloudlet #2176 to Vm #15
0.01: MET_Broker: Sending Cloudlet #2177 to Vm #15
0.01: MET_Broker: Sending Cloudlet #2178 to Vm #15
0.01: MET_Broker: Sending Cloudlet #2179 to Vm #15
0.01: MET_Broker: Sending Cloudlet #2180 to Vm #15
0.01: MET_Broker: Sending Cloudlet #2181 to Vm #15
0.01: MET_Broker: Sending Cloudlet #2182 to Vm #15
0.01: MET_Broker: Sending Cloudlet #2183 to Vm #15
0.01: MET_Broker: Sending Cloudlet #2184 to Vm #15
0.01: MET_Broker: Sending Cloudlet #2185 to Vm #15
0.01: MET_Broker: Sending Cloudlet #2186 to Vm #15
0.01: MET_Broker: Sending Cloudlet #2187 to Vm #15
0.01: MET_Broker: Sending Cloudlet #2188 to Vm #15
0.01: MET_Broker: Sending Cloudlet #2189 to Vm #15
0.01: MET_Broker: Sending Cloudlet #2190 to Vm #15
0.01: MET_Broker: Sending Cloudlet #2191 to Vm #15
0.01: MET_Broker: Sending Cloudlet #2192 to Vm #15
0.01: MET_Broker: Sending Cloudlet #2193 to Vm #15
0.01: MET_Broker: Sending Cloudlet #2194 to Vm #15
0.01: MET_Broker: Sending Cloudlet #2195 to Vm #15
0.01: MET_Broker: Sending Cloudlet #2196 to Vm #15
0.01: MET_Broker: Sending Cloudlet #2197 to Vm #15
0.01: MET_Broker: Sending Cloudlet #2198 to Vm #15
0.01: MET_Broker: Sending Cloudlet #2199 to Vm #15
0.01: MET_Broker: Sending Cloudlet #2200 to Vm #15
0.01: MET_Broker: Sending Cloudlet #2201 to Vm #15
0.01: MET_Broker: Sending Cloudlet #2202 to Vm #15
0.01: MET_Broker: Sending Cloudlet #2203 to Vm #15
0.01: MET_Broker: Sending Cloudlet #2204 to Vm #15
0.01: MET_Broker: Sending Cloudlet #2205 to Vm #15
0.01: MET_Broker: Sending Cloudlet #2206 to Vm #15
0.01: MET_Broker: Sending Cloudlet #2207 to Vm #15
0.01: MET_Broker: Sending Cloudlet #2208 to Vm #15
0.01: MET_Broker: Sending Cloudlet #2209 to Vm #15
0.01: MET_Broker: Sending Cloudlet #2210 to Vm #15
0.01: MET_Broker: Sending Cloudlet #2211 to Vm #15
0.01: MET_Broker: Sending Cloudlet #2212 to Vm #15
0.01: MET_Broker: Sending Cloudlet #2213 to Vm #15
0.01: MET_Broker: Sending Cloudlet #2214 to Vm #15
0.01: MET_Broker: Sending Cloudlet #2215 to Vm #15
0.01: MET_Broker: Sending Cloudlet #2216 to Vm #15
0.01: MET_Broker: Sending Cloudlet #2217 to Vm #15
0.01: MET_Broker: Sending Cloudlet #2218 to Vm #15
0.01: MET_Broker: Sending Cloudlet #2219 to Vm #15
0.01: MET_Broker: Sending Cloudlet #2220 to Vm #15
0.01: MET_Broker: Sending Cloudlet #2221 to Vm #15
0.01: MET_Broker: Sending Cloudlet #2222 to Vm #15
0.01: MET_Broker: Sending Cloudlet #2223 to Vm #15
0.01: MET_Broker: Sending Cloudlet #2224 to Vm #15
0.01: MET_Broker: Sending Cloudlet #2225 to Vm #15
0.01: MET_Broker: Sending Cloudlet #2226 to Vm #15
0.01: MET_Broker: Sending Cloudlet #2227 to Vm #15
0.01: MET_Broker: Sending Cloudlet #2228 to Vm #15
0.01: MET_Broker: Sending Cloudlet #2229 to Vm #15
0.01: MET_Broker: Sending Cloudlet #2230 to Vm #15
0.01: MET_Broker: Sending Cloudlet #2231 to Vm #15
0.01: MET_Broker: Sending Cloudlet #2232 to Vm #15
0.01: MET_Broker: Sending Cloudlet #2233 to Vm #15
0.01: MET_Broker: Sending Cloudlet #2234 to Vm #15
0.01: MET_Broker: Sending Cloudlet #2235 to Vm #15
0.01: MET_Broker: Sending Cloudlet #2236 to Vm #15
0.01: MET_Broker: Sending Cloudlet #2237 to Vm #15
0.01: MET_Broker: Sending Cloudlet #2238 to Vm #15
0.01: MET_Broker: Sending Cloudlet #2239 to Vm #15
0.01: MET_Broker: Sending Cloudlet #2240 to Vm #15
0.01: MET_Broker: Sending Cloudlet #2241 to Vm #15
0.01: MET_Broker: Sending Cloudlet #2242 to Vm #15
0.01: MET_Broker: Sending Cloudlet #2243 to Vm #15
0.01: MET_Broker: Sending Cloudlet #2244 to Vm #15
0.01: MET_Broker: Sending Cloudlet #2245 to Vm #15
0.01: MET_Broker: Sending Cloudlet #2246 to Vm #15
0.01: MET_Broker: Sending Cloudlet #2247 to Vm #15
0.01: MET_Broker: Sending Cloudlet #2248 to Vm #15
0.01: MET_Broker: Sending Cloudlet #2249 to Vm #15
0.01: MET_Broker: Sending Cloudlet #2250 to Vm #15
0.01: MET_Broker: Sending Cloudlet #2251 to Vm #15
0.01: MET_Broker: Sending Cloudlet #2252 to Vm #15
0.01: MET_Broker: Sending Cloudlet #2253 to Vm #15
0.01: MET_Broker: Sending Cloudlet #2254 to Vm #15
0.01: MET_Broker: Sending Cloudlet #2255 to Vm #15
0.01: MET_Broker: Sending Cloudlet #2256 to Vm #15
0.01: MET_Broker: Sending Cloudlet #2257 to Vm #15
0.01: MET_Broker: Sending Cloudlet #2258 to Vm #15
0.01: MET_Broker: Sending Cloudlet #2259 to Vm #15
0.01: MET_Broker: Sending Cloudlet #2260 to Vm #15
0.01: MET_Broker: Sending Cloudlet #2261 to Vm #15
0.01: MET_Broker: Sending Cloudlet #2262 to Vm #15
0.01: MET_Broker: Sending Cloudlet #2263 to Vm #15
0.01: MET_Broker: Sending Cloudlet #2264 to Vm #15
0.01: MET_Broker: Sending Cloudlet #2265 to Vm #15
0.01: MET_Broker: Sending Cloudlet #2266 to Vm #15
0.01: MET_Broker: Sending Cloudlet #2267 to Vm #15
0.01: MET_Broker: Sending Cloudlet #2268 to Vm #15
0.01: MET_Broker: Sending Cloudlet #2269 to Vm #15
0.01: MET_Broker: Sending Cloudlet #2270 to Vm #15
0.01: MET_Broker: Sending Cloudlet #2271 to Vm #15
0.01: MET_Broker: Sending Cloudlet #2272 to Vm #15
0.01: MET_Broker: Sending Cloudlet #2273 to Vm #15
0.01: MET_Broker: Sending Cloudlet #2274 to Vm #15
0.01: MET_Broker: Sending Cloudlet #2275 to Vm #15
0.01: MET_Broker: Sending Cloudlet #2276 to Vm #15
0.01: MET_Broker: Sending Cloudlet #2277 to Vm #15
0.01: MET_Broker: Sending Cloudlet #2278 to Vm #15
0.01: MET_Broker: Sending Cloudlet #2279 to Vm #15
0.01: MET_Broker: Sending Cloudlet #2280 to Vm #15
0.01: MET_Broker: Sending Cloudlet #2281 to Vm #15
0.01: MET_Broker: Sending Cloudlet #2282 to Vm #15
0.01: MET_Broker: Sending Cloudlet #2283 to Vm #15
0.01: MET_Broker: Sending Cloudlet #2284 to Vm #15
0.01: MET_Broker: Sending Cloudlet #2285 to Vm #15
0.01: MET_Broker: Sending Cloudlet #2286 to Vm #15
0.01: MET_Broker: Sending Cloudlet #2287 to Vm #15
0.01: MET_Broker: Sending Cloudlet #2288 to Vm #15
0.01: MET_Broker: Sending Cloudlet #2289 to Vm #15
0.01: MET_Broker: Sending Cloudlet #2290 to Vm #15
0.01: MET_Broker: Sending Cloudlet #2291 to Vm #15
0.01: MET_Broker: Sending Cloudlet #2292 to Vm #15
0.01: MET_Broker: Sending Cloudlet #2293 to Vm #15
0.01: MET_Broker: Sending Cloudlet #2294 to Vm #15
0.01: MET_Broker: Sending Cloudlet #2295 to Vm #15
0.01: MET_Broker: Sending Cloudlet #2296 to Vm #15
0.01: MET_Broker: Sending Cloudlet #2297 to Vm #15
0.01: MET_Broker: Sending Cloudlet #2298 to Vm #15
0.01: MET_Broker: Sending Cloudlet #2299 to Vm #15
0.01: MET_Broker: Sending Cloudlet #2300 to Vm #15
0.01: MET_Broker: Sending Cloudlet #2301 to Vm #15
0.01: MET_Broker: Sending Cloudlet #2302 to Vm #15
0.01: MET_Broker: Sending Cloudlet #2303 to Vm #15
0.01: MET_Broker: Sending Cloudlet #2304 to Vm #15
0.01: MET_Broker: Sending Cloudlet #2305 to Vm #15
0.01: MET_Broker: Sending Cloudlet #2306 to Vm #15
0.01: MET_Broker: Sending Cloudlet #2307 to Vm #15
0.01: MET_Broker: Sending Cloudlet #2308 to Vm #15
0.01: MET_Broker: Sending Cloudlet #2309 to Vm #15
0.01: MET_Broker: Sending Cloudlet #2310 to Vm #15
0.01: MET_Broker: Sending Cloudlet #2311 to Vm #15
0.01: MET_Broker: Sending Cloudlet #2312 to Vm #15
0.01: MET_Broker: Sending Cloudlet #2313 to Vm #15
0.01: MET_Broker: Sending Cloudlet #2314 to Vm #15
0.01: MET_Broker: Sending Cloudlet #2315 to Vm #15
0.01: MET_Broker: Sending Cloudlet #2316 to Vm #15
0.01: MET_Broker: Sending Cloudlet #2317 to Vm #15
0.01: MET_Broker: Sending Cloudlet #2318 to Vm #15
0.01: MET_Broker: Sending Cloudlet #2319 to Vm #15
0.01: MET_Broker: Sending Cloudlet #2320 to Vm #15
0.01: MET_Broker: Sending Cloudlet #2321 to Vm #15
0.01: MET_Broker: Sending Cloudlet #2322 to Vm #15
0.01: MET_Broker: Sending Cloudlet #2323 to Vm #15
0.01: MET_Broker: Sending Cloudlet #2324 to Vm #15
0.01: MET_Broker: Sending Cloudlet #2325 to Vm #15
0.01: MET_Broker: Sending Cloudlet #2326 to Vm #15
0.01: MET_Broker: Sending Cloudlet #2327 to Vm #15
0.01: MET_Broker: Sending Cloudlet #2328 to Vm #15
0.01: MET_Broker: Sending Cloudlet #2329 to Vm #15
0.01: MET_Broker: Sending Cloudlet #2330 to Vm #15
0.01: MET_Broker: Sending Cloudlet #2331 to Vm #15
0.01: MET_Broker: Sending Cloudlet #2332 to Vm #15
0.01: MET_Broker: Sending Cloudlet #2333 to Vm #15
0.01: MET_Broker: Sending Cloudlet #2334 to Vm #15
0.01: MET_Broker: Sending Cloudlet #2335 to Vm #15
0.01: MET_Broker: Sending Cloudlet #2336 to Vm #15
0.01: MET_Broker: Sending Cloudlet #2337 to Vm #15
0.01: MET_Broker: Sending Cloudlet #2338 to Vm #15
0.01: MET_Broker: Sending Cloudlet #2339 to Vm #15
0.01: MET_Broker: Sending Cloudlet #2340 to Vm #15
0.01: MET_Broker: Sending Cloudlet #2341 to Vm #15
0.01: MET_Broker: Sending Cloudlet #2342 to Vm #15
0.01: MET_Broker: Sending Cloudlet #2343 to Vm #15
0.01: MET_Broker: Sending Cloudlet #2344 to Vm #15
0.01: MET_Broker: Sending Cloudlet #2345 to Vm #15
0.01: MET_Broker: Sending Cloudlet #2346 to Vm #15
0.01: MET_Broker: Sending Cloudlet #2347 to Vm #15
0.01: MET_Broker: Sending Cloudlet #2348 to Vm #15
0.01: MET_Broker: Sending Cloudlet #2349 to Vm #15
0.01: MET_Broker: Sending Cloudlet #2350 to Vm #15
0.01: MET_Broker: Sending Cloudlet #2351 to Vm #15
0.01: MET_Broker: Sending Cloudlet #2352 to Vm #15
0.01: MET_Broker: Sending Cloudlet #2353 to Vm #15
0.01: MET_Broker: Sending Cloudlet #2354 to Vm #15
0.01: MET_Broker: Sending Cloudlet #2355 to Vm #15
0.01: MET_Broker: Sending Cloudlet #2356 to Vm #15
0.01: MET_Broker: Sending Cloudlet #2357 to Vm #15
0.01: MET_Broker: Sending Cloudlet #2358 to Vm #15
0.01: MET_Broker: Sending Cloudlet #2359 to Vm #15
0.01: MET_Broker: Sending Cloudlet #2360 to Vm #15
0.01: MET_Broker: Sending Cloudlet #2361 to Vm #15
0.01: MET_Broker: Sending Cloudlet #2362 to Vm #15
0.01: MET_Broker: Sending Cloudlet #2363 to Vm #15
0.01: MET_Broker: Sending Cloudlet #2364 to Vm #15
0.01: MET_Broker: Sending Cloudlet #2365 to Vm #15
0.01: MET_Broker: Sending Cloudlet #2366 to Vm #15
0.01: MET_Broker: Sending Cloudlet #2367 to Vm #15
0.01: MET_Broker: Sending Cloudlet #2368 to Vm #15
0.01: MET_Broker: Sending Cloudlet #2369 to Vm #15
0.01: MET_Broker: Sending Cloudlet #2370 to Vm #15
0.01: MET_Broker: Sending Cloudlet #2371 to Vm #15
0.01: MET_Broker: Sending Cloudlet #2372 to Vm #15
0.01: MET_Broker: Sending Cloudlet #2373 to Vm #15
0.01: MET_Broker: Sending Cloudlet #2374 to Vm #15
0.01: MET_Broker: Sending Cloudlet #2375 to Vm #15
0.01: MET_Broker: Sending Cloudlet #2376 to Vm #15
0.01: MET_Broker: Sending Cloudlet #2377 to Vm #15
0.01: MET_Broker: Sending Cloudlet #2378 to Vm #15
0.01: MET_Broker: Sending Cloudlet #2379 to Vm #15
0.01: MET_Broker: Sending Cloudlet #2380 to Vm #15
0.01: MET_Broker: Sending Cloudlet #2381 to Vm #15
0.01: MET_Broker: Sending Cloudlet #2382 to Vm #15
0.01: MET_Broker: Sending Cloudlet #2383 to Vm #15
0.01: MET_Broker: Sending Cloudlet #2384 to Vm #15
0.01: MET_Broker: Sending Cloudlet #2385 to Vm #15
0.01: MET_Broker: Sending Cloudlet #2386 to Vm #15
0.01: MET_Broker: Sending Cloudlet #2387 to Vm #15
0.01: MET_Broker: Sending Cloudlet #2388 to Vm #15
0.01: MET_Broker: Sending Cloudlet #2389 to Vm #15
0.01: MET_Broker: Sending Cloudlet #2390 to Vm #15
0.01: MET_Broker: Sending Cloudlet #2391 to Vm #15
0.01: MET_Broker: Sending Cloudlet #2392 to Vm #15
0.01: MET_Broker: Sending Cloudlet #2393 to Vm #15
0.01: MET_Broker: Sending Cloudlet #2394 to Vm #15
0.01: MET_Broker: Sending Cloudlet #2395 to Vm #15
0.01: MET_Broker: Sending Cloudlet #2396 to Vm #15
0.01: MET_Broker: Sending Cloudlet #2397 to Vm #15
0.01: MET_Broker: Sending Cloudlet #2398 to Vm #15
0.01: MET_Broker: Sending Cloudlet #2399 to Vm #15
0.01: MET_Broker: Sending Cloudlet #2400 to Vm #15
0.01: MET_Broker: Sending Cloudlet #2401 to Vm #15
0.01: MET_Broker: Sending Cloudlet #2402 to Vm #15
0.01: MET_Broker: Sending Cloudlet #2403 to Vm #15
0.01: MET_Broker: Sending Cloudlet #2404 to Vm #15
0.01: MET_Broker: Sending Cloudlet #2405 to Vm #15
0.01: MET_Broker: Sending Cloudlet #2406 to Vm #15
0.01: MET_Broker: Sending Cloudlet #2407 to Vm #15
0.01: MET_Broker: Sending Cloudlet #2408 to Vm #15
0.01: MET_Broker: Sending Cloudlet #2409 to Vm #15
0.01: MET_Broker: Sending Cloudlet #2410 to Vm #15
0.01: MET_Broker: Sending Cloudlet #2411 to Vm #15
0.01: MET_Broker: Sending Cloudlet #2412 to Vm #15
0.01: MET_Broker: Sending Cloudlet #2413 to Vm #15
0.01: MET_Broker: Sending Cloudlet #2414 to Vm #15
0.01: MET_Broker: Sending Cloudlet #2415 to Vm #15
0.01: MET_Broker: Sending Cloudlet #2416 to Vm #15
0.01: MET_Broker: Sending Cloudlet #2417 to Vm #15
0.01: MET_Broker: Sending Cloudlet #2418 to Vm #15
0.01: MET_Broker: Sending Cloudlet #2419 to Vm #15
0.01: MET_Broker: Sending Cloudlet #2420 to Vm #15
0.01: MET_Broker: Sending Cloudlet #2421 to Vm #15
0.01: MET_Broker: Sending Cloudlet #2422 to Vm #15
0.01: MET_Broker: Sending Cloudlet #2423 to Vm #15
0.01: MET_Broker: Sending Cloudlet #2424 to Vm #15
0.01: MET_Broker: Sending Cloudlet #2425 to Vm #15
0.01: MET_Broker: Sending Cloudlet #2426 to Vm #15
0.01: MET_Broker: Sending Cloudlet #2427 to Vm #15
0.01: MET_Broker: Sending Cloudlet #2428 to Vm #15
0.01: MET_Broker: Sending Cloudlet #2429 to Vm #15
0.01: MET_Broker: Sending Cloudlet #2430 to Vm #15
0.01: MET_Broker: Sending Cloudlet #2431 to Vm #15
0.01: MET_Broker: Sending Cloudlet #2432 to Vm #15
0.01: MET_Broker: Sending Cloudlet #2433 to Vm #15
0.01: MET_Broker: Sending Cloudlet #2434 to Vm #15
0.01: MET_Broker: Sending Cloudlet #2435 to Vm #15
0.01: MET_Broker: Sending Cloudlet #2436 to Vm #15
0.01: MET_Broker: Sending Cloudlet #2437 to Vm #15
0.01: MET_Broker: Sending Cloudlet #2438 to Vm #15
0.01: MET_Broker: Sending Cloudlet #2439 to Vm #15
0.01: MET_Broker: Sending Cloudlet #2440 to Vm #15
0.01: MET_Broker: Sending Cloudlet #2441 to Vm #15
0.01: MET_Broker: Sending Cloudlet #2442 to Vm #15
0.01: MET_Broker: Sending Cloudlet #2443 to Vm #15
0.01: MET_Broker: Sending Cloudlet #2444 to Vm #15
0.01: MET_Broker: Sending Cloudlet #2445 to Vm #15
0.01: MET_Broker: Sending Cloudlet #2446 to Vm #15
0.01: MET_Broker: Sending Cloudlet #2447 to Vm #15
0.01: MET_Broker: Sending Cloudlet #2448 to Vm #15
0.01: MET_Broker: Sending Cloudlet #2449 to Vm #15
0.01: MET_Broker: Sending Cloudlet #2450 to Vm #15
0.01: MET_Broker: Sending Cloudlet #2451 to Vm #15
0.01: MET_Broker: Sending Cloudlet #2452 to Vm #15
0.01: MET_Broker: Sending Cloudlet #2453 to Vm #15
0.01: MET_Broker: Sending Cloudlet #2454 to Vm #15
0.01: MET_Broker: Sending Cloudlet #2455 to Vm #15
0.01: MET_Broker: Sending Cloudlet #2456 to Vm #15
0.01: MET_Broker: Sending Cloudlet #2457 to Vm #15
0.01: MET_Broker: Sending Cloudlet #2458 to Vm #15
0.01: MET_Broker: Sending Cloudlet #2459 to Vm #15
0.01: MET_Broker: Sending Cloudlet #2460 to Vm #15
0.01: MET_Broker: Sending Cloudlet #2461 to Vm #15
0.01: MET_Broker: Sending Cloudlet #2462 to Vm #15
0.01: MET_Broker: Sending Cloudlet #2463 to Vm #15
0.01: MET_Broker: Sending Cloudlet #2464 to Vm #15
0.01: MET_Broker: Sending Cloudlet #2465 to Vm #15
0.01: MET_Broker: Sending Cloudlet #2466 to Vm #15
0.01: MET_Broker: Sending Cloudlet #2467 to Vm #15
0.01: MET_Broker: Sending Cloudlet #2468 to Vm #15
0.01: MET_Broker: Sending Cloudlet #2469 to Vm #15
0.01: MET_Broker: Sending Cloudlet #2470 to Vm #15
0.01: MET_Broker: Sending Cloudlet #2471 to Vm #15
0.01: MET_Broker: Sending Cloudlet #2472 to Vm #15
0.01: MET_Broker: Sending Cloudlet #2473 to Vm #15
0.01: MET_Broker: Sending Cloudlet #2474 to Vm #15
0.01: MET_Broker: Sending Cloudlet #2475 to Vm #15
0.01: MET_Broker: Sending Cloudlet #2476 to Vm #15
0.01: MET_Broker: Sending Cloudlet #2477 to Vm #15
0.01: MET_Broker: Sending Cloudlet #2478 to Vm #15
0.01: MET_Broker: Sending Cloudlet #2479 to Vm #15
0.01: MET_Broker: Sending Cloudlet #2480 to Vm #15
0.01: MET_Broker: Sending Cloudlet #2481 to Vm #15
0.01: MET_Broker: Sending Cloudlet #2482 to Vm #15
0.01: MET_Broker: Sending Cloudlet #2483 to Vm #15
0.01: MET_Broker: Sending Cloudlet #2484 to Vm #15
0.01: MET_Broker: Sending Cloudlet #2485 to Vm #15
0.01: MET_Broker: Sending Cloudlet #2486 to Vm #15
0.01: MET_Broker: Sending Cloudlet #2487 to Vm #15
0.01: MET_Broker: Sending Cloudlet #2488 to Vm #15
0.01: MET_Broker: Sending Cloudlet #2489 to Vm #15
0.01: MET_Broker: Sending Cloudlet #2490 to Vm #15
0.01: MET_Broker: Sending Cloudlet #2491 to Vm #15
0.01: MET_Broker: Sending Cloudlet #2492 to Vm #15
0.01: MET_Broker: Sending Cloudlet #2493 to Vm #15
0.01: MET_Broker: Sending Cloudlet #2494 to Vm #15
0.01: MET_Broker: Sending Cloudlet #2495 to Vm #15
0.01: MET_Broker: Sending Cloudlet #2496 to Vm #15
0.01: MET_Broker: Sending Cloudlet #2497 to Vm #15
0.01: MET_Broker: Sending Cloudlet #2498 to Vm #15
0.01: MET_Broker: Sending Cloudlet #2499 to Vm #15
0.01: MET_Broker: Sending Cloudlet #2500 to Vm #15
0.01: MET_Broker: Sending Cloudlet #2501 to Vm #15
0.01: MET_Broker: Sending Cloudlet #2502 to Vm #15
0.01: MET_Broker: Sending Cloudlet #2503 to Vm #15
0.01: MET_Broker: Sending Cloudlet #2504 to Vm #15
0.01: MET_Broker: Sending Cloudlet #2505 to Vm #15
0.01: MET_Broker: Sending Cloudlet #2506 to Vm #15
0.01: MET_Broker: Sending Cloudlet #2507 to Vm #15
0.01: MET_Broker: Sending Cloudlet #2508 to Vm #15
0.01: MET_Broker: Sending Cloudlet #2509 to Vm #15
0.01: MET_Broker: Sending Cloudlet #2510 to Vm #15
0.01: MET_Broker: Sending Cloudlet #2511 to Vm #15
0.01: MET_Broker: Sending Cloudlet #2512 to Vm #15
0.01: MET_Broker: Sending Cloudlet #2513 to Vm #15
0.01: MET_Broker: Sending Cloudlet #2514 to Vm #15
0.01: MET_Broker: Sending Cloudlet #2515 to Vm #15
0.01: MET_Broker: Sending Cloudlet #2516 to Vm #15
0.01: MET_Broker: Sending Cloudlet #2517 to Vm #15
0.01: MET_Broker: Sending Cloudlet #2518 to Vm #15
0.01: MET_Broker: Sending Cloudlet #2519 to Vm #15
0.01: MET_Broker: Sending Cloudlet #2520 to Vm #15
0.01: MET_Broker: Sending Cloudlet #2521 to Vm #15
0.01: MET_Broker: Sending Cloudlet #2522 to Vm #15
0.01: MET_Broker: Sending Cloudlet #2523 to Vm #15
0.01: MET_Broker: Sending Cloudlet #2524 to Vm #15
0.01: MET_Broker: Sending Cloudlet #2525 to Vm #15
0.01: MET_Broker: Sending Cloudlet #2526 to Vm #15
0.01: MET_Broker: Sending Cloudlet #2527 to Vm #15
0.01: MET_Broker: Sending Cloudlet #2528 to Vm #15
0.01: MET_Broker: Sending Cloudlet #2529 to Vm #15
0.01: MET_Broker: Sending Cloudlet #2530 to Vm #15
0.01: MET_Broker: Sending Cloudlet #2531 to Vm #15
0.01: MET_Broker: Sending Cloudlet #2532 to Vm #15
0.01: MET_Broker: Sending Cloudlet #2533 to Vm #15
0.01: MET_Broker: Sending Cloudlet #2534 to Vm #15
0.01: MET_Broker: Sending Cloudlet #2535 to Vm #15
0.01: MET_Broker: Sending Cloudlet #2536 to Vm #15
0.01: MET_Broker: Sending Cloudlet #2537 to Vm #15
0.01: MET_Broker: Sending Cloudlet #2538 to Vm #15
0.01: MET_Broker: Sending Cloudlet #2539 to Vm #15
0.01: MET_Broker: Sending Cloudlet #2540 to Vm #15
0.01: MET_Broker: Sending Cloudlet #2541 to Vm #15
0.01: MET_Broker: Sending Cloudlet #2542 to Vm #15
0.01: MET_Broker: Sending Cloudlet #2543 to Vm #15
0.01: MET_Broker: Sending Cloudlet #2544 to Vm #15
0.01: MET_Broker: Sending Cloudlet #2545 to Vm #15
0.01: MET_Broker: Sending Cloudlet #2546 to Vm #15
0.01: MET_Broker: Sending Cloudlet #2547 to Vm #15
0.01: MET_Broker: Sending Cloudlet #2548 to Vm #15
0.01: MET_Broker: Sending Cloudlet #2549 to Vm #15
0.01: MET_Broker: Sending Cloudlet #2550 to Vm #15
0.01: MET_Broker: Sending Cloudlet #2551 to Vm #15
0.01: MET_Broker: Sending Cloudlet #2552 to Vm #15
0.01: MET_Broker: Sending Cloudlet #2553 to Vm #15
0.01: MET_Broker: Sending Cloudlet #2554 to Vm #15
0.01: MET_Broker: Sending Cloudlet #2555 to Vm #15
0.01: MET_Broker: Sending Cloudlet #2556 to Vm #15
0.01: MET_Broker: Sending Cloudlet #2557 to Vm #15
0.01: MET_Broker: Sending Cloudlet #2558 to Vm #15
0.01: MET_Broker: Sending Cloudlet #2559 to Vm #15
0.01: MET_Broker: Sending Cloudlet #2560 to Vm #15
0.01: MET_Broker: Sending Cloudlet #2561 to Vm #15
0.01: MET_Broker: Sending Cloudlet #2562 to Vm #15
0.01: MET_Broker: Sending Cloudlet #2563 to Vm #15
0.01: MET_Broker: Sending Cloudlet #2564 to Vm #15
0.01: MET_Broker: Sending Cloudlet #2565 to Vm #15
0.01: MET_Broker: Sending Cloudlet #2566 to Vm #15
0.01: MET_Broker: Sending Cloudlet #2567 to Vm #15
0.01: MET_Broker: Sending Cloudlet #2568 to Vm #15
0.01: MET_Broker: Sending Cloudlet #2569 to Vm #15
0.01: MET_Broker: Sending Cloudlet #2570 to Vm #15
0.01: MET_Broker: Sending Cloudlet #2571 to Vm #15
0.01: MET_Broker: Sending Cloudlet #2572 to Vm #15
0.01: MET_Broker: Sending Cloudlet #2573 to Vm #15
0.01: MET_Broker: Sending Cloudlet #2574 to Vm #15
0.01: MET_Broker: Sending Cloudlet #2575 to Vm #15
0.01: MET_Broker: Sending Cloudlet #2576 to Vm #15
0.01: MET_Broker: Sending Cloudlet #2577 to Vm #15
0.01: MET_Broker: Sending Cloudlet #2578 to Vm #15
0.01: MET_Broker: Sending Cloudlet #2579 to Vm #15
0.01: MET_Broker: Sending Cloudlet #2580 to Vm #15
0.01: MET_Broker: Sending Cloudlet #2581 to Vm #15
0.01: MET_Broker: Sending Cloudlet #2582 to Vm #15
0.01: MET_Broker: Sending Cloudlet #2583 to Vm #15
0.01: MET_Broker: Sending Cloudlet #2584 to Vm #15
0.01: MET_Broker: Sending Cloudlet #2585 to Vm #15
0.01: MET_Broker: Sending Cloudlet #2586 to Vm #15
0.01: MET_Broker: Sending Cloudlet #2587 to Vm #15
0.01: MET_Broker: Sending Cloudlet #2588 to Vm #15
0.01: MET_Broker: Sending Cloudlet #2589 to Vm #15
0.01: MET_Broker: Sending Cloudlet #2590 to Vm #15
0.01: MET_Broker: Sending Cloudlet #2591 to Vm #15
0.01: MET_Broker: Sending Cloudlet #2592 to Vm #15
0.01: MET_Broker: Sending Cloudlet #2593 to Vm #15
0.01: MET_Broker: Sending Cloudlet #2594 to Vm #15
0.01: MET_Broker: Sending Cloudlet #2595 to Vm #15
0.01: MET_Broker: Sending Cloudlet #2596 to Vm #15
0.01: MET_Broker: Sending Cloudlet #2597 to Vm #15
0.01: MET_Broker: Sending Cloudlet #2598 to Vm #15
0.01: MET_Broker: Sending Cloudlet #2599 to Vm #15
0.01: MET_Broker: Sending Cloudlet #2600 to Vm #15
0.01: MET_Broker: Sending Cloudlet #2601 to Vm #15
0.01: MET_Broker: Sending Cloudlet #2602 to Vm #15
0.01: MET_Broker: Sending Cloudlet #2603 to Vm #15
0.01: MET_Broker: Sending Cloudlet #2604 to Vm #15
0.01: MET_Broker: Sending Cloudlet #2605 to Vm #15
0.01: MET_Broker: Sending Cloudlet #2606 to Vm #15
0.01: MET_Broker: Sending Cloudlet #2607 to Vm #15
0.01: MET_Broker: Sending Cloudlet #2608 to Vm #15
0.01: MET_Broker: Sending Cloudlet #2609 to Vm #15
0.01: MET_Broker: Sending Cloudlet #2610 to Vm #15
0.01: MET_Broker: Sending Cloudlet #2611 to Vm #15
0.01: MET_Broker: Sending Cloudlet #2612 to Vm #15
0.01: MET_Broker: Sending Cloudlet #2613 to Vm #15
0.01: MET_Broker: Sending Cloudlet #2614 to Vm #15
0.01: MET_Broker: Sending Cloudlet #2615 to Vm #15
0.01: MET_Broker: Sending Cloudlet #2616 to Vm #15
0.01: MET_Broker: Sending Cloudlet #2617 to Vm #15
0.01: MET_Broker: Sending Cloudlet #2618 to Vm #15
0.01: MET_Broker: Sending Cloudlet #2619 to Vm #15
0.01: MET_Broker: Sending Cloudlet #2620 to Vm #15
0.01: MET_Broker: Sending Cloudlet #2621 to Vm #15
0.01: MET_Broker: Sending Cloudlet #2622 to Vm #15
0.01: MET_Broker: Sending Cloudlet #2623 to Vm #15
0.01: MET_Broker: Sending Cloudlet #2624 to Vm #15
0.01: MET_Broker: Sending Cloudlet #2625 to Vm #15
0.01: MET_Broker: Sending Cloudlet #2626 to Vm #15
0.01: MET_Broker: Sending Cloudlet #2627 to Vm #15
0.01: MET_Broker: Sending Cloudlet #2628 to Vm #15
0.01: MET_Broker: Sending Cloudlet #2629 to Vm #15
0.01: MET_Broker: Sending Cloudlet #2630 to Vm #15
0.01: MET_Broker: Sending Cloudlet #2631 to Vm #15
0.01: MET_Broker: Sending Cloudlet #2632 to Vm #15
0.01: MET_Broker: Sending Cloudlet #2633 to Vm #15
0.01: MET_Broker: Sending Cloudlet #2634 to Vm #15
0.01: MET_Broker: Sending Cloudlet #2635 to Vm #15
0.01: MET_Broker: Sending Cloudlet #2636 to Vm #15
0.01: MET_Broker: Sending Cloudlet #2637 to Vm #15
0.01: MET_Broker: Sending Cloudlet #2638 to Vm #15
0.01: MET_Broker: Sending Cloudlet #2639 to Vm #15
0.01: MET_Broker: Sending Cloudlet #2640 to Vm #15
0.01: MET_Broker: Sending Cloudlet #2641 to Vm #15
0.01: MET_Broker: Sending Cloudlet #2642 to Vm #15
0.01: MET_Broker: Sending Cloudlet #2643 to Vm #15
0.01: MET_Broker: Sending Cloudlet #2644 to Vm #15
0.01: MET_Broker: Sending Cloudlet #2645 to Vm #15
0.01: MET_Broker: Sending Cloudlet #2646 to Vm #15
0.01: MET_Broker: Sending Cloudlet #2647 to Vm #15
0.01: MET_Broker: Sending Cloudlet #2648 to Vm #15
0.01: MET_Broker: Sending Cloudlet #2649 to Vm #15
0.01: MET_Broker: Sending Cloudlet #2650 to Vm #15
0.01: MET_Broker: Sending Cloudlet #2651 to Vm #15
0.01: MET_Broker: Sending Cloudlet #2652 to Vm #15
0.01: MET_Broker: Sending Cloudlet #2653 to Vm #15
0.01: MET_Broker: Sending Cloudlet #2654 to Vm #15
0.01: MET_Broker: Sending Cloudlet #2655 to Vm #15
0.01: MET_Broker: Sending Cloudlet #2656 to Vm #15
0.01: MET_Broker: Sending Cloudlet #2657 to Vm #15
0.01: MET_Broker: Sending Cloudlet #2658 to Vm #15
0.01: MET_Broker: Sending Cloudlet #2659 to Vm #15
0.01: MET_Broker: Sending Cloudlet #2660 to Vm #15
0.01: MET_Broker: Sending Cloudlet #2661 to Vm #15
0.01: MET_Broker: Sending Cloudlet #2662 to Vm #15
0.01: MET_Broker: Sending Cloudlet #2663 to Vm #15
0.01: MET_Broker: Sending Cloudlet #2664 to Vm #15
0.01: MET_Broker: Sending Cloudlet #2665 to Vm #15
0.01: MET_Broker: Sending Cloudlet #2666 to Vm #15
0.01: MET_Broker: Sending Cloudlet #2667 to Vm #15
0.01: MET_Broker: Sending Cloudlet #2668 to Vm #15
0.01: MET_Broker: Sending Cloudlet #2669 to Vm #15
0.01: MET_Broker: Sending Cloudlet #2670 to Vm #15
0.01: MET_Broker: Sending Cloudlet #2671 to Vm #15
0.01: MET_Broker: Sending Cloudlet #2672 to Vm #15
0.01: MET_Broker: Sending Cloudlet #2673 to Vm #15
0.01: MET_Broker: Sending Cloudlet #2674 to Vm #15
0.01: MET_Broker: Sending Cloudlet #2675 to Vm #15
0.01: MET_Broker: Sending Cloudlet #2676 to Vm #15
0.01: MET_Broker: Sending Cloudlet #2677 to Vm #15
0.01: MET_Broker: Sending Cloudlet #2678 to Vm #15
0.01: MET_Broker: Sending Cloudlet #2679 to Vm #15
0.01: MET_Broker: Sending Cloudlet #2680 to Vm #15
0.01: MET_Broker: Sending Cloudlet #2681 to Vm #15
0.01: MET_Broker: Sending Cloudlet #2682 to Vm #15
0.01: MET_Broker: Sending Cloudlet #2683 to Vm #15
0.01: MET_Broker: Sending Cloudlet #2684 to Vm #15
0.01: MET_Broker: Sending Cloudlet #2685 to Vm #15
0.01: MET_Broker: Sending Cloudlet #2686 to Vm #15
0.01: MET_Broker: Sending Cloudlet #2687 to Vm #15
0.01: MET_Broker: Sending Cloudlet #2688 to Vm #15
0.01: MET_Broker: Sending Cloudlet #2689 to Vm #15
0.01: MET_Broker: Sending Cloudlet #2690 to Vm #15
0.01: MET_Broker: Sending Cloudlet #2691 to Vm #15
0.01: MET_Broker: Sending Cloudlet #2692 to Vm #15
0.01: MET_Broker: Sending Cloudlet #2693 to Vm #15
0.01: MET_Broker: Sending Cloudlet #2694 to Vm #15
0.01: MET_Broker: Sending Cloudlet #2695 to Vm #15
0.01: MET_Broker: Sending Cloudlet #2696 to Vm #15
0.01: MET_Broker: Sending Cloudlet #2697 to Vm #15
0.01: MET_Broker: Sending Cloudlet #2698 to Vm #15
0.01: MET_Broker: Sending Cloudlet #2699 to Vm #15
0.01: MET_Broker: Sending Cloudlet #2700 to Vm #15
0.01: MET_Broker: Sending Cloudlet #2701 to Vm #15
0.01: MET_Broker: Sending Cloudlet #2702 to Vm #15
0.01: MET_Broker: Sending Cloudlet #2703 to Vm #15
0.01: MET_Broker: Sending Cloudlet #2704 to Vm #15
0.01: MET_Broker: Sending Cloudlet #2705 to Vm #15
0.01: MET_Broker: Sending Cloudlet #2706 to Vm #15
0.01: MET_Broker: Sending Cloudlet #2707 to Vm #15
0.01: MET_Broker: Sending Cloudlet #2708 to Vm #15
0.01: MET_Broker: Sending Cloudlet #2709 to Vm #15
0.01: MET_Broker: Sending Cloudlet #2710 to Vm #15
0.01: MET_Broker: Sending Cloudlet #2711 to Vm #15
0.01: MET_Broker: Sending Cloudlet #2712 to Vm #15
0.01: MET_Broker: Sending Cloudlet #2713 to Vm #15
0.01: MET_Broker: Sending Cloudlet #2714 to Vm #15
0.01: MET_Broker: Sending Cloudlet #2715 to Vm #15
0.01: MET_Broker: Sending Cloudlet #2716 to Vm #15
0.01: MET_Broker: Sending Cloudlet #2717 to Vm #15
0.01: MET_Broker: Sending Cloudlet #2718 to Vm #15
0.01: MET_Broker: Sending Cloudlet #2719 to Vm #15
0.01: MET_Broker: Sending Cloudlet #2720 to Vm #15
0.01: MET_Broker: Sending Cloudlet #2721 to Vm #15
0.01: MET_Broker: Sending Cloudlet #2722 to Vm #15
0.01: MET_Broker: Sending Cloudlet #2723 to Vm #15
0.01: MET_Broker: Sending Cloudlet #2724 to Vm #15
0.01: MET_Broker: Sending Cloudlet #2725 to Vm #15
0.01: MET_Broker: Sending Cloudlet #2726 to Vm #15
0.01: MET_Broker: Sending Cloudlet #2727 to Vm #15
0.01: MET_Broker: Sending Cloudlet #2728 to Vm #15
0.01: MET_Broker: Sending Cloudlet #2729 to Vm #15
0.01: MET_Broker: Sending Cloudlet #2730 to Vm #15
0.01: MET_Broker: Sending Cloudlet #2731 to Vm #15
0.01: MET_Broker: Sending Cloudlet #2732 to Vm #15
0.01: MET_Broker: Sending Cloudlet #2733 to Vm #15
0.01: MET_Broker: Sending Cloudlet #2734 to Vm #15
0.01: MET_Broker: Sending Cloudlet #2735 to Vm #15
0.01: MET_Broker: Sending Cloudlet #2736 to Vm #15
0.01: MET_Broker: Sending Cloudlet #2737 to Vm #15
0.01: MET_Broker: Sending Cloudlet #2738 to Vm #15
0.01: MET_Broker: Sending Cloudlet #2739 to Vm #15
0.01: MET_Broker: Sending Cloudlet #2740 to Vm #15
0.01: MET_Broker: Sending Cloudlet #2741 to Vm #15
0.01: MET_Broker: Sending Cloudlet #2742 to Vm #15
0.01: MET_Broker: Sending Cloudlet #2743 to Vm #15
0.01: MET_Broker: Sending Cloudlet #2744 to Vm #15
0.01: MET_Broker: Sending Cloudlet #2745 to Vm #15
0.01: MET_Broker: Sending Cloudlet #2746 to Vm #15
0.01: MET_Broker: Sending Cloudlet #2747 to Vm #15
0.01: MET_Broker: Sending Cloudlet #2748 to Vm #15
0.01: MET_Broker: Sending Cloudlet #2749 to Vm #15
0.01: MET_Broker: Sending Cloudlet #2750 to Vm #15
0.01: MET_Broker: Sending Cloudlet #2751 to Vm #15
0.01: MET_Broker: Sending Cloudlet #2752 to Vm #15
0.01: MET_Broker: Sending Cloudlet #2753 to Vm #15
0.01: MET_Broker: Sending Cloudlet #2754 to Vm #15
0.01: MET_Broker: Sending Cloudlet #2755 to Vm #15
0.01: MET_Broker: Sending Cloudlet #2756 to Vm #15
0.01: MET_Broker: Sending Cloudlet #2757 to Vm #15
0.01: MET_Broker: Sending Cloudlet #2758 to Vm #15
0.01: MET_Broker: Sending Cloudlet #2759 to Vm #15
0.01: MET_Broker: Sending Cloudlet #2760 to Vm #15
0.01: MET_Broker: Sending Cloudlet #2761 to Vm #15
0.01: MET_Broker: Sending Cloudlet #2762 to Vm #15
0.01: MET_Broker: Sending Cloudlet #2763 to Vm #15
0.01: MET_Broker: Sending Cloudlet #2764 to Vm #15
0.01: MET_Broker: Sending Cloudlet #2765 to Vm #15
0.01: MET_Broker: Sending Cloudlet #2766 to Vm #15
0.01: MET_Broker: Sending Cloudlet #2767 to Vm #15
0.01: MET_Broker: Sending Cloudlet #2768 to Vm #15
0.01: MET_Broker: Sending Cloudlet #2769 to Vm #15
0.01: MET_Broker: Sending Cloudlet #2770 to Vm #15
0.01: MET_Broker: Sending Cloudlet #2771 to Vm #15
0.01: MET_Broker: Sending Cloudlet #2772 to Vm #15
0.01: MET_Broker: Sending Cloudlet #2773 to Vm #15
0.01: MET_Broker: Sending Cloudlet #2774 to Vm #15
0.01: MET_Broker: Sending Cloudlet #2775 to Vm #15
0.01: MET_Broker: Sending Cloudlet #2776 to Vm #15
0.01: MET_Broker: Sending Cloudlet #2777 to Vm #15
0.01: MET_Broker: Sending Cloudlet #2778 to Vm #15
0.01: MET_Broker: Sending Cloudlet #2779 to Vm #15
0.01: MET_Broker: Sending Cloudlet #2780 to Vm #15
0.01: MET_Broker: Sending Cloudlet #2781 to Vm #15
0.01: MET_Broker: Sending Cloudlet #2782 to Vm #15
0.01: MET_Broker: Sending Cloudlet #2783 to Vm #15
0.01: MET_Broker: Sending Cloudlet #2784 to Vm #15
0.01: MET_Broker: Sending Cloudlet #2785 to Vm #15
0.01: MET_Broker: Sending Cloudlet #2786 to Vm #15
0.01: MET_Broker: Sending Cloudlet #2787 to Vm #15
0.01: MET_Broker: Sending Cloudlet #2788 to Vm #15
0.01: MET_Broker: Sending Cloudlet #2789 to Vm #15
0.01: MET_Broker: Sending Cloudlet #2790 to Vm #15
0.01: MET_Broker: Sending Cloudlet #2791 to Vm #15
0.01: MET_Broker: Sending Cloudlet #2792 to Vm #15
0.01: MET_Broker: Sending Cloudlet #2793 to Vm #15
0.01: MET_Broker: Sending Cloudlet #2794 to Vm #15
0.01: MET_Broker: Sending Cloudlet #2795 to Vm #15
0.01: MET_Broker: Sending Cloudlet #2796 to Vm #15
0.01: MET_Broker: Sending Cloudlet #2797 to Vm #15
0.01: MET_Broker: Sending Cloudlet #2798 to Vm #15
0.01: MET_Broker: Sending Cloudlet #2799 to Vm #15
0.01: MET_Broker: Sending Cloudlet #2800 to Vm #15
0.01: MET_Broker: Sending Cloudlet #2801 to Vm #15
0.01: MET_Broker: Sending Cloudlet #2802 to Vm #15
0.01: MET_Broker: Sending Cloudlet #2803 to Vm #15
0.01: MET_Broker: Sending Cloudlet #2804 to Vm #15
0.01: MET_Broker: Sending Cloudlet #2805 to Vm #15
0.01: MET_Broker: Sending Cloudlet #2806 to Vm #15
0.01: MET_Broker: Sending Cloudlet #2807 to Vm #15
0.01: MET_Broker: Sending Cloudlet #2808 to Vm #15
0.01: MET_Broker: Sending Cloudlet #2809 to Vm #15
0.01: MET_Broker: Sending Cloudlet #2810 to Vm #15
0.01: MET_Broker: Sending Cloudlet #2811 to Vm #15
0.01: MET_Broker: Sending Cloudlet #2812 to Vm #15
0.01: MET_Broker: Sending Cloudlet #2813 to Vm #15
0.01: MET_Broker: Sending Cloudlet #2814 to Vm #15
0.01: MET_Broker: Sending Cloudlet #2815 to Vm #15
0.01: MET_Broker: Sending Cloudlet #2816 to Vm #15
0.01: MET_Broker: Sending Cloudlet #2817 to Vm #15
0.01: MET_Broker: Sending Cloudlet #2818 to Vm #15
0.01: MET_Broker: Sending Cloudlet #2819 to Vm #15
0.01: MET_Broker: Sending Cloudlet #2820 to Vm #15
0.01: MET_Broker: Sending Cloudlet #2821 to Vm #15
0.01: MET_Broker: Sending Cloudlet #2822 to Vm #15
0.01: MET_Broker: Sending Cloudlet #2823 to Vm #15
0.01: MET_Broker: Sending Cloudlet #2824 to Vm #15
0.01: MET_Broker: Sending Cloudlet #2825 to Vm #15
0.01: MET_Broker: Sending Cloudlet #2826 to Vm #15
0.01: MET_Broker: Sending Cloudlet #2827 to Vm #15
0.01: MET_Broker: Sending Cloudlet #2828 to Vm #15
0.01: MET_Broker: Sending Cloudlet #2829 to Vm #15
0.01: MET_Broker: Sending Cloudlet #2830 to Vm #15
0.01: MET_Broker: Sending Cloudlet #2831 to Vm #15
0.01: MET_Broker: Sending Cloudlet #2832 to Vm #15
0.01: MET_Broker: Sending Cloudlet #2833 to Vm #15
0.01: MET_Broker: Sending Cloudlet #2834 to Vm #15
0.01: MET_Broker: Sending Cloudlet #2835 to Vm #15
0.01: MET_Broker: Sending Cloudlet #2836 to Vm #15
0.01: MET_Broker: Sending Cloudlet #2837 to Vm #15
0.01: MET_Broker: Sending Cloudlet #2838 to Vm #15
0.01: MET_Broker: Sending Cloudlet #2839 to Vm #15
0.01: MET_Broker: Sending Cloudlet #2840 to Vm #15
0.01: MET_Broker: Sending Cloudlet #2841 to Vm #15
0.01: MET_Broker: Sending Cloudlet #2842 to Vm #15
0.01: MET_Broker: Sending Cloudlet #2843 to Vm #15
0.01: MET_Broker: Sending Cloudlet #2844 to Vm #15
0.01: MET_Broker: Sending Cloudlet #2845 to Vm #15
0.01: MET_Broker: Sending Cloudlet #2846 to Vm #15
0.01: MET_Broker: Sending Cloudlet #2847 to Vm #15
0.01: MET_Broker: Sending Cloudlet #2848 to Vm #15
0.01: MET_Broker: Sending Cloudlet #2849 to Vm #15
0.01: MET_Broker: Sending Cloudlet #2850 to Vm #15
0.01: MET_Broker: Sending Cloudlet #2851 to Vm #15
0.01: MET_Broker: Sending Cloudlet #2852 to Vm #15
0.01: MET_Broker: Sending Cloudlet #2853 to Vm #15
0.01: MET_Broker: Sending Cloudlet #2854 to Vm #15
0.01: MET_Broker: Sending Cloudlet #2855 to Vm #15
0.01: MET_Broker: Sending Cloudlet #2856 to Vm #15
0.01: MET_Broker: Sending Cloudlet #2857 to Vm #15
0.01: MET_Broker: Sending Cloudlet #2858 to Vm #15
0.01: MET_Broker: Sending Cloudlet #2859 to Vm #15
0.01: MET_Broker: Sending Cloudlet #2860 to Vm #15
0.01: MET_Broker: Sending Cloudlet #2861 to Vm #15
0.01: MET_Broker: Sending Cloudlet #2862 to Vm #15
0.01: MET_Broker: Sending Cloudlet #2863 to Vm #15
0.01: MET_Broker: Sending Cloudlet #2864 to Vm #15
0.01: MET_Broker: Sending Cloudlet #2865 to Vm #15
0.01: MET_Broker: Sending Cloudlet #2866 to Vm #15
0.01: MET_Broker: Sending Cloudlet #2867 to Vm #15
0.01: MET_Broker: Sending Cloudlet #2868 to Vm #15
0.01: MET_Broker: Sending Cloudlet #2869 to Vm #15
0.01: MET_Broker: Sending Cloudlet #2870 to Vm #15
0.01: MET_Broker: Sending Cloudlet #2871 to Vm #15
0.01: MET_Broker: Sending Cloudlet #2872 to Vm #15
0.01: MET_Broker: Sending Cloudlet #2873 to Vm #15
0.01: MET_Broker: Sending Cloudlet #2874 to Vm #15
0.01: MET_Broker: Sending Cloudlet #2875 to Vm #15
0.01: MET_Broker: Sending Cloudlet #2876 to Vm #15
0.01: MET_Broker: Sending Cloudlet #2877 to Vm #15
0.01: MET_Broker: Sending Cloudlet #2878 to Vm #15
0.01: MET_Broker: Sending Cloudlet #2879 to Vm #15
0.01: MET_Broker: Sending Cloudlet #2880 to Vm #15
0.01: MET_Broker: Sending Cloudlet #2881 to Vm #15
0.01: MET_Broker: Sending Cloudlet #2882 to Vm #15
0.01: MET_Broker: Sending Cloudlet #2883 to Vm #15
0.01: MET_Broker: Sending Cloudlet #2884 to Vm #15
0.01: MET_Broker: Sending Cloudlet #2885 to Vm #15
0.01: MET_Broker: Sending Cloudlet #2886 to Vm #15
0.01: MET_Broker: Sending Cloudlet #2887 to Vm #15
0.01: MET_Broker: Sending Cloudlet #2888 to Vm #15
0.01: MET_Broker: Sending Cloudlet #2889 to Vm #15
0.01: MET_Broker: Sending Cloudlet #2890 to Vm #15
0.01: MET_Broker: Sending Cloudlet #2891 to Vm #15
0.01: MET_Broker: Sending Cloudlet #2892 to Vm #15
0.01: MET_Broker: Sending Cloudlet #2893 to Vm #15
0.01: MET_Broker: Sending Cloudlet #2894 to Vm #15
0.01: MET_Broker: Sending Cloudlet #2895 to Vm #15
0.01: MET_Broker: Sending Cloudlet #2896 to Vm #15
0.01: MET_Broker: Sending Cloudlet #2897 to Vm #15
0.01: MET_Broker: Sending Cloudlet #2898 to Vm #15
0.01: MET_Broker: Sending Cloudlet #2899 to Vm #15
0.01: MET_Broker: Sending Cloudlet #2900 to Vm #15
0.01: MET_Broker: Sending Cloudlet #2901 to Vm #15
0.01: MET_Broker: Sending Cloudlet #2902 to Vm #15
0.01: MET_Broker: Sending Cloudlet #2903 to Vm #15
0.01: MET_Broker: Sending Cloudlet #2904 to Vm #15
0.01: MET_Broker: Sending Cloudlet #2905 to Vm #15
0.01: MET_Broker: Sending Cloudlet #2906 to Vm #15
0.01: MET_Broker: Sending Cloudlet #2907 to Vm #15
0.01: MET_Broker: Sending Cloudlet #2908 to Vm #15
0.01: MET_Broker: Sending Cloudlet #2909 to Vm #15
0.01: MET_Broker: Sending Cloudlet #2910 to Vm #15
0.01: MET_Broker: Sending Cloudlet #2911 to Vm #15
0.01: MET_Broker: Sending Cloudlet #2912 to Vm #15
0.01: MET_Broker: Sending Cloudlet #2913 to Vm #15
0.01: MET_Broker: Sending Cloudlet #2914 to Vm #15
0.01: MET_Broker: Sending Cloudlet #2915 to Vm #15
0.01: MET_Broker: Sending Cloudlet #2916 to Vm #15
0.01: MET_Broker: Sending Cloudlet #2917 to Vm #15
0.01: MET_Broker: Sending Cloudlet #2918 to Vm #15
0.01: MET_Broker: Sending Cloudlet #2919 to Vm #15
0.01: MET_Broker: Sending Cloudlet #2920 to Vm #15
0.01: MET_Broker: Sending Cloudlet #2921 to Vm #15
0.01: MET_Broker: Sending Cloudlet #2922 to Vm #15
0.01: MET_Broker: Sending Cloudlet #2923 to Vm #15
0.01: MET_Broker: Sending Cloudlet #2924 to Vm #15
0.01: MET_Broker: Sending Cloudlet #2925 to Vm #15
0.01: MET_Broker: Sending Cloudlet #2926 to Vm #15
0.01: MET_Broker: Sending Cloudlet #2927 to Vm #15
0.01: MET_Broker: Sending Cloudlet #2928 to Vm #15
0.01: MET_Broker: Sending Cloudlet #2929 to Vm #15
0.01: MET_Broker: Sending Cloudlet #2930 to Vm #15
0.01: MET_Broker: Sending Cloudlet #2931 to Vm #15
0.01: MET_Broker: Sending Cloudlet #2932 to Vm #15
0.01: MET_Broker: Sending Cloudlet #2933 to Vm #15
0.01: MET_Broker: Sending Cloudlet #2934 to Vm #15
0.01: MET_Broker: Sending Cloudlet #2935 to Vm #15
0.01: MET_Broker: Sending Cloudlet #2936 to Vm #15
0.01: MET_Broker: Sending Cloudlet #2937 to Vm #15
0.01: MET_Broker: Sending Cloudlet #2938 to Vm #15
0.01: MET_Broker: Sending Cloudlet #2939 to Vm #15
0.01: MET_Broker: Sending Cloudlet #2940 to Vm #15
0.01: MET_Broker: Sending Cloudlet #2941 to Vm #15
0.01: MET_Broker: Sending Cloudlet #2942 to Vm #15
0.01: MET_Broker: Sending Cloudlet #2943 to Vm #15
0.01: MET_Broker: Sending Cloudlet #2944 to Vm #15
0.01: MET_Broker: Sending Cloudlet #2945 to Vm #15
0.01: MET_Broker: Sending Cloudlet #2946 to Vm #15
0.01: MET_Broker: Sending Cloudlet #2947 to Vm #15
0.01: MET_Broker: Sending Cloudlet #2948 to Vm #15
0.01: MET_Broker: Sending Cloudlet #2949 to Vm #15
0.01: MET_Broker: Sending Cloudlet #2950 to Vm #15
0.01: MET_Broker: Sending Cloudlet #2951 to Vm #15
0.01: MET_Broker: Sending Cloudlet #2952 to Vm #15
0.01: MET_Broker: Sending Cloudlet #2953 to Vm #15
0.01: MET_Broker: Sending Cloudlet #2954 to Vm #15
0.01: MET_Broker: Sending Cloudlet #2955 to Vm #15
0.01: MET_Broker: Sending Cloudlet #2956 to Vm #15
0.01: MET_Broker: Sending Cloudlet #2957 to Vm #15
0.01: MET_Broker: Sending Cloudlet #2958 to Vm #15
0.01: MET_Broker: Sending Cloudlet #2959 to Vm #15
0.01: MET_Broker: Sending Cloudlet #2960 to Vm #15
0.01: MET_Broker: Sending Cloudlet #2961 to Vm #15
0.01: MET_Broker: Sending Cloudlet #2962 to Vm #15
0.01: MET_Broker: Sending Cloudlet #2963 to Vm #15
0.01: MET_Broker: Sending Cloudlet #2964 to Vm #15
0.01: MET_Broker: Sending Cloudlet #2965 to Vm #15
0.01: MET_Broker: Sending Cloudlet #2966 to Vm #15
0.01: MET_Broker: Sending Cloudlet #2967 to Vm #15
0.01: MET_Broker: Sending Cloudlet #2968 to Vm #15
0.01: MET_Broker: Sending Cloudlet #2969 to Vm #15
0.01: MET_Broker: Sending Cloudlet #2970 to Vm #15
0.01: MET_Broker: Sending Cloudlet #2971 to Vm #15
0.01: MET_Broker: Sending Cloudlet #2972 to Vm #15
0.01: MET_Broker: Sending Cloudlet #2973 to Vm #15
0.01: MET_Broker: Sending Cloudlet #2974 to Vm #15
0.01: MET_Broker: Sending Cloudlet #2975 to Vm #15
0.01: MET_Broker: Sending Cloudlet #2976 to Vm #15
0.01: MET_Broker: Sending Cloudlet #2977 to Vm #15
0.01: MET_Broker: Sending Cloudlet #2978 to Vm #15
0.01: MET_Broker: Sending Cloudlet #2979 to Vm #15
0.01: MET_Broker: Sending Cloudlet #2980 to Vm #15
0.01: MET_Broker: Sending Cloudlet #2981 to Vm #15
0.01: MET_Broker: Sending Cloudlet #2982 to Vm #15
0.01: MET_Broker: Sending Cloudlet #2983 to Vm #15
0.01: MET_Broker: Sending Cloudlet #2984 to Vm #15
0.01: MET_Broker: Sending Cloudlet #2985 to Vm #15
0.01: MET_Broker: Sending Cloudlet #2986 to Vm #15
0.01: MET_Broker: Sending Cloudlet #2987 to Vm #15
0.01: MET_Broker: Sending Cloudlet #2988 to Vm #15
0.01: MET_Broker: Sending Cloudlet #2989 to Vm #15
0.01: MET_Broker: Sending Cloudlet #2990 to Vm #15
0.01: MET_Broker: Sending Cloudlet #2991 to Vm #15
0.01: MET_Broker: Sending Cloudlet #2992 to Vm #15
0.01: MET_Broker: Sending Cloudlet #2993 to Vm #15
0.01: MET_Broker: Sending Cloudlet #2994 to Vm #15
0.01: MET_Broker: Sending Cloudlet #2995 to Vm #15
0.01: MET_Broker: Sending Cloudlet #2996 to Vm #15
0.01: MET_Broker: Sending Cloudlet #2997 to Vm #15
0.01: MET_Broker: Sending Cloudlet #2998 to Vm #15
0.01: MET_Broker: Sending Cloudlet #2999 to Vm #15
0.01: MET_Broker: Sending Cloudlet #3000 to Vm #15
0.01: MET_Broker: Sending Cloudlet #3001 to Vm #15
0.01: MET_Broker: Sending Cloudlet #3002 to Vm #15
0.01: MET_Broker: Sending Cloudlet #3003 to Vm #15
0.01: MET_Broker: Sending Cloudlet #3004 to Vm #15
0.01: MET_Broker: Sending Cloudlet #3005 to Vm #15
0.01: MET_Broker: Sending Cloudlet #3006 to Vm #15
0.01: MET_Broker: Sending Cloudlet #3007 to Vm #15
0.01: MET_Broker: Sending Cloudlet #3008 to Vm #15
0.01: MET_Broker: Sending Cloudlet #3009 to Vm #15
0.01: MET_Broker: Sending Cloudlet #3010 to Vm #15
0.01: MET_Broker: Sending Cloudlet #3011 to Vm #15
0.01: MET_Broker: Sending Cloudlet #3012 to Vm #15
0.01: MET_Broker: Sending Cloudlet #3013 to Vm #15
0.01: MET_Broker: Sending Cloudlet #3014 to Vm #15
0.01: MET_Broker: Sending Cloudlet #3015 to Vm #15
0.01: MET_Broker: Sending Cloudlet #3016 to Vm #15
0.01: MET_Broker: Sending Cloudlet #3017 to Vm #15
0.01: MET_Broker: Sending Cloudlet #3018 to Vm #15
0.01: MET_Broker: Sending Cloudlet #3019 to Vm #15
0.01: MET_Broker: Sending Cloudlet #3020 to Vm #15
0.01: MET_Broker: Sending Cloudlet #3021 to Vm #15
0.01: MET_Broker: Sending Cloudlet #3022 to Vm #15
0.01: MET_Broker: Sending Cloudlet #3023 to Vm #15
0.01: MET_Broker: Sending Cloudlet #3024 to Vm #15
0.01: MET_Broker: Sending Cloudlet #3025 to Vm #15
0.01: MET_Broker: Sending Cloudlet #3026 to Vm #15
0.01: MET_Broker: Sending Cloudlet #3027 to Vm #15
0.01: MET_Broker: Sending Cloudlet #3028 to Vm #15
0.01: MET_Broker: Sending Cloudlet #3029 to Vm #15
0.01: MET_Broker: Sending Cloudlet #3030 to Vm #15
0.01: MET_Broker: Sending Cloudlet #3031 to Vm #15
0.01: MET_Broker: Sending Cloudlet #3032 to Vm #15
0.01: MET_Broker: Sending Cloudlet #3033 to Vm #15
0.01: MET_Broker: Sending Cloudlet #3034 to Vm #15
0.01: MET_Broker: Sending Cloudlet #3035 to Vm #15
0.01: MET_Broker: Sending Cloudlet #3036 to Vm #15
0.01: MET_Broker: Sending Cloudlet #3037 to Vm #15
0.01: MET_Broker: Sending Cloudlet #3038 to Vm #15
0.01: MET_Broker: Sending Cloudlet #3039 to Vm #15
0.01: MET_Broker: Sending Cloudlet #3040 to Vm #15
0.01: MET_Broker: Sending Cloudlet #3041 to Vm #15
0.01: MET_Broker: Sending Cloudlet #3042 to Vm #15
0.01: MET_Broker: Sending Cloudlet #3043 to Vm #15
0.01: MET_Broker: Sending Cloudlet #3044 to Vm #15
0.01: MET_Broker: Sending Cloudlet #3045 to Vm #15
0.01: MET_Broker: Sending Cloudlet #3046 to Vm #15
0.01: MET_Broker: Sending Cloudlet #3047 to Vm #15
0.01: MET_Broker: Sending Cloudlet #3048 to Vm #15
0.01: MET_Broker: Sending Cloudlet #3049 to Vm #15
0.01: MET_Broker: Sending Cloudlet #3050 to Vm #15
0.01: MET_Broker: Sending Cloudlet #3051 to Vm #15
0.01: MET_Broker: Sending Cloudlet #3052 to Vm #15
0.01: MET_Broker: Sending Cloudlet #3053 to Vm #15
0.01: MET_Broker: Sending Cloudlet #3054 to Vm #15
0.01: MET_Broker: Sending Cloudlet #3055 to Vm #15
0.01: MET_Broker: Sending Cloudlet #3056 to Vm #15
0.01: MET_Broker: Sending Cloudlet #3057 to Vm #15
0.01: MET_Broker: Sending Cloudlet #3058 to Vm #15
0.01: MET_Broker: Sending Cloudlet #3059 to Vm #15
0.01: MET_Broker: Sending Cloudlet #3060 to Vm #15
0.01: MET_Broker: Sending Cloudlet #3061 to Vm #15
0.01: MET_Broker: Sending Cloudlet #3062 to Vm #15
0.01: MET_Broker: Sending Cloudlet #3063 to Vm #15
0.01: MET_Broker: Sending Cloudlet #3064 to Vm #15
0.01: MET_Broker: Sending Cloudlet #3065 to Vm #15
0.01: MET_Broker: Sending Cloudlet #3066 to Vm #15
0.01: MET_Broker: Sending Cloudlet #3067 to Vm #15
0.01: MET_Broker: Sending Cloudlet #3068 to Vm #15
0.01: MET_Broker: Sending Cloudlet #3069 to Vm #15
0.01: MET_Broker: Sending Cloudlet #3070 to Vm #15
0.01: MET_Broker: Sending Cloudlet #3071 to Vm #15
0.01: MET_Broker: Sending Cloudlet #3072 to Vm #15
0.01: MET_Broker: Sending Cloudlet #3073 to Vm #15
0.01: MET_Broker: Sending Cloudlet #3074 to Vm #15
0.01: MET_Broker: Sending Cloudlet #3075 to Vm #15
0.01: MET_Broker: Sending Cloudlet #3076 to Vm #15
0.01: MET_Broker: Sending Cloudlet #3077 to Vm #15
0.01: MET_Broker: Sending Cloudlet #3078 to Vm #15
0.01: MET_Broker: Sending Cloudlet #3079 to Vm #15
0.01: MET_Broker: Sending Cloudlet #3080 to Vm #15
0.01: MET_Broker: Sending Cloudlet #3081 to Vm #15
0.01: MET_Broker: Sending Cloudlet #3082 to Vm #15
0.01: MET_Broker: Sending Cloudlet #3083 to Vm #15
0.01: MET_Broker: Sending Cloudlet #3084 to Vm #15
0.01: MET_Broker: Sending Cloudlet #3085 to Vm #15
0.01: MET_Broker: Sending Cloudlet #3086 to Vm #15
0.01: MET_Broker: Sending Cloudlet #3087 to Vm #15
0.01: MET_Broker: Sending Cloudlet #3088 to Vm #15
0.01: MET_Broker: Sending Cloudlet #3089 to Vm #15
0.01: MET_Broker: Sending Cloudlet #3090 to Vm #15
0.01: MET_Broker: Sending Cloudlet #3091 to Vm #15
0.01: MET_Broker: Sending Cloudlet #3092 to Vm #15
0.01: MET_Broker: Sending Cloudlet #3093 to Vm #15
0.01: MET_Broker: Sending Cloudlet #3094 to Vm #15
0.01: MET_Broker: Sending Cloudlet #3095 to Vm #15
0.01: MET_Broker: Sending Cloudlet #3096 to Vm #15
0.01: MET_Broker: Sending Cloudlet #3097 to Vm #15
0.01: MET_Broker: Sending Cloudlet #3098 to Vm #15
0.01: MET_Broker: Sending Cloudlet #3099 to Vm #15
0.01: MET_Broker: Sending Cloudlet #3100 to Vm #15
0.01: MET_Broker: Sending Cloudlet #3101 to Vm #15
0.01: MET_Broker: Sending Cloudlet #3102 to Vm #15
0.01: MET_Broker: Sending Cloudlet #3103 to Vm #15
0.01: MET_Broker: Sending Cloudlet #3104 to Vm #15
0.01: MET_Broker: Sending Cloudlet #3105 to Vm #15
0.01: MET_Broker: Sending Cloudlet #3106 to Vm #15
0.01: MET_Broker: Sending Cloudlet #3107 to Vm #15
0.01: MET_Broker: Sending Cloudlet #3108 to Vm #15
0.01: MET_Broker: Sending Cloudlet #3109 to Vm #15
0.01: MET_Broker: Sending Cloudlet #3110 to Vm #15
0.01: MET_Broker: Sending Cloudlet #3111 to Vm #15
0.01: MET_Broker: Sending Cloudlet #3112 to Vm #15
0.01: MET_Broker: Sending Cloudlet #3113 to Vm #15
0.01: MET_Broker: Sending Cloudlet #3114 to Vm #15
0.01: MET_Broker: Sending Cloudlet #3115 to Vm #15
0.01: MET_Broker: Sending Cloudlet #3116 to Vm #15
0.01: MET_Broker: Sending Cloudlet #3117 to Vm #15
0.01: MET_Broker: Sending Cloudlet #3118 to Vm #15
0.01: MET_Broker: Sending Cloudlet #3119 to Vm #15
0.01: MET_Broker: Sending Cloudlet #3120 to Vm #15
0.01: MET_Broker: Sending Cloudlet #3121 to Vm #15
0.01: MET_Broker: Sending Cloudlet #3122 to Vm #15
0.01: MET_Broker: Sending Cloudlet #3123 to Vm #15
0.01: MET_Broker: Sending Cloudlet #3124 to Vm #15
0.01: MET_Broker: Sending Cloudlet #3125 to Vm #15
0.01: MET_Broker: Sending Cloudlet #3126 to Vm #15
0.01: MET_Broker: Sending Cloudlet #3127 to Vm #15
0.01: MET_Broker: Sending Cloudlet #3128 to Vm #15
0.01: MET_Broker: Sending Cloudlet #3129 to Vm #15
0.01: MET_Broker: Sending Cloudlet #3130 to Vm #15
0.01: MET_Broker: Sending Cloudlet #3131 to Vm #15
0.01: MET_Broker: Sending Cloudlet #3132 to Vm #15
0.01: MET_Broker: Sending Cloudlet #3133 to Vm #15
0.01: MET_Broker: Sending Cloudlet #3134 to Vm #15
0.01: MET_Broker: Sending Cloudlet #3135 to Vm #15
0.01: MET_Broker: Sending Cloudlet #3136 to Vm #15
0.01: MET_Broker: Sending Cloudlet #3137 to Vm #15
0.01: MET_Broker: Sending Cloudlet #3138 to Vm #15
0.01: MET_Broker: Sending Cloudlet #3139 to Vm #15
0.01: MET_Broker: Sending Cloudlet #3140 to Vm #15
0.01: MET_Broker: Sending Cloudlet #3141 to Vm #15
0.01: MET_Broker: Sending Cloudlet #3142 to Vm #15
0.01: MET_Broker: Sending Cloudlet #3143 to Vm #15
0.01: MET_Broker: Sending Cloudlet #3144 to Vm #15
0.01: MET_Broker: Sending Cloudlet #3145 to Vm #15
0.01: MET_Broker: Sending Cloudlet #3146 to Vm #15
0.01: MET_Broker: Sending Cloudlet #3147 to Vm #15
0.01: MET_Broker: Sending Cloudlet #3148 to Vm #15
0.01: MET_Broker: Sending Cloudlet #3149 to Vm #15
0.01: MET_Broker: Sending Cloudlet #3150 to Vm #15
0.01: MET_Broker: Sending Cloudlet #3151 to Vm #15
0.01: MET_Broker: Sending Cloudlet #3152 to Vm #15
0.01: MET_Broker: Sending Cloudlet #3153 to Vm #15
0.01: MET_Broker: Sending Cloudlet #3154 to Vm #15
0.01: MET_Broker: Sending Cloudlet #3155 to Vm #15
0.01: MET_Broker: Sending Cloudlet #3156 to Vm #15
0.01: MET_Broker: Sending Cloudlet #3157 to Vm #15
0.01: MET_Broker: Sending Cloudlet #3158 to Vm #15
0.01: MET_Broker: Sending Cloudlet #3159 to Vm #15
0.01: MET_Broker: Sending Cloudlet #3160 to Vm #15
0.01: MET_Broker: Sending Cloudlet #3161 to Vm #15
0.01: MET_Broker: Sending Cloudlet #3162 to Vm #15
0.01: MET_Broker: Sending Cloudlet #3163 to Vm #15
0.01: MET_Broker: Sending Cloudlet #3164 to Vm #15
0.01: MET_Broker: Sending Cloudlet #3165 to Vm #15
0.01: MET_Broker: Sending Cloudlet #3166 to Vm #15
0.01: MET_Broker: Sending Cloudlet #3167 to Vm #15
0.01: MET_Broker: Sending Cloudlet #3168 to Vm #15
0.01: MET_Broker: Sending Cloudlet #3169 to Vm #15
0.01: MET_Broker: Sending Cloudlet #3170 to Vm #15
0.01: MET_Broker: Sending Cloudlet #3171 to Vm #15
0.01: MET_Broker: Sending Cloudlet #3172 to Vm #15
0.01: MET_Broker: Sending Cloudlet #3173 to Vm #15
0.01: MET_Broker: Sending Cloudlet #3174 to Vm #15
0.01: MET_Broker: Sending Cloudlet #3175 to Vm #15
0.01: MET_Broker: Sending Cloudlet #3176 to Vm #15
0.01: MET_Broker: Sending Cloudlet #3177 to Vm #15
0.01: MET_Broker: Sending Cloudlet #3178 to Vm #15
0.01: MET_Broker: Sending Cloudlet #3179 to Vm #15
0.01: MET_Broker: Sending Cloudlet #3180 to Vm #15
0.01: MET_Broker: Sending Cloudlet #3181 to Vm #15
0.01: MET_Broker: Sending Cloudlet #3182 to Vm #15
0.01: MET_Broker: Sending Cloudlet #3183 to Vm #15
0.01: MET_Broker: Sending Cloudlet #3184 to Vm #15
0.01: MET_Broker: Sending Cloudlet #3185 to Vm #15
0.01: MET_Broker: Sending Cloudlet #3186 to Vm #15
0.01: MET_Broker: Sending Cloudlet #3187 to Vm #15
0.01: MET_Broker: Sending Cloudlet #3188 to Vm #15
0.01: MET_Broker: Sending Cloudlet #3189 to Vm #15
0.01: MET_Broker: Sending Cloudlet #3190 to Vm #15
0.01: MET_Broker: Sending Cloudlet #3191 to Vm #15
0.01: MET_Broker: Sending Cloudlet #3192 to Vm #15
0.01: MET_Broker: Sending Cloudlet #3193 to Vm #15
0.01: MET_Broker: Sending Cloudlet #3194 to Vm #15
0.01: MET_Broker: Sending Cloudlet #3195 to Vm #15
0.01: MET_Broker: Sending Cloudlet #3196 to Vm #15
0.01: MET_Broker: Sending Cloudlet #3197 to Vm #15
0.01: MET_Broker: Sending Cloudlet #3198 to Vm #15
0.01: MET_Broker: Sending Cloudlet #3199 to Vm #15
0.01: MET_Broker: Sending Cloudlet #3200 to Vm #15
0.01: MET_Broker: Sending Cloudlet #3201 to Vm #15
0.01: MET_Broker: Sending Cloudlet #3202 to Vm #15
0.01: MET_Broker: Sending Cloudlet #3203 to Vm #15
0.01: MET_Broker: Sending Cloudlet #3204 to Vm #15
0.01: MET_Broker: Sending Cloudlet #3205 to Vm #15
0.01: MET_Broker: Sending Cloudlet #3206 to Vm #15
0.01: MET_Broker: Sending Cloudlet #3207 to Vm #15
0.01: MET_Broker: Sending Cloudlet #3208 to Vm #15
0.01: MET_Broker: Sending Cloudlet #3209 to Vm #15
0.01: MET_Broker: Sending Cloudlet #3210 to Vm #15
0.01: MET_Broker: Sending Cloudlet #3211 to Vm #15
0.01: MET_Broker: Sending Cloudlet #3212 to Vm #15
0.01: MET_Broker: Sending Cloudlet #3213 to Vm #15
0.01: MET_Broker: Sending Cloudlet #3214 to Vm #15
0.01: MET_Broker: Sending Cloudlet #3215 to Vm #15
0.01: MET_Broker: Sending Cloudlet #3216 to Vm #15
0.01: MET_Broker: Sending Cloudlet #3217 to Vm #15
0.01: MET_Broker: Sending Cloudlet #3218 to Vm #15
0.01: MET_Broker: Sending Cloudlet #3219 to Vm #15
0.01: MET_Broker: Sending Cloudlet #3220 to Vm #15
0.01: MET_Broker: Sending Cloudlet #3221 to Vm #15
0.01: MET_Broker: Sending Cloudlet #3222 to Vm #15
0.01: MET_Broker: Sending Cloudlet #3223 to Vm #15
0.01: MET_Broker: Sending Cloudlet #3224 to Vm #15
0.01: MET_Broker: Sending Cloudlet #3225 to Vm #15
0.01: MET_Broker: Sending Cloudlet #3226 to Vm #15
0.01: MET_Broker: Sending Cloudlet #3227 to Vm #15
0.01: MET_Broker: Sending Cloudlet #3228 to Vm #15
0.01: MET_Broker: Sending Cloudlet #3229 to Vm #15
0.01: MET_Broker: Sending Cloudlet #3230 to Vm #15
0.01: MET_Broker: Sending Cloudlet #3231 to Vm #15
0.01: MET_Broker: Sending Cloudlet #3232 to Vm #15
0.01: MET_Broker: Sending Cloudlet #3233 to Vm #15
0.01: MET_Broker: Sending Cloudlet #3234 to Vm #15
0.01: MET_Broker: Sending Cloudlet #3235 to Vm #15
0.01: MET_Broker: Sending Cloudlet #3236 to Vm #15
0.01: MET_Broker: Sending Cloudlet #3237 to Vm #15
0.01: MET_Broker: Sending Cloudlet #3238 to Vm #15
0.01: MET_Broker: Sending Cloudlet #3239 to Vm #15
0.01: MET_Broker: Sending Cloudlet #3240 to Vm #15
0.01: MET_Broker: Sending Cloudlet #3241 to Vm #15
0.01: MET_Broker: Sending Cloudlet #3242 to Vm #15
0.01: MET_Broker: Sending Cloudlet #3243 to Vm #15
0.01: MET_Broker: Sending Cloudlet #3244 to Vm #15
0.01: MET_Broker: Sending Cloudlet #3245 to Vm #15
0.01: MET_Broker: Sending Cloudlet #3246 to Vm #15
0.01: MET_Broker: Sending Cloudlet #3247 to Vm #15
0.01: MET_Broker: Sending Cloudlet #3248 to Vm #15
0.01: MET_Broker: Sending Cloudlet #3249 to Vm #15
0.01: MET_Broker: Sending Cloudlet #3250 to Vm #15
0.01: MET_Broker: Sending Cloudlet #3251 to Vm #15
0.01: MET_Broker: Sending Cloudlet #3252 to Vm #15
0.01: MET_Broker: Sending Cloudlet #3253 to Vm #15
0.01: MET_Broker: Sending Cloudlet #3254 to Vm #15
0.01: MET_Broker: Sending Cloudlet #3255 to Vm #15
0.01: MET_Broker: Sending Cloudlet #3256 to Vm #15
0.01: MET_Broker: Sending Cloudlet #3257 to Vm #15
0.01: MET_Broker: Sending Cloudlet #3258 to Vm #15
0.01: MET_Broker: Sending Cloudlet #3259 to Vm #15
0.01: MET_Broker: Sending Cloudlet #3260 to Vm #15
0.01: MET_Broker: Sending Cloudlet #3261 to Vm #15
0.01: MET_Broker: Sending Cloudlet #3262 to Vm #15
0.01: MET_Broker: Sending Cloudlet #3263 to Vm #15
0.01: MET_Broker: Sending Cloudlet #3264 to Vm #15
0.01: MET_Broker: Sending Cloudlet #3265 to Vm #15
0.01: MET_Broker: Sending Cloudlet #3266 to Vm #15
0.01: MET_Broker: Sending Cloudlet #3267 to Vm #15
0.01: MET_Broker: Sending Cloudlet #3268 to Vm #15
0.01: MET_Broker: Sending Cloudlet #3269 to Vm #15
0.01: MET_Broker: Sending Cloudlet #3270 to Vm #15
0.01: MET_Broker: Sending Cloudlet #3271 to Vm #15
0.01: MET_Broker: Sending Cloudlet #3272 to Vm #15
0.01: MET_Broker: Sending Cloudlet #3273 to Vm #15
0.01: MET_Broker: Sending Cloudlet #3274 to Vm #15
0.01: MET_Broker: Sending Cloudlet #3275 to Vm #15
0.01: MET_Broker: Sending Cloudlet #3276 to Vm #15
0.01: MET_Broker: Sending Cloudlet #3277 to Vm #15
0.01: MET_Broker: Sending Cloudlet #3278 to Vm #15
0.01: MET_Broker: Sending Cloudlet #3279 to Vm #15
0.01: MET_Broker: Sending Cloudlet #3280 to Vm #15
0.01: MET_Broker: Sending Cloudlet #3281 to Vm #15
0.01: MET_Broker: Sending Cloudlet #3282 to Vm #15
0.01: MET_Broker: Sending Cloudlet #3283 to Vm #15
0.01: MET_Broker: Sending Cloudlet #3284 to Vm #15
0.01: MET_Broker: Sending Cloudlet #3285 to Vm #15
0.01: MET_Broker: Sending Cloudlet #3286 to Vm #15
0.01: MET_Broker: Sending Cloudlet #3287 to Vm #15
0.01: MET_Broker: Sending Cloudlet #3288 to Vm #15
0.01: MET_Broker: Sending Cloudlet #3289 to Vm #15
0.01: MET_Broker: Sending Cloudlet #3290 to Vm #15
0.01: MET_Broker: Sending Cloudlet #3291 to Vm #15
0.01: MET_Broker: Sending Cloudlet #3292 to Vm #15
0.01: MET_Broker: Sending Cloudlet #3293 to Vm #15
0.01: MET_Broker: Sending Cloudlet #3294 to Vm #15
0.01: MET_Broker: Sending Cloudlet #3295 to Vm #15
0.01: MET_Broker: Sending Cloudlet #3296 to Vm #15
0.01: MET_Broker: Sending Cloudlet #3297 to Vm #15
0.01: MET_Broker: Sending Cloudlet #3298 to Vm #15
0.01: MET_Broker: Sending Cloudlet #3299 to Vm #15
0.01: MET_Broker: Sending Cloudlet #3300 to Vm #15
0.01: MET_Broker: Sending Cloudlet #3301 to Vm #15
0.01: MET_Broker: Sending Cloudlet #3302 to Vm #15
0.01: MET_Broker: Sending Cloudlet #3303 to Vm #15
0.01: MET_Broker: Sending Cloudlet #3304 to Vm #15
0.01: MET_Broker: Sending Cloudlet #3305 to Vm #15
0.01: MET_Broker: Sending Cloudlet #3306 to Vm #15
0.01: MET_Broker: Sending Cloudlet #3307 to Vm #15
0.01: MET_Broker: Sending Cloudlet #3308 to Vm #15
0.01: MET_Broker: Sending Cloudlet #3309 to Vm #15
0.01: MET_Broker: Sending Cloudlet #3310 to Vm #15
0.01: MET_Broker: Sending Cloudlet #3311 to Vm #15
0.01: MET_Broker: Sending Cloudlet #3312 to Vm #15
0.01: MET_Broker: Sending Cloudlet #3313 to Vm #15
0.01: MET_Broker: Sending Cloudlet #3314 to Vm #15
0.01: MET_Broker: Sending Cloudlet #3315 to Vm #15
0.01: MET_Broker: Sending Cloudlet #3316 to Vm #15
0.01: MET_Broker: Sending Cloudlet #3317 to Vm #15
0.01: MET_Broker: Sending Cloudlet #3318 to Vm #15
0.01: MET_Broker: Sending Cloudlet #3319 to Vm #15
0.01: MET_Broker: Sending Cloudlet #3320 to Vm #15
0.01: MET_Broker: Sending Cloudlet #3321 to Vm #15
0.01: MET_Broker: Sending Cloudlet #3322 to Vm #15
0.01: MET_Broker: Sending Cloudlet #3323 to Vm #15
0.01: MET_Broker: Sending Cloudlet #3324 to Vm #15
0.01: MET_Broker: Sending Cloudlet #3325 to Vm #15
0.01: MET_Broker: Sending Cloudlet #3326 to Vm #15
0.01: MET_Broker: Sending Cloudlet #3327 to Vm #15
0.01: MET_Broker: Sending Cloudlet #3328 to Vm #15
0.01: MET_Broker: Sending Cloudlet #3329 to Vm #15
0.01: MET_Broker: Sending Cloudlet #3330 to Vm #15
0.01: MET_Broker: Sending Cloudlet #3331 to Vm #15
0.01: MET_Broker: Sending Cloudlet #3332 to Vm #15
0.01: MET_Broker: Sending Cloudlet #3333 to Vm #15
0.01: MET_Broker: Sending Cloudlet #3334 to Vm #15
0.01: MET_Broker: Sending Cloudlet #3335 to Vm #15
0.01: MET_Broker: Sending Cloudlet #3336 to Vm #15
0.01: MET_Broker: Sending Cloudlet #3337 to Vm #15
0.01: MET_Broker: Sending Cloudlet #3338 to Vm #15
0.01: MET_Broker: Sending Cloudlet #3339 to Vm #15
0.01: MET_Broker: Sending Cloudlet #3340 to Vm #15
0.01: MET_Broker: Sending Cloudlet #3341 to Vm #15
0.01: MET_Broker: Sending Cloudlet #3342 to Vm #15
0.01: MET_Broker: Sending Cloudlet #3343 to Vm #15
0.01: MET_Broker: Sending Cloudlet #3344 to Vm #15
0.01: MET_Broker: Sending Cloudlet #3345 to Vm #15
0.01: MET_Broker: Sending Cloudlet #3346 to Vm #15
0.01: MET_Broker: Sending Cloudlet #3347 to Vm #15
0.01: MET_Broker: Sending Cloudlet #3348 to Vm #15
0.01: MET_Broker: Sending Cloudlet #3349 to Vm #15
0.01: MET_Broker: Sending Cloudlet #3350 to Vm #15
0.01: MET_Broker: Sending Cloudlet #3351 to Vm #15
0.01: MET_Broker: Sending Cloudlet #3352 to Vm #15
0.01: MET_Broker: Sending Cloudlet #3353 to Vm #15
0.01: MET_Broker: Sending Cloudlet #3354 to Vm #15
0.01: MET_Broker: Sending Cloudlet #3355 to Vm #15
0.01: MET_Broker: Sending Cloudlet #3356 to Vm #15
0.01: MET_Broker: Sending Cloudlet #3357 to Vm #15
0.01: MET_Broker: Sending Cloudlet #3358 to Vm #15
0.01: MET_Broker: Sending Cloudlet #3359 to Vm #15
0.01: MET_Broker: Sending Cloudlet #3360 to Vm #15
0.01: MET_Broker: Sending Cloudlet #3361 to Vm #15
0.01: MET_Broker: Sending Cloudlet #3362 to Vm #15
0.01: MET_Broker: Sending Cloudlet #3363 to Vm #15
0.01: MET_Broker: Sending Cloudlet #3364 to Vm #15
0.01: MET_Broker: Sending Cloudlet #3365 to Vm #15
0.01: MET_Broker: Sending Cloudlet #3366 to Vm #15
0.01: MET_Broker: Sending Cloudlet #3367 to Vm #15
0.01: MET_Broker: Sending Cloudlet #3368 to Vm #15
0.01: MET_Broker: Sending Cloudlet #3369 to Vm #15
0.01: MET_Broker: Sending Cloudlet #3370 to Vm #15
0.01: MET_Broker: Sending Cloudlet #3371 to Vm #15
0.01: MET_Broker: Sending Cloudlet #3372 to Vm #15
0.01: MET_Broker: Sending Cloudlet #3373 to Vm #15
0.01: MET_Broker: Sending Cloudlet #3374 to Vm #15
0.01: MET_Broker: Sending Cloudlet #3375 to Vm #15
0.01: MET_Broker: Sending Cloudlet #3376 to Vm #15
0.01: MET_Broker: Sending Cloudlet #3377 to Vm #15
0.01: MET_Broker: Sending Cloudlet #3378 to Vm #15
0.01: MET_Broker: Sending Cloudlet #3379 to Vm #15
0.01: MET_Broker: Sending Cloudlet #3380 to Vm #15
0.01: MET_Broker: Sending Cloudlet #3381 to Vm #15
0.01: MET_Broker: Sending Cloudlet #3382 to Vm #15
0.01: MET_Broker: Sending Cloudlet #3383 to Vm #15
0.01: MET_Broker: Sending Cloudlet #3384 to Vm #15
0.01: MET_Broker: Sending Cloudlet #3385 to Vm #15
0.01: MET_Broker: Sending Cloudlet #3386 to Vm #15
0.01: MET_Broker: Sending Cloudlet #3387 to Vm #15
0.01: MET_Broker: Sending Cloudlet #3388 to Vm #15
0.01: MET_Broker: Sending Cloudlet #3389 to Vm #15
0.01: MET_Broker: Sending Cloudlet #3390 to Vm #15
0.01: MET_Broker: Sending Cloudlet #3391 to Vm #15
0.01: MET_Broker: Sending Cloudlet #3392 to Vm #15
0.01: MET_Broker: Sending Cloudlet #3393 to Vm #15
0.01: MET_Broker: Sending Cloudlet #3394 to Vm #15
0.01: MET_Broker: Sending Cloudlet #3395 to Vm #15
0.01: MET_Broker: Sending Cloudlet #3396 to Vm #15
0.01: MET_Broker: Sending Cloudlet #3397 to Vm #15
0.01: MET_Broker: Sending Cloudlet #3398 to Vm #15
0.01: MET_Broker: Sending Cloudlet #3399 to Vm #15
0.01: MET_Broker: Sending Cloudlet #3400 to Vm #15
0.01: MET_Broker: Sending Cloudlet #3401 to Vm #15
0.01: MET_Broker: Sending Cloudlet #3402 to Vm #15
0.01: MET_Broker: Sending Cloudlet #3403 to Vm #15
0.01: MET_Broker: Sending Cloudlet #3404 to Vm #15
0.01: MET_Broker: Sending Cloudlet #3405 to Vm #15
0.01: MET_Broker: Sending Cloudlet #3406 to Vm #15
0.01: MET_Broker: Sending Cloudlet #3407 to Vm #15
0.01: MET_Broker: Sending Cloudlet #3408 to Vm #15
0.01: MET_Broker: Sending Cloudlet #3409 to Vm #15
0.01: MET_Broker: Sending Cloudlet #3410 to Vm #15
0.01: MET_Broker: Sending Cloudlet #3411 to Vm #15
0.01: MET_Broker: Sending Cloudlet #3412 to Vm #15
0.01: MET_Broker: Sending Cloudlet #3413 to Vm #15
0.01: MET_Broker: Sending Cloudlet #3414 to Vm #15
0.01: MET_Broker: Sending Cloudlet #3415 to Vm #15
0.01: MET_Broker: Sending Cloudlet #3416 to Vm #15
0.01: MET_Broker: Sending Cloudlet #3417 to Vm #15
0.01: MET_Broker: Sending Cloudlet #3418 to Vm #15
0.01: MET_Broker: Sending Cloudlet #3419 to Vm #15
0.01: MET_Broker: Sending Cloudlet #3420 to Vm #15
0.01: MET_Broker: Sending Cloudlet #3421 to Vm #15
0.01: MET_Broker: Sending Cloudlet #3422 to Vm #15
0.01: MET_Broker: Sending Cloudlet #3423 to Vm #15
0.01: MET_Broker: Sending Cloudlet #3424 to Vm #15
0.01: MET_Broker: Sending Cloudlet #3425 to Vm #15
0.01: MET_Broker: Sending Cloudlet #3426 to Vm #15
0.01: MET_Broker: Sending Cloudlet #3427 to Vm #15
0.01: MET_Broker: Sending Cloudlet #3428 to Vm #15
0.01: MET_Broker: Sending Cloudlet #3429 to Vm #15
0.01: MET_Broker: Sending Cloudlet #3430 to Vm #15
0.01: MET_Broker: Sending Cloudlet #3431 to Vm #15
0.01: MET_Broker: Sending Cloudlet #3432 to Vm #15
0.01: MET_Broker: Sending Cloudlet #3433 to Vm #15
0.01: MET_Broker: Sending Cloudlet #3434 to Vm #15
0.01: MET_Broker: Sending Cloudlet #3435 to Vm #15
0.01: MET_Broker: Sending Cloudlet #3436 to Vm #15
0.01: MET_Broker: Sending Cloudlet #3437 to Vm #15
0.01: MET_Broker: Sending Cloudlet #3438 to Vm #15
0.01: MET_Broker: Sending Cloudlet #3439 to Vm #15
0.01: MET_Broker: Sending Cloudlet #3440 to Vm #15
0.01: MET_Broker: Sending Cloudlet #3441 to Vm #15
0.01: MET_Broker: Sending Cloudlet #3442 to Vm #15
0.01: MET_Broker: Sending Cloudlet #3443 to Vm #15
0.01: MET_Broker: Sending Cloudlet #3444 to Vm #15
0.01: MET_Broker: Sending Cloudlet #3445 to Vm #15
0.01: MET_Broker: Sending Cloudlet #3446 to Vm #15
0.01: MET_Broker: Sending Cloudlet #3447 to Vm #15
0.01: MET_Broker: Sending Cloudlet #3448 to Vm #15
0.01: MET_Broker: Sending Cloudlet #3449 to Vm #15
0.01: MET_Broker: Sending Cloudlet #3450 to Vm #15
0.01: MET_Broker: Sending Cloudlet #3451 to Vm #15
0.01: MET_Broker: Sending Cloudlet #3452 to Vm #15
0.01: MET_Broker: Sending Cloudlet #3453 to Vm #15
0.01: MET_Broker: Sending Cloudlet #3454 to Vm #15
0.01: MET_Broker: Sending Cloudlet #3455 to Vm #15
0.01: MET_Broker: Sending Cloudlet #3456 to Vm #15
0.01: MET_Broker: Sending Cloudlet #3457 to Vm #15
0.01: MET_Broker: Sending Cloudlet #3458 to Vm #15
0.01: MET_Broker: Sending Cloudlet #3459 to Vm #15
0.01: MET_Broker: Sending Cloudlet #3460 to Vm #15
0.01: MET_Broker: Sending Cloudlet #3461 to Vm #15
0.01: MET_Broker: Sending Cloudlet #3462 to Vm #15
0.01: MET_Broker: Sending Cloudlet #3463 to Vm #15
0.01: MET_Broker: Sending Cloudlet #3464 to Vm #15
0.01: MET_Broker: Sending Cloudlet #3465 to Vm #15
0.01: MET_Broker: Sending Cloudlet #3466 to Vm #15
0.01: MET_Broker: Sending Cloudlet #3467 to Vm #15
0.01: MET_Broker: Sending Cloudlet #3468 to Vm #15
0.01: MET_Broker: Sending Cloudlet #3469 to Vm #15
0.01: MET_Broker: Sending Cloudlet #3470 to Vm #15
0.01: MET_Broker: Sending Cloudlet #3471 to Vm #15
0.01: MET_Broker: Sending Cloudlet #3472 to Vm #15
0.01: MET_Broker: Sending Cloudlet #3473 to Vm #15
0.01: MET_Broker: Sending Cloudlet #3474 to Vm #15
0.01: MET_Broker: Sending Cloudlet #3475 to Vm #15
0.01: MET_Broker: Sending Cloudlet #3476 to Vm #15
0.01: MET_Broker: Sending Cloudlet #3477 to Vm #15
0.01: MET_Broker: Sending Cloudlet #3478 to Vm #15
0.01: MET_Broker: Sending Cloudlet #3479 to Vm #15
0.01: MET_Broker: Sending Cloudlet #3480 to Vm #15
0.01: MET_Broker: Sending Cloudlet #3481 to Vm #15
0.01: MET_Broker: Sending Cloudlet #3482 to Vm #15
0.01: MET_Broker: Sending Cloudlet #3483 to Vm #15
0.01: MET_Broker: Sending Cloudlet #3484 to Vm #15
0.01: MET_Broker: Sending Cloudlet #3485 to Vm #15
0.01: MET_Broker: Sending Cloudlet #3486 to Vm #15
0.01: MET_Broker: Sending Cloudlet #3487 to Vm #15
0.01: MET_Broker: Sending Cloudlet #3488 to Vm #15
0.01: MET_Broker: Sending Cloudlet #3489 to Vm #15
0.01: MET_Broker: Sending Cloudlet #3490 to Vm #15
0.01: MET_Broker: Sending Cloudlet #3491 to Vm #15
0.01: MET_Broker: Sending Cloudlet #3492 to Vm #15
0.01: MET_Broker: Sending Cloudlet #3493 to Vm #15
0.01: MET_Broker: Sending Cloudlet #3494 to Vm #15
0.01: MET_Broker: Sending Cloudlet #3495 to Vm #15
0.01: MET_Broker: Sending Cloudlet #3496 to Vm #15
0.01: MET_Broker: Sending Cloudlet #3497 to Vm #15
0.01: MET_Broker: Sending Cloudlet #3498 to Vm #15
0.01: MET_Broker: Sending Cloudlet #3499 to Vm #15
0.01: MET_Broker: Sending Cloudlet #3500 to Vm #15
0.01: MET_Broker: Sending Cloudlet #3501 to Vm #15
0.01: MET_Broker: Sending Cloudlet #3502 to Vm #15
0.01: MET_Broker: Sending Cloudlet #3503 to Vm #15
0.01: MET_Broker: Sending Cloudlet #3504 to Vm #15
0.01: MET_Broker: Sending Cloudlet #3505 to Vm #15
0.01: MET_Broker: Sending Cloudlet #3506 to Vm #15
0.01: MET_Broker: Sending Cloudlet #3507 to Vm #15
0.01: MET_Broker: Sending Cloudlet #3508 to Vm #15
0.01: MET_Broker: Sending Cloudlet #3509 to Vm #15
0.01: MET_Broker: Sending Cloudlet #3510 to Vm #15
0.01: MET_Broker: Sending Cloudlet #3511 to Vm #15
0.01: MET_Broker: Sending Cloudlet #3512 to Vm #15
0.01: MET_Broker: Sending Cloudlet #3513 to Vm #15
0.01: MET_Broker: Sending Cloudlet #3514 to Vm #15
0.01: MET_Broker: Sending Cloudlet #3515 to Vm #15
0.01: MET_Broker: Sending Cloudlet #3516 to Vm #15
0.01: MET_Broker: Sending Cloudlet #3517 to Vm #15
0.01: MET_Broker: Sending Cloudlet #3518 to Vm #15
0.01: MET_Broker: Sending Cloudlet #3519 to Vm #15
0.01: MET_Broker: Sending Cloudlet #3520 to Vm #15
0.01: MET_Broker: Sending Cloudlet #3521 to Vm #15
0.01: MET_Broker: Sending Cloudlet #3522 to Vm #15
0.01: MET_Broker: Sending Cloudlet #3523 to Vm #15
0.01: MET_Broker: Sending Cloudlet #3524 to Vm #15
0.01: MET_Broker: Sending Cloudlet #3525 to Vm #15
0.01: MET_Broker: Sending Cloudlet #3526 to Vm #15
0.01: MET_Broker: Sending Cloudlet #3527 to Vm #15
0.01: MET_Broker: Sending Cloudlet #3528 to Vm #15
0.01: MET_Broker: Sending Cloudlet #3529 to Vm #15
0.01: MET_Broker: Sending Cloudlet #3530 to Vm #15
0.01: MET_Broker: Sending Cloudlet #3531 to Vm #15
0.01: MET_Broker: Sending Cloudlet #3532 to Vm #15
0.01: MET_Broker: Sending Cloudlet #3533 to Vm #15
0.01: MET_Broker: Sending Cloudlet #3534 to Vm #15
0.01: MET_Broker: Sending Cloudlet #3535 to Vm #15
0.01: MET_Broker: Sending Cloudlet #3536 to Vm #15
0.01: MET_Broker: Sending Cloudlet #3537 to Vm #15
0.01: MET_Broker: Sending Cloudlet #3538 to Vm #15
0.01: MET_Broker: Sending Cloudlet #3539 to Vm #15
0.01: MET_Broker: Sending Cloudlet #3540 to Vm #15
0.01: MET_Broker: Sending Cloudlet #3541 to Vm #15
0.01: MET_Broker: Sending Cloudlet #3542 to Vm #15
0.01: MET_Broker: Sending Cloudlet #3543 to Vm #15
0.01: MET_Broker: Sending Cloudlet #3544 to Vm #15
0.01: MET_Broker: Sending Cloudlet #3545 to Vm #15
0.01: MET_Broker: Sending Cloudlet #3546 to Vm #15
0.01: MET_Broker: Sending Cloudlet #3547 to Vm #15
0.01: MET_Broker: Sending Cloudlet #3548 to Vm #15
0.01: MET_Broker: Sending Cloudlet #3549 to Vm #15
0.01: MET_Broker: Sending Cloudlet #3550 to Vm #15
0.01: MET_Broker: Sending Cloudlet #3551 to Vm #15
0.01: MET_Broker: Sending Cloudlet #3552 to Vm #15
0.01: MET_Broker: Sending Cloudlet #3553 to Vm #15
0.01: MET_Broker: Sending Cloudlet #3554 to Vm #15
0.01: MET_Broker: Sending Cloudlet #3555 to Vm #15
0.01: MET_Broker: Sending Cloudlet #3556 to Vm #15
0.01: MET_Broker: Sending Cloudlet #3557 to Vm #15
0.01: MET_Broker: Sending Cloudlet #3558 to Vm #15
0.01: MET_Broker: Sending Cloudlet #3559 to Vm #15
0.01: MET_Broker: Sending Cloudlet #3560 to Vm #15
0.01: MET_Broker: Sending Cloudlet #3561 to Vm #15
0.01: MET_Broker: Sending Cloudlet #3562 to Vm #15
0.01: MET_Broker: Sending Cloudlet #3563 to Vm #15
0.01: MET_Broker: Sending Cloudlet #3564 to Vm #15
0.01: MET_Broker: Sending Cloudlet #3565 to Vm #15
0.01: MET_Broker: Sending Cloudlet #3566 to Vm #15
0.01: MET_Broker: Sending Cloudlet #3567 to Vm #15
0.01: MET_Broker: Sending Cloudlet #3568 to Vm #15
0.01: MET_Broker: Sending Cloudlet #3569 to Vm #15
0.01: MET_Broker: Sending Cloudlet #3570 to Vm #15
0.01: MET_Broker: Sending Cloudlet #3571 to Vm #15
0.01: MET_Broker: Sending Cloudlet #3572 to Vm #15
0.01: MET_Broker: Sending Cloudlet #3573 to Vm #15
0.01: MET_Broker: Sending Cloudlet #3574 to Vm #15
0.01: MET_Broker: Sending Cloudlet #3575 to Vm #15
0.01: MET_Broker: Sending Cloudlet #3576 to Vm #15
0.01: MET_Broker: Sending Cloudlet #3577 to Vm #15
0.01: MET_Broker: Sending Cloudlet #3578 to Vm #15
0.01: MET_Broker: Sending Cloudlet #3579 to Vm #15
0.01: MET_Broker: Sending Cloudlet #3580 to Vm #15
0.01: MET_Broker: Sending Cloudlet #3581 to Vm #15
0.01: MET_Broker: Sending Cloudlet #3582 to Vm #15
0.01: MET_Broker: Sending Cloudlet #3583 to Vm #15
0.01: MET_Broker: Sending Cloudlet #3584 to Vm #15
0.01: MET_Broker: Sending Cloudlet #3585 to Vm #15
0.01: MET_Broker: Sending Cloudlet #3586 to Vm #15
0.01: MET_Broker: Sending Cloudlet #3587 to Vm #15
0.01: MET_Broker: Sending Cloudlet #3588 to Vm #15
0.01: MET_Broker: Sending Cloudlet #3589 to Vm #15
0.01: MET_Broker: Sending Cloudlet #3590 to Vm #15
0.01: MET_Broker: Sending Cloudlet #3591 to Vm #15
0.01: MET_Broker: Sending Cloudlet #3592 to Vm #15
0.01: MET_Broker: Sending Cloudlet #3593 to Vm #15
0.01: MET_Broker: Sending Cloudlet #3594 to Vm #15
0.01: MET_Broker: Sending Cloudlet #3595 to Vm #15
0.01: MET_Broker: Sending Cloudlet #3596 to Vm #15
0.01: MET_Broker: Sending Cloudlet #3597 to Vm #15
0.01: MET_Broker: Sending Cloudlet #3598 to Vm #15
0.01: MET_Broker: Sending Cloudlet #3599 to Vm #15
0.01: MET_Broker: Sending Cloudlet #3600 to Vm #15
0.01: MET_Broker: Sending Cloudlet #3601 to Vm #15
0.01: MET_Broker: Sending Cloudlet #3602 to Vm #15
0.01: MET_Broker: Sending Cloudlet #3603 to Vm #15
0.01: MET_Broker: Sending Cloudlet #3604 to Vm #15
0.01: MET_Broker: Sending Cloudlet #3605 to Vm #15
0.01: MET_Broker: Sending Cloudlet #3606 to Vm #15
0.01: MET_Broker: Sending Cloudlet #3607 to Vm #15
0.01: MET_Broker: Sending Cloudlet #3608 to Vm #15
0.01: MET_Broker: Sending Cloudlet #3609 to Vm #15
0.01: MET_Broker: Sending Cloudlet #3610 to Vm #15
0.01: MET_Broker: Sending Cloudlet #3611 to Vm #15
0.01: MET_Broker: Sending Cloudlet #3612 to Vm #15
0.01: MET_Broker: Sending Cloudlet #3613 to Vm #15
0.01: MET_Broker: Sending Cloudlet #3614 to Vm #15
0.01: MET_Broker: Sending Cloudlet #3615 to Vm #15
0.01: MET_Broker: Sending Cloudlet #3616 to Vm #15
0.01: MET_Broker: Sending Cloudlet #3617 to Vm #15
0.01: MET_Broker: Sending Cloudlet #3618 to Vm #15
0.01: MET_Broker: Sending Cloudlet #3619 to Vm #15
0.01: MET_Broker: Sending Cloudlet #3620 to Vm #15
0.01: MET_Broker: Sending Cloudlet #3621 to Vm #15
0.01: MET_Broker: Sending Cloudlet #3622 to Vm #15
0.01: MET_Broker: Sending Cloudlet #3623 to Vm #15
0.01: MET_Broker: Sending Cloudlet #3624 to Vm #15
0.01: MET_Broker: Sending Cloudlet #3625 to Vm #15
0.01: MET_Broker: Sending Cloudlet #3626 to Vm #15
0.01: MET_Broker: Sending Cloudlet #3627 to Vm #15
0.01: MET_Broker: Sending Cloudlet #3628 to Vm #15
0.01: MET_Broker: Sending Cloudlet #3629 to Vm #15
0.01: MET_Broker: Sending Cloudlet #3630 to Vm #15
0.01: MET_Broker: Sending Cloudlet #3631 to Vm #15
0.01: MET_Broker: Sending Cloudlet #3632 to Vm #15
0.01: MET_Broker: Sending Cloudlet #3633 to Vm #15
0.01: MET_Broker: Sending Cloudlet #3634 to Vm #15
0.01: MET_Broker: Sending Cloudlet #3635 to Vm #15
0.01: MET_Broker: Sending Cloudlet #3636 to Vm #15
0.01: MET_Broker: Sending Cloudlet #3637 to Vm #15
0.01: MET_Broker: Sending Cloudlet #3638 to Vm #15
0.01: MET_Broker: Sending Cloudlet #3639 to Vm #15
0.01: MET_Broker: Sending Cloudlet #3640 to Vm #15
0.01: MET_Broker: Sending Cloudlet #3641 to Vm #15
0.01: MET_Broker: Sending Cloudlet #3642 to Vm #15
0.01: MET_Broker: Sending Cloudlet #3643 to Vm #15
0.01: MET_Broker: Sending Cloudlet #3644 to Vm #15
0.01: MET_Broker: Sending Cloudlet #3645 to Vm #15
0.01: MET_Broker: Sending Cloudlet #3646 to Vm #15
0.01: MET_Broker: Sending Cloudlet #3647 to Vm #15
0.01: MET_Broker: Sending Cloudlet #3648 to Vm #15
0.01: MET_Broker: Sending Cloudlet #3649 to Vm #15
0.01: MET_Broker: Sending Cloudlet #3650 to Vm #15
0.01: MET_Broker: Sending Cloudlet #3651 to Vm #15
0.01: MET_Broker: Sending Cloudlet #3652 to Vm #15
0.01: MET_Broker: Sending Cloudlet #3653 to Vm #15
0.01: MET_Broker: Sending Cloudlet #3654 to Vm #15
0.01: MET_Broker: Sending Cloudlet #3655 to Vm #15
0.01: MET_Broker: Sending Cloudlet #3656 to Vm #15
0.01: MET_Broker: Sending Cloudlet #3657 to Vm #15
0.01: MET_Broker: Sending Cloudlet #3658 to Vm #15
0.01: MET_Broker: Sending Cloudlet #3659 to Vm #15
0.01: MET_Broker: Sending Cloudlet #3660 to Vm #15
0.01: MET_Broker: Sending Cloudlet #3661 to Vm #15
0.01: MET_Broker: Sending Cloudlet #3662 to Vm #15
0.01: MET_Broker: Sending Cloudlet #3663 to Vm #15
0.01: MET_Broker: Sending Cloudlet #3664 to Vm #15
0.01: MET_Broker: Sending Cloudlet #3665 to Vm #15
0.01: MET_Broker: Sending Cloudlet #3666 to Vm #15
0.01: MET_Broker: Sending Cloudlet #3667 to Vm #15
0.01: MET_Broker: Sending Cloudlet #3668 to Vm #15
0.01: MET_Broker: Sending Cloudlet #3669 to Vm #15
0.01: MET_Broker: Sending Cloudlet #3670 to Vm #15
0.01: MET_Broker: Sending Cloudlet #3671 to Vm #15
0.01: MET_Broker: Sending Cloudlet #3672 to Vm #15
0.01: MET_Broker: Sending Cloudlet #3673 to Vm #15
0.01: MET_Broker: Sending Cloudlet #3674 to Vm #15
0.01: MET_Broker: Sending Cloudlet #3675 to Vm #15
0.01: MET_Broker: Sending Cloudlet #3676 to Vm #15
0.01: MET_Broker: Sending Cloudlet #3677 to Vm #15
0.01: MET_Broker: Sending Cloudlet #3678 to Vm #15
0.01: MET_Broker: Sending Cloudlet #3679 to Vm #15
0.01: MET_Broker: Sending Cloudlet #3680 to Vm #15
0.01: MET_Broker: Sending Cloudlet #3681 to Vm #15
0.01: MET_Broker: Sending Cloudlet #3682 to Vm #15
0.01: MET_Broker: Sending Cloudlet #3683 to Vm #15
0.01: MET_Broker: Sending Cloudlet #3684 to Vm #15
0.01: MET_Broker: Sending Cloudlet #3685 to Vm #15
0.01: MET_Broker: Sending Cloudlet #3686 to Vm #15
0.01: MET_Broker: Sending Cloudlet #3687 to Vm #15
0.01: MET_Broker: Sending Cloudlet #3688 to Vm #15
0.01: MET_Broker: Sending Cloudlet #3689 to Vm #15
0.01: MET_Broker: Sending Cloudlet #3690 to Vm #15
0.01: MET_Broker: Sending Cloudlet #3691 to Vm #15
0.01: MET_Broker: Sending Cloudlet #3692 to Vm #15
0.01: MET_Broker: Sending Cloudlet #3693 to Vm #15
0.01: MET_Broker: Sending Cloudlet #3694 to Vm #15
0.01: MET_Broker: Sending Cloudlet #3695 to Vm #15
0.01: MET_Broker: Sending Cloudlet #3696 to Vm #15
0.01: MET_Broker: Sending Cloudlet #3697 to Vm #15
0.01: MET_Broker: Sending Cloudlet #3698 to Vm #15
0.01: MET_Broker: Sending Cloudlet #3699 to Vm #15
0.01: MET_Broker: Sending Cloudlet #3700 to Vm #15
0.01: MET_Broker: Sending Cloudlet #3701 to Vm #15
0.01: MET_Broker: Sending Cloudlet #3702 to Vm #15
0.01: MET_Broker: Sending Cloudlet #3703 to Vm #15
0.01: MET_Broker: Sending Cloudlet #3704 to Vm #15
0.01: MET_Broker: Sending Cloudlet #3705 to Vm #15
0.01: MET_Broker: Sending Cloudlet #3706 to Vm #15
0.01: MET_Broker: Sending Cloudlet #3707 to Vm #15
0.01: MET_Broker: Sending Cloudlet #3708 to Vm #15
0.01: MET_Broker: Sending Cloudlet #3709 to Vm #15
0.01: MET_Broker: Sending Cloudlet #3710 to Vm #15
0.01: MET_Broker: Sending Cloudlet #3711 to Vm #15
0.01: MET_Broker: Sending Cloudlet #3712 to Vm #15
0.01: MET_Broker: Sending Cloudlet #3713 to Vm #15
0.01: MET_Broker: Sending Cloudlet #3714 to Vm #15
0.01: MET_Broker: Sending Cloudlet #3715 to Vm #15
0.01: MET_Broker: Sending Cloudlet #3716 to Vm #15
0.01: MET_Broker: Sending Cloudlet #3717 to Vm #15
0.01: MET_Broker: Sending Cloudlet #3718 to Vm #15
0.01: MET_Broker: Sending Cloudlet #3719 to Vm #15
0.01: MET_Broker: Sending Cloudlet #3720 to Vm #15
0.01: MET_Broker: Sending Cloudlet #3721 to Vm #15
0.01: MET_Broker: Sending Cloudlet #3722 to Vm #15
0.01: MET_Broker: Sending Cloudlet #3723 to Vm #15
0.01: MET_Broker: Sending Cloudlet #3724 to Vm #15
0.01: MET_Broker: Sending Cloudlet #3725 to Vm #15
0.01: MET_Broker: Sending Cloudlet #3726 to Vm #15
0.01: MET_Broker: Sending Cloudlet #3727 to Vm #15
0.01: MET_Broker: Sending Cloudlet #3728 to Vm #15
0.01: MET_Broker: Sending Cloudlet #3729 to Vm #15
0.01: MET_Broker: Sending Cloudlet #3730 to Vm #15
0.01: MET_Broker: Sending Cloudlet #3731 to Vm #15
0.01: MET_Broker: Sending Cloudlet #3732 to Vm #15
0.01: MET_Broker: Sending Cloudlet #3733 to Vm #15
0.01: MET_Broker: Sending Cloudlet #3734 to Vm #15
0.01: MET_Broker: Sending Cloudlet #3735 to Vm #15
0.01: MET_Broker: Sending Cloudlet #3736 to Vm #15
0.01: MET_Broker: Sending Cloudlet #3737 to Vm #15
0.01: MET_Broker: Sending Cloudlet #3738 to Vm #15
0.01: MET_Broker: Sending Cloudlet #3739 to Vm #15
0.01: MET_Broker: Sending Cloudlet #3740 to Vm #15
0.01: MET_Broker: Sending Cloudlet #3741 to Vm #15
0.01: MET_Broker: Sending Cloudlet #3742 to Vm #15
0.01: MET_Broker: Sending Cloudlet #3743 to Vm #15
0.01: MET_Broker: Sending Cloudlet #3744 to Vm #15
0.01: MET_Broker: Sending Cloudlet #3745 to Vm #15
0.01: MET_Broker: Sending Cloudlet #3746 to Vm #15
0.01: MET_Broker: Sending Cloudlet #3747 to Vm #15
0.01: MET_Broker: Sending Cloudlet #3748 to Vm #15
0.01: MET_Broker: Sending Cloudlet #3749 to Vm #15
0.01: MET_Broker: Sending Cloudlet #3750 to Vm #15
0.01: MET_Broker: Sending Cloudlet #3751 to Vm #15
0.01: MET_Broker: Sending Cloudlet #3752 to Vm #15
0.01: MET_Broker: Sending Cloudlet #3753 to Vm #15
0.01: MET_Broker: Sending Cloudlet #3754 to Vm #15
0.01: MET_Broker: Sending Cloudlet #3755 to Vm #15
0.01: MET_Broker: Sending Cloudlet #3756 to Vm #15
0.01: MET_Broker: Sending Cloudlet #3757 to Vm #15
0.01: MET_Broker: Sending Cloudlet #3758 to Vm #15
0.01: MET_Broker: Sending Cloudlet #3759 to Vm #15
0.01: MET_Broker: Sending Cloudlet #3760 to Vm #15
0.01: MET_Broker: Sending Cloudlet #3761 to Vm #15
0.01: MET_Broker: Sending Cloudlet #3762 to Vm #15
0.01: MET_Broker: Sending Cloudlet #3763 to Vm #15
0.01: MET_Broker: Sending Cloudlet #3764 to Vm #15
0.01: MET_Broker: Sending Cloudlet #3765 to Vm #15
0.01: MET_Broker: Sending Cloudlet #3766 to Vm #15
0.01: MET_Broker: Sending Cloudlet #3767 to Vm #15
0.01: MET_Broker: Sending Cloudlet #3768 to Vm #15
0.01: MET_Broker: Sending Cloudlet #3769 to Vm #15
0.01: MET_Broker: Sending Cloudlet #3770 to Vm #15
0.01: MET_Broker: Sending Cloudlet #3771 to Vm #15
0.01: MET_Broker: Sending Cloudlet #3772 to Vm #15
0.01: MET_Broker: Sending Cloudlet #3773 to Vm #15
0.01: MET_Broker: Sending Cloudlet #3774 to Vm #15
0.01: MET_Broker: Sending Cloudlet #3775 to Vm #15
0.01: MET_Broker: Sending Cloudlet #3776 to Vm #15
0.01: MET_Broker: Sending Cloudlet #3777 to Vm #15
0.01: MET_Broker: Sending Cloudlet #3778 to Vm #15
0.01: MET_Broker: Sending Cloudlet #3779 to Vm #15
0.01: MET_Broker: Sending Cloudlet #3780 to Vm #15
0.01: MET_Broker: Sending Cloudlet #3781 to Vm #15
0.01: MET_Broker: Sending Cloudlet #3782 to Vm #15
0.01: MET_Broker: Sending Cloudlet #3783 to Vm #15
0.01: MET_Broker: Sending Cloudlet #3784 to Vm #15
0.01: MET_Broker: Sending Cloudlet #3785 to Vm #15
0.01: MET_Broker: Sending Cloudlet #3786 to Vm #15
0.01: MET_Broker: Sending Cloudlet #3787 to Vm #15
0.01: MET_Broker: Sending Cloudlet #3788 to Vm #15
0.01: MET_Broker: Sending Cloudlet #3789 to Vm #15
0.01: MET_Broker: Sending Cloudlet #3790 to Vm #15
0.01: MET_Broker: Sending Cloudlet #3791 to Vm #15
0.01: MET_Broker: Sending Cloudlet #3792 to Vm #15
0.01: MET_Broker: Sending Cloudlet #3793 to Vm #15
0.01: MET_Broker: Sending Cloudlet #3794 to Vm #15
0.01: MET_Broker: Sending Cloudlet #3795 to Vm #15
0.01: MET_Broker: Sending Cloudlet #3796 to Vm #15
0.01: MET_Broker: Sending Cloudlet #3797 to Vm #15
0.01: MET_Broker: Sending Cloudlet #3798 to Vm #15
0.01: MET_Broker: Sending Cloudlet #3799 to Vm #15
0.01: MET_Broker: Sending Cloudlet #3800 to Vm #15
0.01: MET_Broker: Sending Cloudlet #3801 to Vm #15
0.01: MET_Broker: Sending Cloudlet #3802 to Vm #15
0.01: MET_Broker: Sending Cloudlet #3803 to Vm #15
0.01: MET_Broker: Sending Cloudlet #3804 to Vm #15
0.01: MET_Broker: Sending Cloudlet #3805 to Vm #15
0.01: MET_Broker: Sending Cloudlet #3806 to Vm #15
0.01: MET_Broker: Sending Cloudlet #3807 to Vm #15
0.01: MET_Broker: Sending Cloudlet #3808 to Vm #15
0.01: MET_Broker: Sending Cloudlet #3809 to Vm #15
0.01: MET_Broker: Sending Cloudlet #3810 to Vm #15
0.01: MET_Broker: Sending Cloudlet #3811 to Vm #15
0.01: MET_Broker: Sending Cloudlet #3812 to Vm #15
0.01: MET_Broker: Sending Cloudlet #3813 to Vm #15
0.01: MET_Broker: Sending Cloudlet #3814 to Vm #15
0.01: MET_Broker: Sending Cloudlet #3815 to Vm #15
0.01: MET_Broker: Sending Cloudlet #3816 to Vm #15
0.01: MET_Broker: Sending Cloudlet #3817 to Vm #15
0.01: MET_Broker: Sending Cloudlet #3818 to Vm #15
0.01: MET_Broker: Sending Cloudlet #3819 to Vm #15
0.01: MET_Broker: Sending Cloudlet #3820 to Vm #15
0.01: MET_Broker: Sending Cloudlet #3821 to Vm #15
0.01: MET_Broker: Sending Cloudlet #3822 to Vm #15
0.01: MET_Broker: Sending Cloudlet #3823 to Vm #15
0.01: MET_Broker: Sending Cloudlet #3824 to Vm #15
0.01: MET_Broker: Sending Cloudlet #3825 to Vm #15
0.01: MET_Broker: Sending Cloudlet #3826 to Vm #15
0.01: MET_Broker: Sending Cloudlet #3827 to Vm #15
0.01: MET_Broker: Sending Cloudlet #3828 to Vm #15
0.01: MET_Broker: Sending Cloudlet #3829 to Vm #15
0.01: MET_Broker: Sending Cloudlet #3830 to Vm #15
0.01: MET_Broker: Sending Cloudlet #3831 to Vm #15
0.01: MET_Broker: Sending Cloudlet #3832 to Vm #15
0.01: MET_Broker: Sending Cloudlet #3833 to Vm #15
0.01: MET_Broker: Sending Cloudlet #3834 to Vm #15
0.01: MET_Broker: Sending Cloudlet #3835 to Vm #15
0.01: MET_Broker: Sending Cloudlet #3836 to Vm #15
0.01: MET_Broker: Sending Cloudlet #3837 to Vm #15
0.01: MET_Broker: Sending Cloudlet #3838 to Vm #15
0.01: MET_Broker: Sending Cloudlet #3839 to Vm #15
0.01: MET_Broker: Sending Cloudlet #3840 to Vm #15
0.01: MET_Broker: Sending Cloudlet #3841 to Vm #15
0.01: MET_Broker: Sending Cloudlet #3842 to Vm #15
0.01: MET_Broker: Sending Cloudlet #3843 to Vm #15
0.01: MET_Broker: Sending Cloudlet #3844 to Vm #15
0.01: MET_Broker: Sending Cloudlet #3845 to Vm #15
0.01: MET_Broker: Sending Cloudlet #3846 to Vm #15
0.01: MET_Broker: Sending Cloudlet #3847 to Vm #15
0.01: MET_Broker: Sending Cloudlet #3848 to Vm #15
0.01: MET_Broker: Sending Cloudlet #3849 to Vm #15
0.01: MET_Broker: Sending Cloudlet #3850 to Vm #15
0.01: MET_Broker: Sending Cloudlet #3851 to Vm #15
0.01: MET_Broker: Sending Cloudlet #3852 to Vm #15
0.01: MET_Broker: Sending Cloudlet #3853 to Vm #15
0.01: MET_Broker: Sending Cloudlet #3854 to Vm #15
0.01: MET_Broker: Sending Cloudlet #3855 to Vm #15
0.01: MET_Broker: Sending Cloudlet #3856 to Vm #15
0.01: MET_Broker: Sending Cloudlet #3857 to Vm #15
0.01: MET_Broker: Sending Cloudlet #3858 to Vm #15
0.01: MET_Broker: Sending Cloudlet #3859 to Vm #15
0.01: MET_Broker: Sending Cloudlet #3860 to Vm #15
0.01: MET_Broker: Sending Cloudlet #3861 to Vm #15
0.01: MET_Broker: Sending Cloudlet #3862 to Vm #15
0.01: MET_Broker: Sending Cloudlet #3863 to Vm #15
0.01: MET_Broker: Sending Cloudlet #3864 to Vm #15
0.01: MET_Broker: Sending Cloudlet #3865 to Vm #15
0.01: MET_Broker: Sending Cloudlet #3866 to Vm #15
0.01: MET_Broker: Sending Cloudlet #3867 to Vm #15
0.01: MET_Broker: Sending Cloudlet #3868 to Vm #15
0.01: MET_Broker: Sending Cloudlet #3869 to Vm #15
0.01: MET_Broker: Sending Cloudlet #3870 to Vm #15
0.01: MET_Broker: Sending Cloudlet #3871 to Vm #15
0.01: MET_Broker: Sending Cloudlet #3872 to Vm #15
0.01: MET_Broker: Sending Cloudlet #3873 to Vm #15
0.01: MET_Broker: Sending Cloudlet #3874 to Vm #15
0.01: MET_Broker: Sending Cloudlet #3875 to Vm #15
0.01: MET_Broker: Sending Cloudlet #3876 to Vm #15
0.01: MET_Broker: Sending Cloudlet #3877 to Vm #15
0.01: MET_Broker: Sending Cloudlet #3878 to Vm #15
0.01: MET_Broker: Sending Cloudlet #3879 to Vm #15
0.01: MET_Broker: Sending Cloudlet #3880 to Vm #15
0.01: MET_Broker: Sending Cloudlet #3881 to Vm #15
0.01: MET_Broker: Sending Cloudlet #3882 to Vm #15
0.01: MET_Broker: Sending Cloudlet #3883 to Vm #15
0.01: MET_Broker: Sending Cloudlet #3884 to Vm #15
0.01: MET_Broker: Sending Cloudlet #3885 to Vm #15
0.01: MET_Broker: Sending Cloudlet #3886 to Vm #15
0.01: MET_Broker: Sending Cloudlet #3887 to Vm #15
0.01: MET_Broker: Sending Cloudlet #3888 to Vm #15
0.01: MET_Broker: Sending Cloudlet #3889 to Vm #15
0.01: MET_Broker: Sending Cloudlet #3890 to Vm #15
0.01: MET_Broker: Sending Cloudlet #3891 to Vm #15
0.01: MET_Broker: Sending Cloudlet #3892 to Vm #15
0.01: MET_Broker: Sending Cloudlet #3893 to Vm #15
0.01: MET_Broker: Sending Cloudlet #3894 to Vm #15
0.01: MET_Broker: Sending Cloudlet #3895 to Vm #15
0.01: MET_Broker: Sending Cloudlet #3896 to Vm #15
0.01: MET_Broker: Sending Cloudlet #3897 to Vm #15
0.01: MET_Broker: Sending Cloudlet #3898 to Vm #15
0.01: MET_Broker: Sending Cloudlet #3899 to Vm #15
0.01: MET_Broker: Sending Cloudlet #3900 to Vm #15
0.01: MET_Broker: Sending Cloudlet #3901 to Vm #15
0.01: MET_Broker: Sending Cloudlet #3902 to Vm #15
0.01: MET_Broker: Sending Cloudlet #3903 to Vm #15
0.01: MET_Broker: Sending Cloudlet #3904 to Vm #15
0.01: MET_Broker: Sending Cloudlet #3905 to Vm #15
0.01: MET_Broker: Sending Cloudlet #3906 to Vm #15
0.01: MET_Broker: Sending Cloudlet #3907 to Vm #15
0.01: MET_Broker: Sending Cloudlet #3908 to Vm #15
0.01: MET_Broker: Sending Cloudlet #3909 to Vm #15
0.01: MET_Broker: Sending Cloudlet #3910 to Vm #15
0.01: MET_Broker: Sending Cloudlet #3911 to Vm #15
0.01: MET_Broker: Sending Cloudlet #3912 to Vm #15
0.01: MET_Broker: Sending Cloudlet #3913 to Vm #15
0.01: MET_Broker: Sending Cloudlet #3914 to Vm #15
0.01: MET_Broker: Sending Cloudlet #3915 to Vm #15
0.01: MET_Broker: Sending Cloudlet #3916 to Vm #15
0.01: MET_Broker: Sending Cloudlet #3917 to Vm #15
0.01: MET_Broker: Sending Cloudlet #3918 to Vm #15
0.01: MET_Broker: Sending Cloudlet #3919 to Vm #15
0.01: MET_Broker: Sending Cloudlet #3920 to Vm #15
0.01: MET_Broker: Sending Cloudlet #3921 to Vm #15
0.01: MET_Broker: Sending Cloudlet #3922 to Vm #15
0.01: MET_Broker: Sending Cloudlet #3923 to Vm #15
0.01: MET_Broker: Sending Cloudlet #3924 to Vm #15
0.01: MET_Broker: Sending Cloudlet #3925 to Vm #15
0.01: MET_Broker: Sending Cloudlet #3926 to Vm #15
0.01: MET_Broker: Sending Cloudlet #3927 to Vm #15
0.01: MET_Broker: Sending Cloudlet #3928 to Vm #15
0.01: MET_Broker: Sending Cloudlet #3929 to Vm #15
0.01: MET_Broker: Sending Cloudlet #3930 to Vm #15
0.01: MET_Broker: Sending Cloudlet #3931 to Vm #15
0.01: MET_Broker: Sending Cloudlet #3932 to Vm #15
0.01: MET_Broker: Sending Cloudlet #3933 to Vm #15
0.01: MET_Broker: Sending Cloudlet #3934 to Vm #15
0.01: MET_Broker: Sending Cloudlet #3935 to Vm #15
0.01: MET_Broker: Sending Cloudlet #3936 to Vm #15
0.01: MET_Broker: Sending Cloudlet #3937 to Vm #15
0.01: MET_Broker: Sending Cloudlet #3938 to Vm #15
0.01: MET_Broker: Sending Cloudlet #3939 to Vm #15
0.01: MET_Broker: Sending Cloudlet #3940 to Vm #15
0.01: MET_Broker: Sending Cloudlet #3941 to Vm #15
0.01: MET_Broker: Sending Cloudlet #3942 to Vm #15
0.01: MET_Broker: Sending Cloudlet #3943 to Vm #15
0.01: MET_Broker: Sending Cloudlet #3944 to Vm #15
0.01: MET_Broker: Sending Cloudlet #3945 to Vm #15
0.01: MET_Broker: Sending Cloudlet #3946 to Vm #15
0.01: MET_Broker: Sending Cloudlet #3947 to Vm #15
0.01: MET_Broker: Sending Cloudlet #3948 to Vm #15
0.01: MET_Broker: Sending Cloudlet #3949 to Vm #15
0.01: MET_Broker: Sending Cloudlet #3950 to Vm #15
0.01: MET_Broker: Sending Cloudlet #3951 to Vm #15
0.01: MET_Broker: Sending Cloudlet #3952 to Vm #15
0.01: MET_Broker: Sending Cloudlet #3953 to Vm #15
0.01: MET_Broker: Sending Cloudlet #3954 to Vm #15
0.01: MET_Broker: Sending Cloudlet #3955 to Vm #15
0.01: MET_Broker: Sending Cloudlet #3956 to Vm #15
0.01: MET_Broker: Sending Cloudlet #3957 to Vm #15
0.01: MET_Broker: Sending Cloudlet #3958 to Vm #15
0.01: MET_Broker: Sending Cloudlet #3959 to Vm #15
0.01: MET_Broker: Sending Cloudlet #3960 to Vm #15
0.01: MET_Broker: Sending Cloudlet #3961 to Vm #15
0.01: MET_Broker: Sending Cloudlet #3962 to Vm #15
0.01: MET_Broker: Sending Cloudlet #3963 to Vm #15
0.01: MET_Broker: Sending Cloudlet #3964 to Vm #15
0.01: MET_Broker: Sending Cloudlet #3965 to Vm #15
0.01: MET_Broker: Sending Cloudlet #3966 to Vm #15
0.01: MET_Broker: Sending Cloudlet #3967 to Vm #15
0.01: MET_Broker: Sending Cloudlet #3968 to Vm #15
0.01: MET_Broker: Sending Cloudlet #3969 to Vm #15
0.01: MET_Broker: Sending Cloudlet #3970 to Vm #15
0.01: MET_Broker: Sending Cloudlet #3971 to Vm #15
0.01: MET_Broker: Sending Cloudlet #3972 to Vm #15
0.01: MET_Broker: Sending Cloudlet #3973 to Vm #15
0.01: MET_Broker: Sending Cloudlet #3974 to Vm #15
0.01: MET_Broker: Sending Cloudlet #3975 to Vm #15
0.01: MET_Broker: Sending Cloudlet #3976 to Vm #15
0.01: MET_Broker: Sending Cloudlet #3977 to Vm #15
0.01: MET_Broker: Sending Cloudlet #3978 to Vm #15
0.01: MET_Broker: Sending Cloudlet #3979 to Vm #15
0.01: MET_Broker: Sending Cloudlet #3980 to Vm #15
0.01: MET_Broker: Sending Cloudlet #3981 to Vm #15
0.01: MET_Broker: Sending Cloudlet #3982 to Vm #15
0.01: MET_Broker: Sending Cloudlet #3983 to Vm #15
0.01: MET_Broker: Sending Cloudlet #3984 to Vm #15
0.01: MET_Broker: Sending Cloudlet #3985 to Vm #15
0.01: MET_Broker: Sending Cloudlet #3986 to Vm #15
0.01: MET_Broker: Sending Cloudlet #3987 to Vm #15
0.01: MET_Broker: Sending Cloudlet #3988 to Vm #15
0.01: MET_Broker: Sending Cloudlet #3989 to Vm #15
0.01: MET_Broker: Sending Cloudlet #3990 to Vm #15
0.01: MET_Broker: Sending Cloudlet #3991 to Vm #15
0.01: MET_Broker: Sending Cloudlet #3992 to Vm #15
0.01: MET_Broker: Sending Cloudlet #3993 to Vm #15
0.01: MET_Broker: Sending Cloudlet #3994 to Vm #15
0.01: MET_Broker: Sending Cloudlet #3995 to Vm #15
0.01: MET_Broker: Sending Cloudlet #3996 to Vm #15
0.01: MET_Broker: Sending Cloudlet #3997 to Vm #15
0.01: MET_Broker: Sending Cloudlet #3998 to Vm #15
0.01: MET_Broker: Sending Cloudlet #3999 to Vm #15
0.01: MET_Broker: Sending Cloudlet #4000 to Vm #15
0.01: MET_Broker: Sending Cloudlet #4001 to Vm #15
0.01: MET_Broker: Sending Cloudlet #4002 to Vm #15
0.01: MET_Broker: Sending Cloudlet #4003 to Vm #15
0.01: MET_Broker: Sending Cloudlet #4004 to Vm #15
0.01: MET_Broker: Sending Cloudlet #4005 to Vm #15
0.01: MET_Broker: Sending Cloudlet #4006 to Vm #15
0.01: MET_Broker: Sending Cloudlet #4007 to Vm #15
0.01: MET_Broker: Sending Cloudlet #4008 to Vm #15
0.01: MET_Broker: Sending Cloudlet #4009 to Vm #15
0.01: MET_Broker: Sending Cloudlet #4010 to Vm #15
0.01: MET_Broker: Sending Cloudlet #4011 to Vm #15
0.01: MET_Broker: Sending Cloudlet #4012 to Vm #15
0.01: MET_Broker: Sending Cloudlet #4013 to Vm #15
0.01: MET_Broker: Sending Cloudlet #4014 to Vm #15
0.01: MET_Broker: Sending Cloudlet #4015 to Vm #15
0.01: MET_Broker: Sending Cloudlet #4016 to Vm #15
0.01: MET_Broker: Sending Cloudlet #4017 to Vm #15
0.01: MET_Broker: Sending Cloudlet #4018 to Vm #15
0.01: MET_Broker: Sending Cloudlet #4019 to Vm #15
0.01: MET_Broker: Sending Cloudlet #4020 to Vm #15
0.01: MET_Broker: Sending Cloudlet #4021 to Vm #15
0.01: MET_Broker: Sending Cloudlet #4022 to Vm #15
0.01: MET_Broker: Sending Cloudlet #4023 to Vm #15
0.01: MET_Broker: Sending Cloudlet #4024 to Vm #15
0.01: MET_Broker: Sending Cloudlet #4025 to Vm #15
0.01: MET_Broker: Sending Cloudlet #4026 to Vm #15
0.01: MET_Broker: Sending Cloudlet #4027 to Vm #15
0.01: MET_Broker: Sending Cloudlet #4028 to Vm #15
0.01: MET_Broker: Sending Cloudlet #4029 to Vm #15
0.01: MET_Broker: Sending Cloudlet #4030 to Vm #15
0.01: MET_Broker: Sending Cloudlet #4031 to Vm #15
0.01: MET_Broker: Sending Cloudlet #4032 to Vm #15
0.01: MET_Broker: Sending Cloudlet #4033 to Vm #15
0.01: MET_Broker: Sending Cloudlet #4034 to Vm #15
0.01: MET_Broker: Sending Cloudlet #4035 to Vm #15
0.01: MET_Broker: Sending Cloudlet #4036 to Vm #15
0.01: MET_Broker: Sending Cloudlet #4037 to Vm #15
0.01: MET_Broker: Sending Cloudlet #4038 to Vm #15
0.01: MET_Broker: Sending Cloudlet #4039 to Vm #15
0.01: MET_Broker: Sending Cloudlet #4040 to Vm #15
0.01: MET_Broker: Sending Cloudlet #4041 to Vm #15
0.01: MET_Broker: Sending Cloudlet #4042 to Vm #15
0.01: MET_Broker: Sending Cloudlet #4043 to Vm #15
0.01: MET_Broker: Sending Cloudlet #4044 to Vm #15
0.01: MET_Broker: Sending Cloudlet #4045 to Vm #15
0.01: MET_Broker: Sending Cloudlet #4046 to Vm #15
0.01: MET_Broker: Sending Cloudlet #4047 to Vm #15
0.01: MET_Broker: Sending Cloudlet #4048 to Vm #15
0.01: MET_Broker: Sending Cloudlet #4049 to Vm #15
0.01: MET_Broker: Sending Cloudlet #4050 to Vm #15
0.01: MET_Broker: Sending Cloudlet #4051 to Vm #15
0.01: MET_Broker: Sending Cloudlet #4052 to Vm #15
0.01: MET_Broker: Sending Cloudlet #4053 to Vm #15
0.01: MET_Broker: Sending Cloudlet #4054 to Vm #15
0.01: MET_Broker: Sending Cloudlet #4055 to Vm #15
0.01: MET_Broker: Sending Cloudlet #4056 to Vm #15
0.01: MET_Broker: Sending Cloudlet #4057 to Vm #15
0.01: MET_Broker: Sending Cloudlet #4058 to Vm #15
0.01: MET_Broker: Sending Cloudlet #4059 to Vm #15
0.01: MET_Broker: Sending Cloudlet #4060 to Vm #15
0.01: MET_Broker: Sending Cloudlet #4061 to Vm #15
0.01: MET_Broker: Sending Cloudlet #4062 to Vm #15
0.01: MET_Broker: Sending Cloudlet #4063 to Vm #15
0.01: MET_Broker: Sending Cloudlet #4064 to Vm #15
0.01: MET_Broker: Sending Cloudlet #4065 to Vm #15
0.01: MET_Broker: Sending Cloudlet #4066 to Vm #15
0.01: MET_Broker: Sending Cloudlet #4067 to Vm #15
0.01: MET_Broker: Sending Cloudlet #4068 to Vm #15
0.01: MET_Broker: Sending Cloudlet #4069 to Vm #15
0.01: MET_Broker: Sending Cloudlet #4070 to Vm #15
0.01: MET_Broker: Sending Cloudlet #4071 to Vm #15
0.01: MET_Broker: Sending Cloudlet #4072 to Vm #15
0.01: MET_Broker: Sending Cloudlet #4073 to Vm #15
0.01: MET_Broker: Sending Cloudlet #4074 to Vm #15
0.01: MET_Broker: Sending Cloudlet #4075 to Vm #15
0.01: MET_Broker: Sending Cloudlet #4076 to Vm #15
0.01: MET_Broker: Sending Cloudlet #4077 to Vm #15
0.01: MET_Broker: Sending Cloudlet #4078 to Vm #15
0.01: MET_Broker: Sending Cloudlet #4079 to Vm #15
0.01: MET_Broker: Sending Cloudlet #4080 to Vm #15
0.01: MET_Broker: Sending Cloudlet #4081 to Vm #15
0.01: MET_Broker: Sending Cloudlet #4082 to Vm #15
0.01: MET_Broker: Sending Cloudlet #4083 to Vm #15
0.01: MET_Broker: Sending Cloudlet #4084 to Vm #15
0.01: MET_Broker: Sending Cloudlet #4085 to Vm #15
0.01: MET_Broker: Sending Cloudlet #4086 to Vm #15
0.01: MET_Broker: Sending Cloudlet #4087 to Vm #15
0.01: MET_Broker: Sending Cloudlet #4088 to Vm #15
0.01: MET_Broker: Sending Cloudlet #4089 to Vm #15
0.01: MET_Broker: Sending Cloudlet #4090 to Vm #15
0.01: MET_Broker: Sending Cloudlet #4091 to Vm #15
0.01: MET_Broker: Sending Cloudlet #4092 to Vm #15
0.01: MET_Broker: Sending Cloudlet #4093 to Vm #15
0.01: MET_Broker: Sending Cloudlet #4094 to Vm #15
0.01: MET_Broker: Sending Cloudlet #4095 to Vm #15
0.01: MET_Broker: Sending Cloudlet #4096 to Vm #15
0.01: MET_Broker: Sending Cloudlet #4097 to Vm #15
0.01: MET_Broker: Sending Cloudlet #4098 to Vm #15
0.01: MET_Broker: Sending Cloudlet #4099 to Vm #15
0.01: MET_Broker: Sending Cloudlet #4100 to Vm #15
0.01: MET_Broker: Sending Cloudlet #4101 to Vm #15
0.01: MET_Broker: Sending Cloudlet #4102 to Vm #15
0.01: MET_Broker: Sending Cloudlet #4103 to Vm #15
0.01: MET_Broker: Sending Cloudlet #4104 to Vm #15
0.01: MET_Broker: Sending Cloudlet #4105 to Vm #15
0.01: MET_Broker: Sending Cloudlet #4106 to Vm #15
0.01: MET_Broker: Sending Cloudlet #4107 to Vm #15
0.01: MET_Broker: Sending Cloudlet #4108 to Vm #15
0.01: MET_Broker: Sending Cloudlet #4109 to Vm #15
0.01: MET_Broker: Sending Cloudlet #4110 to Vm #15
0.01: MET_Broker: Sending Cloudlet #4111 to Vm #15
0.01: MET_Broker: Sending Cloudlet #4112 to Vm #15
0.01: MET_Broker: Sending Cloudlet #4113 to Vm #15
0.01: MET_Broker: Sending Cloudlet #4114 to Vm #15
0.01: MET_Broker: Sending Cloudlet #4115 to Vm #15
0.01: MET_Broker: Sending Cloudlet #4116 to Vm #15
0.01: MET_Broker: Sending Cloudlet #4117 to Vm #15
0.01: MET_Broker: Sending Cloudlet #4118 to Vm #15
0.01: MET_Broker: Sending Cloudlet #4119 to Vm #15
0.01: MET_Broker: Sending Cloudlet #4120 to Vm #15
0.01: MET_Broker: Sending Cloudlet #4121 to Vm #15
0.01: MET_Broker: Sending Cloudlet #4122 to Vm #15
0.01: MET_Broker: Sending Cloudlet #4123 to Vm #15
0.01: MET_Broker: Sending Cloudlet #4124 to Vm #15
0.01: MET_Broker: Sending Cloudlet #4125 to Vm #15
0.01: MET_Broker: Sending Cloudlet #4126 to Vm #15
0.01: MET_Broker: Sending Cloudlet #4127 to Vm #15
0.01: MET_Broker: Sending Cloudlet #4128 to Vm #15
0.01: MET_Broker: Sending Cloudlet #4129 to Vm #15
0.01: MET_Broker: Sending Cloudlet #4130 to Vm #15
0.01: MET_Broker: Sending Cloudlet #4131 to Vm #15
0.01: MET_Broker: Sending Cloudlet #4132 to Vm #15
0.01: MET_Broker: Sending Cloudlet #4133 to Vm #15
0.01: MET_Broker: Sending Cloudlet #4134 to Vm #15
0.01: MET_Broker: Sending Cloudlet #4135 to Vm #15
0.01: MET_Broker: Sending Cloudlet #4136 to Vm #15
0.01: MET_Broker: Sending Cloudlet #4137 to Vm #15
0.01: MET_Broker: Sending Cloudlet #4138 to Vm #15
0.01: MET_Broker: Sending Cloudlet #4139 to Vm #15
0.01: MET_Broker: Sending Cloudlet #4140 to Vm #15
0.01: MET_Broker: Sending Cloudlet #4141 to Vm #15
0.01: MET_Broker: Sending Cloudlet #4142 to Vm #15
0.01: MET_Broker: Sending Cloudlet #4143 to Vm #15
0.01: MET_Broker: Sending Cloudlet #4144 to Vm #15
0.01: MET_Broker: Sending Cloudlet #4145 to Vm #15
0.01: MET_Broker: Sending Cloudlet #4146 to Vm #15
0.01: MET_Broker: Sending Cloudlet #4147 to Vm #15
0.01: MET_Broker: Sending Cloudlet #4148 to Vm #15
0.01: MET_Broker: Sending Cloudlet #4149 to Vm #15
0.01: MET_Broker: Sending Cloudlet #4150 to Vm #15
0.01: MET_Broker: Sending Cloudlet #4151 to Vm #15
0.01: MET_Broker: Sending Cloudlet #4152 to Vm #15
0.01: MET_Broker: Sending Cloudlet #4153 to Vm #15
0.01: MET_Broker: Sending Cloudlet #4154 to Vm #15
0.01: MET_Broker: Sending Cloudlet #4155 to Vm #15
0.01: MET_Broker: Sending Cloudlet #4156 to Vm #15
0.01: MET_Broker: Sending Cloudlet #4157 to Vm #15
0.01: MET_Broker: Sending Cloudlet #4158 to Vm #15
0.01: MET_Broker: Sending Cloudlet #4159 to Vm #15
0.01: MET_Broker: Sending Cloudlet #4160 to Vm #15
0.01: MET_Broker: Sending Cloudlet #4161 to Vm #15
0.01: MET_Broker: Sending Cloudlet #4162 to Vm #15
0.01: MET_Broker: Sending Cloudlet #4163 to Vm #15
0.01: MET_Broker: Sending Cloudlet #4164 to Vm #15
0.01: MET_Broker: Sending Cloudlet #4165 to Vm #15
0.01: MET_Broker: Sending Cloudlet #4166 to Vm #15
0.01: MET_Broker: Sending Cloudlet #4167 to Vm #15
0.01: MET_Broker: Sending Cloudlet #4168 to Vm #15
0.01: MET_Broker: Sending Cloudlet #4169 to Vm #15
0.01: MET_Broker: Sending Cloudlet #4170 to Vm #15
0.01: MET_Broker: Sending Cloudlet #4171 to Vm #15
0.01: MET_Broker: Sending Cloudlet #4172 to Vm #15
0.01: MET_Broker: Sending Cloudlet #4173 to Vm #15
0.01: MET_Broker: Sending Cloudlet #4174 to Vm #15
0.01: MET_Broker: Sending Cloudlet #4175 to Vm #15
0.01: MET_Broker: Sending Cloudlet #4176 to Vm #15
0.01: MET_Broker: Sending Cloudlet #4177 to Vm #15
0.01: MET_Broker: Sending Cloudlet #4178 to Vm #15
0.01: MET_Broker: Sending Cloudlet #4179 to Vm #15
0.01: MET_Broker: Sending Cloudlet #4180 to Vm #15
0.01: MET_Broker: Sending Cloudlet #4181 to Vm #15
0.01: MET_Broker: Sending Cloudlet #4182 to Vm #15
0.01: MET_Broker: Sending Cloudlet #4183 to Vm #15
0.01: MET_Broker: Sending Cloudlet #4184 to Vm #15
0.01: MET_Broker: Sending Cloudlet #4185 to Vm #15
0.01: MET_Broker: Sending Cloudlet #4186 to Vm #15
0.01: MET_Broker: Sending Cloudlet #4187 to Vm #15
0.01: MET_Broker: Sending Cloudlet #4188 to Vm #15
0.01: MET_Broker: Sending Cloudlet #4189 to Vm #15
0.01: MET_Broker: Sending Cloudlet #4190 to Vm #15
0.01: MET_Broker: Sending Cloudlet #4191 to Vm #15
0.01: MET_Broker: Sending Cloudlet #4192 to Vm #15
0.01: MET_Broker: Sending Cloudlet #4193 to Vm #15
0.01: MET_Broker: Sending Cloudlet #4194 to Vm #15
0.01: MET_Broker: Sending Cloudlet #4195 to Vm #15
0.01: MET_Broker: Sending Cloudlet #4196 to Vm #15
0.01: MET_Broker: Sending Cloudlet #4197 to Vm #15
0.01: MET_Broker: Sending Cloudlet #4198 to Vm #15
0.01: MET_Broker: Sending Cloudlet #4199 to Vm #15
0.01: MET_Broker: Sending Cloudlet #4200 to Vm #15
0.01: MET_Broker: Sending Cloudlet #4201 to Vm #15
0.01: MET_Broker: Sending Cloudlet #4202 to Vm #15
0.01: MET_Broker: Sending Cloudlet #4203 to Vm #15
0.01: MET_Broker: Sending Cloudlet #4204 to Vm #15
0.01: MET_Broker: Sending Cloudlet #4205 to Vm #15
0.01: MET_Broker: Sending Cloudlet #4206 to Vm #15
0.01: MET_Broker: Sending Cloudlet #4207 to Vm #15
0.01: MET_Broker: Sending Cloudlet #4208 to Vm #15
0.01: MET_Broker: Sending Cloudlet #4209 to Vm #15
0.01: MET_Broker: Sending Cloudlet #4210 to Vm #15
0.01: MET_Broker: Sending Cloudlet #4211 to Vm #15
0.01: MET_Broker: Sending Cloudlet #4212 to Vm #15
0.01: MET_Broker: Sending Cloudlet #4213 to Vm #15
0.01: MET_Broker: Sending Cloudlet #4214 to Vm #15
0.01: MET_Broker: Sending Cloudlet #4215 to Vm #15
0.01: MET_Broker: Sending Cloudlet #4216 to Vm #15
0.01: MET_Broker: Sending Cloudlet #4217 to Vm #15
0.01: MET_Broker: Sending Cloudlet #4218 to Vm #15
0.01: MET_Broker: Sending Cloudlet #4219 to Vm #15
0.01: MET_Broker: Sending Cloudlet #4220 to Vm #15
0.01: MET_Broker: Sending Cloudlet #4221 to Vm #15
0.01: MET_Broker: Sending Cloudlet #4222 to Vm #15
0.01: MET_Broker: Sending Cloudlet #4223 to Vm #15
0.01: MET_Broker: Sending Cloudlet #4224 to Vm #15
0.01: MET_Broker: Sending Cloudlet #4225 to Vm #15
0.01: MET_Broker: Sending Cloudlet #4226 to Vm #15
0.01: MET_Broker: Sending Cloudlet #4227 to Vm #15
0.01: MET_Broker: Sending Cloudlet #4228 to Vm #15
0.01: MET_Broker: Sending Cloudlet #4229 to Vm #15
0.01: MET_Broker: Sending Cloudlet #4230 to Vm #15
0.01: MET_Broker: Sending Cloudlet #4231 to Vm #15
0.01: MET_Broker: Sending Cloudlet #4232 to Vm #15
0.01: MET_Broker: Sending Cloudlet #4233 to Vm #15
0.01: MET_Broker: Sending Cloudlet #4234 to Vm #15
0.01: MET_Broker: Sending Cloudlet #4235 to Vm #15
0.01: MET_Broker: Sending Cloudlet #4236 to Vm #15
0.01: MET_Broker: Sending Cloudlet #4237 to Vm #15
0.01: MET_Broker: Sending Cloudlet #4238 to Vm #15
0.01: MET_Broker: Sending Cloudlet #4239 to Vm #15
0.01: MET_Broker: Sending Cloudlet #4240 to Vm #15
0.01: MET_Broker: Sending Cloudlet #4241 to Vm #15
0.01: MET_Broker: Sending Cloudlet #4242 to Vm #15
0.01: MET_Broker: Sending Cloudlet #4243 to Vm #15
0.01: MET_Broker: Sending Cloudlet #4244 to Vm #15
0.01: MET_Broker: Sending Cloudlet #4245 to Vm #15
0.01: MET_Broker: Sending Cloudlet #4246 to Vm #15
0.01: MET_Broker: Sending Cloudlet #4247 to Vm #15
0.01: MET_Broker: Sending Cloudlet #4248 to Vm #15
0.01: MET_Broker: Sending Cloudlet #4249 to Vm #15
0.01: MET_Broker: Sending Cloudlet #4250 to Vm #15
0.01: MET_Broker: Sending Cloudlet #4251 to Vm #15
0.01: MET_Broker: Sending Cloudlet #4252 to Vm #15
0.01: MET_Broker: Sending Cloudlet #4253 to Vm #15
0.01: MET_Broker: Sending Cloudlet #4254 to Vm #15
0.01: MET_Broker: Sending Cloudlet #4255 to Vm #15
0.01: MET_Broker: Sending Cloudlet #4256 to Vm #15
0.01: MET_Broker: Sending Cloudlet #4257 to Vm #15
0.01: MET_Broker: Sending Cloudlet #4258 to Vm #15
0.01: MET_Broker: Sending Cloudlet #4259 to Vm #15
0.01: MET_Broker: Sending Cloudlet #4260 to Vm #15
0.01: MET_Broker: Sending Cloudlet #4261 to Vm #15
0.01: MET_Broker: Sending Cloudlet #4262 to Vm #15
0.01: MET_Broker: Sending Cloudlet #4263 to Vm #15
0.01: MET_Broker: Sending Cloudlet #4264 to Vm #15
0.01: MET_Broker: Sending Cloudlet #4265 to Vm #15
0.01: MET_Broker: Sending Cloudlet #4266 to Vm #15
0.01: MET_Broker: Sending Cloudlet #4267 to Vm #15
0.01: MET_Broker: Sending Cloudlet #4268 to Vm #15
0.01: MET_Broker: Sending Cloudlet #4269 to Vm #15
0.01: MET_Broker: Sending Cloudlet #4270 to Vm #15
0.01: MET_Broker: Sending Cloudlet #4271 to Vm #15
0.01: MET_Broker: Sending Cloudlet #4272 to Vm #15
0.01: MET_Broker: Sending Cloudlet #4273 to Vm #15
0.01: MET_Broker: Sending Cloudlet #4274 to Vm #15
0.01: MET_Broker: Sending Cloudlet #4275 to Vm #15
0.01: MET_Broker: Sending Cloudlet #4276 to Vm #15
0.01: MET_Broker: Sending Cloudlet #4277 to Vm #15
0.01: MET_Broker: Sending Cloudlet #4278 to Vm #15
0.01: MET_Broker: Sending Cloudlet #4279 to Vm #15
0.01: MET_Broker: Sending Cloudlet #4280 to Vm #15
0.01: MET_Broker: Sending Cloudlet #4281 to Vm #15
0.01: MET_Broker: Sending Cloudlet #4282 to Vm #15
0.01: MET_Broker: Sending Cloudlet #4283 to Vm #15
0.01: MET_Broker: Sending Cloudlet #4284 to Vm #15
0.01: MET_Broker: Sending Cloudlet #4285 to Vm #15
0.01: MET_Broker: Sending Cloudlet #4286 to Vm #15
0.01: MET_Broker: Sending Cloudlet #4287 to Vm #15
0.01: MET_Broker: Sending Cloudlet #4288 to Vm #15
0.01: MET_Broker: Sending Cloudlet #4289 to Vm #15
0.01: MET_Broker: Sending Cloudlet #4290 to Vm #15
0.01: MET_Broker: Sending Cloudlet #4291 to Vm #15
0.01: MET_Broker: Sending Cloudlet #4292 to Vm #15
0.01: MET_Broker: Sending Cloudlet #4293 to Vm #15
0.01: MET_Broker: Sending Cloudlet #4294 to Vm #15
0.01: MET_Broker: Sending Cloudlet #4295 to Vm #15
0.01: MET_Broker: Sending Cloudlet #4296 to Vm #15
0.01: MET_Broker: Sending Cloudlet #4297 to Vm #15
0.01: MET_Broker: Sending Cloudlet #4298 to Vm #15
0.01: MET_Broker: Sending Cloudlet #4299 to Vm #15
0.01: MET_Broker: Sending Cloudlet #4300 to Vm #15
0.01: MET_Broker: Sending Cloudlet #4301 to Vm #15
0.01: MET_Broker: Sending Cloudlet #4302 to Vm #15
0.01: MET_Broker: Sending Cloudlet #4303 to Vm #15
0.01: MET_Broker: Sending Cloudlet #4304 to Vm #15
0.01: MET_Broker: Sending Cloudlet #4305 to Vm #15
0.01: MET_Broker: Sending Cloudlet #4306 to Vm #15
0.01: MET_Broker: Sending Cloudlet #4307 to Vm #15
0.01: MET_Broker: Sending Cloudlet #4308 to Vm #15
0.01: MET_Broker: Sending Cloudlet #4309 to Vm #15
0.01: MET_Broker: Sending Cloudlet #4310 to Vm #15
0.01: MET_Broker: Sending Cloudlet #4311 to Vm #15
0.01: MET_Broker: Sending Cloudlet #4312 to Vm #15
0.01: MET_Broker: Sending Cloudlet #4313 to Vm #15
0.01: MET_Broker: Sending Cloudlet #4314 to Vm #15
0.01: MET_Broker: Sending Cloudlet #4315 to Vm #15
0.01: MET_Broker: Sending Cloudlet #4316 to Vm #15
0.01: MET_Broker: Sending Cloudlet #4317 to Vm #15
0.01: MET_Broker: Sending Cloudlet #4318 to Vm #15
0.01: MET_Broker: Sending Cloudlet #4319 to Vm #15
0.01: MET_Broker: Sending Cloudlet #4320 to Vm #15
0.01: MET_Broker: Sending Cloudlet #4321 to Vm #15
0.01: MET_Broker: Sending Cloudlet #4322 to Vm #15
0.01: MET_Broker: Sending Cloudlet #4323 to Vm #15
0.01: MET_Broker: Sending Cloudlet #4324 to Vm #15
0.01: MET_Broker: Sending Cloudlet #4325 to Vm #15
0.01: MET_Broker: Sending Cloudlet #4326 to Vm #15
0.01: MET_Broker: Sending Cloudlet #4327 to Vm #15
0.01: MET_Broker: Sending Cloudlet #4328 to Vm #15
0.01: MET_Broker: Sending Cloudlet #4329 to Vm #15
0.01: MET_Broker: Sending Cloudlet #4330 to Vm #15
0.01: MET_Broker: Sending Cloudlet #4331 to Vm #15
0.01: MET_Broker: Sending Cloudlet #4332 to Vm #15
0.01: MET_Broker: Sending Cloudlet #4333 to Vm #15
0.01: MET_Broker: Sending Cloudlet #4334 to Vm #15
0.01: MET_Broker: Sending Cloudlet #4335 to Vm #15
0.01: MET_Broker: Sending Cloudlet #4336 to Vm #15
0.01: MET_Broker: Sending Cloudlet #4337 to Vm #15
0.01: MET_Broker: Sending Cloudlet #4338 to Vm #15
0.01: MET_Broker: Sending Cloudlet #4339 to Vm #15
0.01: MET_Broker: Sending Cloudlet #4340 to Vm #15
0.01: MET_Broker: Sending Cloudlet #4341 to Vm #15
0.01: MET_Broker: Sending Cloudlet #4342 to Vm #15
0.01: MET_Broker: Sending Cloudlet #4343 to Vm #15
0.01: MET_Broker: Sending Cloudlet #4344 to Vm #15
0.01: MET_Broker: Sending Cloudlet #4345 to Vm #15
0.01: MET_Broker: Sending Cloudlet #4346 to Vm #15
0.01: MET_Broker: Sending Cloudlet #4347 to Vm #15
0.01: MET_Broker: Sending Cloudlet #4348 to Vm #15
0.01: MET_Broker: Sending Cloudlet #4349 to Vm #15
0.01: MET_Broker: Sending Cloudlet #4350 to Vm #15
0.01: MET_Broker: Sending Cloudlet #4351 to Vm #15
0.01: MET_Broker: Sending Cloudlet #4352 to Vm #15
0.01: MET_Broker: Sending Cloudlet #4353 to Vm #15
0.01: MET_Broker: Sending Cloudlet #4354 to Vm #15
0.01: MET_Broker: Sending Cloudlet #4355 to Vm #15
0.01: MET_Broker: Sending Cloudlet #4356 to Vm #15
0.01: MET_Broker: Sending Cloudlet #4357 to Vm #15
0.01: MET_Broker: Sending Cloudlet #4358 to Vm #15
0.01: MET_Broker: Sending Cloudlet #4359 to Vm #15
0.01: MET_Broker: Sending Cloudlet #4360 to Vm #15
0.01: MET_Broker: Sending Cloudlet #4361 to Vm #15
0.01: MET_Broker: Sending Cloudlet #4362 to Vm #15
0.01: MET_Broker: Sending Cloudlet #4363 to Vm #15
0.01: MET_Broker: Sending Cloudlet #4364 to Vm #15
0.01: MET_Broker: Sending Cloudlet #4365 to Vm #15
0.01: MET_Broker: Sending Cloudlet #4366 to Vm #15
0.01: MET_Broker: Sending Cloudlet #4367 to Vm #15
0.01: MET_Broker: Sending Cloudlet #4368 to Vm #15
0.01: MET_Broker: Sending Cloudlet #4369 to Vm #15
0.01: MET_Broker: Sending Cloudlet #4370 to Vm #15
0.01: MET_Broker: Sending Cloudlet #4371 to Vm #15
0.01: MET_Broker: Sending Cloudlet #4372 to Vm #15
0.01: MET_Broker: Sending Cloudlet #4373 to Vm #15
0.01: MET_Broker: Sending Cloudlet #4374 to Vm #15
0.01: MET_Broker: Sending Cloudlet #4375 to Vm #15
0.01: MET_Broker: Sending Cloudlet #4376 to Vm #15
0.01: MET_Broker: Sending Cloudlet #4377 to Vm #15
0.01: MET_Broker: Sending Cloudlet #4378 to Vm #15
0.01: MET_Broker: Sending Cloudlet #4379 to Vm #15
0.01: MET_Broker: Sending Cloudlet #4380 to Vm #15
0.01: MET_Broker: Sending Cloudlet #4381 to Vm #15
0.01: MET_Broker: Sending Cloudlet #4382 to Vm #15
0.01: MET_Broker: Sending Cloudlet #4383 to Vm #15
0.01: MET_Broker: Sending Cloudlet #4384 to Vm #15
0.01: MET_Broker: Sending Cloudlet #4385 to Vm #15
0.01: MET_Broker: Sending Cloudlet #4386 to Vm #15
0.01: MET_Broker: Sending Cloudlet #4387 to Vm #15
0.01: MET_Broker: Sending Cloudlet #4388 to Vm #15
0.01: MET_Broker: Sending Cloudlet #4389 to Vm #15
0.01: MET_Broker: Sending Cloudlet #4390 to Vm #15
0.01: MET_Broker: Sending Cloudlet #4391 to Vm #15
0.01: MET_Broker: Sending Cloudlet #4392 to Vm #15
0.01: MET_Broker: Sending Cloudlet #4393 to Vm #15
0.01: MET_Broker: Sending Cloudlet #4394 to Vm #15
0.01: MET_Broker: Sending Cloudlet #4395 to Vm #15
0.01: MET_Broker: Sending Cloudlet #4396 to Vm #15
0.01: MET_Broker: Sending Cloudlet #4397 to Vm #15
0.01: MET_Broker: Sending Cloudlet #4398 to Vm #15
0.01: MET_Broker: Sending Cloudlet #4399 to Vm #15
0.01: MET_Broker: Sending Cloudlet #4400 to Vm #15
0.01: MET_Broker: Sending Cloudlet #4401 to Vm #15
0.01: MET_Broker: Sending Cloudlet #4402 to Vm #15
0.01: MET_Broker: Sending Cloudlet #4403 to Vm #15
0.01: MET_Broker: Sending Cloudlet #4404 to Vm #15
0.01: MET_Broker: Sending Cloudlet #4405 to Vm #15
0.01: MET_Broker: Sending Cloudlet #4406 to Vm #15
0.01: MET_Broker: Sending Cloudlet #4407 to Vm #15
0.01: MET_Broker: Sending Cloudlet #4408 to Vm #15
0.01: MET_Broker: Sending Cloudlet #4409 to Vm #15
0.01: MET_Broker: Sending Cloudlet #4410 to Vm #15
0.01: MET_Broker: Sending Cloudlet #4411 to Vm #15
0.01: MET_Broker: Sending Cloudlet #4412 to Vm #15
0.01: MET_Broker: Sending Cloudlet #4413 to Vm #15
0.01: MET_Broker: Sending Cloudlet #4414 to Vm #15
0.01: MET_Broker: Sending Cloudlet #4415 to Vm #15
0.01: MET_Broker: Sending Cloudlet #4416 to Vm #15
0.01: MET_Broker: Sending Cloudlet #4417 to Vm #15
0.01: MET_Broker: Sending Cloudlet #4418 to Vm #15
0.01: MET_Broker: Sending Cloudlet #4419 to Vm #15
0.01: MET_Broker: Sending Cloudlet #4420 to Vm #15
0.01: MET_Broker: Sending Cloudlet #4421 to Vm #15
0.01: MET_Broker: Sending Cloudlet #4422 to Vm #15
0.01: MET_Broker: Sending Cloudlet #4423 to Vm #15
0.01: MET_Broker: Sending Cloudlet #4424 to Vm #15
0.01: MET_Broker: Sending Cloudlet #4425 to Vm #15
0.01: MET_Broker: Sending Cloudlet #4426 to Vm #15
0.01: MET_Broker: Sending Cloudlet #4427 to Vm #15
0.01: MET_Broker: Sending Cloudlet #4428 to Vm #15
0.01: MET_Broker: Sending Cloudlet #4429 to Vm #15
0.01: MET_Broker: Sending Cloudlet #4430 to Vm #15
0.01: MET_Broker: Sending Cloudlet #4431 to Vm #15
0.01: MET_Broker: Sending Cloudlet #4432 to Vm #15
0.01: MET_Broker: Sending Cloudlet #4433 to Vm #15
0.01: MET_Broker: Sending Cloudlet #4434 to Vm #15
0.01: MET_Broker: Sending Cloudlet #4435 to Vm #15
0.01: MET_Broker: Sending Cloudlet #4436 to Vm #15
0.01: MET_Broker: Sending Cloudlet #4437 to Vm #15
0.01: MET_Broker: Sending Cloudlet #4438 to Vm #15
0.01: MET_Broker: Sending Cloudlet #4439 to Vm #15
0.01: MET_Broker: Sending Cloudlet #4440 to Vm #15
0.01: MET_Broker: Sending Cloudlet #4441 to Vm #15
0.01: MET_Broker: Sending Cloudlet #4442 to Vm #15
0.01: MET_Broker: Sending Cloudlet #4443 to Vm #15
0.01: MET_Broker: Sending Cloudlet #4444 to Vm #15
0.01: MET_Broker: Sending Cloudlet #4445 to Vm #15
0.01: MET_Broker: Sending Cloudlet #4446 to Vm #15
0.01: MET_Broker: Sending Cloudlet #4447 to Vm #15
0.01: MET_Broker: Sending Cloudlet #4448 to Vm #15
0.01: MET_Broker: Sending Cloudlet #4449 to Vm #15
0.01: MET_Broker: Sending Cloudlet #4450 to Vm #15
0.01: MET_Broker: Sending Cloudlet #4451 to Vm #15
0.01: MET_Broker: Sending Cloudlet #4452 to Vm #15
0.01: MET_Broker: Sending Cloudlet #4453 to Vm #15
0.01: MET_Broker: Sending Cloudlet #4454 to Vm #15
0.01: MET_Broker: Sending Cloudlet #4455 to Vm #15
0.01: MET_Broker: Sending Cloudlet #4456 to Vm #15
0.01: MET_Broker: Sending Cloudlet #4457 to Vm #15
0.01: MET_Broker: Sending Cloudlet #4458 to Vm #15
0.01: MET_Broker: Sending Cloudlet #4459 to Vm #15
0.01: MET_Broker: Sending Cloudlet #4460 to Vm #15
0.01: MET_Broker: Sending Cloudlet #4461 to Vm #15
0.01: MET_Broker: Sending Cloudlet #4462 to Vm #15
0.01: MET_Broker: Sending Cloudlet #4463 to Vm #15
0.01: MET_Broker: Sending Cloudlet #4464 to Vm #15
0.01: MET_Broker: Sending Cloudlet #4465 to Vm #15
0.01: MET_Broker: Sending Cloudlet #4466 to Vm #15
0.01: MET_Broker: Sending Cloudlet #4467 to Vm #15
0.01: MET_Broker: Sending Cloudlet #4468 to Vm #15
0.01: MET_Broker: Sending Cloudlet #4469 to Vm #15
0.01: MET_Broker: Sending Cloudlet #4470 to Vm #15
0.01: MET_Broker: Sending Cloudlet #4471 to Vm #15
0.01: MET_Broker: Sending Cloudlet #4472 to Vm #15
0.01: MET_Broker: Sending Cloudlet #4473 to Vm #15
0.01: MET_Broker: Sending Cloudlet #4474 to Vm #15
0.01: MET_Broker: Sending Cloudlet #4475 to Vm #15
0.01: MET_Broker: Sending Cloudlet #4476 to Vm #15
0.01: MET_Broker: Sending Cloudlet #4477 to Vm #15
0.01: MET_Broker: Sending Cloudlet #4478 to Vm #15
0.01: MET_Broker: Sending Cloudlet #4479 to Vm #15
0.01: MET_Broker: Sending Cloudlet #4480 to Vm #15
0.01: MET_Broker: Sending Cloudlet #4481 to Vm #15
0.01: MET_Broker: Sending Cloudlet #4482 to Vm #15
0.01: MET_Broker: Sending Cloudlet #4483 to Vm #15
0.01: MET_Broker: Sending Cloudlet #4484 to Vm #15
0.01: MET_Broker: Sending Cloudlet #4485 to Vm #15
0.01: MET_Broker: Sending Cloudlet #4486 to Vm #15
0.01: MET_Broker: Sending Cloudlet #4487 to Vm #15
0.01: MET_Broker: Sending Cloudlet #4488 to Vm #15
0.01: MET_Broker: Sending Cloudlet #4489 to Vm #15
0.01: MET_Broker: Sending Cloudlet #4490 to Vm #15
0.01: MET_Broker: Sending Cloudlet #4491 to Vm #15
0.01: MET_Broker: Sending Cloudlet #4492 to Vm #15
0.01: MET_Broker: Sending Cloudlet #4493 to Vm #15
0.01: MET_Broker: Sending Cloudlet #4494 to Vm #15
0.01: MET_Broker: Sending Cloudlet #4495 to Vm #15
0.01: MET_Broker: Sending Cloudlet #4496 to Vm #15
0.01: MET_Broker: Sending Cloudlet #4497 to Vm #15
0.01: MET_Broker: Sending Cloudlet #4498 to Vm #15
0.01: MET_Broker: Sending Cloudlet #4499 to Vm #15
0.01: MET_Broker: Sending Cloudlet #4500 to Vm #15
0.01: MET_Broker: Sending Cloudlet #4501 to Vm #15
0.01: MET_Broker: Sending Cloudlet #4502 to Vm #15
0.01: MET_Broker: Sending Cloudlet #4503 to Vm #15
0.01: MET_Broker: Sending Cloudlet #4504 to Vm #15
0.01: MET_Broker: Sending Cloudlet #4505 to Vm #15
0.01: MET_Broker: Sending Cloudlet #4506 to Vm #15
0.01: MET_Broker: Sending Cloudlet #4507 to Vm #15
0.01: MET_Broker: Sending Cloudlet #4508 to Vm #15
0.01: MET_Broker: Sending Cloudlet #4509 to Vm #15
0.01: MET_Broker: Sending Cloudlet #4510 to Vm #15
0.01: MET_Broker: Sending Cloudlet #4511 to Vm #15
0.01: MET_Broker: Sending Cloudlet #4512 to Vm #15
0.01: MET_Broker: Sending Cloudlet #4513 to Vm #15
0.01: MET_Broker: Sending Cloudlet #4514 to Vm #15
0.01: MET_Broker: Sending Cloudlet #4515 to Vm #15
0.01: MET_Broker: Sending Cloudlet #4516 to Vm #15
0.01: MET_Broker: Sending Cloudlet #4517 to Vm #15
0.01: MET_Broker: Sending Cloudlet #4518 to Vm #15
0.01: MET_Broker: Sending Cloudlet #4519 to Vm #15
0.01: MET_Broker: Sending Cloudlet #4520 to Vm #15
0.01: MET_Broker: Sending Cloudlet #4521 to Vm #15
0.01: MET_Broker: Sending Cloudlet #4522 to Vm #15
0.01: MET_Broker: Sending Cloudlet #4523 to Vm #15
0.01: MET_Broker: Sending Cloudlet #4524 to Vm #15
0.01: MET_Broker: Sending Cloudlet #4525 to Vm #15
0.01: MET_Broker: Sending Cloudlet #4526 to Vm #15
0.01: MET_Broker: Sending Cloudlet #4527 to Vm #15
0.01: MET_Broker: Sending Cloudlet #4528 to Vm #15
0.01: MET_Broker: Sending Cloudlet #4529 to Vm #15
0.01: MET_Broker: Sending Cloudlet #4530 to Vm #15
0.01: MET_Broker: Sending Cloudlet #4531 to Vm #15
0.01: MET_Broker: Sending Cloudlet #4532 to Vm #15
0.01: MET_Broker: Sending Cloudlet #4533 to Vm #15
0.01: MET_Broker: Sending Cloudlet #4534 to Vm #15
0.01: MET_Broker: Sending Cloudlet #4535 to Vm #15
0.01: MET_Broker: Sending Cloudlet #4536 to Vm #15
0.01: MET_Broker: Sending Cloudlet #4537 to Vm #15
0.01: MET_Broker: Sending Cloudlet #4538 to Vm #15
0.01: MET_Broker: Sending Cloudlet #4539 to Vm #15
0.01: MET_Broker: Sending Cloudlet #4540 to Vm #15
0.01: MET_Broker: Sending Cloudlet #4541 to Vm #15
0.01: MET_Broker: Sending Cloudlet #4542 to Vm #15
0.01: MET_Broker: Sending Cloudlet #4543 to Vm #15
0.01: MET_Broker: Sending Cloudlet #4544 to Vm #15
0.01: MET_Broker: Sending Cloudlet #4545 to Vm #15
0.01: MET_Broker: Sending Cloudlet #4546 to Vm #15
0.01: MET_Broker: Sending Cloudlet #4547 to Vm #15
0.01: MET_Broker: Sending Cloudlet #4548 to Vm #15
0.01: MET_Broker: Sending Cloudlet #4549 to Vm #15
0.01: MET_Broker: Sending Cloudlet #4550 to Vm #15
0.01: MET_Broker: Sending Cloudlet #4551 to Vm #15
0.01: MET_Broker: Sending Cloudlet #4552 to Vm #15
0.01: MET_Broker: Sending Cloudlet #4553 to Vm #15
0.01: MET_Broker: Sending Cloudlet #4554 to Vm #15
0.01: MET_Broker: Sending Cloudlet #4555 to Vm #15
0.01: MET_Broker: Sending Cloudlet #4556 to Vm #15
0.01: MET_Broker: Sending Cloudlet #4557 to Vm #15
0.01: MET_Broker: Sending Cloudlet #4558 to Vm #15
0.01: MET_Broker: Sending Cloudlet #4559 to Vm #15
0.01: MET_Broker: Sending Cloudlet #4560 to Vm #15
0.01: MET_Broker: Sending Cloudlet #4561 to Vm #15
0.01: MET_Broker: Sending Cloudlet #4562 to Vm #15
0.01: MET_Broker: Sending Cloudlet #4563 to Vm #15
0.01: MET_Broker: Sending Cloudlet #4564 to Vm #15
0.01: MET_Broker: Sending Cloudlet #4565 to Vm #15
0.01: MET_Broker: Sending Cloudlet #4566 to Vm #15
0.01: MET_Broker: Sending Cloudlet #4567 to Vm #15
0.01: MET_Broker: Sending Cloudlet #4568 to Vm #15
0.01: MET_Broker: Sending Cloudlet #4569 to Vm #15
0.01: MET_Broker: Sending Cloudlet #4570 to Vm #15
0.01: MET_Broker: Sending Cloudlet #4571 to Vm #15
0.01: MET_Broker: Sending Cloudlet #4572 to Vm #15
0.01: MET_Broker: Sending Cloudlet #4573 to Vm #15
0.01: MET_Broker: Sending Cloudlet #4574 to Vm #15
0.01: MET_Broker: Sending Cloudlet #4575 to Vm #15
0.01: MET_Broker: Sending Cloudlet #4576 to Vm #15
0.01: MET_Broker: Sending Cloudlet #4577 to Vm #15
0.01: MET_Broker: Sending Cloudlet #4578 to Vm #15
0.01: MET_Broker: Sending Cloudlet #4579 to Vm #15
0.01: MET_Broker: Sending Cloudlet #4580 to Vm #15
0.01: MET_Broker: Sending Cloudlet #4581 to Vm #15
0.01: MET_Broker: Sending Cloudlet #4582 to Vm #15
0.01: MET_Broker: Sending Cloudlet #4583 to Vm #15
0.01: MET_Broker: Sending Cloudlet #4584 to Vm #15
0.01: MET_Broker: Sending Cloudlet #4585 to Vm #15
0.01: MET_Broker: Sending Cloudlet #4586 to Vm #15
0.01: MET_Broker: Sending Cloudlet #4587 to Vm #15
0.01: MET_Broker: Sending Cloudlet #4588 to Vm #15
0.01: MET_Broker: Sending Cloudlet #4589 to Vm #15
0.01: MET_Broker: Sending Cloudlet #4590 to Vm #15
0.01: MET_Broker: Sending Cloudlet #4591 to Vm #15
0.01: MET_Broker: Sending Cloudlet #4592 to Vm #15
0.01: MET_Broker: Sending Cloudlet #4593 to Vm #15
0.01: MET_Broker: Sending Cloudlet #4594 to Vm #15
0.01: MET_Broker: Sending Cloudlet #4595 to Vm #15
0.01: MET_Broker: Sending Cloudlet #4596 to Vm #15
0.01: MET_Broker: Sending Cloudlet #4597 to Vm #15
0.01: MET_Broker: Sending Cloudlet #4598 to Vm #15
0.01: MET_Broker: Sending Cloudlet #4599 to Vm #15
0.01: MET_Broker: Sending Cloudlet #4600 to Vm #15
0.01: MET_Broker: Sending Cloudlet #4601 to Vm #15
0.01: MET_Broker: Sending Cloudlet #4602 to Vm #15
0.01: MET_Broker: Sending Cloudlet #4603 to Vm #15
0.01: MET_Broker: Sending Cloudlet #4604 to Vm #15
0.01: MET_Broker: Sending Cloudlet #4605 to Vm #15
0.01: MET_Broker: Sending Cloudlet #4606 to Vm #15
0.01: MET_Broker: Sending Cloudlet #4607 to Vm #15
0.01: MET_Broker: Sending Cloudlet #4608 to Vm #15
0.01: MET_Broker: Sending Cloudlet #4609 to Vm #15
0.01: MET_Broker: Sending Cloudlet #4610 to Vm #15
0.01: MET_Broker: Sending Cloudlet #4611 to Vm #15
0.01: MET_Broker: Sending Cloudlet #4612 to Vm #15
0.01: MET_Broker: Sending Cloudlet #4613 to Vm #15
0.01: MET_Broker: Sending Cloudlet #4614 to Vm #15
0.01: MET_Broker: Sending Cloudlet #4615 to Vm #15
0.01: MET_Broker: Sending Cloudlet #4616 to Vm #15
0.01: MET_Broker: Sending Cloudlet #4617 to Vm #15
0.01: MET_Broker: Sending Cloudlet #4618 to Vm #15
0.01: MET_Broker: Sending Cloudlet #4619 to Vm #15
0.01: MET_Broker: Sending Cloudlet #4620 to Vm #15
0.01: MET_Broker: Sending Cloudlet #4621 to Vm #15
0.01: MET_Broker: Sending Cloudlet #4622 to Vm #15
0.01: MET_Broker: Sending Cloudlet #4623 to Vm #15
0.01: MET_Broker: Sending Cloudlet #4624 to Vm #15
0.01: MET_Broker: Sending Cloudlet #4625 to Vm #15
0.01: MET_Broker: Sending Cloudlet #4626 to Vm #15
0.01: MET_Broker: Sending Cloudlet #4627 to Vm #15
0.01: MET_Broker: Sending Cloudlet #4628 to Vm #15
0.01: MET_Broker: Sending Cloudlet #4629 to Vm #15
0.01: MET_Broker: Sending Cloudlet #4630 to Vm #15
0.01: MET_Broker: Sending Cloudlet #4631 to Vm #15
0.01: MET_Broker: Sending Cloudlet #4632 to Vm #15
0.01: MET_Broker: Sending Cloudlet #4633 to Vm #15
0.01: MET_Broker: Sending Cloudlet #4634 to Vm #15
0.01: MET_Broker: Sending Cloudlet #4635 to Vm #15
0.01: MET_Broker: Sending Cloudlet #4636 to Vm #15
0.01: MET_Broker: Sending Cloudlet #4637 to Vm #15
0.01: MET_Broker: Sending Cloudlet #4638 to Vm #15
0.01: MET_Broker: Sending Cloudlet #4639 to Vm #15
0.01: MET_Broker: Sending Cloudlet #4640 to Vm #15
0.01: MET_Broker: Sending Cloudlet #4641 to Vm #15
0.01: MET_Broker: Sending Cloudlet #4642 to Vm #15
0.01: MET_Broker: Sending Cloudlet #4643 to Vm #15
0.01: MET_Broker: Sending Cloudlet #4644 to Vm #15
0.01: MET_Broker: Sending Cloudlet #4645 to Vm #15
0.01: MET_Broker: Sending Cloudlet #4646 to Vm #15
0.01: MET_Broker: Sending Cloudlet #4647 to Vm #15
0.01: MET_Broker: Sending Cloudlet #4648 to Vm #15
0.01: MET_Broker: Sending Cloudlet #4649 to Vm #15
0.01: MET_Broker: Sending Cloudlet #4650 to Vm #15
0.01: MET_Broker: Sending Cloudlet #4651 to Vm #15
0.01: MET_Broker: Sending Cloudlet #4652 to Vm #15
0.01: MET_Broker: Sending Cloudlet #4653 to Vm #15
0.01: MET_Broker: Sending Cloudlet #4654 to Vm #15
0.01: MET_Broker: Sending Cloudlet #4655 to Vm #15
0.01: MET_Broker: Sending Cloudlet #4656 to Vm #15
0.01: MET_Broker: Sending Cloudlet #4657 to Vm #15
0.01: MET_Broker: Sending Cloudlet #4658 to Vm #15
0.01: MET_Broker: Sending Cloudlet #4659 to Vm #15
0.01: MET_Broker: Sending Cloudlet #4660 to Vm #15
0.01: MET_Broker: Sending Cloudlet #4661 to Vm #15
0.01: MET_Broker: Sending Cloudlet #4662 to Vm #15
0.01: MET_Broker: Sending Cloudlet #4663 to Vm #15
0.01: MET_Broker: Sending Cloudlet #4664 to Vm #15
0.01: MET_Broker: Sending Cloudlet #4665 to Vm #15
0.01: MET_Broker: Sending Cloudlet #4666 to Vm #15
0.01: MET_Broker: Sending Cloudlet #4667 to Vm #15
0.01: MET_Broker: Sending Cloudlet #4668 to Vm #15
0.01: MET_Broker: Sending Cloudlet #4669 to Vm #15
0.01: MET_Broker: Sending Cloudlet #4670 to Vm #15
0.01: MET_Broker: Sending Cloudlet #4671 to Vm #15
0.01: MET_Broker: Sending Cloudlet #4672 to Vm #15
0.01: MET_Broker: Sending Cloudlet #4673 to Vm #15
0.01: MET_Broker: Sending Cloudlet #4674 to Vm #15
0.01: MET_Broker: Sending Cloudlet #4675 to Vm #15
0.01: MET_Broker: Sending Cloudlet #4676 to Vm #15
0.01: MET_Broker: Sending Cloudlet #4677 to Vm #15
0.01: MET_Broker: Sending Cloudlet #4678 to Vm #15
0.01: MET_Broker: Sending Cloudlet #4679 to Vm #15
0.01: MET_Broker: Sending Cloudlet #4680 to Vm #15
0.01: MET_Broker: Sending Cloudlet #4681 to Vm #15
0.01: MET_Broker: Sending Cloudlet #4682 to Vm #15
0.01: MET_Broker: Sending Cloudlet #4683 to Vm #15
0.01: MET_Broker: Sending Cloudlet #4684 to Vm #15
0.01: MET_Broker: Sending Cloudlet #4685 to Vm #15
0.01: MET_Broker: Sending Cloudlet #4686 to Vm #15
0.01: MET_Broker: Sending Cloudlet #4687 to Vm #15
0.01: MET_Broker: Sending Cloudlet #4688 to Vm #15
0.01: MET_Broker: Sending Cloudlet #4689 to Vm #15
0.01: MET_Broker: Sending Cloudlet #4690 to Vm #15
0.01: MET_Broker: Sending Cloudlet #4691 to Vm #15
0.01: MET_Broker: Sending Cloudlet #4692 to Vm #15
0.01: MET_Broker: Sending Cloudlet #4693 to Vm #15
0.01: MET_Broker: Sending Cloudlet #4694 to Vm #15
0.01: MET_Broker: Sending Cloudlet #4695 to Vm #15
0.01: MET_Broker: Sending Cloudlet #4696 to Vm #15
0.01: MET_Broker: Sending Cloudlet #4697 to Vm #15
0.01: MET_Broker: Sending Cloudlet #4698 to Vm #15
0.01: MET_Broker: Sending Cloudlet #4699 to Vm #15
0.01: MET_Broker: Sending Cloudlet #4700 to Vm #15
0.01: MET_Broker: Sending Cloudlet #4701 to Vm #15
0.01: MET_Broker: Sending Cloudlet #4702 to Vm #15
0.01: MET_Broker: Sending Cloudlet #4703 to Vm #15
0.01: MET_Broker: Sending Cloudlet #4704 to Vm #15
0.01: MET_Broker: Sending Cloudlet #4705 to Vm #15
0.01: MET_Broker: Sending Cloudlet #4706 to Vm #15
0.01: MET_Broker: Sending Cloudlet #4707 to Vm #15
0.01: MET_Broker: Sending Cloudlet #4708 to Vm #15
0.01: MET_Broker: Sending Cloudlet #4709 to Vm #15
0.01: MET_Broker: Sending Cloudlet #4710 to Vm #15
0.01: MET_Broker: Sending Cloudlet #4711 to Vm #15
0.01: MET_Broker: Sending Cloudlet #4712 to Vm #15
0.01: MET_Broker: Sending Cloudlet #4713 to Vm #15
0.01: MET_Broker: Sending Cloudlet #4714 to Vm #15
0.01: MET_Broker: Sending Cloudlet #4715 to Vm #15
0.01: MET_Broker: Sending Cloudlet #4716 to Vm #15
0.01: MET_Broker: Sending Cloudlet #4717 to Vm #15
0.01: MET_Broker: Sending Cloudlet #4718 to Vm #15
0.01: MET_Broker: Sending Cloudlet #4719 to Vm #15
0.01: MET_Broker: Sending Cloudlet #4720 to Vm #15
0.01: MET_Broker: Sending Cloudlet #4721 to Vm #15
0.01: MET_Broker: Sending Cloudlet #4722 to Vm #15
0.01: MET_Broker: Sending Cloudlet #4723 to Vm #15
0.01: MET_Broker: Sending Cloudlet #4724 to Vm #15
0.01: MET_Broker: Sending Cloudlet #4725 to Vm #15
0.01: MET_Broker: Sending Cloudlet #4726 to Vm #15
0.01: MET_Broker: Sending Cloudlet #4727 to Vm #15
0.01: MET_Broker: Sending Cloudlet #4728 to Vm #15
0.01: MET_Broker: Sending Cloudlet #4729 to Vm #15
0.01: MET_Broker: Sending Cloudlet #4730 to Vm #15
0.01: MET_Broker: Sending Cloudlet #4731 to Vm #15
0.01: MET_Broker: Sending Cloudlet #4732 to Vm #15
0.01: MET_Broker: Sending Cloudlet #4733 to Vm #15
0.01: MET_Broker: Sending Cloudlet #4734 to Vm #15
0.01: MET_Broker: Sending Cloudlet #4735 to Vm #15
0.01: MET_Broker: Sending Cloudlet #4736 to Vm #15
0.01: MET_Broker: Sending Cloudlet #4737 to Vm #15
0.01: MET_Broker: Sending Cloudlet #4738 to Vm #15
0.01: MET_Broker: Sending Cloudlet #4739 to Vm #15
0.01: MET_Broker: Sending Cloudlet #4740 to Vm #15
0.01: MET_Broker: Sending Cloudlet #4741 to Vm #15
0.01: MET_Broker: Sending Cloudlet #4742 to Vm #15
0.01: MET_Broker: Sending Cloudlet #4743 to Vm #15
0.01: MET_Broker: Sending Cloudlet #4744 to Vm #15
0.01: MET_Broker: Sending Cloudlet #4745 to Vm #15
0.01: MET_Broker: Sending Cloudlet #4746 to Vm #15
0.01: MET_Broker: Sending Cloudlet #4747 to Vm #15
0.01: MET_Broker: Sending Cloudlet #4748 to Vm #15
0.01: MET_Broker: Sending Cloudlet #4749 to Vm #15
0.01: MET_Broker: Sending Cloudlet #4750 to Vm #15
0.01: MET_Broker: Sending Cloudlet #4751 to Vm #15
0.01: MET_Broker: Sending Cloudlet #4752 to Vm #15
0.01: MET_Broker: Sending Cloudlet #4753 to Vm #15
0.01: MET_Broker: Sending Cloudlet #4754 to Vm #15
0.01: MET_Broker: Sending Cloudlet #4755 to Vm #15
0.01: MET_Broker: Sending Cloudlet #4756 to Vm #15
0.01: MET_Broker: Sending Cloudlet #4757 to Vm #15
0.01: MET_Broker: Sending Cloudlet #4758 to Vm #15
0.01: MET_Broker: Sending Cloudlet #4759 to Vm #15
0.01: MET_Broker: Sending Cloudlet #4760 to Vm #15
0.01: MET_Broker: Sending Cloudlet #4761 to Vm #15
0.01: MET_Broker: Sending Cloudlet #4762 to Vm #15
0.01: MET_Broker: Sending Cloudlet #4763 to Vm #15
0.01: MET_Broker: Sending Cloudlet #4764 to Vm #15
0.01: MET_Broker: Sending Cloudlet #4765 to Vm #15
0.01: MET_Broker: Sending Cloudlet #4766 to Vm #15
0.01: MET_Broker: Sending Cloudlet #4767 to Vm #15
0.01: MET_Broker: Sending Cloudlet #4768 to Vm #15
0.01: MET_Broker: Sending Cloudlet #4769 to Vm #15
0.01: MET_Broker: Sending Cloudlet #4770 to Vm #15
0.01: MET_Broker: Sending Cloudlet #4771 to Vm #15
0.01: MET_Broker: Sending Cloudlet #4772 to Vm #15
0.01: MET_Broker: Sending Cloudlet #4773 to Vm #15
0.01: MET_Broker: Sending Cloudlet #4774 to Vm #15
0.01: MET_Broker: Sending Cloudlet #4775 to Vm #15
0.01: MET_Broker: Sending Cloudlet #4776 to Vm #15
0.01: MET_Broker: Sending Cloudlet #4777 to Vm #15
0.01: MET_Broker: Sending Cloudlet #4778 to Vm #15
0.01: MET_Broker: Sending Cloudlet #4779 to Vm #15
0.01: MET_Broker: Sending Cloudlet #4780 to Vm #15
0.01: MET_Broker: Sending Cloudlet #4781 to Vm #15
0.01: MET_Broker: Sending Cloudlet #4782 to Vm #15
0.01: MET_Broker: Sending Cloudlet #4783 to Vm #15
0.01: MET_Broker: Sending Cloudlet #4784 to Vm #15
0.01: MET_Broker: Sending Cloudlet #4785 to Vm #15
0.01: MET_Broker: Sending Cloudlet #4786 to Vm #15
0.01: MET_Broker: Sending Cloudlet #4787 to Vm #15
0.01: MET_Broker: Sending Cloudlet #4788 to Vm #15
0.01: MET_Broker: Sending Cloudlet #4789 to Vm #15
0.01: MET_Broker: Sending Cloudlet #4790 to Vm #15
0.01: MET_Broker: Sending Cloudlet #4791 to Vm #15
0.01: MET_Broker: Sending Cloudlet #4792 to Vm #15
0.01: MET_Broker: Sending Cloudlet #4793 to Vm #15
0.01: MET_Broker: Sending Cloudlet #4794 to Vm #15
0.01: MET_Broker: Sending Cloudlet #4795 to Vm #15
0.01: MET_Broker: Sending Cloudlet #4796 to Vm #15
0.01: MET_Broker: Sending Cloudlet #4797 to Vm #15
0.01: MET_Broker: Sending Cloudlet #4798 to Vm #15
0.01: MET_Broker: Sending Cloudlet #4799 to Vm #15
0.01: MET_Broker: Sending Cloudlet #4800 to Vm #15
0.01: MET_Broker: Sending Cloudlet #4801 to Vm #15
0.01: MET_Broker: Sending Cloudlet #4802 to Vm #15
0.01: MET_Broker: Sending Cloudlet #4803 to Vm #15
0.01: MET_Broker: Sending Cloudlet #4804 to Vm #15
0.01: MET_Broker: Sending Cloudlet #4805 to Vm #15
0.01: MET_Broker: Sending Cloudlet #4806 to Vm #15
0.01: MET_Broker: Sending Cloudlet #4807 to Vm #15
0.01: MET_Broker: Sending Cloudlet #4808 to Vm #15
0.01: MET_Broker: Sending Cloudlet #4809 to Vm #15
0.01: MET_Broker: Sending Cloudlet #4810 to Vm #15
0.01: MET_Broker: Sending Cloudlet #4811 to Vm #15
0.01: MET_Broker: Sending Cloudlet #4812 to Vm #15
0.01: MET_Broker: Sending Cloudlet #4813 to Vm #15
0.01: MET_Broker: Sending Cloudlet #4814 to Vm #15
0.01: MET_Broker: Sending Cloudlet #4815 to Vm #15
0.01: MET_Broker: Sending Cloudlet #4816 to Vm #15
0.01: MET_Broker: Sending Cloudlet #4817 to Vm #15
0.01: MET_Broker: Sending Cloudlet #4818 to Vm #15
0.01: MET_Broker: Sending Cloudlet #4819 to Vm #15
0.01: MET_Broker: Sending Cloudlet #4820 to Vm #15
0.01: MET_Broker: Sending Cloudlet #4821 to Vm #15
0.01: MET_Broker: Sending Cloudlet #4822 to Vm #15
0.01: MET_Broker: Sending Cloudlet #4823 to Vm #15
0.01: MET_Broker: Sending Cloudlet #4824 to Vm #15
0.01: MET_Broker: Sending Cloudlet #4825 to Vm #15
0.01: MET_Broker: Sending Cloudlet #4826 to Vm #15
0.01: MET_Broker: Sending Cloudlet #4827 to Vm #15
0.01: MET_Broker: Sending Cloudlet #4828 to Vm #15
0.01: MET_Broker: Sending Cloudlet #4829 to Vm #15
0.01: MET_Broker: Sending Cloudlet #4830 to Vm #15
0.01: MET_Broker: Sending Cloudlet #4831 to Vm #15
0.01: MET_Broker: Sending Cloudlet #4832 to Vm #15
0.01: MET_Broker: Sending Cloudlet #4833 to Vm #15
0.01: MET_Broker: Sending Cloudlet #4834 to Vm #15
0.01: MET_Broker: Sending Cloudlet #4835 to Vm #15
0.01: MET_Broker: Sending Cloudlet #4836 to Vm #15
0.01: MET_Broker: Sending Cloudlet #4837 to Vm #15
0.01: MET_Broker: Sending Cloudlet #4838 to Vm #15
0.01: MET_Broker: Sending Cloudlet #4839 to Vm #15
0.01: MET_Broker: Sending Cloudlet #4840 to Vm #15
0.01: MET_Broker: Sending Cloudlet #4841 to Vm #15
0.01: MET_Broker: Sending Cloudlet #4842 to Vm #15
0.01: MET_Broker: Sending Cloudlet #4843 to Vm #15
0.01: MET_Broker: Sending Cloudlet #4844 to Vm #15
0.01: MET_Broker: Sending Cloudlet #4845 to Vm #15
0.01: MET_Broker: Sending Cloudlet #4846 to Vm #15
0.01: MET_Broker: Sending Cloudlet #4847 to Vm #15
0.01: MET_Broker: Sending Cloudlet #4848 to Vm #15
0.01: MET_Broker: Sending Cloudlet #4849 to Vm #15
0.01: MET_Broker: Sending Cloudlet #4850 to Vm #15
0.01: MET_Broker: Sending Cloudlet #4851 to Vm #15
0.01: MET_Broker: Sending Cloudlet #4852 to Vm #15
0.01: MET_Broker: Sending Cloudlet #4853 to Vm #15
0.01: MET_Broker: Sending Cloudlet #4854 to Vm #15
0.01: MET_Broker: Sending Cloudlet #4855 to Vm #15
0.01: MET_Broker: Sending Cloudlet #4856 to Vm #15
0.01: MET_Broker: Sending Cloudlet #4857 to Vm #15
0.01: MET_Broker: Sending Cloudlet #4858 to Vm #15
0.01: MET_Broker: Sending Cloudlet #4859 to Vm #15
0.01: MET_Broker: Sending Cloudlet #4860 to Vm #15
0.01: MET_Broker: Sending Cloudlet #4861 to Vm #15
0.01: MET_Broker: Sending Cloudlet #4862 to Vm #15
0.01: MET_Broker: Sending Cloudlet #4863 to Vm #15
0.01: MET_Broker: Sending Cloudlet #4864 to Vm #15
0.01: MET_Broker: Sending Cloudlet #4865 to Vm #15
0.01: MET_Broker: Sending Cloudlet #4866 to Vm #15
0.01: MET_Broker: Sending Cloudlet #4867 to Vm #15
0.01: MET_Broker: Sending Cloudlet #4868 to Vm #15
0.01: MET_Broker: Sending Cloudlet #4869 to Vm #15
0.01: MET_Broker: Sending Cloudlet #4870 to Vm #15
0.01: MET_Broker: Sending Cloudlet #4871 to Vm #15
0.01: MET_Broker: Sending Cloudlet #4872 to Vm #15
0.01: MET_Broker: Sending Cloudlet #4873 to Vm #15
0.01: MET_Broker: Sending Cloudlet #4874 to Vm #15
0.01: MET_Broker: Sending Cloudlet #4875 to Vm #15
0.01: MET_Broker: Sending Cloudlet #4876 to Vm #15
0.01: MET_Broker: Sending Cloudlet #4877 to Vm #15
0.01: MET_Broker: Sending Cloudlet #4878 to Vm #15
0.01: MET_Broker: Sending Cloudlet #4879 to Vm #15
0.01: MET_Broker: Sending Cloudlet #4880 to Vm #15
0.01: MET_Broker: Sending Cloudlet #4881 to Vm #15
0.01: MET_Broker: Sending Cloudlet #4882 to Vm #15
0.01: MET_Broker: Sending Cloudlet #4883 to Vm #15
0.01: MET_Broker: Sending Cloudlet #4884 to Vm #15
0.01: MET_Broker: Sending Cloudlet #4885 to Vm #15
0.01: MET_Broker: Sending Cloudlet #4886 to Vm #15
0.01: MET_Broker: Sending Cloudlet #4887 to Vm #15
0.01: MET_Broker: Sending Cloudlet #4888 to Vm #15
0.01: MET_Broker: Sending Cloudlet #4889 to Vm #15
0.01: MET_Broker: Sending Cloudlet #4890 to Vm #15
0.01: MET_Broker: Sending Cloudlet #4891 to Vm #15
0.01: MET_Broker: Sending Cloudlet #4892 to Vm #15
0.01: MET_Broker: Sending Cloudlet #4893 to Vm #15
0.01: MET_Broker: Sending Cloudlet #4894 to Vm #15
0.01: MET_Broker: Sending Cloudlet #4895 to Vm #15
0.01: MET_Broker: Sending Cloudlet #4896 to Vm #15
0.01: MET_Broker: Sending Cloudlet #4897 to Vm #15
0.01: MET_Broker: Sending Cloudlet #4898 to Vm #15
0.01: MET_Broker: Sending Cloudlet #4899 to Vm #15
0.01: MET_Broker: Sending Cloudlet #4900 to Vm #15
0.01: MET_Broker: Sending Cloudlet #4901 to Vm #15
0.01: MET_Broker: Sending Cloudlet #4902 to Vm #15
0.01: MET_Broker: Sending Cloudlet #4903 to Vm #15
0.01: MET_Broker: Sending Cloudlet #4904 to Vm #15
0.01: MET_Broker: Sending Cloudlet #4905 to Vm #15
0.01: MET_Broker: Sending Cloudlet #4906 to Vm #15
0.01: MET_Broker: Sending Cloudlet #4907 to Vm #15
0.01: MET_Broker: Sending Cloudlet #4908 to Vm #15
0.01: MET_Broker: Sending Cloudlet #4909 to Vm #15
0.01: MET_Broker: Sending Cloudlet #4910 to Vm #15
0.01: MET_Broker: Sending Cloudlet #4911 to Vm #15
0.01: MET_Broker: Sending Cloudlet #4912 to Vm #15
0.01: MET_Broker: Sending Cloudlet #4913 to Vm #15
0.01: MET_Broker: Sending Cloudlet #4914 to Vm #15
0.01: MET_Broker: Sending Cloudlet #4915 to Vm #15
0.01: MET_Broker: Sending Cloudlet #4916 to Vm #15
0.01: MET_Broker: Sending Cloudlet #4917 to Vm #15
0.01: MET_Broker: Sending Cloudlet #4918 to Vm #15
0.01: MET_Broker: Sending Cloudlet #4919 to Vm #15
0.01: MET_Broker: Sending Cloudlet #4920 to Vm #15
0.01: MET_Broker: Sending Cloudlet #4921 to Vm #15
0.01: MET_Broker: Sending Cloudlet #4922 to Vm #15
0.01: MET_Broker: Sending Cloudlet #4923 to Vm #15
0.01: MET_Broker: Sending Cloudlet #4924 to Vm #15
0.01: MET_Broker: Sending Cloudlet #4925 to Vm #15
0.01: MET_Broker: Sending Cloudlet #4926 to Vm #15
0.01: MET_Broker: Sending Cloudlet #4927 to Vm #15
0.01: MET_Broker: Sending Cloudlet #4928 to Vm #15
0.01: MET_Broker: Sending Cloudlet #4929 to Vm #15
0.01: MET_Broker: Sending Cloudlet #4930 to Vm #15
0.01: MET_Broker: Sending Cloudlet #4931 to Vm #15
0.01: MET_Broker: Sending Cloudlet #4932 to Vm #15
0.01: MET_Broker: Sending Cloudlet #4933 to Vm #15
0.01: MET_Broker: Sending Cloudlet #4934 to Vm #15
0.01: MET_Broker: Sending Cloudlet #4935 to Vm #15
0.01: MET_Broker: Sending Cloudlet #4936 to Vm #15
0.01: MET_Broker: Sending Cloudlet #4937 to Vm #15
0.01: MET_Broker: Sending Cloudlet #4938 to Vm #15
0.01: MET_Broker: Sending Cloudlet #4939 to Vm #15
0.01: MET_Broker: Sending Cloudlet #4940 to Vm #15
0.01: MET_Broker: Sending Cloudlet #4941 to Vm #15
0.01: MET_Broker: Sending Cloudlet #4942 to Vm #15
0.01: MET_Broker: Sending Cloudlet #4943 to Vm #15
0.01: MET_Broker: Sending Cloudlet #4944 to Vm #15
0.01: MET_Broker: Sending Cloudlet #4945 to Vm #15
0.01: MET_Broker: Sending Cloudlet #4946 to Vm #15
0.01: MET_Broker: Sending Cloudlet #4947 to Vm #15
0.01: MET_Broker: Sending Cloudlet #4948 to Vm #15
0.01: MET_Broker: Sending Cloudlet #4949 to Vm #15
0.01: MET_Broker: Sending Cloudlet #4950 to Vm #15
0.01: MET_Broker: Sending Cloudlet #4951 to Vm #15
0.01: MET_Broker: Sending Cloudlet #4952 to Vm #15
0.01: MET_Broker: Sending Cloudlet #4953 to Vm #15
0.01: MET_Broker: Sending Cloudlet #4954 to Vm #15
0.01: MET_Broker: Sending Cloudlet #4955 to Vm #15
0.01: MET_Broker: Sending Cloudlet #4956 to Vm #15
0.01: MET_Broker: Sending Cloudlet #4957 to Vm #15
0.01: MET_Broker: Sending Cloudlet #4958 to Vm #15
0.01: MET_Broker: Sending Cloudlet #4959 to Vm #15
0.01: MET_Broker: Sending Cloudlet #4960 to Vm #15
0.01: MET_Broker: Sending Cloudlet #4961 to Vm #15
0.01: MET_Broker: Sending Cloudlet #4962 to Vm #15
0.01: MET_Broker: Sending Cloudlet #4963 to Vm #15
0.01: MET_Broker: Sending Cloudlet #4964 to Vm #15
0.01: MET_Broker: Sending Cloudlet #4965 to Vm #15
0.01: MET_Broker: Sending Cloudlet #4966 to Vm #15
0.01: MET_Broker: Sending Cloudlet #4967 to Vm #15
0.01: MET_Broker: Sending Cloudlet #4968 to Vm #15
0.01: MET_Broker: Sending Cloudlet #4969 to Vm #15
0.01: MET_Broker: Sending Cloudlet #4970 to Vm #15
0.01: MET_Broker: Sending Cloudlet #4971 to Vm #15
0.01: MET_Broker: Sending Cloudlet #4972 to Vm #15
0.01: MET_Broker: Sending Cloudlet #4973 to Vm #15
0.01: MET_Broker: Sending Cloudlet #4974 to Vm #15
0.01: MET_Broker: Sending Cloudlet #4975 to Vm #15
0.01: MET_Broker: Sending Cloudlet #4976 to Vm #15
0.01: MET_Broker: Sending Cloudlet #4977 to Vm #15
0.01: MET_Broker: Sending Cloudlet #4978 to Vm #15
0.01: MET_Broker: Sending Cloudlet #4979 to Vm #15
0.01: MET_Broker: Sending Cloudlet #4980 to Vm #15
0.01: MET_Broker: Sending Cloudlet #4981 to Vm #15
0.01: MET_Broker: Sending Cloudlet #4982 to Vm #15
0.01: MET_Broker: Sending Cloudlet #4983 to Vm #15
0.01: MET_Broker: Sending Cloudlet #4984 to Vm #15
0.01: MET_Broker: Sending Cloudlet #4985 to Vm #15
0.01: MET_Broker: Sending Cloudlet #4986 to Vm #15
0.01: MET_Broker: Sending Cloudlet #4987 to Vm #15
0.01: MET_Broker: Sending Cloudlet #4988 to Vm #15
0.01: MET_Broker: Sending Cloudlet #4989 to Vm #15
0.01: MET_Broker: Sending Cloudlet #4990 to Vm #15
0.01: MET_Broker: Sending Cloudlet #4991 to Vm #15
0.01: MET_Broker: Sending Cloudlet #4992 to Vm #15
0.01: MET_Broker: Sending Cloudlet #4993 to Vm #15
0.01: MET_Broker: Sending Cloudlet #4994 to Vm #15
0.01: MET_Broker: Sending Cloudlet #4995 to Vm #15
0.01: MET_Broker: Sending Cloudlet #4996 to Vm #15
0.01: MET_Broker: Sending Cloudlet #4997 to Vm #15
0.01: MET_Broker: Sending Cloudlet #4998 to Vm #15
0.01: MET_Broker: Sending Cloudlet #4999 to Vm #15
13.304: MET_Broker: Cloudlet #1 return received
13.304: MET_Broker: The number of finished Cloudlets is:1
21.7352: MET_Broker: Cloudlet #2 return received
21.7352: MET_Broker: The number of finished Cloudlets is:2
37.422: MET_Broker: Cloudlet #5 return received
37.422: MET_Broker: The number of finished Cloudlets is:3
41.639199999999995: MET_Broker: Cloudlet #4 return received
41.639199999999995: MET_Broker: The number of finished Cloudlets is:4
72.386: MET_Broker: Cloudlet #6 return received
72.386: MET_Broker: The number of finished Cloudlets is:5
89.8256: MET_Broker: Cloudlet #7 return received
89.8256: MET_Broker: The number of finished Cloudlets is:6
112.85799999999999: MET_Broker: Cloudlet #3 return received
112.85799999999999: MET_Broker: The number of finished Cloudlets is:7
119.00559999999999: MET_Broker: Cloudlet #9 return received
119.00559999999999: MET_Broker: The number of finished Cloudlets is:8
140.68159999999997: MET_Broker: Cloudlet #10 return received
140.68159999999997: MET_Broker: The number of finished Cloudlets is:9
206.75279999999998: MET_Broker: Cloudlet #12 return received
206.75279999999998: MET_Broker: The number of finished Cloudlets is:10
219.92039999999997: MET_Broker: Cloudlet #13 return received
219.92039999999997: MET_Broker: The number of finished Cloudlets is:11
223.6948: MET_Broker: Cloudlet #8 return received
223.6948: MET_Broker: The number of finished Cloudlets is:12
259.4868: MET_Broker: Cloudlet #14 return received
259.4868: MET_Broker: The number of finished Cloudlets is:13
281.9932: MET_Broker: Cloudlet #16 return received
281.9932: MET_Broker: The number of finished Cloudlets is:14
317.7172: MET_Broker: Cloudlet #0 return received
317.7172: MET_Broker: The number of finished Cloudlets is:15
329.1108: MET_Broker: Cloudlet #17 return received
329.1108: MET_Broker: The number of finished Cloudlets is:16
341.3372: MET_Broker: Cloudlet #19 return received
341.3372: MET_Broker: The number of finished Cloudlets is:17
350.782: MET_Broker: Cloudlet #20 return received
350.782: MET_Broker: The number of finished Cloudlets is:18
391.7708: MET_Broker: Cloudlet #18 return received
391.7708: MET_Broker: The number of finished Cloudlets is:19
402.0748: MET_Broker: Cloudlet #21 return received
402.0748: MET_Broker: The number of finished Cloudlets is:20
404.0472: MET_Broker: Cloudlet #15 return received
404.0472: MET_Broker: The number of finished Cloudlets is:21
415.03639999999996: MET_Broker: Cloudlet #22 return received
415.03639999999996: MET_Broker: The number of finished Cloudlets is:22
453.0232: MET_Broker: Cloudlet #25 return received
453.0232: MET_Broker: The number of finished Cloudlets is:23
457.094: MET_Broker: Cloudlet #11 return received
457.094: MET_Broker: The number of finished Cloudlets is:24
458.266: MET_Broker: Cloudlet #23 return received
458.266: MET_Broker: The number of finished Cloudlets is:25
493.16400000000004: MET_Broker: Cloudlet #26 return received
493.16400000000004: MET_Broker: The number of finished Cloudlets is:26
495.1272: MET_Broker: Cloudlet #24 return received
495.1272: MET_Broker: The number of finished Cloudlets is:27
500.0104: MET_Broker: Cloudlet #27 return received
500.0104: MET_Broker: The number of finished Cloudlets is:28
503.0996: MET_Broker: Cloudlet #30 return received
503.0996: MET_Broker: The number of finished Cloudlets is:29
503.5856: MET_Broker: Cloudlet #28 return received
503.5856: MET_Broker: The number of finished Cloudlets is:30
508.7048: MET_Broker: Cloudlet #31 return received
508.7048: MET_Broker: The number of finished Cloudlets is:31
513.106: MET_Broker: Cloudlet #32 return received
513.106: MET_Broker: The number of finished Cloudlets is:32
522.9888: MET_Broker: Cloudlet #29 return received
522.9888: MET_Broker: The number of finished Cloudlets is:33
526.3104: MET_Broker: Cloudlet #34 return received
526.3104: MET_Broker: The number of finished Cloudlets is:34
549.3543999999999: MET_Broker: Cloudlet #35 return received
549.3543999999999: MET_Broker: The number of finished Cloudlets is:35
566.376: MET_Broker: Cloudlet #38 return received
566.376: MET_Broker: The number of finished Cloudlets is:36
576.1548: MET_Broker: Cloudlet #39 return received
576.1548: MET_Broker: The number of finished Cloudlets is:37
578.5464000000001: MET_Broker: Cloudlet #37 return received
578.5464000000001: MET_Broker: The number of finished Cloudlets is:38
585.5812000000001: MET_Broker: Cloudlet #36 return received
585.5812000000001: MET_Broker: The number of finished Cloudlets is:39
606.6812000000001: MET_Broker: Cloudlet #33 return received
606.6812000000001: MET_Broker: The number of finished Cloudlets is:40
616.6616000000001: MET_Broker: Cloudlet #40 return received
616.6616000000001: MET_Broker: The number of finished Cloudlets is:41
651.6216000000002: MET_Broker: Cloudlet #43 return received
651.6216000000002: MET_Broker: The number of finished Cloudlets is:42
670.1776000000002: MET_Broker: Cloudlet #45 return received
670.1776000000002: MET_Broker: The number of finished Cloudlets is:43
677.5984000000002: MET_Broker: Cloudlet #46 return received
677.5984000000002: MET_Broker: The number of finished Cloudlets is:44
688.5824000000002: MET_Broker: Cloudlet #47 return received
688.5824000000002: MET_Broker: The number of finished Cloudlets is:45
695.9512000000002: MET_Broker: Cloudlet #44 return received
695.9512000000002: MET_Broker: The number of finished Cloudlets is:46
715.5552000000002: MET_Broker: Cloudlet #49 return received
715.5552000000002: MET_Broker: The number of finished Cloudlets is:47
719.3716000000003: MET_Broker: Cloudlet #48 return received
719.3716000000003: MET_Broker: The number of finished Cloudlets is:48
729.1076000000003: MET_Broker: Cloudlet #50 return received
729.1076000000003: MET_Broker: The number of finished Cloudlets is:49
745.9156000000003: MET_Broker: Cloudlet #52 return received
745.9156000000003: MET_Broker: The number of finished Cloudlets is:50
759.8048000000002: MET_Broker: Cloudlet #53 return received
759.8048000000002: MET_Broker: The number of finished Cloudlets is:51
765.5496000000003: MET_Broker: Cloudlet #51 return received
765.5496000000003: MET_Broker: The number of finished Cloudlets is:52
794.1544000000002: MET_Broker: Cloudlet #55 return received
794.1544000000002: MET_Broker: The number of finished Cloudlets is:53
822.7904000000002: MET_Broker: Cloudlet #42 return received
822.7904000000002: MET_Broker: The number of finished Cloudlets is:54
839.8016000000002: MET_Broker: Cloudlet #57 return received
839.8016000000002: MET_Broker: The number of finished Cloudlets is:55
845.6124000000002: MET_Broker: Cloudlet #56 return received
845.6124000000002: MET_Broker: The number of finished Cloudlets is:56
879.2876000000002: MET_Broker: Cloudlet #41 return received
879.2876000000002: MET_Broker: The number of finished Cloudlets is:57
898.2196000000002: MET_Broker: Cloudlet #54 return received
898.2196000000002: MET_Broker: The number of finished Cloudlets is:58
899.0592000000003: MET_Broker: Cloudlet #59 return received
899.0592000000003: MET_Broker: The number of finished Cloudlets is:59
911.0632000000003: MET_Broker: Cloudlet #62 return received
911.0632000000003: MET_Broker: The number of finished Cloudlets is:60
920.9788000000003: MET_Broker: Cloudlet #58 return received
920.9788000000003: MET_Broker: The number of finished Cloudlets is:61
947.2492000000003: MET_Broker: Cloudlet #60 return received
947.2492000000003: MET_Broker: The number of finished Cloudlets is:62
954.3388000000003: MET_Broker: Cloudlet #63 return received
954.3388000000003: MET_Broker: The number of finished Cloudlets is:63
1013.8500000000004: MET_Broker: Cloudlet #61 return received
1013.8500000000004: MET_Broker: The number of finished Cloudlets is:64
1037.2476000000004: MET_Broker: Cloudlet #64 return received
1037.2476000000004: MET_Broker: The number of finished Cloudlets is:65
1044.2504000000004: MET_Broker: Cloudlet #68 return received
1044.2504000000004: MET_Broker: The number of finished Cloudlets is:66
1066.5908000000004: MET_Broker: Cloudlet #67 return received
1066.5908000000004: MET_Broker: The number of finished Cloudlets is:67
1076.7004000000004: MET_Broker: Cloudlet #65 return received
1076.7004000000004: MET_Broker: The number of finished Cloudlets is:68
1090.7256000000004: MET_Broker: Cloudlet #70 return received
1090.7256000000004: MET_Broker: The number of finished Cloudlets is:69
1097.1764000000005: MET_Broker: Cloudlet #66 return received
1097.1764000000005: MET_Broker: The number of finished Cloudlets is:70
1107.9316000000006: MET_Broker: Cloudlet #73 return received
1107.9316000000006: MET_Broker: The number of finished Cloudlets is:71
1123.2156000000007: MET_Broker: Cloudlet #71 return received
1123.2156000000007: MET_Broker: The number of finished Cloudlets is:72
1134.8212000000008: MET_Broker: Cloudlet #72 return received
1134.8212000000008: MET_Broker: The number of finished Cloudlets is:73
1162.9056000000007: MET_Broker: Cloudlet #76 return received
1162.9056000000007: MET_Broker: The number of finished Cloudlets is:74
1180.8036000000006: MET_Broker: Cloudlet #75 return received
1180.8036000000006: MET_Broker: The number of finished Cloudlets is:75
1190.2988000000007: MET_Broker: Cloudlet #78 return received
1190.2988000000007: MET_Broker: The number of finished Cloudlets is:76
1198.7208000000007: MET_Broker: Cloudlet #77 return received
1198.7208000000007: MET_Broker: The number of finished Cloudlets is:77
1213.7652000000007: MET_Broker: Cloudlet #79 return received
1213.7652000000007: MET_Broker: The number of finished Cloudlets is:78
1272.2208000000007: MET_Broker: Cloudlet #69 return received
1272.2208000000007: MET_Broker: The number of finished Cloudlets is:79
1307.5056000000006: MET_Broker: Cloudlet #80 return received
1307.5056000000006: MET_Broker: The number of finished Cloudlets is:80
1392.0044000000007: MET_Broker: Cloudlet #82 return received
1392.0044000000007: MET_Broker: The number of finished Cloudlets is:81
1455.3076000000008: MET_Broker: Cloudlet #74 return received
1455.3076000000008: MET_Broker: The number of finished Cloudlets is:82
1466.4724000000008: MET_Broker: Cloudlet #85 return received
1466.4724000000008: MET_Broker: The number of finished Cloudlets is:83
1525.7328000000007: MET_Broker: Cloudlet #81 return received
1525.7328000000007: MET_Broker: The number of finished Cloudlets is:84
1568.2888000000007: MET_Broker: Cloudlet #83 return received
1568.2888000000007: MET_Broker: The number of finished Cloudlets is:85
1582.4040000000007: MET_Broker: Cloudlet #87 return received
1582.4040000000007: MET_Broker: The number of finished Cloudlets is:86
1588.9216000000006: MET_Broker: Cloudlet #88 return received
1588.9216000000006: MET_Broker: The number of finished Cloudlets is:87
1646.5000000000007: MET_Broker: Cloudlet #89 return received
1646.5000000000007: MET_Broker: The number of finished Cloudlets is:88
1664.5284000000006: MET_Broker: Cloudlet #91 return received
1664.5284000000006: MET_Broker: The number of finished Cloudlets is:89
1700.6908000000005: MET_Broker: Cloudlet #92 return received
1700.6908000000005: MET_Broker: The number of finished Cloudlets is:90
1720.7072000000005: MET_Broker: Cloudlet #84 return received
1720.7072000000005: MET_Broker: The number of finished Cloudlets is:91
1733.7144000000005: MET_Broker: Cloudlet #86 return received
1733.7144000000005: MET_Broker: The number of finished Cloudlets is:92
1786.4836000000005: MET_Broker: Cloudlet #95 return received
1786.4836000000005: MET_Broker: The number of finished Cloudlets is:93
1808.2572000000005: MET_Broker: Cloudlet #96 return received
1808.2572000000005: MET_Broker: The number of finished Cloudlets is:94
1822.6712000000005: MET_Broker: Cloudlet #90 return received
1822.6712000000005: MET_Broker: The number of finished Cloudlets is:95
1837.2088000000006: MET_Broker: Cloudlet #94 return received
1837.2088000000006: MET_Broker: The number of finished Cloudlets is:96
1839.3644000000006: MET_Broker: Cloudlet #97 return received
1839.3644000000006: MET_Broker: The number of finished Cloudlets is:97
1847.2648000000006: MET_Broker: Cloudlet #99 return received
1847.2648000000006: MET_Broker: The number of finished Cloudlets is:98
1847.8092000000006: MET_Broker: Cloudlet #100 return received
1847.8092000000006: MET_Broker: The number of finished Cloudlets is:99
1865.1972000000005: MET_Broker: Cloudlet #98 return received
1865.1972000000005: MET_Broker: The number of finished Cloudlets is:100
1866.3872000000006: MET_Broker: Cloudlet #101 return received
1866.3872000000006: MET_Broker: The number of finished Cloudlets is:101
1875.2076000000006: MET_Broker: Cloudlet #103 return received
1875.2076000000006: MET_Broker: The number of finished Cloudlets is:102
1888.2840000000006: MET_Broker: Cloudlet #105 return received
1888.2840000000006: MET_Broker: The number of finished Cloudlets is:103
1896.7196000000006: MET_Broker: Cloudlet #104 return received
1896.7196000000006: MET_Broker: The number of finished Cloudlets is:104
1916.1016000000006: MET_Broker: Cloudlet #107 return received
1916.1016000000006: MET_Broker: The number of finished Cloudlets is:105
1941.7712000000006: MET_Broker: Cloudlet #106 return received
1941.7712000000006: MET_Broker: The number of finished Cloudlets is:106
1975.3104000000005: MET_Broker: Cloudlet #108 return received
1975.3104000000005: MET_Broker: The number of finished Cloudlets is:107
1982.3520000000005: MET_Broker: Cloudlet #110 return received
1982.3520000000005: MET_Broker: The number of finished Cloudlets is:108
2010.3804000000005: MET_Broker: Cloudlet #102 return received
2010.3804000000005: MET_Broker: The number of finished Cloudlets is:109
2055.2132000000006: MET_Broker: Cloudlet #93 return received
2055.2132000000006: MET_Broker: The number of finished Cloudlets is:110
2064.3020000000006: MET_Broker: Cloudlet #112 return received
2064.3020000000006: MET_Broker: The number of finished Cloudlets is:111
2069.4260000000004: MET_Broker: Cloudlet #109 return received
2069.4260000000004: MET_Broker: The number of finished Cloudlets is:112
2088.8856000000005: MET_Broker: Cloudlet #113 return received
2088.8856000000005: MET_Broker: The number of finished Cloudlets is:113
2089.0552000000007: MET_Broker: Cloudlet #115 return received
2089.0552000000007: MET_Broker: The number of finished Cloudlets is:114
2123.134400000001: MET_Broker: Cloudlet #117 return received
2123.134400000001: MET_Broker: The number of finished Cloudlets is:115
2138.140000000001: MET_Broker: Cloudlet #111 return received
2138.140000000001: MET_Broker: The number of finished Cloudlets is:116
2167.610800000001: MET_Broker: Cloudlet #116 return received
2167.610800000001: MET_Broker: The number of finished Cloudlets is:117
2168.915200000001: MET_Broker: Cloudlet #118 return received
2168.915200000001: MET_Broker: The number of finished Cloudlets is:118
2220.431200000001: MET_Broker: Cloudlet #120 return received
2220.431200000001: MET_Broker: The number of finished Cloudlets is:119
2250.169600000001: MET_Broker: Cloudlet #122 return received
2250.169600000001: MET_Broker: The number of finished Cloudlets is:120
2259.0764000000013: MET_Broker: Cloudlet #114 return received
2259.0764000000013: MET_Broker: The number of finished Cloudlets is:121
2270.9904000000015: MET_Broker: Cloudlet #124 return received
2270.9904000000015: MET_Broker: The number of finished Cloudlets is:122
2296.9384000000014: MET_Broker: Cloudlet #125 return received
2296.9384000000014: MET_Broker: The number of finished Cloudlets is:123
2300.9760000000015: MET_Broker: Cloudlet #123 return received
2300.9760000000015: MET_Broker: The number of finished Cloudlets is:124
2311.2240000000015: MET_Broker: Cloudlet #127 return received
2311.2240000000015: MET_Broker: The number of finished Cloudlets is:125
2320.9432000000015: MET_Broker: Cloudlet #119 return received
2320.9432000000015: MET_Broker: The number of finished Cloudlets is:126
2327.7988000000014: MET_Broker: Cloudlet #129 return received
2327.7988000000014: MET_Broker: The number of finished Cloudlets is:127
2354.7716000000014: MET_Broker: Cloudlet #130 return received
2354.7716000000014: MET_Broker: The number of finished Cloudlets is:128
2370.3260000000014: MET_Broker: Cloudlet #128 return received
2370.3260000000014: MET_Broker: The number of finished Cloudlets is:129
2421.0428000000015: MET_Broker: Cloudlet #132 return received
2421.0428000000015: MET_Broker: The number of finished Cloudlets is:130
2430.4772000000016: MET_Broker: Cloudlet #133 return received
2430.4772000000016: MET_Broker: The number of finished Cloudlets is:131
2452.7968000000014: MET_Broker: Cloudlet #134 return received
2452.7968000000014: MET_Broker: The number of finished Cloudlets is:132
2468.8544000000015: MET_Broker: Cloudlet #131 return received
2468.8544000000015: MET_Broker: The number of finished Cloudlets is:133
2472.7952000000014: MET_Broker: Cloudlet #135 return received
2472.7952000000014: MET_Broker: The number of finished Cloudlets is:134
2494.0016000000014: MET_Broker: Cloudlet #126 return received
2494.0016000000014: MET_Broker: The number of finished Cloudlets is:135
2502.8780000000015: MET_Broker: Cloudlet #136 return received
2502.8780000000015: MET_Broker: The number of finished Cloudlets is:136
2506.8076000000015: MET_Broker: Cloudlet #121 return received
2506.8076000000015: MET_Broker: The number of finished Cloudlets is:137
2530.7844000000014: MET_Broker: Cloudlet #137 return received
2530.7844000000014: MET_Broker: The number of finished Cloudlets is:138
2536.2440000000015: MET_Broker: Cloudlet #140 return received
2536.2440000000015: MET_Broker: The number of finished Cloudlets is:139
2542.0464000000015: MET_Broker: Cloudlet #139 return received
2542.0464000000015: MET_Broker: The number of finished Cloudlets is:140
2562.0820000000017: MET_Broker: Cloudlet #143 return received
2562.0820000000017: MET_Broker: The number of finished Cloudlets is:141
2564.411200000002: MET_Broker: Cloudlet #138 return received
2564.411200000002: MET_Broker: The number of finished Cloudlets is:142
2577.881600000002: MET_Broker: Cloudlet #145 return received
2577.881600000002: MET_Broker: The number of finished Cloudlets is:143
2578.952400000002: MET_Broker: Cloudlet #141 return received
2578.952400000002: MET_Broker: The number of finished Cloudlets is:144
2591.745600000002: MET_Broker: Cloudlet #142 return received
2591.745600000002: MET_Broker: The number of finished Cloudlets is:145
2646.667600000002: MET_Broker: Cloudlet #148 return received
2646.667600000002: MET_Broker: The number of finished Cloudlets is:146
2666.468400000002: MET_Broker: Cloudlet #147 return received
2666.468400000002: MET_Broker: The number of finished Cloudlets is:147
2696.407600000002: MET_Broker: Cloudlet #149 return received
2696.407600000002: MET_Broker: The number of finished Cloudlets is:148
2701.0964000000017: MET_Broker: Cloudlet #150 return received
2701.0964000000017: MET_Broker: The number of finished Cloudlets is:149
2737.525200000002: MET_Broker: Cloudlet #152 return received
2737.525200000002: MET_Broker: The number of finished Cloudlets is:150
2760.353200000002: MET_Broker: Cloudlet #146 return received
2760.353200000002: MET_Broker: The number of finished Cloudlets is:151
2776.1380000000017: MET_Broker: Cloudlet #153 return received
2776.1380000000017: MET_Broker: The number of finished Cloudlets is:152
2787.8072000000016: MET_Broker: Cloudlet #154 return received
2787.8072000000016: MET_Broker: The number of finished Cloudlets is:153
2795.7088000000017: MET_Broker: Cloudlet #156 return received
2795.7088000000017: MET_Broker: The number of finished Cloudlets is:154
2796.2360000000017: MET_Broker: Cloudlet #151 return received
2796.2360000000017: MET_Broker: The number of finished Cloudlets is:155
2803.355200000002: MET_Broker: Cloudlet #157 return received
2803.355200000002: MET_Broker: The number of finished Cloudlets is:156
2814.966800000002: MET_Broker: Cloudlet #158 return received
2814.966800000002: MET_Broker: The number of finished Cloudlets is:157
2817.092000000002: MET_Broker: Cloudlet #159 return received
2817.092000000002: MET_Broker: The number of finished Cloudlets is:158
2819.8356000000017: MET_Broker: Cloudlet #155 return received
2819.8356000000017: MET_Broker: The number of finished Cloudlets is:159
2832.9664000000016: MET_Broker: Cloudlet #161 return received
2832.9664000000016: MET_Broker: The number of finished Cloudlets is:160
2839.6264000000015: MET_Broker: Cloudlet #162 return received
2839.6264000000015: MET_Broker: The number of finished Cloudlets is:161
2865.3556000000017: MET_Broker: Cloudlet #163 return received
2865.3556000000017: MET_Broker: The number of finished Cloudlets is:162
2870.7616000000016: MET_Broker: Cloudlet #160 return received
2870.7616000000016: MET_Broker: The number of finished Cloudlets is:163
2885.6928000000016: MET_Broker: Cloudlet #166 return received
2885.6928000000016: MET_Broker: The number of finished Cloudlets is:164
2885.882400000002: MET_Broker: Cloudlet #164 return received
2885.882400000002: MET_Broker: The number of finished Cloudlets is:165
2899.0692000000017: MET_Broker: Cloudlet #165 return received
2899.0692000000017: MET_Broker: The number of finished Cloudlets is:166
2902.675200000002: MET_Broker: Cloudlet #168 return received
2902.675200000002: MET_Broker: The number of finished Cloudlets is:167
2910.811200000002: MET_Broker: Cloudlet #167 return received
2910.811200000002: MET_Broker: The number of finished Cloudlets is:168
2915.0328000000018: MET_Broker: Cloudlet #144 return received
2915.0328000000018: MET_Broker: The number of finished Cloudlets is:169
2931.308000000002: MET_Broker: Cloudlet #170 return received
2931.308000000002: MET_Broker: The number of finished Cloudlets is:170
2948.287200000002: MET_Broker: Cloudlet #169 return received
2948.287200000002: MET_Broker: The number of finished Cloudlets is:171
2960.376400000002: MET_Broker: Cloudlet #171 return received
2960.376400000002: MET_Broker: The number of finished Cloudlets is:172
2962.536000000002: MET_Broker: Cloudlet #174 return received
2962.536000000002: MET_Broker: The number of finished Cloudlets is:173
2970.866800000002: MET_Broker: Cloudlet #173 return received
2970.866800000002: MET_Broker: The number of finished Cloudlets is:174
2971.5616000000023: MET_Broker: Cloudlet #176 return received
2971.5616000000023: MET_Broker: The number of finished Cloudlets is:175
2990.1792000000023: MET_Broker: Cloudlet #177 return received
2990.1792000000023: MET_Broker: The number of finished Cloudlets is:176
3047.976800000002: MET_Broker: Cloudlet #179 return received
3047.976800000002: MET_Broker: The number of finished Cloudlets is:177
3070.259600000002: MET_Broker: Cloudlet #180 return received
3070.259600000002: MET_Broker: The number of finished Cloudlets is:178
3078.8552000000022: MET_Broker: Cloudlet #181 return received
3078.8552000000022: MET_Broker: The number of finished Cloudlets is:179
3086.3244000000022: MET_Broker: Cloudlet #178 return received
3086.3244000000022: MET_Broker: The number of finished Cloudlets is:180
3121.967600000002: MET_Broker: Cloudlet #183 return received
3121.967600000002: MET_Broker: The number of finished Cloudlets is:181
3172.2476000000024: MET_Broker: Cloudlet #175 return received
3172.2476000000024: MET_Broker: The number of finished Cloudlets is:182
3218.4868000000024: MET_Broker: Cloudlet #185 return received
3218.4868000000024: MET_Broker: The number of finished Cloudlets is:183
3267.2732000000024: MET_Broker: Cloudlet #172 return received
3267.2732000000024: MET_Broker: The number of finished Cloudlets is:184
3275.1176000000023: MET_Broker: Cloudlet #186 return received
3275.1176000000023: MET_Broker: The number of finished Cloudlets is:185
3282.3348000000024: MET_Broker: Cloudlet #187 return received
3282.3348000000024: MET_Broker: The number of finished Cloudlets is:186
3293.2204000000024: MET_Broker: Cloudlet #188 return received
3293.2204000000024: MET_Broker: The number of finished Cloudlets is:187
3315.2940000000026: MET_Broker: Cloudlet #190 return received
3315.2940000000026: MET_Broker: The number of finished Cloudlets is:188
3327.4608000000026: MET_Broker: Cloudlet #189 return received
3327.4608000000026: MET_Broker: The number of finished Cloudlets is:189
3360.6820000000025: MET_Broker: Cloudlet #191 return received
3360.6820000000025: MET_Broker: The number of finished Cloudlets is:190
3374.0976000000023: MET_Broker: Cloudlet #193 return received
3374.0976000000023: MET_Broker: The number of finished Cloudlets is:191
3381.152800000002: MET_Broker: Cloudlet #194 return received
3381.152800000002: MET_Broker: The number of finished Cloudlets is:192
3394.302800000002: MET_Broker: Cloudlet #182 return received
3394.302800000002: MET_Broker: The number of finished Cloudlets is:193
3403.2440000000024: MET_Broker: Cloudlet #184 return received
3403.2440000000024: MET_Broker: The number of finished Cloudlets is:194
3408.6568000000025: MET_Broker: Cloudlet #196 return received
3408.6568000000025: MET_Broker: The number of finished Cloudlets is:195
3441.7148000000025: MET_Broker: Cloudlet #197 return received
3441.7148000000025: MET_Broker: The number of finished Cloudlets is:196
3483.0756000000024: MET_Broker: Cloudlet #192 return received
3483.0756000000024: MET_Broker: The number of finished Cloudlets is:197
3592.0676000000026: MET_Broker: Cloudlet #200 return received
3592.0676000000026: MET_Broker: The number of finished Cloudlets is:198
3604.224400000003: MET_Broker: Cloudlet #201 return received
3604.224400000003: MET_Broker: The number of finished Cloudlets is:199
3694.921600000003: MET_Broker: Cloudlet #195 return received
3694.921600000003: MET_Broker: The number of finished Cloudlets is:200
3703.5600000000027: MET_Broker: Cloudlet #198 return received
3703.5600000000027: MET_Broker: The number of finished Cloudlets is:201
3709.8812000000025: MET_Broker: Cloudlet #204 return received
3709.8812000000025: MET_Broker: The number of finished Cloudlets is:202
3718.7396000000026: MET_Broker: Cloudlet #205 return received
3718.7396000000026: MET_Broker: The number of finished Cloudlets is:203
3726.7632000000026: MET_Broker: Cloudlet #203 return received
3726.7632000000026: MET_Broker: The number of finished Cloudlets is:204
3737.9940000000024: MET_Broker: Cloudlet #199 return received
3737.9940000000024: MET_Broker: The number of finished Cloudlets is:205
3752.8284000000026: MET_Broker: Cloudlet #206 return received
3752.8284000000026: MET_Broker: The number of finished Cloudlets is:206
3762.0952000000025: MET_Broker: Cloudlet #209 return received
3762.0952000000025: MET_Broker: The number of finished Cloudlets is:207
3769.1824000000024: MET_Broker: Cloudlet #202 return received
3769.1824000000024: MET_Broker: The number of finished Cloudlets is:208
3772.2468000000026: MET_Broker: Cloudlet #210 return received
3772.2468000000026: MET_Broker: The number of finished Cloudlets is:209
3776.8536000000026: MET_Broker: Cloudlet #207 return received
3776.8536000000026: MET_Broker: The number of finished Cloudlets is:210
3778.106400000003: MET_Broker: Cloudlet #211 return received
3778.106400000003: MET_Broker: The number of finished Cloudlets is:211
3785.1324000000027: MET_Broker: Cloudlet #213 return received
3785.1324000000027: MET_Broker: The number of finished Cloudlets is:212
3793.0256000000027: MET_Broker: Cloudlet #214 return received
3793.0256000000027: MET_Broker: The number of finished Cloudlets is:213
3797.809600000003: MET_Broker: Cloudlet #215 return received
3797.809600000003: MET_Broker: The number of finished Cloudlets is:214
3816.932000000003: MET_Broker: Cloudlet #212 return received
3816.932000000003: MET_Broker: The number of finished Cloudlets is:215
3855.315200000003: MET_Broker: Cloudlet #218 return received
3855.315200000003: MET_Broker: The number of finished Cloudlets is:216
3878.257600000003: MET_Broker: Cloudlet #219 return received
3878.257600000003: MET_Broker: The number of finished Cloudlets is:217
3892.486400000003: MET_Broker: Cloudlet #220 return received
3892.486400000003: MET_Broker: The number of finished Cloudlets is:218
3980.036400000003: MET_Broker: Cloudlet #216 return received
3980.036400000003: MET_Broker: The number of finished Cloudlets is:219
3991.953600000003: MET_Broker: Cloudlet #217 return received
3991.953600000003: MET_Broker: The number of finished Cloudlets is:220
4016.778000000003: MET_Broker: Cloudlet #222 return received
4016.778000000003: MET_Broker: The number of finished Cloudlets is:221
4033.910000000003: MET_Broker: Cloudlet #223 return received
4033.910000000003: MET_Broker: The number of finished Cloudlets is:222
4034.671600000003: MET_Broker: Cloudlet #224 return received
4034.671600000003: MET_Broker: The number of finished Cloudlets is:223
4048.1776000000027: MET_Broker: Cloudlet #208 return received
4048.1776000000027: MET_Broker: The number of finished Cloudlets is:224
4074.5888000000027: MET_Broker: Cloudlet #226 return received
4074.5888000000027: MET_Broker: The number of finished Cloudlets is:225
4090.3812000000025: MET_Broker: Cloudlet #225 return received
4090.3812000000025: MET_Broker: The number of finished Cloudlets is:226
4127.390800000003: MET_Broker: Cloudlet #229 return received
4127.390800000003: MET_Broker: The number of finished Cloudlets is:227
4131.603200000003: MET_Broker: Cloudlet #228 return received
4131.603200000003: MET_Broker: The number of finished Cloudlets is:228
4172.398400000003: MET_Broker: Cloudlet #231 return received
4172.398400000003: MET_Broker: The number of finished Cloudlets is:229
4189.068400000003: MET_Broker: Cloudlet #227 return received
4189.068400000003: MET_Broker: The number of finished Cloudlets is:230
4197.473600000003: MET_Broker: Cloudlet #233 return received
4197.473600000003: MET_Broker: The number of finished Cloudlets is:231
4215.887600000003: MET_Broker: Cloudlet #234 return received
4215.887600000003: MET_Broker: The number of finished Cloudlets is:232
4221.043200000003: MET_Broker: Cloudlet #232 return received
4221.043200000003: MET_Broker: The number of finished Cloudlets is:233
4248.774400000003: MET_Broker: Cloudlet #221 return received
4248.774400000003: MET_Broker: The number of finished Cloudlets is:234
4265.145600000003: MET_Broker: Cloudlet #237 return received
4265.145600000003: MET_Broker: The number of finished Cloudlets is:235
4277.364000000002: MET_Broker: Cloudlet #230 return received
4277.364000000002: MET_Broker: The number of finished Cloudlets is:236
4284.882400000002: MET_Broker: Cloudlet #239 return received
4284.882400000002: MET_Broker: The number of finished Cloudlets is:237
4305.734800000002: MET_Broker: Cloudlet #238 return received
4305.734800000002: MET_Broker: The number of finished Cloudlets is:238
4333.016000000002: MET_Broker: Cloudlet #241 return received
4333.016000000002: MET_Broker: The number of finished Cloudlets is:239
4333.976000000002: MET_Broker: Cloudlet #240 return received
4333.976000000002: MET_Broker: The number of finished Cloudlets is:240
4345.418800000002: MET_Broker: Cloudlet #235 return received
4345.418800000002: MET_Broker: The number of finished Cloudlets is:241
4384.6532000000025: MET_Broker: Cloudlet #244 return received
4384.6532000000025: MET_Broker: The number of finished Cloudlets is:242
4387.097200000003: MET_Broker: Cloudlet #243 return received
4387.097200000003: MET_Broker: The number of finished Cloudlets is:243
4403.165600000003: MET_Broker: Cloudlet #236 return received
4403.165600000003: MET_Broker: The number of finished Cloudlets is:244
4422.217600000003: MET_Broker: Cloudlet #245 return received
4422.217600000003: MET_Broker: The number of finished Cloudlets is:245
4454.933200000003: MET_Broker: Cloudlet #246 return received
4454.933200000003: MET_Broker: The number of finished Cloudlets is:246
4475.280000000003: MET_Broker: Cloudlet #249 return received
4475.280000000003: MET_Broker: The number of finished Cloudlets is:247
4484.811600000004: MET_Broker: Cloudlet #242 return received
4484.811600000004: MET_Broker: The number of finished Cloudlets is:248
4494.148000000004: MET_Broker: Cloudlet #251 return received
4494.148000000004: MET_Broker: The number of finished Cloudlets is:249
4522.428800000003: MET_Broker: Cloudlet #252 return received
4522.428800000003: MET_Broker: The number of finished Cloudlets is:250
4533.254800000003: MET_Broker: Cloudlet #250 return received
4533.254800000003: MET_Broker: The number of finished Cloudlets is:251
4579.447600000003: MET_Broker: Cloudlet #254 return received
4579.447600000003: MET_Broker: The number of finished Cloudlets is:252
4584.8664000000035: MET_Broker: Cloudlet #247 return received
4584.8664000000035: MET_Broker: The number of finished Cloudlets is:253
4585.521600000004: MET_Broker: Cloudlet #255 return received
4585.521600000004: MET_Broker: The number of finished Cloudlets is:254
4601.394400000004: MET_Broker: Cloudlet #256 return received
4601.394400000004: MET_Broker: The number of finished Cloudlets is:255
4609.796800000004: MET_Broker: Cloudlet #248 return received
4609.796800000004: MET_Broker: The number of finished Cloudlets is:256
4626.912000000004: MET_Broker: Cloudlet #259 return received
4626.912000000004: MET_Broker: The number of finished Cloudlets is:257
4656.7144000000035: MET_Broker: Cloudlet #260 return received
4656.7144000000035: MET_Broker: The number of finished Cloudlets is:258
4660.552400000003: MET_Broker: Cloudlet #258 return received
4660.552400000003: MET_Broker: The number of finished Cloudlets is:259
4665.674000000004: MET_Broker: Cloudlet #253 return received
4665.674000000004: MET_Broker: The number of finished Cloudlets is:260
4685.582000000004: MET_Broker: Cloudlet #263 return received
4685.582000000004: MET_Broker: The number of finished Cloudlets is:261
4697.920800000004: MET_Broker: Cloudlet #262 return received
4697.920800000004: MET_Broker: The number of finished Cloudlets is:262
4739.231600000005: MET_Broker: Cloudlet #264 return received
4739.231600000005: MET_Broker: The number of finished Cloudlets is:263
4749.148000000005: MET_Broker: Cloudlet #265 return received
4749.148000000005: MET_Broker: The number of finished Cloudlets is:264
4781.2972000000045: MET_Broker: Cloudlet #266 return received
4781.2972000000045: MET_Broker: The number of finished Cloudlets is:265
4802.785200000005: MET_Broker: Cloudlet #267 return received
4802.785200000005: MET_Broker: The number of finished Cloudlets is:266
4813.730400000005: MET_Broker: Cloudlet #269 return received
4813.730400000005: MET_Broker: The number of finished Cloudlets is:267
4817.742400000005: MET_Broker: Cloudlet #261 return received
4817.742400000005: MET_Broker: The number of finished Cloudlets is:268
4831.740000000004: MET_Broker: Cloudlet #268 return received
4831.740000000004: MET_Broker: The number of finished Cloudlets is:269
4840.374400000004: MET_Broker: Cloudlet #272 return received
4840.374400000004: MET_Broker: The number of finished Cloudlets is:270
4840.752800000004: MET_Broker: Cloudlet #270 return received
4840.752800000004: MET_Broker: The number of finished Cloudlets is:271
4855.2000000000035: MET_Broker: Cloudlet #274 return received
4855.2000000000035: MET_Broker: The number of finished Cloudlets is:272
4867.077200000003: MET_Broker: Cloudlet #257 return received
4867.077200000003: MET_Broker: The number of finished Cloudlets is:273
4891.331200000003: MET_Broker: Cloudlet #275 return received
4891.331200000003: MET_Broker: The number of finished Cloudlets is:274
4894.926000000003: MET_Broker: Cloudlet #271 return received
4894.926000000003: MET_Broker: The number of finished Cloudlets is:275
4898.090000000003: MET_Broker: Cloudlet #277 return received
4898.090000000003: MET_Broker: The number of finished Cloudlets is:276
4903.293200000003: MET_Broker: Cloudlet #276 return received
4903.293200000003: MET_Broker: The number of finished Cloudlets is:277
4950.565200000003: MET_Broker: Cloudlet #279 return received
4950.565200000003: MET_Broker: The number of finished Cloudlets is:278
4952.7400000000025: MET_Broker: Cloudlet #280 return received
4952.7400000000025: MET_Broker: The number of finished Cloudlets is:279
4986.204000000002: MET_Broker: Cloudlet #278 return received
4986.204000000002: MET_Broker: The number of finished Cloudlets is:280
5000.221600000003: MET_Broker: Cloudlet #281 return received
5000.221600000003: MET_Broker: The number of finished Cloudlets is:281
5003.903600000002: MET_Broker: Cloudlet #282 return received
5003.903600000002: MET_Broker: The number of finished Cloudlets is:282
5009.400000000002: MET_Broker: Cloudlet #283 return received
5009.400000000002: MET_Broker: The number of finished Cloudlets is:283
5028.693600000002: MET_Broker: Cloudlet #286 return received
5028.693600000002: MET_Broker: The number of finished Cloudlets is:284
5038.445200000002: MET_Broker: Cloudlet #287 return received
5038.445200000002: MET_Broker: The number of finished Cloudlets is:285
5049.932800000002: MET_Broker: Cloudlet #284 return received
5049.932800000002: MET_Broker: The number of finished Cloudlets is:286
5095.521600000003: MET_Broker: Cloudlet #288 return received
5095.521600000003: MET_Broker: The number of finished Cloudlets is:287
5110.695600000003: MET_Broker: Cloudlet #290 return received
5110.695600000003: MET_Broker: The number of finished Cloudlets is:288
5121.298800000002: MET_Broker: Cloudlet #273 return received
5121.298800000002: MET_Broker: The number of finished Cloudlets is:289
5157.651200000002: MET_Broker: Cloudlet #292 return received
5157.651200000002: MET_Broker: The number of finished Cloudlets is:290
5172.013200000002: MET_Broker: Cloudlet #289 return received
5172.013200000002: MET_Broker: The number of finished Cloudlets is:291
5206.344400000002: MET_Broker: Cloudlet #291 return received
5206.344400000002: MET_Broker: The number of finished Cloudlets is:292
5212.216800000002: MET_Broker: Cloudlet #293 return received
5212.216800000002: MET_Broker: The number of finished Cloudlets is:293
5263.244800000002: MET_Broker: Cloudlet #296 return received
5263.244800000002: MET_Broker: The number of finished Cloudlets is:294
5280.556800000002: MET_Broker: Cloudlet #294 return received
5280.556800000002: MET_Broker: The number of finished Cloudlets is:295
5303.109200000002: MET_Broker: Cloudlet #298 return received
5303.109200000002: MET_Broker: The number of finished Cloudlets is:296
5306.836800000002: MET_Broker: Cloudlet #297 return received
5306.836800000002: MET_Broker: The number of finished Cloudlets is:297
5310.1352000000015: MET_Broker: Cloudlet #299 return received
5310.1352000000015: MET_Broker: The number of finished Cloudlets is:298
5321.376000000001: MET_Broker: Cloudlet #285 return received
5321.376000000001: MET_Broker: The number of finished Cloudlets is:299
5332.946000000001: MET_Broker: Cloudlet #301 return received
5332.946000000001: MET_Broker: The number of finished Cloudlets is:300
5341.5456: MET_Broker: Cloudlet #303 return received
5341.5456: MET_Broker: The number of finished Cloudlets is:301
5352.6872: MET_Broker: Cloudlet #302 return received
5352.6872: MET_Broker: The number of finished Cloudlets is:302
5358.1916: MET_Broker: Cloudlet #300 return received
5358.1916: MET_Broker: The number of finished Cloudlets is:303
5362.9228: MET_Broker: Cloudlet #305 return received
5362.9228: MET_Broker: The number of finished Cloudlets is:304
5371.6452: MET_Broker: Cloudlet #306 return received
5371.6452: MET_Broker: The number of finished Cloudlets is:305
5384.1632: MET_Broker: Cloudlet #308 return received
5384.1632: MET_Broker: The number of finished Cloudlets is:306
5390.5508: MET_Broker: Cloudlet #304 return received
5390.5508: MET_Broker: The number of finished Cloudlets is:307
5401.4608: MET_Broker: Cloudlet #310 return received
5401.4608: MET_Broker: The number of finished Cloudlets is:308
5405.2296: MET_Broker: Cloudlet #309 return received
5405.2296: MET_Broker: The number of finished Cloudlets is:309
5450.4384: MET_Broker: Cloudlet #311 return received
5450.4384: MET_Broker: The number of finished Cloudlets is:310
5478.8536: MET_Broker: Cloudlet #295 return received
5478.8536: MET_Broker: The number of finished Cloudlets is:311
5492.584000000001: MET_Broker: Cloudlet #314 return received
5492.584000000001: MET_Broker: The number of finished Cloudlets is:312
5527.169600000001: MET_Broker: Cloudlet #312 return received
5527.169600000001: MET_Broker: The number of finished Cloudlets is:313
5534.313600000001: MET_Broker: Cloudlet #316 return received
5534.313600000001: MET_Broker: The number of finished Cloudlets is:314
5609.168400000001: MET_Broker: Cloudlet #313 return received
5609.168400000001: MET_Broker: The number of finished Cloudlets is:315
5664.875600000001: MET_Broker: Cloudlet #318 return received
5664.875600000001: MET_Broker: The number of finished Cloudlets is:316
5676.876400000001: MET_Broker: Cloudlet #319 return received
5676.876400000001: MET_Broker: The number of finished Cloudlets is:317
5695.585200000001: MET_Broker: Cloudlet #307 return received
5695.585200000001: MET_Broker: The number of finished Cloudlets is:318
5739.520000000001: MET_Broker: Cloudlet #321 return received
5739.520000000001: MET_Broker: The number of finished Cloudlets is:319
5792.452800000001: MET_Broker: Cloudlet #320 return received
5792.452800000001: MET_Broker: The number of finished Cloudlets is:320
5797.511600000001: MET_Broker: Cloudlet #317 return received
5797.511600000001: MET_Broker: The number of finished Cloudlets is:321
5804.724400000001: MET_Broker: Cloudlet #323 return received
5804.724400000001: MET_Broker: The number of finished Cloudlets is:322
5805.880000000001: MET_Broker: Cloudlet #315 return received
5805.880000000001: MET_Broker: The number of finished Cloudlets is:323
5816.575600000001: MET_Broker: Cloudlet #325 return received
5816.575600000001: MET_Broker: The number of finished Cloudlets is:324
5834.960000000001: MET_Broker: Cloudlet #326 return received
5834.960000000001: MET_Broker: The number of finished Cloudlets is:325
5849.238400000001: MET_Broker: Cloudlet #324 return received
5849.238400000001: MET_Broker: The number of finished Cloudlets is:326
5868.659600000001: MET_Broker: Cloudlet #327 return received
5868.659600000001: MET_Broker: The number of finished Cloudlets is:327
5946.480400000001: MET_Broker: Cloudlet #329 return received
5946.480400000001: MET_Broker: The number of finished Cloudlets is:328
6006.902400000001: MET_Broker: Cloudlet #328 return received
6006.902400000001: MET_Broker: The number of finished Cloudlets is:329
6016.064000000001: MET_Broker: Cloudlet #330 return received
6016.064000000001: MET_Broker: The number of finished Cloudlets is:330
6029.2004000000015: MET_Broker: Cloudlet #333 return received
6029.2004000000015: MET_Broker: The number of finished Cloudlets is:331
6036.3384000000015: MET_Broker: Cloudlet #331 return received
6036.3384000000015: MET_Broker: The number of finished Cloudlets is:332
6036.7332000000015: MET_Broker: Cloudlet #334 return received
6036.7332000000015: MET_Broker: The number of finished Cloudlets is:333
6041.610400000001: MET_Broker: Cloudlet #322 return received
6041.610400000001: MET_Broker: The number of finished Cloudlets is:334
6054.922000000001: MET_Broker: Cloudlet #337 return received
6054.922000000001: MET_Broker: The number of finished Cloudlets is:335
6058.489200000002: MET_Broker: Cloudlet #332 return received
6058.489200000002: MET_Broker: The number of finished Cloudlets is:336
6081.778800000002: MET_Broker: Cloudlet #336 return received
6081.778800000002: MET_Broker: The number of finished Cloudlets is:337
6084.131200000002: MET_Broker: Cloudlet #338 return received
6084.131200000002: MET_Broker: The number of finished Cloudlets is:338
6095.940000000001: MET_Broker: Cloudlet #341 return received
6095.940000000001: MET_Broker: The number of finished Cloudlets is:339
6109.629200000001: MET_Broker: Cloudlet #339 return received
6109.629200000001: MET_Broker: The number of finished Cloudlets is:340
6121.666800000001: MET_Broker: Cloudlet #342 return received
6121.666800000001: MET_Broker: The number of finished Cloudlets is:341
6148.520400000001: MET_Broker: Cloudlet #335 return received
6148.520400000001: MET_Broker: The number of finished Cloudlets is:342
6165.625200000001: MET_Broker: Cloudlet #343 return received
6165.625200000001: MET_Broker: The number of finished Cloudlets is:343
6183.690000000001: MET_Broker: Cloudlet #345 return received
6183.690000000001: MET_Broker: The number of finished Cloudlets is:344
6185.133600000001: MET_Broker: Cloudlet #340 return received
6185.133600000001: MET_Broker: The number of finished Cloudlets is:345
6192.056800000001: MET_Broker: Cloudlet #347 return received
6192.056800000001: MET_Broker: The number of finished Cloudlets is:346
6213.862400000001: MET_Broker: Cloudlet #346 return received
6213.862400000001: MET_Broker: The number of finished Cloudlets is:347
6219.377200000001: MET_Broker: Cloudlet #344 return received
6219.377200000001: MET_Broker: The number of finished Cloudlets is:348
6237.347600000001: MET_Broker: Cloudlet #348 return received
6237.347600000001: MET_Broker: The number of finished Cloudlets is:349
6249.644000000001: MET_Broker: Cloudlet #349 return received
6249.644000000001: MET_Broker: The number of finished Cloudlets is:350
6259.539200000001: MET_Broker: Cloudlet #353 return received
6259.539200000001: MET_Broker: The number of finished Cloudlets is:351
6306.448400000001: MET_Broker: Cloudlet #354 return received
6306.448400000001: MET_Broker: The number of finished Cloudlets is:352
6332.552400000001: MET_Broker: Cloudlet #350 return received
6332.552400000001: MET_Broker: The number of finished Cloudlets is:353
6333.406000000002: MET_Broker: Cloudlet #355 return received
6333.406000000002: MET_Broker: The number of finished Cloudlets is:354
6376.195600000002: MET_Broker: Cloudlet #357 return received
6376.195600000002: MET_Broker: The number of finished Cloudlets is:355
6399.1824000000015: MET_Broker: Cloudlet #352 return received
6399.1824000000015: MET_Broker: The number of finished Cloudlets is:356
6416.217600000002: MET_Broker: Cloudlet #359 return received
6416.217600000002: MET_Broker: The number of finished Cloudlets is:357
6429.830000000002: MET_Broker: Cloudlet #358 return received
6429.830000000002: MET_Broker: The number of finished Cloudlets is:358
6430.351200000002: MET_Broker: Cloudlet #360 return received
6430.351200000002: MET_Broker: The number of finished Cloudlets is:359
6439.758800000001: MET_Broker: Cloudlet #362 return received
6439.758800000001: MET_Broker: The number of finished Cloudlets is:360
6456.463200000001: MET_Broker: Cloudlet #363 return received
6456.463200000001: MET_Broker: The number of finished Cloudlets is:361
6484.650400000001: MET_Broker: Cloudlet #361 return received
6484.650400000001: MET_Broker: The number of finished Cloudlets is:362
6501.539200000001: MET_Broker: Cloudlet #356 return received
6501.539200000001: MET_Broker: The number of finished Cloudlets is:363
6520.445200000001: MET_Broker: Cloudlet #351 return received
6520.445200000001: MET_Broker: The number of finished Cloudlets is:364
6560.716800000001: MET_Broker: Cloudlet #367 return received
6560.716800000001: MET_Broker: The number of finished Cloudlets is:365
6562.876800000001: MET_Broker: Cloudlet #366 return received
6562.876800000001: MET_Broker: The number of finished Cloudlets is:366
6571.420400000001: MET_Broker: Cloudlet #368 return received
6571.420400000001: MET_Broker: The number of finished Cloudlets is:367
6587.158000000001: MET_Broker: Cloudlet #370 return received
6587.158000000001: MET_Broker: The number of finished Cloudlets is:368
6631.614800000001: MET_Broker: Cloudlet #371 return received
6631.614800000001: MET_Broker: The number of finished Cloudlets is:369
6668.3708000000015: MET_Broker: Cloudlet #372 return received
6668.3708000000015: MET_Broker: The number of finished Cloudlets is:370
6677.361200000001: MET_Broker: Cloudlet #373 return received
6677.361200000001: MET_Broker: The number of finished Cloudlets is:371
6690.830400000001: MET_Broker: Cloudlet #374 return received
6690.830400000001: MET_Broker: The number of finished Cloudlets is:372
6703.2952000000005: MET_Broker: Cloudlet #375 return received
6703.2952000000005: MET_Broker: The number of finished Cloudlets is:373
6708.4268: MET_Broker: Cloudlet #365 return received
6708.4268: MET_Broker: The number of finished Cloudlets is:374
6713.4564: MET_Broker: Cloudlet #376 return received
6713.4564: MET_Broker: The number of finished Cloudlets is:375
6724.1764: MET_Broker: Cloudlet #378 return received
6724.1764: MET_Broker: The number of finished Cloudlets is:376
6738.082: MET_Broker: Cloudlet #379 return received
6738.082: MET_Broker: The number of finished Cloudlets is:377
6753.5416000000005: MET_Broker: Cloudlet #369 return received
6753.5416000000005: MET_Broker: The number of finished Cloudlets is:378
6773.530000000001: MET_Broker: Cloudlet #381 return received
6773.530000000001: MET_Broker: The number of finished Cloudlets is:379
6784.764800000001: MET_Broker: Cloudlet #382 return received
6784.764800000001: MET_Broker: The number of finished Cloudlets is:380
6798.684400000001: MET_Broker: Cloudlet #383 return received
6798.684400000001: MET_Broker: The number of finished Cloudlets is:381
6815.249200000001: MET_Broker: Cloudlet #364 return received
6815.249200000001: MET_Broker: The number of finished Cloudlets is:382
6835.300400000001: MET_Broker: Cloudlet #377 return received
6835.300400000001: MET_Broker: The number of finished Cloudlets is:383
6838.181200000001: MET_Broker: Cloudlet #384 return received
6838.181200000001: MET_Broker: The number of finished Cloudlets is:384
6843.844000000001: MET_Broker: Cloudlet #380 return received
6843.844000000001: MET_Broker: The number of finished Cloudlets is:385
6856.796000000001: MET_Broker: Cloudlet #388 return received
6856.796000000001: MET_Broker: The number of finished Cloudlets is:386
6867.351200000001: MET_Broker: Cloudlet #385 return received
6867.351200000001: MET_Broker: The number of finished Cloudlets is:387
6874.2116000000005: MET_Broker: Cloudlet #386 return received
6874.2116000000005: MET_Broker: The number of finished Cloudlets is:388
6882.742800000001: MET_Broker: Cloudlet #391 return received
6882.742800000001: MET_Broker: The number of finished Cloudlets is:389
6897.363600000001: MET_Broker: Cloudlet #387 return received
6897.363600000001: MET_Broker: The number of finished Cloudlets is:390
6913.4232: MET_Broker: Cloudlet #390 return received
6913.4232: MET_Broker: The number of finished Cloudlets is:391
6964.7716: MET_Broker: Cloudlet #394 return received
6964.7716: MET_Broker: The number of finished Cloudlets is:392
6985.5396: MET_Broker: Cloudlet #389 return received
6985.5396: MET_Broker: The number of finished Cloudlets is:393
7006.184: MET_Broker: Cloudlet #396 return received
7006.184: MET_Broker: The number of finished Cloudlets is:394
7022.6472: MET_Broker: Cloudlet #395 return received
7022.6472: MET_Broker: The number of finished Cloudlets is:395
7039.0668000000005: MET_Broker: Cloudlet #398 return received
7039.0668000000005: MET_Broker: The number of finished Cloudlets is:396
7047.964400000001: MET_Broker: Cloudlet #397 return received
7047.964400000001: MET_Broker: The number of finished Cloudlets is:397
7062.514000000001: MET_Broker: Cloudlet #399 return received
7062.514000000001: MET_Broker: The number of finished Cloudlets is:398
7063.902000000001: MET_Broker: Cloudlet #400 return received
7063.902000000001: MET_Broker: The number of finished Cloudlets is:399
7070.916800000001: MET_Broker: Cloudlet #401 return received
7070.916800000001: MET_Broker: The number of finished Cloudlets is:400
7084.2372000000005: MET_Broker: Cloudlet #393 return received
7084.2372000000005: MET_Broker: The number of finished Cloudlets is:401
7091.9588: MET_Broker: Cloudlet #404 return received
7091.9588: MET_Broker: The number of finished Cloudlets is:402
7098.5136: MET_Broker: Cloudlet #402 return received
7098.5136: MET_Broker: The number of finished Cloudlets is:403
7109.492: MET_Broker: Cloudlet #403 return received
7109.492: MET_Broker: The number of finished Cloudlets is:404
7118.916: MET_Broker: Cloudlet #405 return received
7118.916: MET_Broker: The number of finished Cloudlets is:405
7128.852: MET_Broker: Cloudlet #392 return received
7128.852: MET_Broker: The number of finished Cloudlets is:406
7139.7784: MET_Broker: Cloudlet #407 return received
7139.7784: MET_Broker: The number of finished Cloudlets is:407
7166.9384: MET_Broker: Cloudlet #409 return received
7166.9384: MET_Broker: The number of finished Cloudlets is:408
7176.2792: MET_Broker: Cloudlet #411 return received
7176.2792: MET_Broker: The number of finished Cloudlets is:409
7205.6939999999995: MET_Broker: Cloudlet #410 return received
7205.6939999999995: MET_Broker: The number of finished Cloudlets is:410
7282.8967999999995: MET_Broker: Cloudlet #412 return received
7282.8967999999995: MET_Broker: The number of finished Cloudlets is:411
7286.2408: MET_Broker: Cloudlet #406 return received
7286.2408: MET_Broker: The number of finished Cloudlets is:412
7320.0563999999995: MET_Broker: Cloudlet #414 return received
7320.0563999999995: MET_Broker: The number of finished Cloudlets is:413
7346.6179999999995: MET_Broker: Cloudlet #415 return received
7346.6179999999995: MET_Broker: The number of finished Cloudlets is:414
7375.756399999999: MET_Broker: Cloudlet #413 return received
7375.756399999999: MET_Broker: The number of finished Cloudlets is:415
7388.492399999999: MET_Broker: Cloudlet #418 return received
7388.492399999999: MET_Broker: The number of finished Cloudlets is:416
7420.533599999999: MET_Broker: Cloudlet #419 return received
7420.533599999999: MET_Broker: The number of finished Cloudlets is:417
7436.492799999999: MET_Broker: Cloudlet #420 return received
7436.492799999999: MET_Broker: The number of finished Cloudlets is:418
7453.608799999999: MET_Broker: Cloudlet #408 return received
7453.608799999999: MET_Broker: The number of finished Cloudlets is:419
7500.172799999999: MET_Broker: Cloudlet #417 return received
7500.172799999999: MET_Broker: The number of finished Cloudlets is:420
7536.7192: MET_Broker: Cloudlet #423 return received
7536.7192: MET_Broker: The number of finished Cloudlets is:421
7550.737999999999: MET_Broker: Cloudlet #421 return received
7550.737999999999: MET_Broker: The number of finished Cloudlets is:422
7566.368799999999: MET_Broker: Cloudlet #424 return received
7566.368799999999: MET_Broker: The number of finished Cloudlets is:423
7583.8672: MET_Broker: Cloudlet #422 return received
7583.8672: MET_Broker: The number of finished Cloudlets is:424
7593.009599999999: MET_Broker: Cloudlet #427 return received
7593.009599999999: MET_Broker: The number of finished Cloudlets is:425
7605.8744: MET_Broker: Cloudlet #416 return received
7605.8744: MET_Broker: The number of finished Cloudlets is:426
7623.454: MET_Broker: Cloudlet #429 return received
7623.454: MET_Broker: The number of finished Cloudlets is:427
7644.9932: MET_Broker: Cloudlet #430 return received
7644.9932: MET_Broker: The number of finished Cloudlets is:428
7685.650799999999: MET_Broker: Cloudlet #426 return received
7685.650799999999: MET_Broker: The number of finished Cloudlets is:429
7699.100399999999: MET_Broker: Cloudlet #431 return received
7699.100399999999: MET_Broker: The number of finished Cloudlets is:430
7710.067999999999: MET_Broker: Cloudlet #432 return received
7710.067999999999: MET_Broker: The number of finished Cloudlets is:431
7715.977599999999: MET_Broker: Cloudlet #433 return received
7715.977599999999: MET_Broker: The number of finished Cloudlets is:432
7731.469599999999: MET_Broker: Cloudlet #425 return received
7731.469599999999: MET_Broker: The number of finished Cloudlets is:433
7733.883999999999: MET_Broker: Cloudlet #434 return received
7733.883999999999: MET_Broker: The number of finished Cloudlets is:434
7741.888399999999: MET_Broker: Cloudlet #428 return received
7741.888399999999: MET_Broker: The number of finished Cloudlets is:435
7764.581199999999: MET_Broker: Cloudlet #438 return received
7764.581199999999: MET_Broker: The number of finished Cloudlets is:436
7771.9551999999985: MET_Broker: Cloudlet #436 return received
7771.9551999999985: MET_Broker: The number of finished Cloudlets is:437
7772.099199999999: MET_Broker: Cloudlet #437 return received
7772.099199999999: MET_Broker: The number of finished Cloudlets is:438
7786.3683999999985: MET_Broker: Cloudlet #441 return received
7786.3683999999985: MET_Broker: The number of finished Cloudlets is:439
7794.772399999999: MET_Broker: Cloudlet #442 return received
7794.772399999999: MET_Broker: The number of finished Cloudlets is:440
7809.414799999999: MET_Broker: Cloudlet #443 return received
7809.414799999999: MET_Broker: The number of finished Cloudlets is:441
7830.115999999999: MET_Broker: Cloudlet #440 return received
7830.115999999999: MET_Broker: The number of finished Cloudlets is:442
7850.283599999999: MET_Broker: Cloudlet #444 return received
7850.283599999999: MET_Broker: The number of finished Cloudlets is:443
7886.472399999999: MET_Broker: Cloudlet #445 return received
7886.472399999999: MET_Broker: The number of finished Cloudlets is:444
7900.157199999999: MET_Broker: Cloudlet #446 return received
7900.157199999999: MET_Broker: The number of finished Cloudlets is:445
7917.575599999998: MET_Broker: Cloudlet #439 return received
7917.575599999998: MET_Broker: The number of finished Cloudlets is:446
7932.583999999998: MET_Broker: Cloudlet #447 return received
7932.583999999998: MET_Broker: The number of finished Cloudlets is:447
7962.682799999998: MET_Broker: Cloudlet #435 return received
7962.682799999998: MET_Broker: The number of finished Cloudlets is:448
8037.613599999998: MET_Broker: Cloudlet #450 return received
8037.613599999998: MET_Broker: The number of finished Cloudlets is:449
8095.284799999998: MET_Broker: Cloudlet #448 return received
8095.284799999998: MET_Broker: The number of finished Cloudlets is:450
8115.202399999997: MET_Broker: Cloudlet #453 return received
8115.202399999997: MET_Broker: The number of finished Cloudlets is:451
8134.844799999997: MET_Broker: Cloudlet #449 return received
8134.844799999997: MET_Broker: The number of finished Cloudlets is:452
8165.230399999997: MET_Broker: Cloudlet #454 return received
8165.230399999997: MET_Broker: The number of finished Cloudlets is:453
8178.521999999996: MET_Broker: Cloudlet #456 return received
8178.521999999996: MET_Broker: The number of finished Cloudlets is:454
8180.566799999996: MET_Broker: Cloudlet #455 return received
8180.566799999996: MET_Broker: The number of finished Cloudlets is:455
8202.763999999996: MET_Broker: Cloudlet #458 return received
8202.763999999996: MET_Broker: The number of finished Cloudlets is:456
8226.538399999996: MET_Broker: Cloudlet #457 return received
8226.538399999996: MET_Broker: The number of finished Cloudlets is:457
8252.010799999996: MET_Broker: Cloudlet #459 return received
8252.010799999996: MET_Broker: The number of finished Cloudlets is:458
8276.220799999996: MET_Broker: Cloudlet #460 return received
8276.220799999996: MET_Broker: The number of finished Cloudlets is:459
8295.091199999995: MET_Broker: Cloudlet #461 return received
8295.091199999995: MET_Broker: The number of finished Cloudlets is:460
8306.667999999996: MET_Broker: Cloudlet #463 return received
8306.667999999996: MET_Broker: The number of finished Cloudlets is:461
8312.500399999995: MET_Broker: Cloudlet #451 return received
8312.500399999995: MET_Broker: The number of finished Cloudlets is:462
8327.823999999995: MET_Broker: Cloudlet #462 return received
8327.823999999995: MET_Broker: The number of finished Cloudlets is:463
8348.158799999996: MET_Broker: Cloudlet #466 return received
8348.158799999996: MET_Broker: The number of finished Cloudlets is:464
8364.655999999995: MET_Broker: Cloudlet #467 return received
8364.655999999995: MET_Broker: The number of finished Cloudlets is:465
8386.446399999995: MET_Broker: Cloudlet #452 return received
8386.446399999995: MET_Broker: The number of finished Cloudlets is:466
8402.833599999994: MET_Broker: Cloudlet #468 return received
8402.833599999994: MET_Broker: The number of finished Cloudlets is:467
8426.018399999995: MET_Broker: Cloudlet #469 return received
8426.018399999995: MET_Broker: The number of finished Cloudlets is:468
8433.309199999996: MET_Broker: Cloudlet #470 return received
8433.309199999996: MET_Broker: The number of finished Cloudlets is:469
8489.808799999995: MET_Broker: Cloudlet #472 return received
8489.808799999995: MET_Broker: The number of finished Cloudlets is:470
8521.792799999996: MET_Broker: Cloudlet #464 return received
8521.792799999996: MET_Broker: The number of finished Cloudlets is:471
8533.523999999996: MET_Broker: Cloudlet #474 return received
8533.523999999996: MET_Broker: The number of finished Cloudlets is:472
8547.590799999996: MET_Broker: Cloudlet #473 return received
8547.590799999996: MET_Broker: The number of finished Cloudlets is:473
8572.608399999996: MET_Broker: Cloudlet #465 return received
8572.608399999996: MET_Broker: The number of finished Cloudlets is:474
8577.224399999996: MET_Broker: Cloudlet #475 return received
8577.224399999996: MET_Broker: The number of finished Cloudlets is:475
8594.272399999996: MET_Broker: Cloudlet #477 return received
8594.272399999996: MET_Broker: The number of finished Cloudlets is:476
8636.577999999996: MET_Broker: Cloudlet #471 return received
8636.577999999996: MET_Broker: The number of finished Cloudlets is:477
8687.104399999997: MET_Broker: Cloudlet #480 return received
8687.104399999997: MET_Broker: The number of finished Cloudlets is:478
8692.799999999996: MET_Broker: Cloudlet #478 return received
8692.799999999996: MET_Broker: The number of finished Cloudlets is:479
8702.437999999996: MET_Broker: Cloudlet #482 return received
8702.437999999996: MET_Broker: The number of finished Cloudlets is:480
8721.185199999996: MET_Broker: Cloudlet #483 return received
8721.185199999996: MET_Broker: The number of finished Cloudlets is:481
8744.502399999996: MET_Broker: Cloudlet #484 return received
8744.502399999996: MET_Broker: The number of finished Cloudlets is:482
8763.984399999996: MET_Broker: Cloudlet #479 return received
8763.984399999996: MET_Broker: The number of finished Cloudlets is:483
8773.478399999996: MET_Broker: Cloudlet #485 return received
8773.478399999996: MET_Broker: The number of finished Cloudlets is:484
8786.950799999997: MET_Broker: Cloudlet #487 return received
8786.950799999997: MET_Broker: The number of finished Cloudlets is:485
8803.679199999997: MET_Broker: Cloudlet #486 return received
8803.679199999997: MET_Broker: The number of finished Cloudlets is:486
8805.657199999996: MET_Broker: Cloudlet #488 return received
8805.657199999996: MET_Broker: The number of finished Cloudlets is:487
8824.956399999995: MET_Broker: Cloudlet #490 return received
8824.956399999995: MET_Broker: The number of finished Cloudlets is:488
8834.938799999996: MET_Broker: Cloudlet #481 return received
8834.938799999996: MET_Broker: The number of finished Cloudlets is:489
8842.883999999996: MET_Broker: Cloudlet #491 return received
8842.883999999996: MET_Broker: The number of finished Cloudlets is:490
8847.587599999997: MET_Broker: Cloudlet #489 return received
8847.587599999997: MET_Broker: The number of finished Cloudlets is:491
8850.567999999997: MET_Broker: Cloudlet #492 return received
8850.567999999997: MET_Broker: The number of finished Cloudlets is:492
8853.901599999997: MET_Broker: Cloudlet #476 return received
8853.901599999997: MET_Broker: The number of finished Cloudlets is:493
8865.172799999997: MET_Broker: Cloudlet #495 return received
8865.172799999997: MET_Broker: The number of finished Cloudlets is:494
8879.173199999997: MET_Broker: Cloudlet #496 return received
8879.173199999997: MET_Broker: The number of finished Cloudlets is:495
8894.264799999997: MET_Broker: Cloudlet #494 return received
8894.264799999997: MET_Broker: The number of finished Cloudlets is:496
8909.448799999996: MET_Broker: Cloudlet #497 return received
8909.448799999996: MET_Broker: The number of finished Cloudlets is:497
8928.188399999997: MET_Broker: Cloudlet #500 return received
8928.188399999997: MET_Broker: The number of finished Cloudlets is:498
8937.026799999998: MET_Broker: Cloudlet #498 return received
8937.026799999998: MET_Broker: The number of finished Cloudlets is:499
8938.118799999998: MET_Broker: Cloudlet #499 return received
8938.118799999998: MET_Broker: The number of finished Cloudlets is:500
8946.723199999999: MET_Broker: Cloudlet #503 return received
8946.723199999999: MET_Broker: The number of finished Cloudlets is:501
8972.877999999999: MET_Broker: Cloudlet #504 return received
8972.877999999999: MET_Broker: The number of finished Cloudlets is:502
8973.044399999999: MET_Broker: Cloudlet #502 return received
8973.044399999999: MET_Broker: The number of finished Cloudlets is:503
9030.485999999999: MET_Broker: Cloudlet #506 return received
9030.485999999999: MET_Broker: The number of finished Cloudlets is:504
9039.619999999999: MET_Broker: Cloudlet #507 return received
9039.619999999999: MET_Broker: The number of finished Cloudlets is:505
9156.789999999999: MET_Broker: Cloudlet #501 return received
9156.789999999999: MET_Broker: The number of finished Cloudlets is:506
9173.5916: MET_Broker: Cloudlet #509 return received
9173.5916: MET_Broker: The number of finished Cloudlets is:507
9184.5524: MET_Broker: Cloudlet #493 return received
9184.5524: MET_Broker: The number of finished Cloudlets is:508
9208.884: MET_Broker: Cloudlet #511 return received
9208.884: MET_Broker: The number of finished Cloudlets is:509
9221.7284: MET_Broker: Cloudlet #510 return received
9221.7284: MET_Broker: The number of finished Cloudlets is:510
9244.1584: MET_Broker: Cloudlet #512 return received
9244.1584: MET_Broker: The number of finished Cloudlets is:511
9263.4684: MET_Broker: Cloudlet #514 return received
9263.4684: MET_Broker: The number of finished Cloudlets is:512
9321.8956: MET_Broker: Cloudlet #515 return received
9321.8956: MET_Broker: The number of finished Cloudlets is:513
9323.016: MET_Broker: Cloudlet #505 return received
9323.016: MET_Broker: The number of finished Cloudlets is:514
9353.0964: MET_Broker: Cloudlet #517 return received
9353.0964: MET_Broker: The number of finished Cloudlets is:515
9353.2736: MET_Broker: Cloudlet #516 return received
9353.2736: MET_Broker: The number of finished Cloudlets is:516
9355.4092: MET_Broker: Cloudlet #508 return received
9355.4092: MET_Broker: The number of finished Cloudlets is:517
9365.2748: MET_Broker: Cloudlet #519 return received
9365.2748: MET_Broker: The number of finished Cloudlets is:518
9385.754799999999: MET_Broker: Cloudlet #520 return received
9385.754799999999: MET_Broker: The number of finished Cloudlets is:519
9388.591599999998: MET_Broker: Cloudlet #518 return received
9388.591599999998: MET_Broker: The number of finished Cloudlets is:520
9404.749599999997: MET_Broker: Cloudlet #513 return received
9404.749599999997: MET_Broker: The number of finished Cloudlets is:521
9406.523199999998: MET_Broker: Cloudlet #521 return received
9406.523199999998: MET_Broker: The number of finished Cloudlets is:522
9520.348399999997: MET_Broker: Cloudlet #525 return received
9520.348399999997: MET_Broker: The number of finished Cloudlets is:523
9541.518799999998: MET_Broker: Cloudlet #523 return received
9541.518799999998: MET_Broker: The number of finished Cloudlets is:524
9554.888399999998: MET_Broker: Cloudlet #526 return received
9554.888399999998: MET_Broker: The number of finished Cloudlets is:525
9555.391199999998: MET_Broker: Cloudlet #527 return received
9555.391199999998: MET_Broker: The number of finished Cloudlets is:526
9565.017199999998: MET_Broker: Cloudlet #529 return received
9565.017199999998: MET_Broker: The number of finished Cloudlets is:527
9565.552399999999: MET_Broker: Cloudlet #524 return received
9565.552399999999: MET_Broker: The number of finished Cloudlets is:528
9581.228399999998: MET_Broker: Cloudlet #522 return received
9581.228399999998: MET_Broker: The number of finished Cloudlets is:529
9612.891199999998: MET_Broker: Cloudlet #528 return received
9612.891199999998: MET_Broker: The number of finished Cloudlets is:530
9622.519599999998: MET_Broker: Cloudlet #532 return received
9622.519599999998: MET_Broker: The number of finished Cloudlets is:531
9629.327999999998: MET_Broker: Cloudlet #533 return received
9629.327999999998: MET_Broker: The number of finished Cloudlets is:532
9645.926799999997: MET_Broker: Cloudlet #535 return received
9645.926799999997: MET_Broker: The number of finished Cloudlets is:533
9646.373599999997: MET_Broker: Cloudlet #534 return received
9646.373599999997: MET_Broker: The number of finished Cloudlets is:534
9672.058399999998: MET_Broker: Cloudlet #536 return received
9672.058399999998: MET_Broker: The number of finished Cloudlets is:535
9688.099199999999: MET_Broker: Cloudlet #538 return received
9688.099199999999: MET_Broker: The number of finished Cloudlets is:536
9693.344: MET_Broker: Cloudlet #537 return received
9693.344: MET_Broker: The number of finished Cloudlets is:537
9697.667599999999: MET_Broker: Cloudlet #530 return received
9697.667599999999: MET_Broker: The number of finished Cloudlets is:538
9710.059599999999: MET_Broker: Cloudlet #540 return received
9710.059599999999: MET_Broker: The number of finished Cloudlets is:539
9736.079999999998: MET_Broker: Cloudlet #541 return received
9736.079999999998: MET_Broker: The number of finished Cloudlets is:540
9776.205199999999: MET_Broker: Cloudlet #542 return received
9776.205199999999: MET_Broker: The number of finished Cloudlets is:541
9814.041199999998: MET_Broker: Cloudlet #544 return received
9814.041199999998: MET_Broker: The number of finished Cloudlets is:542
9819.033199999998: MET_Broker: Cloudlet #531 return received
9819.033199999998: MET_Broker: The number of finished Cloudlets is:543
9837.975599999998: MET_Broker: Cloudlet #545 return received
9837.975599999998: MET_Broker: The number of finished Cloudlets is:544
9841.407999999998: MET_Broker: Cloudlet #546 return received
9841.407999999998: MET_Broker: The number of finished Cloudlets is:545
9857.688399999997: MET_Broker: Cloudlet #539 return received
9857.688399999997: MET_Broker: The number of finished Cloudlets is:546
9898.547199999997: MET_Broker: Cloudlet #548 return received
9898.547199999997: MET_Broker: The number of finished Cloudlets is:547
9973.518399999997: MET_Broker: Cloudlet #547 return received
9973.518399999997: MET_Broker: The number of finished Cloudlets is:548
10006.339999999997: MET_Broker: Cloudlet #551 return received
10006.339999999997: MET_Broker: The number of finished Cloudlets is:549
10039.051999999996: MET_Broker: Cloudlet #552 return received
10039.051999999996: MET_Broker: The number of finished Cloudlets is:550
10039.348799999996: MET_Broker: Cloudlet #543 return received
10039.348799999996: MET_Broker: The number of finished Cloudlets is:551
10089.339599999996: MET_Broker: Cloudlet #553 return received
10089.339599999996: MET_Broker: The number of finished Cloudlets is:552
10122.157599999995: MET_Broker: Cloudlet #555 return received
10122.157599999995: MET_Broker: The number of finished Cloudlets is:553
10128.195599999995: MET_Broker: Cloudlet #550 return received
10128.195599999995: MET_Broker: The number of finished Cloudlets is:554
10163.407999999996: MET_Broker: Cloudlet #549 return received
10163.407999999996: MET_Broker: The number of finished Cloudlets is:555
10171.316399999996: MET_Broker: Cloudlet #554 return received
10171.316399999996: MET_Broker: The number of finished Cloudlets is:556
10187.634799999996: MET_Broker: Cloudlet #558 return received
10187.634799999996: MET_Broker: The number of finished Cloudlets is:557
10195.704799999996: MET_Broker: Cloudlet #560 return received
10195.704799999996: MET_Broker: The number of finished Cloudlets is:558
10221.890399999997: MET_Broker: Cloudlet #559 return received
10221.890399999997: MET_Broker: The number of finished Cloudlets is:559
10262.980799999996: MET_Broker: Cloudlet #562 return received
10262.980799999996: MET_Broker: The number of finished Cloudlets is:560
10331.244799999995: MET_Broker: Cloudlet #563 return received
10331.244799999995: MET_Broker: The number of finished Cloudlets is:561
10349.985999999995: MET_Broker: Cloudlet #561 return received
10349.985999999995: MET_Broker: The number of finished Cloudlets is:562
10388.379199999996: MET_Broker: Cloudlet #565 return received
10388.379199999996: MET_Broker: The number of finished Cloudlets is:563
10477.635599999996: MET_Broker: Cloudlet #556 return received
10477.635599999996: MET_Broker: The number of finished Cloudlets is:564
10485.929599999996: MET_Broker: Cloudlet #557 return received
10485.929599999996: MET_Broker: The number of finished Cloudlets is:565
10491.137999999995: MET_Broker: Cloudlet #567 return received
10491.137999999995: MET_Broker: The number of finished Cloudlets is:566
10564.420799999996: MET_Broker: Cloudlet #569 return received
10564.420799999996: MET_Broker: The number of finished Cloudlets is:567
10648.283599999997: MET_Broker: Cloudlet #564 return received
10648.283599999997: MET_Broker: The number of finished Cloudlets is:568
10661.921599999998: MET_Broker: Cloudlet #568 return received
10661.921599999998: MET_Broker: The number of finished Cloudlets is:569
10677.960799999997: MET_Broker: Cloudlet #572 return received
10677.960799999997: MET_Broker: The number of finished Cloudlets is:570
10695.357599999998: MET_Broker: Cloudlet #573 return received
10695.357599999998: MET_Broker: The number of finished Cloudlets is:571
10712.948399999997: MET_Broker: Cloudlet #574 return received
10712.948399999997: MET_Broker: The number of finished Cloudlets is:572
10744.074799999997: MET_Broker: Cloudlet #566 return received
10744.074799999997: MET_Broker: The number of finished Cloudlets is:573
10783.567999999997: MET_Broker: Cloudlet #575 return received
10783.567999999997: MET_Broker: The number of finished Cloudlets is:574
10804.875199999997: MET_Broker: Cloudlet #576 return received
10804.875199999997: MET_Broker: The number of finished Cloudlets is:575
10822.806799999997: MET_Broker: Cloudlet #577 return received
10822.806799999997: MET_Broker: The number of finished Cloudlets is:576
10824.743199999997: MET_Broker: Cloudlet #570 return received
10824.743199999997: MET_Broker: The number of finished Cloudlets is:577
10833.112399999996: MET_Broker: Cloudlet #580 return received
10833.112399999996: MET_Broker: The number of finished Cloudlets is:578
10863.409199999996: MET_Broker: Cloudlet #579 return received
10863.409199999996: MET_Broker: The number of finished Cloudlets is:579
10881.908399999997: MET_Broker: Cloudlet #581 return received
10881.908399999997: MET_Broker: The number of finished Cloudlets is:580
10903.332399999998: MET_Broker: Cloudlet #582 return received
10903.332399999998: MET_Broker: The number of finished Cloudlets is:581
10906.617599999998: MET_Broker: Cloudlet #571 return received
10906.617599999998: MET_Broker: The number of finished Cloudlets is:582
10917.206799999998: MET_Broker: Cloudlet #585 return received
10917.206799999998: MET_Broker: The number of finished Cloudlets is:583
10927.546799999998: MET_Broker: Cloudlet #578 return received
10927.546799999998: MET_Broker: The number of finished Cloudlets is:584
10949.752399999998: MET_Broker: Cloudlet #587 return received
10949.752399999998: MET_Broker: The number of finished Cloudlets is:585
10996.319599999997: MET_Broker: Cloudlet #586 return received
10996.319599999997: MET_Broker: The number of finished Cloudlets is:586
11045.008799999998: MET_Broker: Cloudlet #583 return received
11045.008799999998: MET_Broker: The number of finished Cloudlets is:587
11094.871599999999: MET_Broker: Cloudlet #584 return received
11094.871599999999: MET_Broker: The number of finished Cloudlets is:588
11095.743599999998: MET_Broker: Cloudlet #588 return received
11095.743599999998: MET_Broker: The number of finished Cloudlets is:589
11107.819599999997: MET_Broker: Cloudlet #591 return received
11107.819599999997: MET_Broker: The number of finished Cloudlets is:590
11114.175999999998: MET_Broker: Cloudlet #592 return received
11114.175999999998: MET_Broker: The number of finished Cloudlets is:591
11132.679599999998: MET_Broker: Cloudlet #594 return received
11132.679599999998: MET_Broker: The number of finished Cloudlets is:592
11143.289999999997: MET_Broker: Cloudlet #595 return received
11143.289999999997: MET_Broker: The number of finished Cloudlets is:593
11164.175599999997: MET_Broker: Cloudlet #593 return received
11164.175599999997: MET_Broker: The number of finished Cloudlets is:594
11188.297999999997: MET_Broker: Cloudlet #590 return received
11188.297999999997: MET_Broker: The number of finished Cloudlets is:595
11203.213199999997: MET_Broker: Cloudlet #596 return received
11203.213199999997: MET_Broker: The number of finished Cloudlets is:596
11204.934799999997: MET_Broker: Cloudlet #597 return received
11204.934799999997: MET_Broker: The number of finished Cloudlets is:597
11230.819199999998: MET_Broker: Cloudlet #598 return received
11230.819199999998: MET_Broker: The number of finished Cloudlets is:598
11243.185199999998: MET_Broker: Cloudlet #601 return received
11243.185199999998: MET_Broker: The number of finished Cloudlets is:599
11256.706399999997: MET_Broker: Cloudlet #602 return received
11256.706399999997: MET_Broker: The number of finished Cloudlets is:600
11264.550799999997: MET_Broker: Cloudlet #600 return received
11264.550799999997: MET_Broker: The number of finished Cloudlets is:601
11311.778799999996: MET_Broker: Cloudlet #604 return received
11311.778799999996: MET_Broker: The number of finished Cloudlets is:602
11353.267199999997: MET_Broker: Cloudlet #599 return received
11353.267199999997: MET_Broker: The number of finished Cloudlets is:603
11355.560799999997: MET_Broker: Cloudlet #589 return received
11355.560799999997: MET_Broker: The number of finished Cloudlets is:604
11373.191199999997: MET_Broker: Cloudlet #606 return received
11373.191199999997: MET_Broker: The number of finished Cloudlets is:605
11380.587199999998: MET_Broker: Cloudlet #608 return received
11380.587199999998: MET_Broker: The number of finished Cloudlets is:606
11418.751999999999: MET_Broker: Cloudlet #605 return received
11418.751999999999: MET_Broker: The number of finished Cloudlets is:607
11442.972399999999: MET_Broker: Cloudlet #607 return received
11442.972399999999: MET_Broker: The number of finished Cloudlets is:608
11453.255599999999: MET_Broker: Cloudlet #611 return received
11453.255599999999: MET_Broker: The number of finished Cloudlets is:609
11456.814799999998: MET_Broker: Cloudlet #610 return received
11456.814799999998: MET_Broker: The number of finished Cloudlets is:610
11461.638399999998: MET_Broker: Cloudlet #612 return received
11461.638399999998: MET_Broker: The number of finished Cloudlets is:611
11487.630799999997: MET_Broker: Cloudlet #609 return received
11487.630799999997: MET_Broker: The number of finished Cloudlets is:612
11490.798799999997: MET_Broker: Cloudlet #613 return received
11490.798799999997: MET_Broker: The number of finished Cloudlets is:613
11513.938799999996: MET_Broker: Cloudlet #614 return received
11513.938799999996: MET_Broker: The number of finished Cloudlets is:614
11521.603999999996: MET_Broker: Cloudlet #617 return received
11521.603999999996: MET_Broker: The number of finished Cloudlets is:615
11569.792799999996: MET_Broker: Cloudlet #618 return received
11569.792799999996: MET_Broker: The number of finished Cloudlets is:616
11583.763999999996: MET_Broker: Cloudlet #619 return received
11583.763999999996: MET_Broker: The number of finished Cloudlets is:617
11592.589599999996: MET_Broker: Cloudlet #603 return received
11592.589599999996: MET_Broker: The number of finished Cloudlets is:618
11601.372399999997: MET_Broker: Cloudlet #616 return received
11601.372399999997: MET_Broker: The number of finished Cloudlets is:619
11613.304399999997: MET_Broker: Cloudlet #620 return received
11613.304399999997: MET_Broker: The number of finished Cloudlets is:620
11623.355599999997: MET_Broker: Cloudlet #623 return received
11623.355599999997: MET_Broker: The number of finished Cloudlets is:621
11659.772799999997: MET_Broker: Cloudlet #615 return received
11659.772799999997: MET_Broker: The number of finished Cloudlets is:622
11691.212799999998: MET_Broker: Cloudlet #624 return received
11691.212799999998: MET_Broker: The number of finished Cloudlets is:623
11711.823199999997: MET_Broker: Cloudlet #625 return received
11711.823199999997: MET_Broker: The number of finished Cloudlets is:624
11790.344399999996: MET_Broker: Cloudlet #621 return received
11790.344399999996: MET_Broker: The number of finished Cloudlets is:625
11799.640799999996: MET_Broker: Cloudlet #628 return received
11799.640799999996: MET_Broker: The number of finished Cloudlets is:626
11813.059999999996: MET_Broker: Cloudlet #626 return received
11813.059999999996: MET_Broker: The number of finished Cloudlets is:627
11841.999999999996: MET_Broker: Cloudlet #630 return received
11841.999999999996: MET_Broker: The number of finished Cloudlets is:628
11859.103599999997: MET_Broker: Cloudlet #631 return received
11859.103599999997: MET_Broker: The number of finished Cloudlets is:629
11869.305999999997: MET_Broker: Cloudlet #632 return received
11869.305999999997: MET_Broker: The number of finished Cloudlets is:630
11907.363599999997: MET_Broker: Cloudlet #633 return received
11907.363599999997: MET_Broker: The number of finished Cloudlets is:631
11907.397999999997: MET_Broker: Cloudlet #622 return received
11907.397999999997: MET_Broker: The number of finished Cloudlets is:632
11921.019599999998: MET_Broker: Cloudlet #627 return received
11921.019599999998: MET_Broker: The number of finished Cloudlets is:633
11933.009199999999: MET_Broker: Cloudlet #636 return received
11933.009199999999: MET_Broker: The number of finished Cloudlets is:634
11948.399999999998: MET_Broker: Cloudlet #637 return received
11948.399999999998: MET_Broker: The number of finished Cloudlets is:635
11950.005199999998: MET_Broker: Cloudlet #634 return received
11950.005199999998: MET_Broker: The number of finished Cloudlets is:636
11952.046799999998: MET_Broker: Cloudlet #635 return received
11952.046799999998: MET_Broker: The number of finished Cloudlets is:637
11967.581599999998: MET_Broker: Cloudlet #638 return received
11967.581599999998: MET_Broker: The number of finished Cloudlets is:638
11983.315599999998: MET_Broker: Cloudlet #629 return received
11983.315599999998: MET_Broker: The number of finished Cloudlets is:639
11995.119199999997: MET_Broker: Cloudlet #639 return received
11995.119199999997: MET_Broker: The number of finished Cloudlets is:640
12009.591599999998: MET_Broker: Cloudlet #643 return received
12009.591599999998: MET_Broker: The number of finished Cloudlets is:641
12010.424399999998: MET_Broker: Cloudlet #642 return received
12010.424399999998: MET_Broker: The number of finished Cloudlets is:642
12022.771199999997: MET_Broker: Cloudlet #641 return received
12022.771199999997: MET_Broker: The number of finished Cloudlets is:643
12070.461999999998: MET_Broker: Cloudlet #646 return received
12070.461999999998: MET_Broker: The number of finished Cloudlets is:644
12075.821599999997: MET_Broker: Cloudlet #645 return received
12075.821599999997: MET_Broker: The number of finished Cloudlets is:645
12080.696799999998: MET_Broker: Cloudlet #647 return received
12080.696799999998: MET_Broker: The number of finished Cloudlets is:646
12081.379199999998: MET_Broker: Cloudlet #644 return received
12081.379199999998: MET_Broker: The number of finished Cloudlets is:647
12097.194399999997: MET_Broker: Cloudlet #649 return received
12097.194399999997: MET_Broker: The number of finished Cloudlets is:648
12123.456799999996: MET_Broker: Cloudlet #651 return received
12123.456799999996: MET_Broker: The number of finished Cloudlets is:649
12168.224399999996: MET_Broker: Cloudlet #652 return received
12168.224399999996: MET_Broker: The number of finished Cloudlets is:650
12227.311599999995: MET_Broker: Cloudlet #650 return received
12227.311599999995: MET_Broker: The number of finished Cloudlets is:651
12282.188399999995: MET_Broker: Cloudlet #640 return received
12282.188399999995: MET_Broker: The number of finished Cloudlets is:652
12308.488799999996: MET_Broker: Cloudlet #653 return received
12308.488799999996: MET_Broker: The number of finished Cloudlets is:653
12321.945199999995: MET_Broker: Cloudlet #655 return received
12321.945199999995: MET_Broker: The number of finished Cloudlets is:654
12326.560399999995: MET_Broker: Cloudlet #654 return received
12326.560399999995: MET_Broker: The number of finished Cloudlets is:655
12342.609599999994: MET_Broker: Cloudlet #657 return received
12342.609599999994: MET_Broker: The number of finished Cloudlets is:656
12345.416399999995: MET_Broker: Cloudlet #656 return received
12345.416399999995: MET_Broker: The number of finished Cloudlets is:657
12363.373199999995: MET_Broker: Cloudlet #648 return received
12363.373199999995: MET_Broker: The number of finished Cloudlets is:658
12366.293599999995: MET_Broker: Cloudlet #660 return received
12366.293599999995: MET_Broker: The number of finished Cloudlets is:659
12378.596799999996: MET_Broker: Cloudlet #658 return received
12378.596799999996: MET_Broker: The number of finished Cloudlets is:660
12410.988399999997: MET_Broker: Cloudlet #662 return received
12410.988399999997: MET_Broker: The number of finished Cloudlets is:661
12417.539599999996: MET_Broker: Cloudlet #664 return received
12417.539599999996: MET_Broker: The number of finished Cloudlets is:662
12426.702399999996: MET_Broker: Cloudlet #665 return received
12426.702399999996: MET_Broker: The number of finished Cloudlets is:663
12495.483999999997: MET_Broker: Cloudlet #663 return received
12495.483999999997: MET_Broker: The number of finished Cloudlets is:664
12528.671599999996: MET_Broker: Cloudlet #661 return received
12528.671599999996: MET_Broker: The number of finished Cloudlets is:665
12553.496399999996: MET_Broker: Cloudlet #667 return received
12553.496399999996: MET_Broker: The number of finished Cloudlets is:666
12586.984799999997: MET_Broker: Cloudlet #668 return received
12586.984799999997: MET_Broker: The number of finished Cloudlets is:667
12589.069199999996: MET_Broker: Cloudlet #666 return received
12589.069199999996: MET_Broker: The number of finished Cloudlets is:668
12596.303999999996: MET_Broker: Cloudlet #671 return received
12596.303999999996: MET_Broker: The number of finished Cloudlets is:669
12617.701999999996: MET_Broker: Cloudlet #669 return received
12617.701999999996: MET_Broker: The number of finished Cloudlets is:670
12639.064799999996: MET_Broker: Cloudlet #670 return received
12639.064799999996: MET_Broker: The number of finished Cloudlets is:671
12658.704399999997: MET_Broker: Cloudlet #659 return received
12658.704399999997: MET_Broker: The number of finished Cloudlets is:672
12663.455199999997: MET_Broker: Cloudlet #673 return received
12663.455199999997: MET_Broker: The number of finished Cloudlets is:673
12667.305599999996: MET_Broker: Cloudlet #675 return received
12667.305599999996: MET_Broker: The number of finished Cloudlets is:674
12695.458799999997: MET_Broker: Cloudlet #676 return received
12695.458799999997: MET_Broker: The number of finished Cloudlets is:675
12721.671999999997: MET_Broker: Cloudlet #677 return received
12721.671999999997: MET_Broker: The number of finished Cloudlets is:676
12741.582399999998: MET_Broker: Cloudlet #678 return received
12741.582399999998: MET_Broker: The number of finished Cloudlets is:677
12765.897199999998: MET_Broker: Cloudlet #679 return received
12765.897199999998: MET_Broker: The number of finished Cloudlets is:678
12809.736399999998: MET_Broker: Cloudlet #681 return received
12809.736399999998: MET_Broker: The number of finished Cloudlets is:679
12818.109999999999: MET_Broker: Cloudlet #674 return received
12818.109999999999: MET_Broker: The number of finished Cloudlets is:680
12852.3252: MET_Broker: Cloudlet #683 return received
12852.3252: MET_Broker: The number of finished Cloudlets is:681
12867.5268: MET_Broker: Cloudlet #684 return received
12867.5268: MET_Broker: The number of finished Cloudlets is:682
12889.457199999999: MET_Broker: Cloudlet #672 return received
12889.457199999999: MET_Broker: The number of finished Cloudlets is:683
12907.3188: MET_Broker: Cloudlet #685 return received
12907.3188: MET_Broker: The number of finished Cloudlets is:684
12914.017999999998: MET_Broker: Cloudlet #686 return received
12914.017999999998: MET_Broker: The number of finished Cloudlets is:685
12925.842799999999: MET_Broker: Cloudlet #680 return received
12925.842799999999: MET_Broker: The number of finished Cloudlets is:686
12933.210399999998: MET_Broker: Cloudlet #689 return received
12933.210399999998: MET_Broker: The number of finished Cloudlets is:687
12936.831999999999: MET_Broker: Cloudlet #682 return received
12936.831999999999: MET_Broker: The number of finished Cloudlets is:688
12948.545599999998: MET_Broker: Cloudlet #691 return received
12948.545599999998: MET_Broker: The number of finished Cloudlets is:689
12956.991199999997: MET_Broker: Cloudlet #688 return received
12956.991199999997: MET_Broker: The number of finished Cloudlets is:690
12976.743999999997: MET_Broker: Cloudlet #693 return received
12976.743999999997: MET_Broker: The number of finished Cloudlets is:691
12984.934799999997: MET_Broker: Cloudlet #690 return received
12984.934799999997: MET_Broker: The number of finished Cloudlets is:692
12985.028799999996: MET_Broker: Cloudlet #692 return received
12985.028799999996: MET_Broker: The number of finished Cloudlets is:693
13007.735999999997: MET_Broker: Cloudlet #694 return received
13007.735999999997: MET_Broker: The number of finished Cloudlets is:694
13010.423999999997: MET_Broker: Cloudlet #696 return received
13010.423999999997: MET_Broker: The number of finished Cloudlets is:695
13020.352399999998: MET_Broker: Cloudlet #697 return received
13020.352399999998: MET_Broker: The number of finished Cloudlets is:696
13040.217999999997: MET_Broker: Cloudlet #699 return received
13040.217999999997: MET_Broker: The number of finished Cloudlets is:697
13048.387599999996: MET_Broker: Cloudlet #687 return received
13048.387599999996: MET_Broker: The number of finished Cloudlets is:698
13057.340799999996: MET_Broker: Cloudlet #700 return received
13057.340799999996: MET_Broker: The number of finished Cloudlets is:699
13059.152399999997: MET_Broker: Cloudlet #695 return received
13059.152399999997: MET_Broker: The number of finished Cloudlets is:700
13068.581599999998: MET_Broker: Cloudlet #703 return received
13068.581599999998: MET_Broker: The number of finished Cloudlets is:701
13094.309599999997: MET_Broker: Cloudlet #702 return received
13094.309599999997: MET_Broker: The number of finished Cloudlets is:702
13095.884799999996: MET_Broker: Cloudlet #701 return received
13095.884799999996: MET_Broker: The number of finished Cloudlets is:703
13127.134799999996: MET_Broker: Cloudlet #706 return received
13127.134799999996: MET_Broker: The number of finished Cloudlets is:704
13148.989199999996: MET_Broker: Cloudlet #707 return received
13148.989199999996: MET_Broker: The number of finished Cloudlets is:705
13207.416799999997: MET_Broker: Cloudlet #708 return received
13207.416799999997: MET_Broker: The number of finished Cloudlets is:706
13225.991999999997: MET_Broker: Cloudlet #705 return received
13225.991999999997: MET_Broker: The number of finished Cloudlets is:707
13258.167199999996: MET_Broker: Cloudlet #710 return received
13258.167199999996: MET_Broker: The number of finished Cloudlets is:708
13276.227999999996: MET_Broker: Cloudlet #711 return received
13276.227999999996: MET_Broker: The number of finished Cloudlets is:709
13278.181999999995: MET_Broker: Cloudlet #704 return received
13278.181999999995: MET_Broker: The number of finished Cloudlets is:710
13283.987599999995: MET_Broker: Cloudlet #712 return received
13283.987599999995: MET_Broker: The number of finished Cloudlets is:711
13301.575199999996: MET_Broker: Cloudlet #714 return received
13301.575199999996: MET_Broker: The number of finished Cloudlets is:712
13321.808799999995: MET_Broker: Cloudlet #715 return received
13321.808799999995: MET_Broker: The number of finished Cloudlets is:713
13330.497999999996: MET_Broker: Cloudlet #716 return received
13330.497999999996: MET_Broker: The number of finished Cloudlets is:714
13338.265999999996: MET_Broker: Cloudlet #709 return received
13338.265999999996: MET_Broker: The number of finished Cloudlets is:715
13357.664399999996: MET_Broker: Cloudlet #698 return received
13357.664399999996: MET_Broker: The number of finished Cloudlets is:716
13371.354799999996: MET_Broker: Cloudlet #719 return received
13371.354799999996: MET_Broker: The number of finished Cloudlets is:717
13393.593199999996: MET_Broker: Cloudlet #718 return received
13393.593199999996: MET_Broker: The number of finished Cloudlets is:718
13416.387199999996: MET_Broker: Cloudlet #720 return received
13416.387199999996: MET_Broker: The number of finished Cloudlets is:719
13430.352799999995: MET_Broker: Cloudlet #722 return received
13430.352799999995: MET_Broker: The number of finished Cloudlets is:720
13440.234799999995: MET_Broker: Cloudlet #723 return received
13440.234799999995: MET_Broker: The number of finished Cloudlets is:721
13464.250799999994: MET_Broker: Cloudlet #713 return received
13464.250799999994: MET_Broker: The number of finished Cloudlets is:722
13468.851999999993: MET_Broker: Cloudlet #724 return received
13468.851999999993: MET_Broker: The number of finished Cloudlets is:723
13484.975599999994: MET_Broker: Cloudlet #721 return received
13484.975599999994: MET_Broker: The number of finished Cloudlets is:724
13492.227199999994: MET_Broker: Cloudlet #727 return received
13492.227199999994: MET_Broker: The number of finished Cloudlets is:725
13492.394399999994: MET_Broker: Cloudlet #726 return received
13492.394399999994: MET_Broker: The number of finished Cloudlets is:726
13522.851999999993: MET_Broker: Cloudlet #729 return received
13522.851999999993: MET_Broker: The number of finished Cloudlets is:727
13525.508399999993: MET_Broker: Cloudlet #728 return received
13525.508399999993: MET_Broker: The number of finished Cloudlets is:728
13530.168399999993: MET_Broker: Cloudlet #730 return received
13530.168399999993: MET_Broker: The number of finished Cloudlets is:729
13538.012799999993: MET_Broker: Cloudlet #717 return received
13538.012799999993: MET_Broker: The number of finished Cloudlets is:730
13538.910399999993: MET_Broker: Cloudlet #732 return received
13538.910399999993: MET_Broker: The number of finished Cloudlets is:731
13546.228399999993: MET_Broker: Cloudlet #734 return received
13546.228399999993: MET_Broker: The number of finished Cloudlets is:732
13556.354399999993: MET_Broker: Cloudlet #731 return received
13556.354399999993: MET_Broker: The number of finished Cloudlets is:733
13558.709599999993: MET_Broker: Cloudlet #735 return received
13558.709599999993: MET_Broker: The number of finished Cloudlets is:734
13592.068799999994: MET_Broker: Cloudlet #733 return received
13592.068799999994: MET_Broker: The number of finished Cloudlets is:735
13601.391599999994: MET_Broker: Cloudlet #737 return received
13601.391599999994: MET_Broker: The number of finished Cloudlets is:736
13608.932799999993: MET_Broker: Cloudlet #738 return received
13608.932799999993: MET_Broker: The number of finished Cloudlets is:737
13611.983999999993: MET_Broker: Cloudlet #739 return received
13611.983999999993: MET_Broker: The number of finished Cloudlets is:738
13622.164799999993: MET_Broker: Cloudlet #740 return received
13622.164799999993: MET_Broker: The number of finished Cloudlets is:739
13623.203999999992: MET_Broker: Cloudlet #741 return received
13623.203999999992: MET_Broker: The number of finished Cloudlets is:740
13688.469199999992: MET_Broker: Cloudlet #736 return received
13688.469199999992: MET_Broker: The number of finished Cloudlets is:741
13695.147199999992: MET_Broker: Cloudlet #744 return received
13695.147199999992: MET_Broker: The number of finished Cloudlets is:742
13713.696399999992: MET_Broker: Cloudlet #745 return received
13713.696399999992: MET_Broker: The number of finished Cloudlets is:743
13752.686399999991: MET_Broker: Cloudlet #743 return received
13752.686399999991: MET_Broker: The number of finished Cloudlets is:744
13768.955999999991: MET_Broker: Cloudlet #746 return received
13768.955999999991: MET_Broker: The number of finished Cloudlets is:745
13774.90719999999: MET_Broker: Cloudlet #747 return received
13774.90719999999: MET_Broker: The number of finished Cloudlets is:746
13782.39519999999: MET_Broker: Cloudlet #748 return received
13782.39519999999: MET_Broker: The number of finished Cloudlets is:747
13783.53799999999: MET_Broker: Cloudlet #749 return received
13783.53799999999: MET_Broker: The number of finished Cloudlets is:748
13792.55719999999: MET_Broker: Cloudlet #751 return received
13792.55719999999: MET_Broker: The number of finished Cloudlets is:749
13810.23959999999: MET_Broker: Cloudlet #725 return received
13810.23959999999: MET_Broker: The number of finished Cloudlets is:750
13818.30399999999: MET_Broker: Cloudlet #752 return received
13818.30399999999: MET_Broker: The number of finished Cloudlets is:751
13828.63039999999: MET_Broker: Cloudlet #754 return received
13828.63039999999: MET_Broker: The number of finished Cloudlets is:752
13829.448399999988: MET_Broker: Cloudlet #750 return received
13829.448399999988: MET_Broker: The number of finished Cloudlets is:753
13832.351199999988: MET_Broker: Cloudlet #742 return received
13832.351199999988: MET_Broker: The number of finished Cloudlets is:754
13844.628799999988: MET_Broker: Cloudlet #753 return received
13844.628799999988: MET_Broker: The number of finished Cloudlets is:755
13886.065999999988: MET_Broker: Cloudlet #755 return received
13886.065999999988: MET_Broker: The number of finished Cloudlets is:756
13900.935999999989: MET_Broker: Cloudlet #759 return received
13900.935999999989: MET_Broker: The number of finished Cloudlets is:757
13904.453199999989: MET_Broker: Cloudlet #758 return received
13904.453199999989: MET_Broker: The number of finished Cloudlets is:758
13944.330799999989: MET_Broker: Cloudlet #757 return received
13944.330799999989: MET_Broker: The number of finished Cloudlets is:759
13953.938399999988: MET_Broker: Cloudlet #756 return received
13953.938399999988: MET_Broker: The number of finished Cloudlets is:760
13956.548799999988: MET_Broker: Cloudlet #762 return received
13956.548799999988: MET_Broker: The number of finished Cloudlets is:761
13964.362799999988: MET_Broker: Cloudlet #764 return received
13964.362799999988: MET_Broker: The number of finished Cloudlets is:762
14019.721199999987: MET_Broker: Cloudlet #765 return received
14019.721199999987: MET_Broker: The number of finished Cloudlets is:763
14057.613999999987: MET_Broker: Cloudlet #760 return received
14057.613999999987: MET_Broker: The number of finished Cloudlets is:764
14102.348399999986: MET_Broker: Cloudlet #767 return received
14102.348399999986: MET_Broker: The number of finished Cloudlets is:765
14104.777999999986: MET_Broker: Cloudlet #763 return received
14104.777999999986: MET_Broker: The number of finished Cloudlets is:766
14125.974399999986: MET_Broker: Cloudlet #768 return received
14125.974399999986: MET_Broker: The number of finished Cloudlets is:767
14171.070399999986: MET_Broker: Cloudlet #770 return received
14171.070399999986: MET_Broker: The number of finished Cloudlets is:768
14184.225199999986: MET_Broker: Cloudlet #771 return received
14184.225199999986: MET_Broker: The number of finished Cloudlets is:769
14196.240799999987: MET_Broker: Cloudlet #761 return received
14196.240799999987: MET_Broker: The number of finished Cloudlets is:770
14248.226399999987: MET_Broker: Cloudlet #773 return received
14248.226399999987: MET_Broker: The number of finished Cloudlets is:771
14276.701199999987: MET_Broker: Cloudlet #769 return received
14276.701199999987: MET_Broker: The number of finished Cloudlets is:772
14288.037999999986: MET_Broker: Cloudlet #775 return received
14288.037999999986: MET_Broker: The number of finished Cloudlets is:773
14297.297599999985: MET_Broker: Cloudlet #776 return received
14297.297599999985: MET_Broker: The number of finished Cloudlets is:774
14307.857999999986: MET_Broker: Cloudlet #774 return received
14307.857999999986: MET_Broker: The number of finished Cloudlets is:775
14360.728399999985: MET_Broker: Cloudlet #766 return received
14360.728399999985: MET_Broker: The number of finished Cloudlets is:776
14364.955599999985: MET_Broker: Cloudlet #778 return received
14364.955599999985: MET_Broker: The number of finished Cloudlets is:777
14381.364399999984: MET_Broker: Cloudlet #780 return received
14381.364399999984: MET_Broker: The number of finished Cloudlets is:778
14396.422799999984: MET_Broker: Cloudlet #781 return received
14396.422799999984: MET_Broker: The number of finished Cloudlets is:779
14402.390799999985: MET_Broker: Cloudlet #777 return received
14402.390799999985: MET_Broker: The number of finished Cloudlets is:780
14408.659999999985: MET_Broker: Cloudlet #782 return received
14408.659999999985: MET_Broker: The number of finished Cloudlets is:781
14422.395999999986: MET_Broker: Cloudlet #784 return received
14422.395999999986: MET_Broker: The number of finished Cloudlets is:782
14521.247599999986: MET_Broker: Cloudlet #772 return received
14521.247599999986: MET_Broker: The number of finished Cloudlets is:783
14534.539999999986: MET_Broker: Cloudlet #783 return received
14534.539999999986: MET_Broker: The number of finished Cloudlets is:784
14538.196799999987: MET_Broker: Cloudlet #786 return received
14538.196799999987: MET_Broker: The number of finished Cloudlets is:785
14538.967599999987: MET_Broker: Cloudlet #779 return received
14538.967599999987: MET_Broker: The number of finished Cloudlets is:786
14554.410399999988: MET_Broker: Cloudlet #787 return received
14554.410399999988: MET_Broker: The number of finished Cloudlets is:787
14584.483199999988: MET_Broker: Cloudlet #789 return received
14584.483199999988: MET_Broker: The number of finished Cloudlets is:788
14617.497999999989: MET_Broker: Cloudlet #791 return received
14617.497999999989: MET_Broker: The number of finished Cloudlets is:789
14675.401599999988: MET_Broker: Cloudlet #790 return received
14675.401599999988: MET_Broker: The number of finished Cloudlets is:790
14697.512399999989: MET_Broker: Cloudlet #793 return received
14697.512399999989: MET_Broker: The number of finished Cloudlets is:791
14711.251599999989: MET_Broker: Cloudlet #794 return received
14711.251599999989: MET_Broker: The number of finished Cloudlets is:792
14727.21599999999: MET_Broker: Cloudlet #795 return received
14727.21599999999: MET_Broker: The number of finished Cloudlets is:793
14751.551199999989: MET_Broker: Cloudlet #796 return received
14751.551199999989: MET_Broker: The number of finished Cloudlets is:794
14768.720799999988: MET_Broker: Cloudlet #792 return received
14768.720799999988: MET_Broker: The number of finished Cloudlets is:795
14772.717599999989: MET_Broker: Cloudlet #785 return received
14772.717599999989: MET_Broker: The number of finished Cloudlets is:796
14780.979199999989: MET_Broker: Cloudlet #788 return received
14780.979199999989: MET_Broker: The number of finished Cloudlets is:797
14791.742799999989: MET_Broker: Cloudlet #800 return received
14791.742799999989: MET_Broker: The number of finished Cloudlets is:798
14798.03439999999: MET_Broker: Cloudlet #798 return received
14798.03439999999: MET_Broker: The number of finished Cloudlets is:799
14800.98239999999: MET_Broker: Cloudlet #801 return received
14800.98239999999: MET_Broker: The number of finished Cloudlets is:800
14823.84359999999: MET_Broker: Cloudlet #803 return received
14823.84359999999: MET_Broker: The number of finished Cloudlets is:801
14835.972799999989: MET_Broker: Cloudlet #804 return received
14835.972799999989: MET_Broker: The number of finished Cloudlets is:802
14894.56759999999: MET_Broker: Cloudlet #802 return received
14894.56759999999: MET_Broker: The number of finished Cloudlets is:803
14901.55319999999: MET_Broker: Cloudlet #806 return received
14901.55319999999: MET_Broker: The number of finished Cloudlets is:804
14919.02639999999: MET_Broker: Cloudlet #807 return received
14919.02639999999: MET_Broker: The number of finished Cloudlets is:805
14926.84599999999: MET_Broker: Cloudlet #808 return received
14926.84599999999: MET_Broker: The number of finished Cloudlets is:806
14929.882399999991: MET_Broker: Cloudlet #797 return received
14929.882399999991: MET_Broker: The number of finished Cloudlets is:807
14964.36679999999: MET_Broker: Cloudlet #805 return received
14964.36679999999: MET_Broker: The number of finished Cloudlets is:808
14982.254799999992: MET_Broker: Cloudlet #811 return received
14982.254799999992: MET_Broker: The number of finished Cloudlets is:809
15014.583199999992: MET_Broker: Cloudlet #810 return received
15014.583199999992: MET_Broker: The number of finished Cloudlets is:810
15086.423999999992: MET_Broker: Cloudlet #809 return received
15086.423999999992: MET_Broker: The number of finished Cloudlets is:811
15098.493599999993: MET_Broker: Cloudlet #813 return received
15098.493599999993: MET_Broker: The number of finished Cloudlets is:812
15106.911999999993: MET_Broker: Cloudlet #812 return received
15106.911999999993: MET_Broker: The number of finished Cloudlets is:813
15111.545599999992: MET_Broker: Cloudlet #814 return received
15111.545599999992: MET_Broker: The number of finished Cloudlets is:814
15119.984799999993: MET_Broker: Cloudlet #817 return received
15119.984799999993: MET_Broker: The number of finished Cloudlets is:815
15123.011999999993: MET_Broker: Cloudlet #799 return received
15123.011999999993: MET_Broker: The number of finished Cloudlets is:816
15145.238399999993: MET_Broker: Cloudlet #818 return received
15145.238399999993: MET_Broker: The number of finished Cloudlets is:817
15206.427999999993: MET_Broker: Cloudlet #816 return received
15206.427999999993: MET_Broker: The number of finished Cloudlets is:818
15220.486399999992: MET_Broker: Cloudlet #815 return received
15220.486399999992: MET_Broker: The number of finished Cloudlets is:819
15229.021599999993: MET_Broker: Cloudlet #822 return received
15229.021599999993: MET_Broker: The number of finished Cloudlets is:820
15249.568399999993: MET_Broker: Cloudlet #821 return received
15249.568399999993: MET_Broker: The number of finished Cloudlets is:821
15253.477199999992: MET_Broker: Cloudlet #823 return received
15253.477199999992: MET_Broker: The number of finished Cloudlets is:822
15286.633199999993: MET_Broker: Cloudlet #819 return received
15286.633199999993: MET_Broker: The number of finished Cloudlets is:823
15305.007599999994: MET_Broker: Cloudlet #820 return received
15305.007599999994: MET_Broker: The number of finished Cloudlets is:824
15337.067599999993: MET_Broker: Cloudlet #827 return received
15337.067599999993: MET_Broker: The number of finished Cloudlets is:825
15340.287999999993: MET_Broker: Cloudlet #826 return received
15340.287999999993: MET_Broker: The number of finished Cloudlets is:826
15370.045599999994: MET_Broker: Cloudlet #828 return received
15370.045599999994: MET_Broker: The number of finished Cloudlets is:827
15388.307999999994: MET_Broker: Cloudlet #824 return received
15388.307999999994: MET_Broker: The number of finished Cloudlets is:828
15414.660799999994: MET_Broker: Cloudlet #830 return received
15414.660799999994: MET_Broker: The number of finished Cloudlets is:829
15424.511999999993: MET_Broker: Cloudlet #829 return received
15424.511999999993: MET_Broker: The number of finished Cloudlets is:830
15442.866799999993: MET_Broker: Cloudlet #825 return received
15442.866799999993: MET_Broker: The number of finished Cloudlets is:831
15468.798799999993: MET_Broker: Cloudlet #832 return received
15468.798799999993: MET_Broker: The number of finished Cloudlets is:832
15490.623599999994: MET_Broker: Cloudlet #835 return received
15490.623599999994: MET_Broker: The number of finished Cloudlets is:833
15498.273199999994: MET_Broker: Cloudlet #833 return received
15498.273199999994: MET_Broker: The number of finished Cloudlets is:834
15506.846799999994: MET_Broker: Cloudlet #836 return received
15506.846799999994: MET_Broker: The number of finished Cloudlets is:835
15511.813199999993: MET_Broker: Cloudlet #837 return received
15511.813199999993: MET_Broker: The number of finished Cloudlets is:836
15531.839599999994: MET_Broker: Cloudlet #838 return received
15531.839599999994: MET_Broker: The number of finished Cloudlets is:837
15547.060399999993: MET_Broker: Cloudlet #840 return received
15547.060399999993: MET_Broker: The number of finished Cloudlets is:838
15547.540799999993: MET_Broker: Cloudlet #839 return received
15547.540799999993: MET_Broker: The number of finished Cloudlets is:839
15548.426399999993: MET_Broker: Cloudlet #831 return received
15548.426399999993: MET_Broker: The number of finished Cloudlets is:840
15564.416399999993: MET_Broker: Cloudlet #842 return received
15564.416399999993: MET_Broker: The number of finished Cloudlets is:841
15573.423599999993: MET_Broker: Cloudlet #841 return received
15573.423599999993: MET_Broker: The number of finished Cloudlets is:842
15585.220399999993: MET_Broker: Cloudlet #844 return received
15585.220399999993: MET_Broker: The number of finished Cloudlets is:843
15591.869199999994: MET_Broker: Cloudlet #843 return received
15591.869199999994: MET_Broker: The number of finished Cloudlets is:844
15602.701999999994: MET_Broker: Cloudlet #847 return received
15602.701999999994: MET_Broker: The number of finished Cloudlets is:845
15606.262399999994: MET_Broker: Cloudlet #845 return received
15606.262399999994: MET_Broker: The number of finished Cloudlets is:846
15607.631199999994: MET_Broker: Cloudlet #846 return received
15607.631199999994: MET_Broker: The number of finished Cloudlets is:847
15609.576399999994: MET_Broker: Cloudlet #848 return received
15609.576399999994: MET_Broker: The number of finished Cloudlets is:848
15660.925599999995: MET_Broker: Cloudlet #851 return received
15660.925599999995: MET_Broker: The number of finished Cloudlets is:849
15667.312399999995: MET_Broker: Cloudlet #852 return received
15667.312399999995: MET_Broker: The number of finished Cloudlets is:850
15686.095199999996: MET_Broker: Cloudlet #850 return received
15686.095199999996: MET_Broker: The number of finished Cloudlets is:851
15700.303599999996: MET_Broker: Cloudlet #853 return received
15700.303599999996: MET_Broker: The number of finished Cloudlets is:852
15710.362399999996: MET_Broker: Cloudlet #834 return received
15710.362399999996: MET_Broker: The number of finished Cloudlets is:853
15729.501599999996: MET_Broker: Cloudlet #854 return received
15729.501599999996: MET_Broker: The number of finished Cloudlets is:854
15735.859999999995: MET_Broker: Cloudlet #857 return received
15735.859999999995: MET_Broker: The number of finished Cloudlets is:855
15778.383599999996: MET_Broker: Cloudlet #849 return received
15778.383599999996: MET_Broker: The number of finished Cloudlets is:856
15877.250399999995: MET_Broker: Cloudlet #858 return received
15877.250399999995: MET_Broker: The number of finished Cloudlets is:857
15908.469599999995: MET_Broker: Cloudlet #860 return received
15908.469599999995: MET_Broker: The number of finished Cloudlets is:858
15918.725599999994: MET_Broker: Cloudlet #856 return received
15918.725599999994: MET_Broker: The number of finished Cloudlets is:859
15936.727599999995: MET_Broker: Cloudlet #861 return received
15936.727599999995: MET_Broker: The number of finished Cloudlets is:860
15952.433999999994: MET_Broker: Cloudlet #855 return received
15952.433999999994: MET_Broker: The number of finished Cloudlets is:861
15974.311999999994: MET_Broker: Cloudlet #862 return received
15974.311999999994: MET_Broker: The number of finished Cloudlets is:862
15978.265199999994: MET_Broker: Cloudlet #863 return received
15978.265199999994: MET_Broker: The number of finished Cloudlets is:863
15982.243599999994: MET_Broker: Cloudlet #864 return received
15982.243599999994: MET_Broker: The number of finished Cloudlets is:864
16004.236399999994: MET_Broker: Cloudlet #866 return received
16004.236399999994: MET_Broker: The number of finished Cloudlets is:865
16006.273199999994: MET_Broker: Cloudlet #865 return received
16006.273199999994: MET_Broker: The number of finished Cloudlets is:866
16019.395999999993: MET_Broker: Cloudlet #869 return received
16019.395999999993: MET_Broker: The number of finished Cloudlets is:867
16026.825199999994: MET_Broker: Cloudlet #870 return received
16026.825199999994: MET_Broker: The number of finished Cloudlets is:868
16097.237999999994: MET_Broker: Cloudlet #871 return received
16097.237999999994: MET_Broker: The number of finished Cloudlets is:869
16114.094399999994: MET_Broker: Cloudlet #859 return received
16114.094399999994: MET_Broker: The number of finished Cloudlets is:870
16169.751999999995: MET_Broker: Cloudlet #873 return received
16169.751999999995: MET_Broker: The number of finished Cloudlets is:871
16177.187999999995: MET_Broker: Cloudlet #874 return received
16177.187999999995: MET_Broker: The number of finished Cloudlets is:872
16217.171599999994: MET_Broker: Cloudlet #875 return received
16217.171599999994: MET_Broker: The number of finished Cloudlets is:873
16235.072799999994: MET_Broker: Cloudlet #867 return received
16235.072799999994: MET_Broker: The number of finished Cloudlets is:874
16270.296399999994: MET_Broker: Cloudlet #877 return received
16270.296399999994: MET_Broker: The number of finished Cloudlets is:875
16270.848799999994: MET_Broker: Cloudlet #876 return received
16270.848799999994: MET_Broker: The number of finished Cloudlets is:876
16312.522399999994: MET_Broker: Cloudlet #872 return received
16312.522399999994: MET_Broker: The number of finished Cloudlets is:877
16315.490399999995: MET_Broker: Cloudlet #868 return received
16315.490399999995: MET_Broker: The number of finished Cloudlets is:878
16328.612799999995: MET_Broker: Cloudlet #879 return received
16328.612799999995: MET_Broker: The number of finished Cloudlets is:879
16329.667199999996: MET_Broker: Cloudlet #880 return received
16329.667199999996: MET_Broker: The number of finished Cloudlets is:880
16338.569999999996: MET_Broker: Cloudlet #881 return received
16338.569999999996: MET_Broker: The number of finished Cloudlets is:881
16350.372799999996: MET_Broker: Cloudlet #884 return received
16350.372799999996: MET_Broker: The number of finished Cloudlets is:882
16352.176399999995: MET_Broker: Cloudlet #882 return received
16352.176399999995: MET_Broker: The number of finished Cloudlets is:883
16363.949199999995: MET_Broker: Cloudlet #886 return received
16363.949199999995: MET_Broker: The number of finished Cloudlets is:884
16370.495599999995: MET_Broker: Cloudlet #887 return received
16370.495599999995: MET_Broker: The number of finished Cloudlets is:885
16381.253199999996: MET_Broker: Cloudlet #883 return received
16381.253199999996: MET_Broker: The number of finished Cloudlets is:886
16411.007599999997: MET_Broker: Cloudlet #889 return received
16411.007599999997: MET_Broker: The number of finished Cloudlets is:887
16413.072399999997: MET_Broker: Cloudlet #888 return received
16413.072399999997: MET_Broker: The number of finished Cloudlets is:888
16419.503199999996: MET_Broker: Cloudlet #891 return received
16419.503199999996: MET_Broker: The number of finished Cloudlets is:889
16421.555599999996: MET_Broker: Cloudlet #890 return received
16421.555599999996: MET_Broker: The number of finished Cloudlets is:890
16437.340399999997: MET_Broker: Cloudlet #892 return received
16437.340399999997: MET_Broker: The number of finished Cloudlets is:891
16488.556399999998: MET_Broker: Cloudlet #885 return received
16488.556399999998: MET_Broker: The number of finished Cloudlets is:892
16509.5496: MET_Broker: Cloudlet #895 return received
16509.5496: MET_Broker: The number of finished Cloudlets is:893
16561.469999999998: MET_Broker: Cloudlet #896 return received
16561.469999999998: MET_Broker: The number of finished Cloudlets is:894
16583.975599999998: MET_Broker: Cloudlet #894 return received
16583.975599999998: MET_Broker: The number of finished Cloudlets is:895
16611.6956: MET_Broker: Cloudlet #878 return received
16611.6956: MET_Broker: The number of finished Cloudlets is:896
16647.448399999997: MET_Broker: Cloudlet #897 return received
16647.448399999997: MET_Broker: The number of finished Cloudlets is:897
16715.018799999998: MET_Broker: Cloudlet #893 return received
16715.018799999998: MET_Broker: The number of finished Cloudlets is:898
16723.397599999997: MET_Broker: Cloudlet #898 return received
16723.397599999997: MET_Broker: The number of finished Cloudlets is:899
16735.892799999998: MET_Broker: Cloudlet #899 return received
16735.892799999998: MET_Broker: The number of finished Cloudlets is:900
16770.4132: MET_Broker: Cloudlet #902 return received
16770.4132: MET_Broker: The number of finished Cloudlets is:901
16781.153599999998: MET_Broker: Cloudlet #904 return received
16781.153599999998: MET_Broker: The number of finished Cloudlets is:902
16798.9292: MET_Broker: Cloudlet #905 return received
16798.9292: MET_Broker: The number of finished Cloudlets is:903
16876.2564: MET_Broker: Cloudlet #901 return received
16876.2564: MET_Broker: The number of finished Cloudlets is:904
16878.689599999998: MET_Broker: Cloudlet #903 return received
16878.689599999998: MET_Broker: The number of finished Cloudlets is:905
16904.2984: MET_Broker: Cloudlet #908 return received
16904.2984: MET_Broker: The number of finished Cloudlets is:906
16920.2924: MET_Broker: Cloudlet #907 return received
16920.2924: MET_Broker: The number of finished Cloudlets is:907
16932.6056: MET_Broker: Cloudlet #910 return received
16932.6056: MET_Broker: The number of finished Cloudlets is:908
16939.344399999998: MET_Broker: Cloudlet #911 return received
16939.344399999998: MET_Broker: The number of finished Cloudlets is:909
16947.406: MET_Broker: Cloudlet #912 return received
16947.406: MET_Broker: The number of finished Cloudlets is:910
16955.219999999998: MET_Broker: Cloudlet #900 return received
16955.219999999998: MET_Broker: The number of finished Cloudlets is:911
16992.046799999996: MET_Broker: Cloudlet #909 return received
16992.046799999996: MET_Broker: The number of finished Cloudlets is:912
17002.471599999997: MET_Broker: Cloudlet #906 return received
17002.471599999997: MET_Broker: The number of finished Cloudlets is:913
17079.459999999995: MET_Broker: Cloudlet #915 return received
17079.459999999995: MET_Broker: The number of finished Cloudlets is:914
17104.005199999996: MET_Broker: Cloudlet #917 return received
17104.005199999996: MET_Broker: The number of finished Cloudlets is:915
17165.143599999996: MET_Broker: Cloudlet #916 return received
17165.143599999996: MET_Broker: The number of finished Cloudlets is:916
17179.731199999995: MET_Broker: Cloudlet #918 return received
17179.731199999995: MET_Broker: The number of finished Cloudlets is:917
17189.286799999994: MET_Broker: Cloudlet #919 return received
17189.286799999994: MET_Broker: The number of finished Cloudlets is:918
17207.329999999994: MET_Broker: Cloudlet #921 return received
17207.329999999994: MET_Broker: The number of finished Cloudlets is:919
17216.971999999994: MET_Broker: Cloudlet #913 return received
17216.971999999994: MET_Broker: The number of finished Cloudlets is:920
17218.851199999994: MET_Broker: Cloudlet #922 return received
17218.851199999994: MET_Broker: The number of finished Cloudlets is:921
17238.617599999994: MET_Broker: Cloudlet #920 return received
17238.617599999994: MET_Broker: The number of finished Cloudlets is:922
17240.039199999996: MET_Broker: Cloudlet #914 return received
17240.039199999996: MET_Broker: The number of finished Cloudlets is:923
17306.288799999995: MET_Broker: Cloudlet #923 return received
17306.288799999995: MET_Broker: The number of finished Cloudlets is:924
17324.039999999994: MET_Broker: Cloudlet #927 return received
17324.039999999994: MET_Broker: The number of finished Cloudlets is:925
17367.629199999992: MET_Broker: Cloudlet #928 return received
17367.629199999992: MET_Broker: The number of finished Cloudlets is:926
17397.33199999999: MET_Broker: Cloudlet #926 return received
17397.33199999999: MET_Broker: The number of finished Cloudlets is:927
17413.57599999999: MET_Broker: Cloudlet #929 return received
17413.57599999999: MET_Broker: The number of finished Cloudlets is:928
17415.29599999999: MET_Broker: Cloudlet #925 return received
17415.29599999999: MET_Broker: The number of finished Cloudlets is:929
17422.21159999999: MET_Broker: Cloudlet #930 return received
17422.21159999999: MET_Broker: The number of finished Cloudlets is:930
17432.535599999992: MET_Broker: Cloudlet #931 return received
17432.535599999992: MET_Broker: The number of finished Cloudlets is:931
17442.03839999999: MET_Broker: Cloudlet #933 return received
17442.03839999999: MET_Broker: The number of finished Cloudlets is:932
17454.62879999999: MET_Broker: Cloudlet #935 return received
17454.62879999999: MET_Broker: The number of finished Cloudlets is:933
17455.26839999999: MET_Broker: Cloudlet #924 return received
17455.26839999999: MET_Broker: The number of finished Cloudlets is:934
17469.84679999999: MET_Broker: Cloudlet #936 return received
17469.84679999999: MET_Broker: The number of finished Cloudlets is:935
17483.13359999999: MET_Broker: Cloudlet #938 return received
17483.13359999999: MET_Broker: The number of finished Cloudlets is:936
17521.15559999999: MET_Broker: Cloudlet #939 return received
17521.15559999999: MET_Broker: The number of finished Cloudlets is:937
17541.75079999999: MET_Broker: Cloudlet #940 return received
17541.75079999999: MET_Broker: The number of finished Cloudlets is:938
17549.25039999999: MET_Broker: Cloudlet #934 return received
17549.25039999999: MET_Broker: The number of finished Cloudlets is:939
17565.57799999999: MET_Broker: Cloudlet #941 return received
17565.57799999999: MET_Broker: The number of finished Cloudlets is:940
17604.95039999999: MET_Broker: Cloudlet #932 return received
17604.95039999999: MET_Broker: The number of finished Cloudlets is:941
17611.92759999999: MET_Broker: Cloudlet #943 return received
17611.92759999999: MET_Broker: The number of finished Cloudlets is:942
17619.72359999999: MET_Broker: Cloudlet #945 return received
17619.72359999999: MET_Broker: The number of finished Cloudlets is:943
17660.40479999999: MET_Broker: Cloudlet #944 return received
17660.40479999999: MET_Broker: The number of finished Cloudlets is:944
17694.07759999999: MET_Broker: Cloudlet #947 return received
17694.07759999999: MET_Broker: The number of finished Cloudlets is:945
17711.69319999999: MET_Broker: Cloudlet #948 return received
17711.69319999999: MET_Broker: The number of finished Cloudlets is:946
17766.49399999999: MET_Broker: Cloudlet #937 return received
17766.49399999999: MET_Broker: The number of finished Cloudlets is:947
17795.06199999999: MET_Broker: Cloudlet #942 return received
17795.06199999999: MET_Broker: The number of finished Cloudlets is:948
17845.567999999992: MET_Broker: Cloudlet #946 return received
17845.567999999992: MET_Broker: The number of finished Cloudlets is:949
17864.872799999994: MET_Broker: Cloudlet #949 return received
17864.872799999994: MET_Broker: The number of finished Cloudlets is:950
17886.504799999995: MET_Broker: Cloudlet #951 return received
17886.504799999995: MET_Broker: The number of finished Cloudlets is:951
17898.060399999995: MET_Broker: Cloudlet #952 return received
17898.060399999995: MET_Broker: The number of finished Cloudlets is:952
17962.233999999993: MET_Broker: Cloudlet #954 return received
17962.233999999993: MET_Broker: The number of finished Cloudlets is:953
17991.007599999994: MET_Broker: Cloudlet #955 return received
17991.007599999994: MET_Broker: The number of finished Cloudlets is:954
18006.514799999994: MET_Broker: Cloudlet #957 return received
18006.514799999994: MET_Broker: The number of finished Cloudlets is:955
18031.865999999995: MET_Broker: Cloudlet #956 return received
18031.865999999995: MET_Broker: The number of finished Cloudlets is:956
18042.051199999994: MET_Broker: Cloudlet #959 return received
18042.051199999994: MET_Broker: The number of finished Cloudlets is:957
18062.267599999996: MET_Broker: Cloudlet #958 return received
18062.267599999996: MET_Broker: The number of finished Cloudlets is:958
18072.231999999996: MET_Broker: Cloudlet #950 return received
18072.231999999996: MET_Broker: The number of finished Cloudlets is:959
18074.329599999997: MET_Broker: Cloudlet #961 return received
18074.329599999997: MET_Broker: The number of finished Cloudlets is:960
18087.007599999997: MET_Broker: Cloudlet #960 return received
18087.007599999997: MET_Broker: The number of finished Cloudlets is:961
18101.245999999996: MET_Broker: Cloudlet #963 return received
18101.245999999996: MET_Broker: The number of finished Cloudlets is:962
18107.262799999997: MET_Broker: Cloudlet #962 return received
18107.262799999997: MET_Broker: The number of finished Cloudlets is:963
18132.669599999997: MET_Broker: Cloudlet #964 return received
18132.669599999997: MET_Broker: The number of finished Cloudlets is:964
18140.6432: MET_Broker: Cloudlet #967 return received
18140.6432: MET_Broker: The number of finished Cloudlets is:965
18141.261199999997: MET_Broker: Cloudlet #966 return received
18141.261199999997: MET_Broker: The number of finished Cloudlets is:966
18171.5624: MET_Broker: Cloudlet #953 return received
18171.5624: MET_Broker: The number of finished Cloudlets is:967
18189.090399999997: MET_Broker: Cloudlet #970 return received
18189.090399999997: MET_Broker: The number of finished Cloudlets is:968
18200.910799999998: MET_Broker: Cloudlet #971 return received
18200.910799999998: MET_Broker: The number of finished Cloudlets is:969
18211.246399999996: MET_Broker: Cloudlet #968 return received
18211.246399999996: MET_Broker: The number of finished Cloudlets is:970
18240.156799999997: MET_Broker: Cloudlet #965 return received
18240.156799999997: MET_Broker: The number of finished Cloudlets is:971
18260.227199999998: MET_Broker: Cloudlet #972 return received
18260.227199999998: MET_Broker: The number of finished Cloudlets is:972
18270.593999999997: MET_Broker: Cloudlet #969 return received
18270.593999999997: MET_Broker: The number of finished Cloudlets is:973
18290.426399999997: MET_Broker: Cloudlet #976 return received
18290.426399999997: MET_Broker: The number of finished Cloudlets is:974
18427.6592: MET_Broker: Cloudlet #977 return received
18427.6592: MET_Broker: The number of finished Cloudlets is:975
18429.6976: MET_Broker: Cloudlet #974 return received
18429.6976: MET_Broker: The number of finished Cloudlets is:976
18466.1236: MET_Broker: Cloudlet #978 return received
18466.1236: MET_Broker: The number of finished Cloudlets is:977
18467.1548: MET_Broker: Cloudlet #979 return received
18467.1548: MET_Broker: The number of finished Cloudlets is:978
18522.177200000002: MET_Broker: Cloudlet #980 return received
18522.177200000002: MET_Broker: The number of finished Cloudlets is:979
18529.5972: MET_Broker: Cloudlet #982 return received
18529.5972: MET_Broker: The number of finished Cloudlets is:980
18534.8352: MET_Broker: Cloudlet #973 return received
18534.8352: MET_Broker: The number of finished Cloudlets is:981
18576.29: MET_Broker: Cloudlet #983 return received
18576.29: MET_Broker: The number of finished Cloudlets is:982
18580.772800000002: MET_Broker: Cloudlet #984 return received
18580.772800000002: MET_Broker: The number of finished Cloudlets is:983
18593.055600000003: MET_Broker: Cloudlet #981 return received
18593.055600000003: MET_Broker: The number of finished Cloudlets is:984
18595.613200000003: MET_Broker: Cloudlet #985 return received
18595.613200000003: MET_Broker: The number of finished Cloudlets is:985
18599.417600000004: MET_Broker: Cloudlet #975 return received
18599.417600000004: MET_Broker: The number of finished Cloudlets is:986
18607.482000000004: MET_Broker: Cloudlet #989 return received
18607.482000000004: MET_Broker: The number of finished Cloudlets is:987
18610.490800000003: MET_Broker: Cloudlet #987 return received
18610.490800000003: MET_Broker: The number of finished Cloudlets is:988
18612.193600000002: MET_Broker: Cloudlet #986 return received
18612.193600000002: MET_Broker: The number of finished Cloudlets is:989
18613.4968: MET_Broker: Cloudlet #990 return received
18613.4968: MET_Broker: The number of finished Cloudlets is:990
18639.6476: MET_Broker: Cloudlet #993 return received
18639.6476: MET_Broker: The number of finished Cloudlets is:991
18649.2036: MET_Broker: Cloudlet #994 return received
18649.2036: MET_Broker: The number of finished Cloudlets is:992
18655.4644: MET_Broker: Cloudlet #992 return received
18655.4644: MET_Broker: The number of finished Cloudlets is:993
18732.9136: MET_Broker: Cloudlet #995 return received
18732.9136: MET_Broker: The number of finished Cloudlets is:994
18739.6936: MET_Broker: Cloudlet #988 return received
18739.6936: MET_Broker: The number of finished Cloudlets is:995
18752.547199999997: MET_Broker: Cloudlet #996 return received
18752.547199999997: MET_Broker: The number of finished Cloudlets is:996
18766.552399999997: MET_Broker: Cloudlet #999 return received
18766.552399999997: MET_Broker: The number of finished Cloudlets is:997
18780.092399999998: MET_Broker: Cloudlet #1000 return received
18780.092399999998: MET_Broker: The number of finished Cloudlets is:998
18794.0028: MET_Broker: Cloudlet #991 return received
18794.0028: MET_Broker: The number of finished Cloudlets is:999
18828.5012: MET_Broker: Cloudlet #998 return received
18828.5012: MET_Broker: The number of finished Cloudlets is:1000
18839.7244: MET_Broker: Cloudlet #1002 return received
18839.7244: MET_Broker: The number of finished Cloudlets is:1001
18840.236: MET_Broker: Cloudlet #1001 return received
18840.236: MET_Broker: The number of finished Cloudlets is:1002
18866.3796: MET_Broker: Cloudlet #1004 return received
18866.3796: MET_Broker: The number of finished Cloudlets is:1003
18876.9248: MET_Broker: Cloudlet #1003 return received
18876.9248: MET_Broker: The number of finished Cloudlets is:1004
18926.2964: MET_Broker: Cloudlet #1006 return received
18926.2964: MET_Broker: The number of finished Cloudlets is:1005
18936.5208: MET_Broker: Cloudlet #1007 return received
18936.5208: MET_Broker: The number of finished Cloudlets is:1006
18949.4456: MET_Broker: Cloudlet #997 return received
18949.4456: MET_Broker: The number of finished Cloudlets is:1007
18949.5856: MET_Broker: Cloudlet #1009 return received
18949.5856: MET_Broker: The number of finished Cloudlets is:1008
18959.135199999997: MET_Broker: Cloudlet #1010 return received
18959.135199999997: MET_Broker: The number of finished Cloudlets is:1009
18978.152: MET_Broker: Cloudlet #1008 return received
18978.152: MET_Broker: The number of finished Cloudlets is:1010
18980.824399999998: MET_Broker: Cloudlet #1012 return received
18980.824399999998: MET_Broker: The number of finished Cloudlets is:1011
18995.421199999997: MET_Broker: Cloudlet #1013 return received
18995.421199999997: MET_Broker: The number of finished Cloudlets is:1012
19015.086399999997: MET_Broker: Cloudlet #1015 return received
19015.086399999997: MET_Broker: The number of finished Cloudlets is:1013
19023.106399999997: MET_Broker: Cloudlet #1011 return received
19023.106399999997: MET_Broker: The number of finished Cloudlets is:1014
19026.775199999996: MET_Broker: Cloudlet #1014 return received
19026.775199999996: MET_Broker: The number of finished Cloudlets is:1015
19034.809199999996: MET_Broker: Cloudlet #1016 return received
19034.809199999996: MET_Broker: The number of finished Cloudlets is:1016
19064.553199999995: MET_Broker: Cloudlet #1018 return received
19064.553199999995: MET_Broker: The number of finished Cloudlets is:1017
19080.914399999994: MET_Broker: Cloudlet #1017 return received
19080.914399999994: MET_Broker: The number of finished Cloudlets is:1018
19084.353599999995: MET_Broker: Cloudlet #1019 return received
19084.353599999995: MET_Broker: The number of finished Cloudlets is:1019
19089.913199999995: MET_Broker: Cloudlet #1020 return received
19089.913199999995: MET_Broker: The number of finished Cloudlets is:1020
19091.943199999994: MET_Broker: Cloudlet #1021 return received
19091.943199999994: MET_Broker: The number of finished Cloudlets is:1021
19114.267999999993: MET_Broker: Cloudlet #1024 return received
19114.267999999993: MET_Broker: The number of finished Cloudlets is:1022
19122.502399999994: MET_Broker: Cloudlet #1022 return received
19122.502399999994: MET_Broker: The number of finished Cloudlets is:1023
19142.319999999992: MET_Broker: Cloudlet #1023 return received
19142.319999999992: MET_Broker: The number of finished Cloudlets is:1024
19150.507599999994: MET_Broker: Cloudlet #1026 return received
19150.507599999994: MET_Broker: The number of finished Cloudlets is:1025
19160.240399999995: MET_Broker: Cloudlet #1025 return received
19160.240399999995: MET_Broker: The number of finished Cloudlets is:1026
19175.125199999995: MET_Broker: Cloudlet #1029 return received
19175.125199999995: MET_Broker: The number of finished Cloudlets is:1027
19182.273999999994: MET_Broker: Cloudlet #1005 return received
19182.273999999994: MET_Broker: The number of finished Cloudlets is:1028
19186.107999999993: MET_Broker: Cloudlet #1030 return received
19186.107999999993: MET_Broker: The number of finished Cloudlets is:1029
19187.21879999999: MET_Broker: Cloudlet #1028 return received
19187.21879999999: MET_Broker: The number of finished Cloudlets is:1030
19189.647599999993: MET_Broker: Cloudlet #1031 return received
19189.647599999993: MET_Broker: The number of finished Cloudlets is:1031
19192.64879999999: MET_Broker: Cloudlet #1027 return received
19192.64879999999: MET_Broker: The number of finished Cloudlets is:1032
19220.159999999993: MET_Broker: Cloudlet #1035 return received
19220.159999999993: MET_Broker: The number of finished Cloudlets is:1033
19235.269599999992: MET_Broker: Cloudlet #1034 return received
19235.269599999992: MET_Broker: The number of finished Cloudlets is:1034
19236.14119999999: MET_Broker: Cloudlet #1033 return received
19236.14119999999: MET_Broker: The number of finished Cloudlets is:1035
19242.50279999999: MET_Broker: Cloudlet #1036 return received
19242.50279999999: MET_Broker: The number of finished Cloudlets is:1036
19243.907999999992: MET_Broker: Cloudlet #1038 return received
19243.907999999992: MET_Broker: The number of finished Cloudlets is:1037
19256.22399999999: MET_Broker: Cloudlet #1032 return received
19256.22399999999: MET_Broker: The number of finished Cloudlets is:1038
19263.21639999999: MET_Broker: Cloudlet #1040 return received
19263.21639999999: MET_Broker: The number of finished Cloudlets is:1039
19286.12319999999: MET_Broker: Cloudlet #1042 return received
19286.12319999999: MET_Broker: The number of finished Cloudlets is:1040
19293.18199999999: MET_Broker: Cloudlet #1037 return received
19293.18199999999: MET_Broker: The number of finished Cloudlets is:1041
19330.22399999999: MET_Broker: Cloudlet #1044 return received
19330.22399999999: MET_Broker: The number of finished Cloudlets is:1042
19370.80479999999: MET_Broker: Cloudlet #1045 return received
19370.80479999999: MET_Broker: The number of finished Cloudlets is:1043
19387.16599999999: MET_Broker: Cloudlet #1046 return received
19387.16599999999: MET_Broker: The number of finished Cloudlets is:1044
19409.78999999999: MET_Broker: Cloudlet #1039 return received
19409.78999999999: MET_Broker: The number of finished Cloudlets is:1045
19419.40999999999: MET_Broker: Cloudlet #1041 return received
19419.40999999999: MET_Broker: The number of finished Cloudlets is:1046
19432.821199999988: MET_Broker: Cloudlet #1049 return received
19432.821199999988: MET_Broker: The number of finished Cloudlets is:1047
19469.34319999999: MET_Broker: Cloudlet #1048 return received
19469.34319999999: MET_Broker: The number of finished Cloudlets is:1048
19469.52159999999: MET_Broker: Cloudlet #1050 return received
19469.52159999999: MET_Broker: The number of finished Cloudlets is:1049
19620.401999999987: MET_Broker: Cloudlet #1051 return received
19620.401999999987: MET_Broker: The number of finished Cloudlets is:1050
19621.139599999988: MET_Broker: Cloudlet #1052 return received
19621.139599999988: MET_Broker: The number of finished Cloudlets is:1051
19628.253999999986: MET_Broker: Cloudlet #1047 return received
19628.253999999986: MET_Broker: The number of finished Cloudlets is:1052
19628.851599999987: MET_Broker: Cloudlet #1053 return received
19628.851599999987: MET_Broker: The number of finished Cloudlets is:1053
19644.65999999999: MET_Broker: Cloudlet #1043 return received
19644.65999999999: MET_Broker: The number of finished Cloudlets is:1054
19653.98279999999: MET_Broker: Cloudlet #1057 return received
19653.98279999999: MET_Broker: The number of finished Cloudlets is:1055
19675.61719999999: MET_Broker: Cloudlet #1054 return received
19675.61719999999: MET_Broker: The number of finished Cloudlets is:1056
19694.27239999999: MET_Broker: Cloudlet #1058 return received
19694.27239999999: MET_Broker: The number of finished Cloudlets is:1057
19708.34399999999: MET_Broker: Cloudlet #1059 return received
19708.34399999999: MET_Broker: The number of finished Cloudlets is:1058
19735.463599999992: MET_Broker: Cloudlet #1055 return received
19735.463599999992: MET_Broker: The number of finished Cloudlets is:1059
19753.44159999999: MET_Broker: Cloudlet #1062 return received
19753.44159999999: MET_Broker: The number of finished Cloudlets is:1060
19765.19359999999: MET_Broker: Cloudlet #1063 return received
19765.19359999999: MET_Broker: The number of finished Cloudlets is:1061
19792.66479999999: MET_Broker: Cloudlet #1060 return received
19792.66479999999: MET_Broker: The number of finished Cloudlets is:1062
19849.52639999999: MET_Broker: Cloudlet #1061 return received
19849.52639999999: MET_Broker: The number of finished Cloudlets is:1063
19887.136799999993: MET_Broker: Cloudlet #1065 return received
19887.136799999993: MET_Broker: The number of finished Cloudlets is:1064
19902.437999999995: MET_Broker: Cloudlet #1067 return received
19902.437999999995: MET_Broker: The number of finished Cloudlets is:1065
19921.591999999993: MET_Broker: Cloudlet #1068 return received
19921.591999999993: MET_Broker: The number of finished Cloudlets is:1066
19967.912799999995: MET_Broker: Cloudlet #1064 return received
19967.912799999995: MET_Broker: The number of finished Cloudlets is:1067
19970.681199999995: MET_Broker: Cloudlet #1056 return received
19970.681199999995: MET_Broker: The number of finished Cloudlets is:1068
19976.582799999996: MET_Broker: Cloudlet #1066 return received
19976.582799999996: MET_Broker: The number of finished Cloudlets is:1069
19979.875999999997: MET_Broker: Cloudlet #1070 return received
19979.875999999997: MET_Broker: The number of finished Cloudlets is:1070
19989.907599999995: MET_Broker: Cloudlet #1071 return received
19989.907599999995: MET_Broker: The number of finished Cloudlets is:1071
19992.584799999993: MET_Broker: Cloudlet #1073 return received
19992.584799999993: MET_Broker: The number of finished Cloudlets is:1072
19997.095999999994: MET_Broker: Cloudlet #1074 return received
19997.095999999994: MET_Broker: The number of finished Cloudlets is:1073
20001.517199999995: MET_Broker: Cloudlet #1075 return received
20001.517199999995: MET_Broker: The number of finished Cloudlets is:1074
20003.006799999996: MET_Broker: Cloudlet #1072 return received
20003.006799999996: MET_Broker: The number of finished Cloudlets is:1075
20003.425599999995: MET_Broker: Cloudlet #1069 return received
20003.425599999995: MET_Broker: The number of finished Cloudlets is:1076
20009.289599999996: MET_Broker: Cloudlet #1076 return received
20009.289599999996: MET_Broker: The number of finished Cloudlets is:1077
20019.034799999998: MET_Broker: Cloudlet #1080 return received
20019.034799999998: MET_Broker: The number of finished Cloudlets is:1078
20035.811199999996: MET_Broker: Cloudlet #1081 return received
20035.811199999996: MET_Broker: The number of finished Cloudlets is:1079
20045.4128: MET_Broker: Cloudlet #1079 return received
20045.4128: MET_Broker: The number of finished Cloudlets is:1080
20057.964: MET_Broker: Cloudlet #1078 return received
20057.964: MET_Broker: The number of finished Cloudlets is:1081
20058.7812: MET_Broker: Cloudlet #1077 return received
20058.7812: MET_Broker: The number of finished Cloudlets is:1082
20115.753200000003: MET_Broker: Cloudlet #1084 return received
20115.753200000003: MET_Broker: The number of finished Cloudlets is:1083
20155.8192: MET_Broker: Cloudlet #1086 return received
20155.8192: MET_Broker: The number of finished Cloudlets is:1084
20185.882: MET_Broker: Cloudlet #1087 return received
20185.882: MET_Broker: The number of finished Cloudlets is:1085
20197.497600000002: MET_Broker: Cloudlet #1085 return received
20197.497600000002: MET_Broker: The number of finished Cloudlets is:1086
20238.249600000003: MET_Broker: Cloudlet #1088 return received
20238.249600000003: MET_Broker: The number of finished Cloudlets is:1087
20330.289200000003: MET_Broker: Cloudlet #1082 return received
20330.289200000003: MET_Broker: The number of finished Cloudlets is:1088
20371.952400000002: MET_Broker: Cloudlet #1083 return received
20371.952400000002: MET_Broker: The number of finished Cloudlets is:1089
20384.353600000002: MET_Broker: Cloudlet #1092 return received
20384.353600000002: MET_Broker: The number of finished Cloudlets is:1090
20386.490400000002: MET_Broker: Cloudlet #1091 return received
20386.490400000002: MET_Broker: The number of finished Cloudlets is:1091
20402.646: MET_Broker: Cloudlet #1094 return received
20402.646: MET_Broker: The number of finished Cloudlets is:1092
20462.452: MET_Broker: Cloudlet #1090 return received
20462.452: MET_Broker: The number of finished Cloudlets is:1093
20486.3492: MET_Broker: Cloudlet #1096 return received
20486.3492: MET_Broker: The number of finished Cloudlets is:1094
20501.2436: MET_Broker: Cloudlet #1097 return received
20501.2436: MET_Broker: The number of finished Cloudlets is:1095
20509.374: MET_Broker: Cloudlet #1089 return received
20509.374: MET_Broker: The number of finished Cloudlets is:1096
20513.1368: MET_Broker: Cloudlet #1098 return received
20513.1368: MET_Broker: The number of finished Cloudlets is:1097
20518.1068: MET_Broker: Cloudlet #1093 return received
20518.1068: MET_Broker: The number of finished Cloudlets is:1098
20567.5112: MET_Broker: Cloudlet #1099 return received
20567.5112: MET_Broker: The number of finished Cloudlets is:1099
20572.5968: MET_Broker: Cloudlet #1095 return received
20572.5968: MET_Broker: The number of finished Cloudlets is:1100
20574.1672: MET_Broker: Cloudlet #1102 return received
20574.1672: MET_Broker: The number of finished Cloudlets is:1101
20584.898: MET_Broker: Cloudlet #1101 return received
20584.898: MET_Broker: The number of finished Cloudlets is:1102
20613.8504: MET_Broker: Cloudlet #1104 return received
20613.8504: MET_Broker: The number of finished Cloudlets is:1103
20613.8836: MET_Broker: Cloudlet #1105 return received
20613.8836: MET_Broker: The number of finished Cloudlets is:1104
20628.7952: MET_Broker: Cloudlet #1106 return received
20628.7952: MET_Broker: The number of finished Cloudlets is:1105
20661.5812: MET_Broker: Cloudlet #1107 return received
20661.5812: MET_Broker: The number of finished Cloudlets is:1106
20676.9176: MET_Broker: Cloudlet #1108 return received
20676.9176: MET_Broker: The number of finished Cloudlets is:1107
20710.8412: MET_Broker: Cloudlet #1109 return received
20710.8412: MET_Broker: The number of finished Cloudlets is:1108
20731.4408: MET_Broker: Cloudlet #1111 return received
20731.4408: MET_Broker: The number of finished Cloudlets is:1109
20746.3988: MET_Broker: Cloudlet #1112 return received
20746.3988: MET_Broker: The number of finished Cloudlets is:1110
20763.3736: MET_Broker: Cloudlet #1113 return received
20763.3736: MET_Broker: The number of finished Cloudlets is:1111
20778.923199999997: MET_Broker: Cloudlet #1110 return received
20778.923199999997: MET_Broker: The number of finished Cloudlets is:1112
20792.239999999998: MET_Broker: Cloudlet #1115 return received
20792.239999999998: MET_Broker: The number of finished Cloudlets is:1113
20802.244: MET_Broker: Cloudlet #1114 return received
20802.244: MET_Broker: The number of finished Cloudlets is:1114
20807.7024: MET_Broker: Cloudlet #1103 return received
20807.7024: MET_Broker: The number of finished Cloudlets is:1115
20826.9344: MET_Broker: Cloudlet #1117 return received
20826.9344: MET_Broker: The number of finished Cloudlets is:1116
20843.725199999997: MET_Broker: Cloudlet #1119 return received
20843.725199999997: MET_Broker: The number of finished Cloudlets is:1117
20867.2944: MET_Broker: Cloudlet #1100 return received
20867.2944: MET_Broker: The number of finished Cloudlets is:1118
20886.234399999998: MET_Broker: Cloudlet #1120 return received
20886.234399999998: MET_Broker: The number of finished Cloudlets is:1119
20894.869599999998: MET_Broker: Cloudlet #1122 return received
20894.869599999998: MET_Broker: The number of finished Cloudlets is:1120
20965.068799999997: MET_Broker: Cloudlet #1118 return received
20965.068799999997: MET_Broker: The number of finished Cloudlets is:1121
20997.539999999997: MET_Broker: Cloudlet #1116 return received
20997.539999999997: MET_Broker: The number of finished Cloudlets is:1122
21007.049199999998: MET_Broker: Cloudlet #1124 return received
21007.049199999998: MET_Broker: The number of finished Cloudlets is:1123
21007.4024: MET_Broker: Cloudlet #1125 return received
21007.4024: MET_Broker: The number of finished Cloudlets is:1124
21023.4244: MET_Broker: Cloudlet #1126 return received
21023.4244: MET_Broker: The number of finished Cloudlets is:1125
21032.1188: MET_Broker: Cloudlet #1123 return received
21032.1188: MET_Broker: The number of finished Cloudlets is:1126
21036.1176: MET_Broker: Cloudlet #1128 return received
21036.1176: MET_Broker: The number of finished Cloudlets is:1127
21047.608: MET_Broker: Cloudlet #1129 return received
21047.608: MET_Broker: The number of finished Cloudlets is:1128
21049.9148: MET_Broker: Cloudlet #1127 return received
21049.9148: MET_Broker: The number of finished Cloudlets is:1129
21056.064: MET_Broker: Cloudlet #1131 return received
21056.064: MET_Broker: The number of finished Cloudlets is:1130
21081.0252: MET_Broker: Cloudlet #1121 return received
21081.0252: MET_Broker: The number of finished Cloudlets is:1131
21083.668: MET_Broker: Cloudlet #1130 return received
21083.668: MET_Broker: The number of finished Cloudlets is:1132
21104.416: MET_Broker: Cloudlet #1132 return received
21104.416: MET_Broker: The number of finished Cloudlets is:1133
21109.2544: MET_Broker: Cloudlet #1135 return received
21109.2544: MET_Broker: The number of finished Cloudlets is:1134
21133.084400000003: MET_Broker: Cloudlet #1134 return received
21133.084400000003: MET_Broker: The number of finished Cloudlets is:1135
21163.510800000004: MET_Broker: Cloudlet #1133 return received
21163.510800000004: MET_Broker: The number of finished Cloudlets is:1136
21177.100000000002: MET_Broker: Cloudlet #1139 return received
21177.100000000002: MET_Broker: The number of finished Cloudlets is:1137
21211.940800000004: MET_Broker: Cloudlet #1140 return received
21211.940800000004: MET_Broker: The number of finished Cloudlets is:1138
21225.685600000004: MET_Broker: Cloudlet #1137 return received
21225.685600000004: MET_Broker: The number of finished Cloudlets is:1139
21230.274400000006: MET_Broker: Cloudlet #1141 return received
21230.274400000006: MET_Broker: The number of finished Cloudlets is:1140
21239.236000000004: MET_Broker: Cloudlet #1142 return received
21239.236000000004: MET_Broker: The number of finished Cloudlets is:1141
21282.578800000003: MET_Broker: Cloudlet #1143 return received
21282.578800000003: MET_Broker: The number of finished Cloudlets is:1142
21296.148000000005: MET_Broker: Cloudlet #1144 return received
21296.148000000005: MET_Broker: The number of finished Cloudlets is:1143
21308.572400000005: MET_Broker: Cloudlet #1138 return received
21308.572400000005: MET_Broker: The number of finished Cloudlets is:1144
21309.806000000004: MET_Broker: Cloudlet #1146 return received
21309.806000000004: MET_Broker: The number of finished Cloudlets is:1145
21348.988400000006: MET_Broker: Cloudlet #1145 return received
21348.988400000006: MET_Broker: The number of finished Cloudlets is:1146
21363.390400000004: MET_Broker: Cloudlet #1147 return received
21363.390400000004: MET_Broker: The number of finished Cloudlets is:1147
21366.920400000003: MET_Broker: Cloudlet #1148 return received
21366.920400000003: MET_Broker: The number of finished Cloudlets is:1148
21367.5728: MET_Broker: Cloudlet #1136 return received
21367.5728: MET_Broker: The number of finished Cloudlets is:1149
21379.519200000002: MET_Broker: Cloudlet #1149 return received
21379.519200000002: MET_Broker: The number of finished Cloudlets is:1150
21392.4756: MET_Broker: Cloudlet #1153 return received
21392.4756: MET_Broker: The number of finished Cloudlets is:1151
21394.670400000003: MET_Broker: Cloudlet #1150 return received
21394.670400000003: MET_Broker: The number of finished Cloudlets is:1152
21426.407600000002: MET_Broker: Cloudlet #1151 return received
21426.407600000002: MET_Broker: The number of finished Cloudlets is:1153
21441.931200000003: MET_Broker: Cloudlet #1154 return received
21441.931200000003: MET_Broker: The number of finished Cloudlets is:1154
21475.3764: MET_Broker: Cloudlet #1157 return received
21475.3764: MET_Broker: The number of finished Cloudlets is:1155
21477.5468: MET_Broker: Cloudlet #1156 return received
21477.5468: MET_Broker: The number of finished Cloudlets is:1156
21490.7788: MET_Broker: Cloudlet #1158 return received
21490.7788: MET_Broker: The number of finished Cloudlets is:1157
21504.488: MET_Broker: Cloudlet #1155 return received
21504.488: MET_Broker: The number of finished Cloudlets is:1158
21505.9208: MET_Broker: Cloudlet #1152 return received
21505.9208: MET_Broker: The number of finished Cloudlets is:1159
21523.5016: MET_Broker: Cloudlet #1162 return received
21523.5016: MET_Broker: The number of finished Cloudlets is:1160
21539.5084: MET_Broker: Cloudlet #1161 return received
21539.5084: MET_Broker: The number of finished Cloudlets is:1161
21541.744: MET_Broker: Cloudlet #1163 return received
21541.744: MET_Broker: The number of finished Cloudlets is:1162
21621.5108: MET_Broker: Cloudlet #1164 return received
21621.5108: MET_Broker: The number of finished Cloudlets is:1163
21628.1468: MET_Broker: Cloudlet #1160 return received
21628.1468: MET_Broker: The number of finished Cloudlets is:1164
21646.9044: MET_Broker: Cloudlet #1167 return received
21646.9044: MET_Broker: The number of finished Cloudlets is:1165
21661.4376: MET_Broker: Cloudlet #1166 return received
21661.4376: MET_Broker: The number of finished Cloudlets is:1166
21667.7076: MET_Broker: Cloudlet #1159 return received
21667.7076: MET_Broker: The number of finished Cloudlets is:1167
21673.9936: MET_Broker: Cloudlet #1169 return received
21673.9936: MET_Broker: The number of finished Cloudlets is:1168
21691.0652: MET_Broker: Cloudlet #1168 return received
21691.0652: MET_Broker: The number of finished Cloudlets is:1169
21694.438000000002: MET_Broker: Cloudlet #1171 return received
21694.438000000002: MET_Broker: The number of finished Cloudlets is:1170
21723.540800000002: MET_Broker: Cloudlet #1165 return received
21723.540800000002: MET_Broker: The number of finished Cloudlets is:1171
21724.095200000003: MET_Broker: Cloudlet #1170 return received
21724.095200000003: MET_Broker: The number of finished Cloudlets is:1172
21731.864000000005: MET_Broker: Cloudlet #1172 return received
21731.864000000005: MET_Broker: The number of finished Cloudlets is:1173
21746.084800000004: MET_Broker: Cloudlet #1176 return received
21746.084800000004: MET_Broker: The number of finished Cloudlets is:1174
21754.590400000005: MET_Broker: Cloudlet #1175 return received
21754.590400000005: MET_Broker: The number of finished Cloudlets is:1175
21796.081600000005: MET_Broker: Cloudlet #1177 return received
21796.081600000005: MET_Broker: The number of finished Cloudlets is:1176
21812.734400000005: MET_Broker: Cloudlet #1179 return received
21812.734400000005: MET_Broker: The number of finished Cloudlets is:1177
21840.574400000005: MET_Broker: Cloudlet #1174 return received
21840.574400000005: MET_Broker: The number of finished Cloudlets is:1178
21842.433600000004: MET_Broker: Cloudlet #1173 return received
21842.433600000004: MET_Broker: The number of finished Cloudlets is:1179
21852.641600000003: MET_Broker: Cloudlet #1180 return received
21852.641600000003: MET_Broker: The number of finished Cloudlets is:1180
21861.483200000002: MET_Broker: Cloudlet #1183 return received
21861.483200000002: MET_Broker: The number of finished Cloudlets is:1181
21869.6572: MET_Broker: Cloudlet #1181 return received
21869.6572: MET_Broker: The number of finished Cloudlets is:1182
21881.3552: MET_Broker: Cloudlet #1182 return received
21881.3552: MET_Broker: The number of finished Cloudlets is:1183
21888.686800000003: MET_Broker: Cloudlet #1186 return received
21888.686800000003: MET_Broker: The number of finished Cloudlets is:1184
21925.418: MET_Broker: Cloudlet #1187 return received
21925.418: MET_Broker: The number of finished Cloudlets is:1185
21957.0072: MET_Broker: Cloudlet #1188 return received
21957.0072: MET_Broker: The number of finished Cloudlets is:1186
21967.368: MET_Broker: Cloudlet #1189 return received
21967.368: MET_Broker: The number of finished Cloudlets is:1187
21996.569199999998: MET_Broker: Cloudlet #1190 return received
21996.569199999998: MET_Broker: The number of finished Cloudlets is:1188
22057.365999999998: MET_Broker: Cloudlet #1185 return received
22057.365999999998: MET_Broker: The number of finished Cloudlets is:1189
22077.401599999997: MET_Broker: Cloudlet #1178 return received
22077.401599999997: MET_Broker: The number of finished Cloudlets is:1190
22118.852799999997: MET_Broker: Cloudlet #1193 return received
22118.852799999997: MET_Broker: The number of finished Cloudlets is:1191
22132.145599999996: MET_Broker: Cloudlet #1191 return received
22132.145599999996: MET_Broker: The number of finished Cloudlets is:1192
22157.524799999996: MET_Broker: Cloudlet #1195 return received
22157.524799999996: MET_Broker: The number of finished Cloudlets is:1193
22194.314399999996: MET_Broker: Cloudlet #1196 return received
22194.314399999996: MET_Broker: The number of finished Cloudlets is:1194
22205.975199999997: MET_Broker: Cloudlet #1197 return received
22205.975199999997: MET_Broker: The number of finished Cloudlets is:1195
22218.44: MET_Broker: Cloudlet #1184 return received
22218.44: MET_Broker: The number of finished Cloudlets is:1196
22244.87: MET_Broker: Cloudlet #1199 return received
22244.87: MET_Broker: The number of finished Cloudlets is:1197
22253.5272: MET_Broker: Cloudlet #1198 return received
22253.5272: MET_Broker: The number of finished Cloudlets is:1198
22256.678: MET_Broker: Cloudlet #1200 return received
22256.678: MET_Broker: The number of finished Cloudlets is:1199
22261.4884: MET_Broker: Cloudlet #1201 return received
22261.4884: MET_Broker: The number of finished Cloudlets is:1200
22270.6616: MET_Broker: Cloudlet #1203 return received
22270.6616: MET_Broker: The number of finished Cloudlets is:1201
22315.750799999998: MET_Broker: Cloudlet #1204 return received
22315.750799999998: MET_Broker: The number of finished Cloudlets is:1202
22351.123199999998: MET_Broker: Cloudlet #1192 return received
22351.123199999998: MET_Broker: The number of finished Cloudlets is:1203
22382.1288: MET_Broker: Cloudlet #1202 return received
22382.1288: MET_Broker: The number of finished Cloudlets is:1204
22385.136: MET_Broker: Cloudlet #1194 return received
22385.136: MET_Broker: The number of finished Cloudlets is:1205
22405.457599999998: MET_Broker: Cloudlet #1205 return received
22405.457599999998: MET_Broker: The number of finished Cloudlets is:1206
22406.2876: MET_Broker: Cloudlet #1206 return received
22406.2876: MET_Broker: The number of finished Cloudlets is:1207
22411.6588: MET_Broker: Cloudlet #1209 return received
22411.6588: MET_Broker: The number of finished Cloudlets is:1208
22436.2076: MET_Broker: Cloudlet #1207 return received
22436.2076: MET_Broker: The number of finished Cloudlets is:1209
22451.698: MET_Broker: Cloudlet #1212 return received
22451.698: MET_Broker: The number of finished Cloudlets is:1210
22466.2228: MET_Broker: Cloudlet #1210 return received
22466.2228: MET_Broker: The number of finished Cloudlets is:1211
22498.979199999998: MET_Broker: Cloudlet #1213 return received
22498.979199999998: MET_Broker: The number of finished Cloudlets is:1212
22534.6144: MET_Broker: Cloudlet #1211 return received
22534.6144: MET_Broker: The number of finished Cloudlets is:1213
22540.76: MET_Broker: Cloudlet #1215 return received
22540.76: MET_Broker: The number of finished Cloudlets is:1214
22550.6708: MET_Broker: Cloudlet #1217 return received
22550.6708: MET_Broker: The number of finished Cloudlets is:1215
22568.8412: MET_Broker: Cloudlet #1218 return received
22568.8412: MET_Broker: The number of finished Cloudlets is:1216
22594.2568: MET_Broker: Cloudlet #1219 return received
22594.2568: MET_Broker: The number of finished Cloudlets is:1217
22603.5952: MET_Broker: Cloudlet #1208 return received
22603.5952: MET_Broker: The number of finished Cloudlets is:1218
22609.578: MET_Broker: Cloudlet #1214 return received
22609.578: MET_Broker: The number of finished Cloudlets is:1219
22646.024800000003: MET_Broker: Cloudlet #1222 return received
22646.024800000003: MET_Broker: The number of finished Cloudlets is:1220
22647.984800000002: MET_Broker: Cloudlet #1220 return received
22647.984800000002: MET_Broker: The number of finished Cloudlets is:1221
22657.644800000002: MET_Broker: Cloudlet #1224 return received
22657.644800000002: MET_Broker: The number of finished Cloudlets is:1222
22662.1476: MET_Broker: Cloudlet #1223 return received
22662.1476: MET_Broker: The number of finished Cloudlets is:1223
22665.216800000002: MET_Broker: Cloudlet #1225 return received
22665.216800000002: MET_Broker: The number of finished Cloudlets is:1224
22673.610800000002: MET_Broker: Cloudlet #1227 return received
22673.610800000002: MET_Broker: The number of finished Cloudlets is:1225
22691.364: MET_Broker: Cloudlet #1226 return received
22691.364: MET_Broker: The number of finished Cloudlets is:1226
22712.7752: MET_Broker: Cloudlet #1229 return received
22712.7752: MET_Broker: The number of finished Cloudlets is:1227
22728.9544: MET_Broker: Cloudlet #1228 return received
22728.9544: MET_Broker: The number of finished Cloudlets is:1228
22772.676: MET_Broker: Cloudlet #1231 return received
22772.676: MET_Broker: The number of finished Cloudlets is:1229
22814.569199999998: MET_Broker: Cloudlet #1232 return received
22814.569199999998: MET_Broker: The number of finished Cloudlets is:1230
22821.5352: MET_Broker: Cloudlet #1216 return received
22821.5352: MET_Broker: The number of finished Cloudlets is:1231
22855.903199999997: MET_Broker: Cloudlet #1233 return received
22855.903199999997: MET_Broker: The number of finished Cloudlets is:1232
22864.9956: MET_Broker: Cloudlet #1230 return received
22864.9956: MET_Broker: The number of finished Cloudlets is:1233
22937.158399999997: MET_Broker: Cloudlet #1221 return received
22937.158399999997: MET_Broker: The number of finished Cloudlets is:1234
22967.121199999998: MET_Broker: Cloudlet #1237 return received
22967.121199999998: MET_Broker: The number of finished Cloudlets is:1235
22971.798: MET_Broker: Cloudlet #1235 return received
22971.798: MET_Broker: The number of finished Cloudlets is:1236
23008.9344: MET_Broker: Cloudlet #1236 return received
23008.9344: MET_Broker: The number of finished Cloudlets is:1237
23020.072799999998: MET_Broker: Cloudlet #1234 return received
23020.072799999998: MET_Broker: The number of finished Cloudlets is:1238
23022.724: MET_Broker: Cloudlet #1238 return received
23022.724: MET_Broker: The number of finished Cloudlets is:1239
23052.0084: MET_Broker: Cloudlet #1240 return received
23052.0084: MET_Broker: The number of finished Cloudlets is:1240
23064.9316: MET_Broker: Cloudlet #1242 return received
23064.9316: MET_Broker: The number of finished Cloudlets is:1241
23068.5628: MET_Broker: Cloudlet #1243 return received
23068.5628: MET_Broker: The number of finished Cloudlets is:1242
23089.8256: MET_Broker: Cloudlet #1244 return received
23089.8256: MET_Broker: The number of finished Cloudlets is:1243
23108.1308: MET_Broker: Cloudlet #1241 return received
23108.1308: MET_Broker: The number of finished Cloudlets is:1244
23132.9488: MET_Broker: Cloudlet #1246 return received
23132.9488: MET_Broker: The number of finished Cloudlets is:1245
23151.6472: MET_Broker: Cloudlet #1239 return received
23151.6472: MET_Broker: The number of finished Cloudlets is:1246
23158.8584: MET_Broker: Cloudlet #1249 return received
23158.8584: MET_Broker: The number of finished Cloudlets is:1247
23169.6688: MET_Broker: Cloudlet #1248 return received
23169.6688: MET_Broker: The number of finished Cloudlets is:1248
23198.6332: MET_Broker: Cloudlet #1250 return received
23198.6332: MET_Broker: The number of finished Cloudlets is:1249
23202.2868: MET_Broker: Cloudlet #1251 return received
23202.2868: MET_Broker: The number of finished Cloudlets is:1250
23254.9504: MET_Broker: Cloudlet #1247 return received
23254.9504: MET_Broker: The number of finished Cloudlets is:1251
23260.947200000002: MET_Broker: Cloudlet #1253 return received
23260.947200000002: MET_Broker: The number of finished Cloudlets is:1252
23295.0908: MET_Broker: Cloudlet #1255 return received
23295.0908: MET_Broker: The number of finished Cloudlets is:1253
23307.272800000002: MET_Broker: Cloudlet #1254 return received
23307.272800000002: MET_Broker: The number of finished Cloudlets is:1254
23314.143200000002: MET_Broker: Cloudlet #1245 return received
23314.143200000002: MET_Broker: The number of finished Cloudlets is:1255
23339.7812: MET_Broker: Cloudlet #1257 return received
23339.7812: MET_Broker: The number of finished Cloudlets is:1256
23372.927200000002: MET_Broker: Cloudlet #1258 return received
23372.927200000002: MET_Broker: The number of finished Cloudlets is:1257
23395.495600000002: MET_Broker: Cloudlet #1259 return received
23395.495600000002: MET_Broker: The number of finished Cloudlets is:1258
23426.79: MET_Broker: Cloudlet #1260 return received
23426.79: MET_Broker: The number of finished Cloudlets is:1259
23438.769200000002: MET_Broker: Cloudlet #1261 return received
23438.769200000002: MET_Broker: The number of finished Cloudlets is:1260
23439.990400000002: MET_Broker: Cloudlet #1262 return received
23439.990400000002: MET_Broker: The number of finished Cloudlets is:1261
23465.8728: MET_Broker: Cloudlet #1263 return received
23465.8728: MET_Broker: The number of finished Cloudlets is:1262
23520.722: MET_Broker: Cloudlet #1265 return received
23520.722: MET_Broker: The number of finished Cloudlets is:1263
23529.5308: MET_Broker: Cloudlet #1252 return received
23529.5308: MET_Broker: The number of finished Cloudlets is:1264
23551.47: MET_Broker: Cloudlet #1267 return received
23551.47: MET_Broker: The number of finished Cloudlets is:1265
23575.990400000002: MET_Broker: Cloudlet #1268 return received
23575.990400000002: MET_Broker: The number of finished Cloudlets is:1266
23597.864400000002: MET_Broker: Cloudlet #1264 return received
23597.864400000002: MET_Broker: The number of finished Cloudlets is:1267
23603.670000000002: MET_Broker: Cloudlet #1269 return received
23603.670000000002: MET_Broker: The number of finished Cloudlets is:1268
23609.9156: MET_Broker: Cloudlet #1256 return received
23609.9156: MET_Broker: The number of finished Cloudlets is:1269
23698.554: MET_Broker: Cloudlet #1271 return received
23698.554: MET_Broker: The number of finished Cloudlets is:1270
23707.184: MET_Broker: Cloudlet #1272 return received
23707.184: MET_Broker: The number of finished Cloudlets is:1271
23749.022800000002: MET_Broker: Cloudlet #1274 return received
23749.022800000002: MET_Broker: The number of finished Cloudlets is:1272
23792.668400000002: MET_Broker: Cloudlet #1275 return received
23792.668400000002: MET_Broker: The number of finished Cloudlets is:1273
23846.0524: MET_Broker: Cloudlet #1276 return received
23846.0524: MET_Broker: The number of finished Cloudlets is:1274
23855.891200000002: MET_Broker: Cloudlet #1277 return received
23855.891200000002: MET_Broker: The number of finished Cloudlets is:1275
23877.5616: MET_Broker: Cloudlet #1266 return received
23877.5616: MET_Broker: The number of finished Cloudlets is:1276
23878.516: MET_Broker: Cloudlet #1273 return received
23878.516: MET_Broker: The number of finished Cloudlets is:1277
23889.4392: MET_Broker: Cloudlet #1279 return received
23889.4392: MET_Broker: The number of finished Cloudlets is:1278
23893.7484: MET_Broker: Cloudlet #1278 return received
23893.7484: MET_Broker: The number of finished Cloudlets is:1279
23933.4584: MET_Broker: Cloudlet #1270 return received
23933.4584: MET_Broker: The number of finished Cloudlets is:1280
23959.942: MET_Broker: Cloudlet #1281 return received
23959.942: MET_Broker: The number of finished Cloudlets is:1281
23966.6988: MET_Broker: Cloudlet #1280 return received
23966.6988: MET_Broker: The number of finished Cloudlets is:1282
23969.000399999997: MET_Broker: Cloudlet #1284 return received
23969.000399999997: MET_Broker: The number of finished Cloudlets is:1283
23984.8948: MET_Broker: Cloudlet #1285 return received
23984.8948: MET_Broker: The number of finished Cloudlets is:1284
24024.742: MET_Broker: Cloudlet #1286 return received
24024.742: MET_Broker: The number of finished Cloudlets is:1285
24025.622799999997: MET_Broker: Cloudlet #1282 return received
24025.622799999997: MET_Broker: The number of finished Cloudlets is:1286
24044.121199999998: MET_Broker: Cloudlet #1289 return received
24044.121199999998: MET_Broker: The number of finished Cloudlets is:1287
24052.958: MET_Broker: Cloudlet #1290 return received
24052.958: MET_Broker: The number of finished Cloudlets is:1288
24078.8752: MET_Broker: Cloudlet #1288 return received
24078.8752: MET_Broker: The number of finished Cloudlets is:1289
24084.0244: MET_Broker: Cloudlet #1287 return received
24084.0244: MET_Broker: The number of finished Cloudlets is:1290
24120.822399999997: MET_Broker: Cloudlet #1283 return received
24120.822399999997: MET_Broker: The number of finished Cloudlets is:1291
24129.241599999998: MET_Broker: Cloudlet #1294 return received
24129.241599999998: MET_Broker: The number of finished Cloudlets is:1292
24148.972799999996: MET_Broker: Cloudlet #1292 return received
24148.972799999996: MET_Broker: The number of finished Cloudlets is:1293
24149.513999999996: MET_Broker: Cloudlet #1295 return received
24149.513999999996: MET_Broker: The number of finished Cloudlets is:1294
24166.261199999997: MET_Broker: Cloudlet #1297 return received
24166.261199999997: MET_Broker: The number of finished Cloudlets is:1295
24192.838399999997: MET_Broker: Cloudlet #1293 return received
24192.838399999997: MET_Broker: The number of finished Cloudlets is:1296
24201.236399999998: MET_Broker: Cloudlet #1296 return received
24201.236399999998: MET_Broker: The number of finished Cloudlets is:1297
24217.415599999997: MET_Broker: Cloudlet #1299 return received
24217.415599999997: MET_Broker: The number of finished Cloudlets is:1298
24230.924399999996: MET_Broker: Cloudlet #1300 return received
24230.924399999996: MET_Broker: The number of finished Cloudlets is:1299
24246.862799999995: MET_Broker: Cloudlet #1302 return received
24246.862799999995: MET_Broker: The number of finished Cloudlets is:1300
24339.953199999996: MET_Broker: Cloudlet #1298 return received
24339.953199999996: MET_Broker: The number of finished Cloudlets is:1301
24374.405199999997: MET_Broker: Cloudlet #1304 return received
24374.405199999997: MET_Broker: The number of finished Cloudlets is:1302
24392.803599999996: MET_Broker: Cloudlet #1305 return received
24392.803599999996: MET_Broker: The number of finished Cloudlets is:1303
24404.013199999994: MET_Broker: Cloudlet #1291 return received
24404.013199999994: MET_Broker: The number of finished Cloudlets is:1304
24413.306399999994: MET_Broker: Cloudlet #1306 return received
24413.306399999994: MET_Broker: The number of finished Cloudlets is:1305
24429.923999999995: MET_Broker: Cloudlet #1308 return received
24429.923999999995: MET_Broker: The number of finished Cloudlets is:1306
24430.335999999996: MET_Broker: Cloudlet #1307 return received
24430.335999999996: MET_Broker: The number of finished Cloudlets is:1307
24454.743599999994: MET_Broker: Cloudlet #1301 return received
24454.743599999994: MET_Broker: The number of finished Cloudlets is:1308
24470.223599999994: MET_Broker: Cloudlet #1311 return received
24470.223599999994: MET_Broker: The number of finished Cloudlets is:1309
24472.690399999992: MET_Broker: Cloudlet #1310 return received
24472.690399999992: MET_Broker: The number of finished Cloudlets is:1310
24509.449599999993: MET_Broker: Cloudlet #1309 return received
24509.449599999993: MET_Broker: The number of finished Cloudlets is:1311
24517.457599999994: MET_Broker: Cloudlet #1312 return received
24517.457599999994: MET_Broker: The number of finished Cloudlets is:1312
24530.457999999995: MET_Broker: Cloudlet #1315 return received
24530.457999999995: MET_Broker: The number of finished Cloudlets is:1313
24541.138799999993: MET_Broker: Cloudlet #1316 return received
24541.138799999993: MET_Broker: The number of finished Cloudlets is:1314
24595.274399999995: MET_Broker: Cloudlet #1303 return received
24595.274399999995: MET_Broker: The number of finished Cloudlets is:1315
24598.036799999994: MET_Broker: Cloudlet #1317 return received
24598.036799999994: MET_Broker: The number of finished Cloudlets is:1316
24611.205999999995: MET_Broker: Cloudlet #1314 return received
24611.205999999995: MET_Broker: The number of finished Cloudlets is:1317
24622.123199999995: MET_Broker: Cloudlet #1319 return received
24622.123199999995: MET_Broker: The number of finished Cloudlets is:1318
24642.295599999994: MET_Broker: Cloudlet #1318 return received
24642.295599999994: MET_Broker: The number of finished Cloudlets is:1319
24656.549199999994: MET_Broker: Cloudlet #1321 return received
24656.549199999994: MET_Broker: The number of finished Cloudlets is:1320
24692.073199999995: MET_Broker: Cloudlet #1322 return received
24692.073199999995: MET_Broker: The number of finished Cloudlets is:1321
24706.062799999996: MET_Broker: Cloudlet #1323 return received
24706.062799999996: MET_Broker: The number of finished Cloudlets is:1322
24719.003199999996: MET_Broker: Cloudlet #1324 return received
24719.003199999996: MET_Broker: The number of finished Cloudlets is:1323
24723.982399999997: MET_Broker: Cloudlet #1325 return received
24723.982399999997: MET_Broker: The number of finished Cloudlets is:1324
24733.743599999998: MET_Broker: Cloudlet #1320 return received
24733.743599999998: MET_Broker: The number of finished Cloudlets is:1325
24778.7084: MET_Broker: Cloudlet #1328 return received
24778.7084: MET_Broker: The number of finished Cloudlets is:1326
24829.128: MET_Broker: Cloudlet #1313 return received
24829.128: MET_Broker: The number of finished Cloudlets is:1327
24855.8456: MET_Broker: Cloudlet #1327 return received
24855.8456: MET_Broker: The number of finished Cloudlets is:1328
24869.9304: MET_Broker: Cloudlet #1331 return received
24869.9304: MET_Broker: The number of finished Cloudlets is:1329
24888.3092: MET_Broker: Cloudlet #1330 return received
24888.3092: MET_Broker: The number of finished Cloudlets is:1330
24907.2144: MET_Broker: Cloudlet #1326 return received
24907.2144: MET_Broker: The number of finished Cloudlets is:1331
24920.215200000002: MET_Broker: Cloudlet #1332 return received
24920.215200000002: MET_Broker: The number of finished Cloudlets is:1332
24925.109600000003: MET_Broker: Cloudlet #1329 return received
24925.109600000003: MET_Broker: The number of finished Cloudlets is:1333
24934.284800000005: MET_Broker: Cloudlet #1334 return received
24934.284800000005: MET_Broker: The number of finished Cloudlets is:1334
24937.640000000007: MET_Broker: Cloudlet #1335 return received
24937.640000000007: MET_Broker: The number of finished Cloudlets is:1335
24957.100400000007: MET_Broker: Cloudlet #1337 return received
24957.100400000007: MET_Broker: The number of finished Cloudlets is:1336
24973.606400000008: MET_Broker: Cloudlet #1339 return received
24973.606400000008: MET_Broker: The number of finished Cloudlets is:1337
25030.808000000008: MET_Broker: Cloudlet #1340 return received
25030.808000000008: MET_Broker: The number of finished Cloudlets is:1338
25033.699200000006: MET_Broker: Cloudlet #1333 return received
25033.699200000006: MET_Broker: The number of finished Cloudlets is:1339
25046.720800000006: MET_Broker: Cloudlet #1336 return received
25046.720800000006: MET_Broker: The number of finished Cloudlets is:1340
25052.201200000007: MET_Broker: Cloudlet #1338 return received
25052.201200000007: MET_Broker: The number of finished Cloudlets is:1341
25086.994800000008: MET_Broker: Cloudlet #1342 return received
25086.994800000008: MET_Broker: The number of finished Cloudlets is:1342
25087.59960000001: MET_Broker: Cloudlet #1343 return received
25087.59960000001: MET_Broker: The number of finished Cloudlets is:1343
25101.14520000001: MET_Broker: Cloudlet #1341 return received
25101.14520000001: MET_Broker: The number of finished Cloudlets is:1344
25138.03040000001: MET_Broker: Cloudlet #1344 return received
25138.03040000001: MET_Broker: The number of finished Cloudlets is:1345
25141.97760000001: MET_Broker: Cloudlet #1346 return received
25141.97760000001: MET_Broker: The number of finished Cloudlets is:1346
25152.62120000001: MET_Broker: Cloudlet #1349 return received
25152.62120000001: MET_Broker: The number of finished Cloudlets is:1347
25153.42720000001: MET_Broker: Cloudlet #1348 return received
25153.42720000001: MET_Broker: The number of finished Cloudlets is:1348
25166.87560000001: MET_Broker: Cloudlet #1351 return received
25166.87560000001: MET_Broker: The number of finished Cloudlets is:1349
25196.15360000001: MET_Broker: Cloudlet #1350 return received
25196.15360000001: MET_Broker: The number of finished Cloudlets is:1350
25206.282800000008: MET_Broker: Cloudlet #1345 return received
25206.282800000008: MET_Broker: The number of finished Cloudlets is:1351
25251.392400000008: MET_Broker: Cloudlet #1354 return received
25251.392400000008: MET_Broker: The number of finished Cloudlets is:1352
25344.073600000007: MET_Broker: Cloudlet #1353 return received
25344.073600000007: MET_Broker: The number of finished Cloudlets is:1353
25347.534000000007: MET_Broker: Cloudlet #1347 return received
25347.534000000007: MET_Broker: The number of finished Cloudlets is:1354
25381.268800000005: MET_Broker: Cloudlet #1356 return received
25381.268800000005: MET_Broker: The number of finished Cloudlets is:1355
25478.407600000006: MET_Broker: Cloudlet #1357 return received
25478.407600000006: MET_Broker: The number of finished Cloudlets is:1356
25492.748400000008: MET_Broker: Cloudlet #1359 return received
25492.748400000008: MET_Broker: The number of finished Cloudlets is:1357
25496.703200000007: MET_Broker: Cloudlet #1352 return received
25496.703200000007: MET_Broker: The number of finished Cloudlets is:1358
25509.688800000007: MET_Broker: Cloudlet #1358 return received
25509.688800000007: MET_Broker: The number of finished Cloudlets is:1359
25550.584400000007: MET_Broker: Cloudlet #1360 return received
25550.584400000007: MET_Broker: The number of finished Cloudlets is:1360
25599.506800000006: MET_Broker: Cloudlet #1363 return received
25599.506800000006: MET_Broker: The number of finished Cloudlets is:1361
25602.714400000008: MET_Broker: Cloudlet #1355 return received
25602.714400000008: MET_Broker: The number of finished Cloudlets is:1362
25616.016000000007: MET_Broker: Cloudlet #1365 return received
25616.016000000007: MET_Broker: The number of finished Cloudlets is:1363
25616.494400000007: MET_Broker: Cloudlet #1362 return received
25616.494400000007: MET_Broker: The number of finished Cloudlets is:1364
25637.648800000006: MET_Broker: Cloudlet #1366 return received
25637.648800000006: MET_Broker: The number of finished Cloudlets is:1365
25646.700800000006: MET_Broker: Cloudlet #1364 return received
25646.700800000006: MET_Broker: The number of finished Cloudlets is:1366
25660.799200000005: MET_Broker: Cloudlet #1369 return received
25660.799200000005: MET_Broker: The number of finished Cloudlets is:1367
25673.296400000007: MET_Broker: Cloudlet #1367 return received
25673.296400000007: MET_Broker: The number of finished Cloudlets is:1368
25707.301600000006: MET_Broker: Cloudlet #1370 return received
25707.301600000006: MET_Broker: The number of finished Cloudlets is:1369
25717.700000000004: MET_Broker: Cloudlet #1372 return received
25717.700000000004: MET_Broker: The number of finished Cloudlets is:1370
25725.166000000005: MET_Broker: Cloudlet #1373 return received
25725.166000000005: MET_Broker: The number of finished Cloudlets is:1371
25734.957600000005: MET_Broker: Cloudlet #1374 return received
25734.957600000005: MET_Broker: The number of finished Cloudlets is:1372
25751.903600000005: MET_Broker: Cloudlet #1371 return received
25751.903600000005: MET_Broker: The number of finished Cloudlets is:1373
25752.118400000007: MET_Broker: Cloudlet #1361 return received
25752.118400000007: MET_Broker: The number of finished Cloudlets is:1374
25759.258800000007: MET_Broker: Cloudlet #1375 return received
25759.258800000007: MET_Broker: The number of finished Cloudlets is:1375
25763.946800000005: MET_Broker: Cloudlet #1376 return received
25763.946800000005: MET_Broker: The number of finished Cloudlets is:1376
25804.888400000003: MET_Broker: Cloudlet #1377 return received
25804.888400000003: MET_Broker: The number of finished Cloudlets is:1377
25813.000400000004: MET_Broker: Cloudlet #1379 return received
25813.000400000004: MET_Broker: The number of finished Cloudlets is:1378
25813.270800000006: MET_Broker: Cloudlet #1378 return received
25813.270800000006: MET_Broker: The number of finished Cloudlets is:1379
25816.777200000004: MET_Broker: Cloudlet #1380 return received
25816.777200000004: MET_Broker: The number of finished Cloudlets is:1380
25821.382800000003: MET_Broker: Cloudlet #1382 return received
25821.382800000003: MET_Broker: The number of finished Cloudlets is:1381
25854.115600000005: MET_Broker: Cloudlet #1384 return received
25854.115600000005: MET_Broker: The number of finished Cloudlets is:1382
25861.252000000004: MET_Broker: Cloudlet #1383 return received
25861.252000000004: MET_Broker: The number of finished Cloudlets is:1383
25862.316000000003: MET_Broker: Cloudlet #1385 return received
25862.316000000003: MET_Broker: The number of finished Cloudlets is:1384
25891.460000000003: MET_Broker: Cloudlet #1368 return received
25891.460000000003: MET_Broker: The number of finished Cloudlets is:1385
25914.660000000003: MET_Broker: Cloudlet #1381 return received
25914.660000000003: MET_Broker: The number of finished Cloudlets is:1386
25935.437200000004: MET_Broker: Cloudlet #1388 return received
25935.437200000004: MET_Broker: The number of finished Cloudlets is:1387
25938.700800000002: MET_Broker: Cloudlet #1389 return received
25938.700800000002: MET_Broker: The number of finished Cloudlets is:1388
25967.483600000003: MET_Broker: Cloudlet #1390 return received
25967.483600000003: MET_Broker: The number of finished Cloudlets is:1389
25975.264800000004: MET_Broker: Cloudlet #1392 return received
25975.264800000004: MET_Broker: The number of finished Cloudlets is:1390
26013.506400000006: MET_Broker: Cloudlet #1393 return received
26013.506400000006: MET_Broker: The number of finished Cloudlets is:1391
26031.610400000005: MET_Broker: Cloudlet #1394 return received
26031.610400000005: MET_Broker: The number of finished Cloudlets is:1392
26045.323600000003: MET_Broker: Cloudlet #1395 return received
26045.323600000003: MET_Broker: The number of finished Cloudlets is:1393
26053.632000000005: MET_Broker: Cloudlet #1396 return received
26053.632000000005: MET_Broker: The number of finished Cloudlets is:1394
26063.590400000005: MET_Broker: Cloudlet #1386 return received
26063.590400000005: MET_Broker: The number of finished Cloudlets is:1395
26111.006400000006: MET_Broker: Cloudlet #1391 return received
26111.006400000006: MET_Broker: The number of finished Cloudlets is:1396
26127.881600000004: MET_Broker: Cloudlet #1399 return received
26127.881600000004: MET_Broker: The number of finished Cloudlets is:1397
26182.490400000006: MET_Broker: Cloudlet #1387 return received
26182.490400000006: MET_Broker: The number of finished Cloudlets is:1398
26225.270000000008: MET_Broker: Cloudlet #1401 return received
26225.270000000008: MET_Broker: The number of finished Cloudlets is:1399
26261.100800000007: MET_Broker: Cloudlet #1402 return received
26261.100800000007: MET_Broker: The number of finished Cloudlets is:1400
26279.290800000006: MET_Broker: Cloudlet #1398 return received
26279.290800000006: MET_Broker: The number of finished Cloudlets is:1401
26305.974400000006: MET_Broker: Cloudlet #1400 return received
26305.974400000006: MET_Broker: The number of finished Cloudlets is:1402
26307.047200000008: MET_Broker: Cloudlet #1403 return received
26307.047200000008: MET_Broker: The number of finished Cloudlets is:1403
26329.006800000006: MET_Broker: Cloudlet #1404 return received
26329.006800000006: MET_Broker: The number of finished Cloudlets is:1404
26346.659600000006: MET_Broker: Cloudlet #1405 return received
26346.659600000006: MET_Broker: The number of finished Cloudlets is:1405
26348.742800000007: MET_Broker: Cloudlet #1406 return received
26348.742800000007: MET_Broker: The number of finished Cloudlets is:1406
26375.72360000001: MET_Broker: Cloudlet #1409 return received
26375.72360000001: MET_Broker: The number of finished Cloudlets is:1407
26379.199600000007: MET_Broker: Cloudlet #1407 return received
26379.199600000007: MET_Broker: The number of finished Cloudlets is:1408
26389.289200000007: MET_Broker: Cloudlet #1410 return received
26389.289200000007: MET_Broker: The number of finished Cloudlets is:1409
26392.585600000006: MET_Broker: Cloudlet #1411 return received
26392.585600000006: MET_Broker: The number of finished Cloudlets is:1410
26406.413200000006: MET_Broker: Cloudlet #1413 return received
26406.413200000006: MET_Broker: The number of finished Cloudlets is:1411
26413.178400000008: MET_Broker: Cloudlet #1397 return received
26413.178400000008: MET_Broker: The number of finished Cloudlets is:1412
26442.868800000007: MET_Broker: Cloudlet #1412 return received
26442.868800000007: MET_Broker: The number of finished Cloudlets is:1413
26453.127200000006: MET_Broker: Cloudlet #1414 return received
26453.127200000006: MET_Broker: The number of finished Cloudlets is:1414
26466.990400000006: MET_Broker: Cloudlet #1415 return received
26466.990400000006: MET_Broker: The number of finished Cloudlets is:1415
26470.404400000007: MET_Broker: Cloudlet #1417 return received
26470.404400000007: MET_Broker: The number of finished Cloudlets is:1416
26483.960000000006: MET_Broker: Cloudlet #1416 return received
26483.960000000006: MET_Broker: The number of finished Cloudlets is:1417
26536.510400000006: MET_Broker: Cloudlet #1408 return received
26536.510400000006: MET_Broker: The number of finished Cloudlets is:1418
26543.646800000006: MET_Broker: Cloudlet #1421 return received
26543.646800000006: MET_Broker: The number of finished Cloudlets is:1419
26565.176000000007: MET_Broker: Cloudlet #1418 return received
26565.176000000007: MET_Broker: The number of finished Cloudlets is:1420
26567.051600000006: MET_Broker: Cloudlet #1422 return received
26567.051600000006: MET_Broker: The number of finished Cloudlets is:1421
26572.234000000008: MET_Broker: Cloudlet #1419 return received
26572.234000000008: MET_Broker: The number of finished Cloudlets is:1422
26578.940800000008: MET_Broker: Cloudlet #1425 return received
26578.940800000008: MET_Broker: The number of finished Cloudlets is:1423
26589.058800000006: MET_Broker: Cloudlet #1423 return received
26589.058800000006: MET_Broker: The number of finished Cloudlets is:1424
26622.297200000005: MET_Broker: Cloudlet #1426 return received
26622.297200000005: MET_Broker: The number of finished Cloudlets is:1425
26677.331200000004: MET_Broker: Cloudlet #1428 return received
26677.331200000004: MET_Broker: The number of finished Cloudlets is:1426
26703.923200000005: MET_Broker: Cloudlet #1427 return received
26703.923200000005: MET_Broker: The number of finished Cloudlets is:1427
26757.546800000004: MET_Broker: Cloudlet #1430 return received
26757.546800000004: MET_Broker: The number of finished Cloudlets is:1428
26776.165200000003: MET_Broker: Cloudlet #1431 return received
26776.165200000003: MET_Broker: The number of finished Cloudlets is:1429
26831.0744: MET_Broker: Cloudlet #1420 return received
26831.0744: MET_Broker: The number of finished Cloudlets is:1430
26874.0888: MET_Broker: Cloudlet #1433 return received
26874.0888: MET_Broker: The number of finished Cloudlets is:1431
26893.073200000003: MET_Broker: Cloudlet #1434 return received
26893.073200000003: MET_Broker: The number of finished Cloudlets is:1432
26907.8624: MET_Broker: Cloudlet #1435 return received
26907.8624: MET_Broker: The number of finished Cloudlets is:1433
26912.3712: MET_Broker: Cloudlet #1424 return received
26912.3712: MET_Broker: The number of finished Cloudlets is:1434
26956.1768: MET_Broker: Cloudlet #1432 return received
26956.1768: MET_Broker: The number of finished Cloudlets is:1435
26957.8496: MET_Broker: Cloudlet #1436 return received
26957.8496: MET_Broker: The number of finished Cloudlets is:1436
26980.2828: MET_Broker: Cloudlet #1437 return received
26980.2828: MET_Broker: The number of finished Cloudlets is:1437
26985.7264: MET_Broker: Cloudlet #1429 return received
26985.7264: MET_Broker: The number of finished Cloudlets is:1438
27000.1264: MET_Broker: Cloudlet #1438 return received
27000.1264: MET_Broker: The number of finished Cloudlets is:1439
27000.3276: MET_Broker: Cloudlet #1441 return received
27000.3276: MET_Broker: The number of finished Cloudlets is:1440
27007.3316: MET_Broker: Cloudlet #1443 return received
27007.3316: MET_Broker: The number of finished Cloudlets is:1441
27010.132: MET_Broker: Cloudlet #1442 return received
27010.132: MET_Broker: The number of finished Cloudlets is:1442
27016.159600000003: MET_Broker: Cloudlet #1440 return received
27016.159600000003: MET_Broker: The number of finished Cloudlets is:1443
27021.31: MET_Broker: Cloudlet #1444 return received
27021.31: MET_Broker: The number of finished Cloudlets is:1444
27024.9432: MET_Broker: Cloudlet #1445 return received
27024.9432: MET_Broker: The number of finished Cloudlets is:1445
27039.202: MET_Broker: Cloudlet #1447 return received
27039.202: MET_Broker: The number of finished Cloudlets is:1446
27041.218: MET_Broker: Cloudlet #1448 return received
27041.218: MET_Broker: The number of finished Cloudlets is:1447
27047.195200000002: MET_Broker: Cloudlet #1439 return received
27047.195200000002: MET_Broker: The number of finished Cloudlets is:1448
27048.0836: MET_Broker: Cloudlet #1449 return received
27048.0836: MET_Broker: The number of finished Cloudlets is:1449
27052.089200000002: MET_Broker: Cloudlet #1450 return received
27052.089200000002: MET_Broker: The number of finished Cloudlets is:1450
27069.647600000004: MET_Broker: Cloudlet #1446 return received
27069.647600000004: MET_Broker: The number of finished Cloudlets is:1451
27075.630000000005: MET_Broker: Cloudlet #1453 return received
27075.630000000005: MET_Broker: The number of finished Cloudlets is:1452
27095.867600000005: MET_Broker: Cloudlet #1454 return received
27095.867600000005: MET_Broker: The number of finished Cloudlets is:1453
27105.033600000006: MET_Broker: Cloudlet #1455 return received
27105.033600000006: MET_Broker: The number of finished Cloudlets is:1454
27108.140400000008: MET_Broker: Cloudlet #1456 return received
27108.140400000008: MET_Broker: The number of finished Cloudlets is:1455
27115.512800000008: MET_Broker: Cloudlet #1458 return received
27115.512800000008: MET_Broker: The number of finished Cloudlets is:1456
27116.024800000007: MET_Broker: Cloudlet #1457 return received
27116.024800000007: MET_Broker: The number of finished Cloudlets is:1457
27140.222800000007: MET_Broker: Cloudlet #1460 return received
27140.222800000007: MET_Broker: The number of finished Cloudlets is:1458
27146.082000000006: MET_Broker: Cloudlet #1459 return received
27146.082000000006: MET_Broker: The number of finished Cloudlets is:1459
27156.278000000006: MET_Broker: Cloudlet #1461 return received
27156.278000000006: MET_Broker: The number of finished Cloudlets is:1460
27164.890400000008: MET_Broker: Cloudlet #1462 return received
27164.890400000008: MET_Broker: The number of finished Cloudlets is:1461
27196.64480000001: MET_Broker: Cloudlet #1463 return received
27196.64480000001: MET_Broker: The number of finished Cloudlets is:1462
27203.34120000001: MET_Broker: Cloudlet #1451 return received
27203.34120000001: MET_Broker: The number of finished Cloudlets is:1463
27273.11400000001: MET_Broker: Cloudlet #1452 return received
27273.11400000001: MET_Broker: The number of finished Cloudlets is:1464
27283.26000000001: MET_Broker: Cloudlet #1467 return received
27283.26000000001: MET_Broker: The number of finished Cloudlets is:1465
27329.88040000001: MET_Broker: Cloudlet #1466 return received
27329.88040000001: MET_Broker: The number of finished Cloudlets is:1466
27395.47000000001: MET_Broker: Cloudlet #1465 return received
27395.47000000001: MET_Broker: The number of finished Cloudlets is:1467
27429.074000000008: MET_Broker: Cloudlet #1468 return received
27429.074000000008: MET_Broker: The number of finished Cloudlets is:1468
27487.58320000001: MET_Broker: Cloudlet #1470 return received
27487.58320000001: MET_Broker: The number of finished Cloudlets is:1469
27503.662000000008: MET_Broker: Cloudlet #1464 return received
27503.662000000008: MET_Broker: The number of finished Cloudlets is:1470
27528.71640000001: MET_Broker: Cloudlet #1469 return received
27528.71640000001: MET_Broker: The number of finished Cloudlets is:1471
27544.94560000001: MET_Broker: Cloudlet #1472 return received
27544.94560000001: MET_Broker: The number of finished Cloudlets is:1472
27559.98680000001: MET_Broker: Cloudlet #1473 return received
27559.98680000001: MET_Broker: The number of finished Cloudlets is:1473
27568.058000000008: MET_Broker: Cloudlet #1475 return received
27568.058000000008: MET_Broker: The number of finished Cloudlets is:1474
27572.80640000001: MET_Broker: Cloudlet #1476 return received
27572.80640000001: MET_Broker: The number of finished Cloudlets is:1475
27573.066800000008: MET_Broker: Cloudlet #1474 return received
27573.066800000008: MET_Broker: The number of finished Cloudlets is:1476
27580.609600000007: MET_Broker: Cloudlet #1478 return received
27580.609600000007: MET_Broker: The number of finished Cloudlets is:1477
27707.898800000006: MET_Broker: Cloudlet #1479 return received
27707.898800000006: MET_Broker: The number of finished Cloudlets is:1478
27744.739600000008: MET_Broker: Cloudlet #1481 return received
27744.739600000008: MET_Broker: The number of finished Cloudlets is:1479
27767.882800000007: MET_Broker: Cloudlet #1471 return received
27767.882800000007: MET_Broker: The number of finished Cloudlets is:1480
27795.968800000006: MET_Broker: Cloudlet #1483 return received
27795.968800000006: MET_Broker: The number of finished Cloudlets is:1481
27886.864400000006: MET_Broker: Cloudlet #1482 return received
27886.864400000006: MET_Broker: The number of finished Cloudlets is:1482
27898.030800000004: MET_Broker: Cloudlet #1477 return received
27898.030800000004: MET_Broker: The number of finished Cloudlets is:1483
27899.018400000004: MET_Broker: Cloudlet #1485 return received
27899.018400000004: MET_Broker: The number of finished Cloudlets is:1484
27932.438400000003: MET_Broker: Cloudlet #1480 return received
27932.438400000003: MET_Broker: The number of finished Cloudlets is:1485
27940.584400000003: MET_Broker: Cloudlet #1487 return received
27940.584400000003: MET_Broker: The number of finished Cloudlets is:1486
27948.814000000002: MET_Broker: Cloudlet #1488 return received
27948.814000000002: MET_Broker: The number of finished Cloudlets is:1487
27955.3944: MET_Broker: Cloudlet #1484 return received
27955.3944: MET_Broker: The number of finished Cloudlets is:1488
27957.1852: MET_Broker: Cloudlet #1489 return received
27957.1852: MET_Broker: The number of finished Cloudlets is:1489
27971.840799999998: MET_Broker: Cloudlet #1492 return received
27971.840799999998: MET_Broker: The number of finished Cloudlets is:1490
27985.093599999997: MET_Broker: Cloudlet #1493 return received
27985.093599999997: MET_Broker: The number of finished Cloudlets is:1491
27991.027999999995: MET_Broker: Cloudlet #1490 return received
27991.027999999995: MET_Broker: The number of finished Cloudlets is:1492
28024.371199999994: MET_Broker: Cloudlet #1494 return received
28024.371199999994: MET_Broker: The number of finished Cloudlets is:1493
28130.667199999993: MET_Broker: Cloudlet #1491 return received
28130.667199999993: MET_Broker: The number of finished Cloudlets is:1494
28179.715599999992: MET_Broker: Cloudlet #1486 return received
28179.715599999992: MET_Broker: The number of finished Cloudlets is:1495
28181.461999999992: MET_Broker: Cloudlet #1497 return received
28181.461999999992: MET_Broker: The number of finished Cloudlets is:1496
28193.483599999992: MET_Broker: Cloudlet #1496 return received
28193.483599999992: MET_Broker: The number of finished Cloudlets is:1497
28198.753999999994: MET_Broker: Cloudlet #1498 return received
28198.753999999994: MET_Broker: The number of finished Cloudlets is:1498
28203.040799999995: MET_Broker: Cloudlet #1500 return received
28203.040799999995: MET_Broker: The number of finished Cloudlets is:1499
28221.508799999996: MET_Broker: Cloudlet #1502 return received
28221.508799999996: MET_Broker: The number of finished Cloudlets is:1500
28229.190399999996: MET_Broker: Cloudlet #1501 return received
28229.190399999996: MET_Broker: The number of finished Cloudlets is:1501
28230.275199999996: MET_Broker: Cloudlet #1503 return received
28230.275199999996: MET_Broker: The number of finished Cloudlets is:1502
28243.087599999995: MET_Broker: Cloudlet #1495 return received
28243.087599999995: MET_Broker: The number of finished Cloudlets is:1503
28261.276799999996: MET_Broker: Cloudlet #1506 return received
28261.276799999996: MET_Broker: The number of finished Cloudlets is:1504
28288.024799999996: MET_Broker: Cloudlet #1505 return received
28288.024799999996: MET_Broker: The number of finished Cloudlets is:1505
28317.665599999997: MET_Broker: Cloudlet #1508 return received
28317.665599999997: MET_Broker: The number of finished Cloudlets is:1506
28331.937199999997: MET_Broker: Cloudlet #1509 return received
28331.937199999997: MET_Broker: The number of finished Cloudlets is:1507
28361.371199999998: MET_Broker: Cloudlet #1499 return received
28361.371199999998: MET_Broker: The number of finished Cloudlets is:1508
28412.6412: MET_Broker: Cloudlet #1511 return received
28412.6412: MET_Broker: The number of finished Cloudlets is:1509
28464.857999999997: MET_Broker: Cloudlet #1512 return received
28464.857999999997: MET_Broker: The number of finished Cloudlets is:1510
28490.943599999995: MET_Broker: Cloudlet #1513 return received
28490.943599999995: MET_Broker: The number of finished Cloudlets is:1511
28498.099199999993: MET_Broker: Cloudlet #1514 return received
28498.099199999993: MET_Broker: The number of finished Cloudlets is:1512
28507.441599999995: MET_Broker: Cloudlet #1504 return received
28507.441599999995: MET_Broker: The number of finished Cloudlets is:1513
28512.772799999995: MET_Broker: Cloudlet #1515 return received
28512.772799999995: MET_Broker: The number of finished Cloudlets is:1514
28526.247999999996: MET_Broker: Cloudlet #1516 return received
28526.247999999996: MET_Broker: The number of finished Cloudlets is:1515
28526.528799999996: MET_Broker: Cloudlet #1517 return received
28526.528799999996: MET_Broker: The number of finished Cloudlets is:1516
28566.625199999995: MET_Broker: Cloudlet #1510 return received
28566.625199999995: MET_Broker: The number of finished Cloudlets is:1517
28573.300799999994: MET_Broker: Cloudlet #1520 return received
28573.300799999994: MET_Broker: The number of finished Cloudlets is:1518
28585.451199999992: MET_Broker: Cloudlet #1518 return received
28585.451199999992: MET_Broker: The number of finished Cloudlets is:1519
28592.60879999999: MET_Broker: Cloudlet #1521 return received
28592.60879999999: MET_Broker: The number of finished Cloudlets is:1520
28592.75439999999: MET_Broker: Cloudlet #1507 return received
28592.75439999999: MET_Broker: The number of finished Cloudlets is:1521
28611.39439999999: MET_Broker: Cloudlet #1524 return received
28611.39439999999: MET_Broker: The number of finished Cloudlets is:1522
28614.34239999999: MET_Broker: Cloudlet #1522 return received
28614.34239999999: MET_Broker: The number of finished Cloudlets is:1523
28623.61279999999: MET_Broker: Cloudlet #1523 return received
28623.61279999999: MET_Broker: The number of finished Cloudlets is:1524
28638.341599999992: MET_Broker: Cloudlet #1525 return received
28638.341599999992: MET_Broker: The number of finished Cloudlets is:1525
28646.286399999994: MET_Broker: Cloudlet #1528 return received
28646.286399999994: MET_Broker: The number of finished Cloudlets is:1526
28653.099599999994: MET_Broker: Cloudlet #1529 return received
28653.099599999994: MET_Broker: The number of finished Cloudlets is:1527
28683.881599999993: MET_Broker: Cloudlet #1527 return received
28683.881599999993: MET_Broker: The number of finished Cloudlets is:1528
28703.365999999995: MET_Broker: Cloudlet #1526 return received
28703.365999999995: MET_Broker: The number of finished Cloudlets is:1529
28705.615599999994: MET_Broker: Cloudlet #1530 return received
28705.615599999994: MET_Broker: The number of finished Cloudlets is:1530
28724.070799999994: MET_Broker: Cloudlet #1533 return received
28724.070799999994: MET_Broker: The number of finished Cloudlets is:1531
28734.390399999993: MET_Broker: Cloudlet #1531 return received
28734.390399999993: MET_Broker: The number of finished Cloudlets is:1532
28735.050799999994: MET_Broker: Cloudlet #1519 return received
28735.050799999994: MET_Broker: The number of finished Cloudlets is:1533
28751.148399999995: MET_Broker: Cloudlet #1536 return received
28751.148399999995: MET_Broker: The number of finished Cloudlets is:1534
28752.270399999994: MET_Broker: Cloudlet #1532 return received
28752.270399999994: MET_Broker: The number of finished Cloudlets is:1535
28756.859199999995: MET_Broker: Cloudlet #1534 return received
28756.859199999995: MET_Broker: The number of finished Cloudlets is:1536
28758.969199999996: MET_Broker: Cloudlet #1538 return received
28758.969199999996: MET_Broker: The number of finished Cloudlets is:1537
28769.569199999994: MET_Broker: Cloudlet #1539 return received
28769.569199999994: MET_Broker: The number of finished Cloudlets is:1538
28783.687599999994: MET_Broker: Cloudlet #1535 return received
28783.687599999994: MET_Broker: The number of finished Cloudlets is:1539
28798.601999999995: MET_Broker: Cloudlet #1540 return received
28798.601999999995: MET_Broker: The number of finished Cloudlets is:1540
28800.143599999996: MET_Broker: Cloudlet #1537 return received
28800.143599999996: MET_Broker: The number of finished Cloudlets is:1541
28832.889999999996: MET_Broker: Cloudlet #1542 return received
28832.889999999996: MET_Broker: The number of finished Cloudlets is:1542
28851.192399999996: MET_Broker: Cloudlet #1544 return received
28851.192399999996: MET_Broker: The number of finished Cloudlets is:1543
28894.165199999996: MET_Broker: Cloudlet #1546 return received
28894.165199999996: MET_Broker: The number of finished Cloudlets is:1544
28899.019599999996: MET_Broker: Cloudlet #1543 return received
28899.019599999996: MET_Broker: The number of finished Cloudlets is:1545
28946.244799999997: MET_Broker: Cloudlet #1548 return received
28946.244799999997: MET_Broker: The number of finished Cloudlets is:1546
28967.532799999997: MET_Broker: Cloudlet #1549 return received
28967.532799999997: MET_Broker: The number of finished Cloudlets is:1547
29013.549199999998: MET_Broker: Cloudlet #1541 return received
29013.549199999998: MET_Broker: The number of finished Cloudlets is:1548
29017.53: MET_Broker: Cloudlet #1547 return received
29017.53: MET_Broker: The number of finished Cloudlets is:1549
29028.5604: MET_Broker: Cloudlet #1551 return received
29028.5604: MET_Broker: The number of finished Cloudlets is:1550
29064.851199999997: MET_Broker: Cloudlet #1552 return received
29064.851199999997: MET_Broker: The number of finished Cloudlets is:1551
29086.436799999996: MET_Broker: Cloudlet #1553 return received
29086.436799999996: MET_Broker: The number of finished Cloudlets is:1552
29114.039599999996: MET_Broker: Cloudlet #1554 return received
29114.039599999996: MET_Broker: The number of finished Cloudlets is:1553
29130.330799999996: MET_Broker: Cloudlet #1550 return received
29130.330799999996: MET_Broker: The number of finished Cloudlets is:1554
29143.661599999996: MET_Broker: Cloudlet #1557 return received
29143.661599999996: MET_Broker: The number of finished Cloudlets is:1555
29150.819999999996: MET_Broker: Cloudlet #1545 return received
29150.819999999996: MET_Broker: The number of finished Cloudlets is:1556
29164.181199999995: MET_Broker: Cloudlet #1556 return received
29164.181199999995: MET_Broker: The number of finished Cloudlets is:1557
29177.736799999995: MET_Broker: Cloudlet #1558 return received
29177.736799999995: MET_Broker: The number of finished Cloudlets is:1558
29270.523599999997: MET_Broker: Cloudlet #1555 return received
29270.523599999997: MET_Broker: The number of finished Cloudlets is:1559
29290.310799999996: MET_Broker: Cloudlet #1562 return received
29290.310799999996: MET_Broker: The number of finished Cloudlets is:1560
29309.931199999995: MET_Broker: Cloudlet #1561 return received
29309.931199999995: MET_Broker: The number of finished Cloudlets is:1561
29329.385199999997: MET_Broker: Cloudlet #1564 return received
29329.385199999997: MET_Broker: The number of finished Cloudlets is:1562
29349.938399999995: MET_Broker: Cloudlet #1565 return received
29349.938399999995: MET_Broker: The number of finished Cloudlets is:1563
29396.357199999995: MET_Broker: Cloudlet #1566 return received
29396.357199999995: MET_Broker: The number of finished Cloudlets is:1564
29417.844799999995: MET_Broker: Cloudlet #1567 return received
29417.844799999995: MET_Broker: The number of finished Cloudlets is:1565
29434.348799999996: MET_Broker: Cloudlet #1568 return received
29434.348799999996: MET_Broker: The number of finished Cloudlets is:1566
29443.255599999997: MET_Broker: Cloudlet #1569 return received
29443.255599999997: MET_Broker: The number of finished Cloudlets is:1567
29450.844399999998: MET_Broker: Cloudlet #1570 return received
29450.844399999998: MET_Broker: The number of finished Cloudlets is:1568
29491.302399999997: MET_Broker: Cloudlet #1560 return received
29491.302399999997: MET_Broker: The number of finished Cloudlets is:1569
29506.5172: MET_Broker: Cloudlet #1571 return received
29506.5172: MET_Broker: The number of finished Cloudlets is:1570
29509.1776: MET_Broker: Cloudlet #1559 return received
29509.1776: MET_Broker: The number of finished Cloudlets is:1571
29511.1376: MET_Broker: Cloudlet #1572 return received
29511.1376: MET_Broker: The number of finished Cloudlets is:1572
29527.371199999998: MET_Broker: Cloudlet #1573 return received
29527.371199999998: MET_Broker: The number of finished Cloudlets is:1573
29561.8988: MET_Broker: Cloudlet #1563 return received
29561.8988: MET_Broker: The number of finished Cloudlets is:1574
29563.4568: MET_Broker: Cloudlet #1576 return received
29563.4568: MET_Broker: The number of finished Cloudlets is:1575
29565.0456: MET_Broker: Cloudlet #1575 return received
29565.0456: MET_Broker: The number of finished Cloudlets is:1576
29567.7228: MET_Broker: Cloudlet #1574 return received
29567.7228: MET_Broker: The number of finished Cloudlets is:1577
29579.863999999998: MET_Broker: Cloudlet #1579 return received
29579.863999999998: MET_Broker: The number of finished Cloudlets is:1578
29580.9632: MET_Broker: Cloudlet #1577 return received
29580.9632: MET_Broker: The number of finished Cloudlets is:1579
29591.538399999998: MET_Broker: Cloudlet #1578 return received
29591.538399999998: MET_Broker: The number of finished Cloudlets is:1580
29616.8072: MET_Broker: Cloudlet #1580 return received
29616.8072: MET_Broker: The number of finished Cloudlets is:1581
29624.4016: MET_Broker: Cloudlet #1584 return received
29624.4016: MET_Broker: The number of finished Cloudlets is:1582
29640.2328: MET_Broker: Cloudlet #1582 return received
29640.2328: MET_Broker: The number of finished Cloudlets is:1583
29656.002800000002: MET_Broker: Cloudlet #1585 return received
29656.002800000002: MET_Broker: The number of finished Cloudlets is:1584
29698.343600000004: MET_Broker: Cloudlet #1587 return received
29698.343600000004: MET_Broker: The number of finished Cloudlets is:1585
29723.195600000003: MET_Broker: Cloudlet #1581 return received
29723.195600000003: MET_Broker: The number of finished Cloudlets is:1586
29751.225200000004: MET_Broker: Cloudlet #1588 return received
29751.225200000004: MET_Broker: The number of finished Cloudlets is:1587
29780.068400000004: MET_Broker: Cloudlet #1589 return received
29780.068400000004: MET_Broker: The number of finished Cloudlets is:1588
29790.654400000003: MET_Broker: Cloudlet #1583 return received
29790.654400000003: MET_Broker: The number of finished Cloudlets is:1589
29798.849200000004: MET_Broker: Cloudlet #1591 return received
29798.849200000004: MET_Broker: The number of finished Cloudlets is:1590
29798.964400000004: MET_Broker: Cloudlet #1592 return received
29798.964400000004: MET_Broker: The number of finished Cloudlets is:1591
29809.550800000005: MET_Broker: Cloudlet #1593 return received
29809.550800000005: MET_Broker: The number of finished Cloudlets is:1592
29812.929200000006: MET_Broker: Cloudlet #1594 return received
29812.929200000006: MET_Broker: The number of finished Cloudlets is:1593
29872.606800000005: MET_Broker: Cloudlet #1596 return received
29872.606800000005: MET_Broker: The number of finished Cloudlets is:1594
29905.999200000006: MET_Broker: Cloudlet #1590 return received
29905.999200000006: MET_Broker: The number of finished Cloudlets is:1595
29924.912800000006: MET_Broker: Cloudlet #1598 return received
29924.912800000006: MET_Broker: The number of finished Cloudlets is:1596
29931.481600000006: MET_Broker: Cloudlet #1597 return received
29931.481600000006: MET_Broker: The number of finished Cloudlets is:1597
29936.286000000007: MET_Broker: Cloudlet #1595 return received
29936.286000000007: MET_Broker: The number of finished Cloudlets is:1598
29946.168800000007: MET_Broker: Cloudlet #1586 return received
29946.168800000007: MET_Broker: The number of finished Cloudlets is:1599
29979.900400000006: MET_Broker: Cloudlet #1600 return received
29979.900400000006: MET_Broker: The number of finished Cloudlets is:1600
29980.090400000005: MET_Broker: Cloudlet #1602 return received
29980.090400000005: MET_Broker: The number of finished Cloudlets is:1601
29985.672000000006: MET_Broker: Cloudlet #1601 return received
29985.672000000006: MET_Broker: The number of finished Cloudlets is:1602
30007.231600000006: MET_Broker: Cloudlet #1603 return received
30007.231600000006: MET_Broker: The number of finished Cloudlets is:1603
30020.395200000006: MET_Broker: Cloudlet #1606 return received
30020.395200000006: MET_Broker: The number of finished Cloudlets is:1604
30029.537600000007: MET_Broker: Cloudlet #1605 return received
30029.537600000007: MET_Broker: The number of finished Cloudlets is:1605
30065.466000000008: MET_Broker: Cloudlet #1607 return received
30065.466000000008: MET_Broker: The number of finished Cloudlets is:1606
30089.00600000001: MET_Broker: Cloudlet #1599 return received
30089.00600000001: MET_Broker: The number of finished Cloudlets is:1607
30145.39080000001: MET_Broker: Cloudlet #1610 return received
30145.39080000001: MET_Broker: The number of finished Cloudlets is:1608
30242.777200000008: MET_Broker: Cloudlet #1604 return received
30242.777200000008: MET_Broker: The number of finished Cloudlets is:1609
30249.978400000007: MET_Broker: Cloudlet #1612 return received
30249.978400000007: MET_Broker: The number of finished Cloudlets is:1610
30303.48640000001: MET_Broker: Cloudlet #1613 return received
30303.48640000001: MET_Broker: The number of finished Cloudlets is:1611
30311.22040000001: MET_Broker: Cloudlet #1611 return received
30311.22040000001: MET_Broker: The number of finished Cloudlets is:1612
30313.07160000001: MET_Broker: Cloudlet #1614 return received
30313.07160000001: MET_Broker: The number of finished Cloudlets is:1613
30326.75680000001: MET_Broker: Cloudlet #1616 return received
30326.75680000001: MET_Broker: The number of finished Cloudlets is:1614
30350.03960000001: MET_Broker: Cloudlet #1609 return received
30350.03960000001: MET_Broker: The number of finished Cloudlets is:1615
30366.173200000012: MET_Broker: Cloudlet #1608 return received
30366.173200000012: MET_Broker: The number of finished Cloudlets is:1616
30368.438000000013: MET_Broker: Cloudlet #1618 return received
30368.438000000013: MET_Broker: The number of finished Cloudlets is:1617
30377.58120000001: MET_Broker: Cloudlet #1617 return received
30377.58120000001: MET_Broker: The number of finished Cloudlets is:1618
30406.29080000001: MET_Broker: Cloudlet #1619 return received
30406.29080000001: MET_Broker: The number of finished Cloudlets is:1619
30421.06320000001: MET_Broker: Cloudlet #1622 return received
30421.06320000001: MET_Broker: The number of finished Cloudlets is:1620
30451.934000000012: MET_Broker: Cloudlet #1623 return received
30451.934000000012: MET_Broker: The number of finished Cloudlets is:1621
30453.91560000001: MET_Broker: Cloudlet #1621 return received
30453.91560000001: MET_Broker: The number of finished Cloudlets is:1622
30454.22440000001: MET_Broker: Cloudlet #1615 return received
30454.22440000001: MET_Broker: The number of finished Cloudlets is:1623
30481.11280000001: MET_Broker: Cloudlet #1625 return received
30481.11280000001: MET_Broker: The number of finished Cloudlets is:1624
30489.17840000001: MET_Broker: Cloudlet #1627 return received
30489.17840000001: MET_Broker: The number of finished Cloudlets is:1625
30489.326400000013: MET_Broker: Cloudlet #1624 return received
30489.326400000013: MET_Broker: The number of finished Cloudlets is:1626
30494.166000000012: MET_Broker: Cloudlet #1620 return received
30494.166000000012: MET_Broker: The number of finished Cloudlets is:1627
30497.26840000001: MET_Broker: Cloudlet #1629 return received
30497.26840000001: MET_Broker: The number of finished Cloudlets is:1628
30509.59520000001: MET_Broker: Cloudlet #1631 return received
30509.59520000001: MET_Broker: The number of finished Cloudlets is:1629
30514.08080000001: MET_Broker: Cloudlet #1628 return received
30514.08080000001: MET_Broker: The number of finished Cloudlets is:1630
30523.65640000001: MET_Broker: Cloudlet #1632 return received
30523.65640000001: MET_Broker: The number of finished Cloudlets is:1631
30569.709200000012: MET_Broker: Cloudlet #1633 return received
30569.709200000012: MET_Broker: The number of finished Cloudlets is:1632
30583.134000000013: MET_Broker: Cloudlet #1635 return received
30583.134000000013: MET_Broker: The number of finished Cloudlets is:1633
30608.544800000014: MET_Broker: Cloudlet #1636 return received
30608.544800000014: MET_Broker: The number of finished Cloudlets is:1634
30609.320000000014: MET_Broker: Cloudlet #1630 return received
30609.320000000014: MET_Broker: The number of finished Cloudlets is:1635
30620.220400000013: MET_Broker: Cloudlet #1626 return received
30620.220400000013: MET_Broker: The number of finished Cloudlets is:1636
30624.124000000014: MET_Broker: Cloudlet #1638 return received
30624.124000000014: MET_Broker: The number of finished Cloudlets is:1637
30632.001600000014: MET_Broker: Cloudlet #1639 return received
30632.001600000014: MET_Broker: The number of finished Cloudlets is:1638
30640.095200000014: MET_Broker: Cloudlet #1640 return received
30640.095200000014: MET_Broker: The number of finished Cloudlets is:1639
30641.943200000016: MET_Broker: Cloudlet #1641 return received
30641.943200000016: MET_Broker: The number of finished Cloudlets is:1640
30646.180000000015: MET_Broker: Cloudlet #1642 return received
30646.180000000015: MET_Broker: The number of finished Cloudlets is:1641
30666.755200000014: MET_Broker: Cloudlet #1634 return received
30666.755200000014: MET_Broker: The number of finished Cloudlets is:1642
30679.404400000014: MET_Broker: Cloudlet #1643 return received
30679.404400000014: MET_Broker: The number of finished Cloudlets is:1643
30679.690000000013: MET_Broker: Cloudlet #1645 return received
30679.690000000013: MET_Broker: The number of finished Cloudlets is:1644
30681.332400000014: MET_Broker: Cloudlet #1644 return received
30681.332400000014: MET_Broker: The number of finished Cloudlets is:1645
30696.645600000014: MET_Broker: Cloudlet #1646 return received
30696.645600000014: MET_Broker: The number of finished Cloudlets is:1646
30746.662400000016: MET_Broker: Cloudlet #1637 return received
30746.662400000016: MET_Broker: The number of finished Cloudlets is:1647
30755.767200000017: MET_Broker: Cloudlet #1650 return received
30755.767200000017: MET_Broker: The number of finished Cloudlets is:1648
30770.970800000017: MET_Broker: Cloudlet #1651 return received
30770.970800000017: MET_Broker: The number of finished Cloudlets is:1649
30800.977600000017: MET_Broker: Cloudlet #1649 return received
30800.977600000017: MET_Broker: The number of finished Cloudlets is:1650
30811.241200000015: MET_Broker: Cloudlet #1653 return received
30811.241200000015: MET_Broker: The number of finished Cloudlets is:1651
30819.812000000016: MET_Broker: Cloudlet #1652 return received
30819.812000000016: MET_Broker: The number of finished Cloudlets is:1652
30849.283600000017: MET_Broker: Cloudlet #1647 return received
30849.283600000017: MET_Broker: The number of finished Cloudlets is:1653
30875.452000000016: MET_Broker: Cloudlet #1654 return received
30875.452000000016: MET_Broker: The number of finished Cloudlets is:1654
30984.118800000015: MET_Broker: Cloudlet #1655 return received
30984.118800000015: MET_Broker: The number of finished Cloudlets is:1655
30996.375600000014: MET_Broker: Cloudlet #1658 return received
30996.375600000014: MET_Broker: The number of finished Cloudlets is:1656
31021.619200000016: MET_Broker: Cloudlet #1648 return received
31021.619200000016: MET_Broker: The number of finished Cloudlets is:1657
31035.513200000016: MET_Broker: Cloudlet #1659 return received
31035.513200000016: MET_Broker: The number of finished Cloudlets is:1658
31050.826400000016: MET_Broker: Cloudlet #1661 return received
31050.826400000016: MET_Broker: The number of finished Cloudlets is:1659
31065.135600000016: MET_Broker: Cloudlet #1660 return received
31065.135600000016: MET_Broker: The number of finished Cloudlets is:1660
31076.807600000015: MET_Broker: Cloudlet #1663 return received
31076.807600000015: MET_Broker: The number of finished Cloudlets is:1661
31090.813600000016: MET_Broker: Cloudlet #1657 return received
31090.813600000016: MET_Broker: The number of finished Cloudlets is:1662
31147.249600000017: MET_Broker: Cloudlet #1665 return received
31147.249600000017: MET_Broker: The number of finished Cloudlets is:1663
31165.352400000018: MET_Broker: Cloudlet #1664 return received
31165.352400000018: MET_Broker: The number of finished Cloudlets is:1664
31178.96120000002: MET_Broker: Cloudlet #1656 return received
31178.96120000002: MET_Broker: The number of finished Cloudlets is:1665
31196.38200000002: MET_Broker: Cloudlet #1668 return received
31196.38200000002: MET_Broker: The number of finished Cloudlets is:1666
31212.11080000002: MET_Broker: Cloudlet #1667 return received
31212.11080000002: MET_Broker: The number of finished Cloudlets is:1667
31214.70280000002: MET_Broker: Cloudlet #1669 return received
31214.70280000002: MET_Broker: The number of finished Cloudlets is:1668
31238.30920000002: MET_Broker: Cloudlet #1670 return received
31238.30920000002: MET_Broker: The number of finished Cloudlets is:1669
31257.988000000023: MET_Broker: Cloudlet #1666 return received
31257.988000000023: MET_Broker: The number of finished Cloudlets is:1670
31288.115600000023: MET_Broker: Cloudlet #1673 return received
31288.115600000023: MET_Broker: The number of finished Cloudlets is:1671
31306.009600000023: MET_Broker: Cloudlet #1674 return received
31306.009600000023: MET_Broker: The number of finished Cloudlets is:1672
31317.272000000023: MET_Broker: Cloudlet #1672 return received
31317.272000000023: MET_Broker: The number of finished Cloudlets is:1673
31360.24960000002: MET_Broker: Cloudlet #1675 return received
31360.24960000002: MET_Broker: The number of finished Cloudlets is:1674
31367.59800000002: MET_Broker: Cloudlet #1677 return received
31367.59800000002: MET_Broker: The number of finished Cloudlets is:1675
31372.15840000002: MET_Broker: Cloudlet #1662 return received
31372.15840000002: MET_Broker: The number of finished Cloudlets is:1676
31393.30760000002: MET_Broker: Cloudlet #1671 return received
31393.30760000002: MET_Broker: The number of finished Cloudlets is:1677
31515.11880000002: MET_Broker: Cloudlet #1676 return received
31515.11880000002: MET_Broker: The number of finished Cloudlets is:1678
31538.55960000002: MET_Broker: Cloudlet #1680 return received
31538.55960000002: MET_Broker: The number of finished Cloudlets is:1679
31547.75280000002: MET_Broker: Cloudlet #1681 return received
31547.75280000002: MET_Broker: The number of finished Cloudlets is:1680
31556.32760000002: MET_Broker: Cloudlet #1682 return received
31556.32760000002: MET_Broker: The number of finished Cloudlets is:1681
31591.32480000002: MET_Broker: Cloudlet #1683 return received
31591.32480000002: MET_Broker: The number of finished Cloudlets is:1682
31594.87520000002: MET_Broker: Cloudlet #1678 return received
31594.87520000002: MET_Broker: The number of finished Cloudlets is:1683
31597.136800000022: MET_Broker: Cloudlet #1684 return received
31597.136800000022: MET_Broker: The number of finished Cloudlets is:1684
31614.749200000024: MET_Broker: Cloudlet #1679 return received
31614.749200000024: MET_Broker: The number of finished Cloudlets is:1685
31643.572400000023: MET_Broker: Cloudlet #1687 return received
31643.572400000023: MET_Broker: The number of finished Cloudlets is:1686
31652.686000000023: MET_Broker: Cloudlet #1686 return received
31652.686000000023: MET_Broker: The number of finished Cloudlets is:1687
31674.394800000024: MET_Broker: Cloudlet #1688 return received
31674.394800000024: MET_Broker: The number of finished Cloudlets is:1688
31684.474400000025: MET_Broker: Cloudlet #1690 return received
31684.474400000025: MET_Broker: The number of finished Cloudlets is:1689
31719.235600000025: MET_Broker: Cloudlet #1689 return received
31719.235600000025: MET_Broker: The number of finished Cloudlets is:1690
31744.235600000025: MET_Broker: Cloudlet #1693 return received
31744.235600000025: MET_Broker: The number of finished Cloudlets is:1691
31769.833600000027: MET_Broker: Cloudlet #1691 return received
31769.833600000027: MET_Broker: The number of finished Cloudlets is:1692
31774.527600000027: MET_Broker: Cloudlet #1694 return received
31774.527600000027: MET_Broker: The number of finished Cloudlets is:1693
31782.780800000026: MET_Broker: Cloudlet #1695 return received
31782.780800000026: MET_Broker: The number of finished Cloudlets is:1694
31794.986400000027: MET_Broker: Cloudlet #1697 return received
31794.986400000027: MET_Broker: The number of finished Cloudlets is:1695
31880.02680000003: MET_Broker: Cloudlet #1698 return received
31880.02680000003: MET_Broker: The number of finished Cloudlets is:1696
31898.08320000003: MET_Broker: Cloudlet #1696 return received
31898.08320000003: MET_Broker: The number of finished Cloudlets is:1697
31898.47320000003: MET_Broker: Cloudlet #1685 return received
31898.47320000003: MET_Broker: The number of finished Cloudlets is:1698
31922.50720000003: MET_Broker: Cloudlet #1701 return received
31922.50720000003: MET_Broker: The number of finished Cloudlets is:1699
31926.391600000028: MET_Broker: Cloudlet #1699 return received
31926.391600000028: MET_Broker: The number of finished Cloudlets is:1700
31930.950800000028: MET_Broker: Cloudlet #1702 return received
31930.950800000028: MET_Broker: The number of finished Cloudlets is:1701
31949.67800000003: MET_Broker: Cloudlet #1700 return received
31949.67800000003: MET_Broker: The number of finished Cloudlets is:1702
31955.57040000003: MET_Broker: Cloudlet #1703 return received
31955.57040000003: MET_Broker: The number of finished Cloudlets is:1703
31970.26360000003: MET_Broker: Cloudlet #1704 return received
31970.26360000003: MET_Broker: The number of finished Cloudlets is:1704
31971.65480000003: MET_Broker: Cloudlet #1706 return received
31971.65480000003: MET_Broker: The number of finished Cloudlets is:1705
31977.73440000003: MET_Broker: Cloudlet #1707 return received
31977.73440000003: MET_Broker: The number of finished Cloudlets is:1706
31992.95680000003: MET_Broker: Cloudlet #1709 return received
31992.95680000003: MET_Broker: The number of finished Cloudlets is:1707
32012.002800000027: MET_Broker: Cloudlet #1710 return received
32012.002800000027: MET_Broker: The number of finished Cloudlets is:1708
32012.394800000027: MET_Broker: Cloudlet #1708 return received
32012.394800000027: MET_Broker: The number of finished Cloudlets is:1709
32018.964400000026: MET_Broker: Cloudlet #1711 return received
32018.964400000026: MET_Broker: The number of finished Cloudlets is:1710
32024.613200000025: MET_Broker: Cloudlet #1705 return received
32024.613200000025: MET_Broker: The number of finished Cloudlets is:1711
32037.271600000026: MET_Broker: Cloudlet #1713 return received
32037.271600000026: MET_Broker: The number of finished Cloudlets is:1712
32044.356000000025: MET_Broker: Cloudlet #1692 return received
32044.356000000025: MET_Broker: The number of finished Cloudlets is:1713
32051.494800000026: MET_Broker: Cloudlet #1716 return received
32051.494800000026: MET_Broker: The number of finished Cloudlets is:1714
32053.208800000026: MET_Broker: Cloudlet #1712 return received
32053.208800000026: MET_Broker: The number of finished Cloudlets is:1715
32080.860000000026: MET_Broker: Cloudlet #1718 return received
32080.860000000026: MET_Broker: The number of finished Cloudlets is:1716
32083.266000000025: MET_Broker: Cloudlet #1715 return received
32083.266000000025: MET_Broker: The number of finished Cloudlets is:1717
32122.445600000025: MET_Broker: Cloudlet #1719 return received
32122.445600000025: MET_Broker: The number of finished Cloudlets is:1718
32134.504000000026: MET_Broker: Cloudlet #1720 return received
32134.504000000026: MET_Broker: The number of finished Cloudlets is:1719
32138.256400000027: MET_Broker: Cloudlet #1714 return received
32138.256400000027: MET_Broker: The number of finished Cloudlets is:1720
32149.351200000026: MET_Broker: Cloudlet #1722 return received
32149.351200000026: MET_Broker: The number of finished Cloudlets is:1721
32153.969600000026: MET_Broker: Cloudlet #1723 return received
32153.969600000026: MET_Broker: The number of finished Cloudlets is:1722
32162.517200000028: MET_Broker: Cloudlet #1725 return received
32162.517200000028: MET_Broker: The number of finished Cloudlets is:1723
32177.256000000027: MET_Broker: Cloudlet #1726 return received
32177.256000000027: MET_Broker: The number of finished Cloudlets is:1724
32178.86840000003: MET_Broker: Cloudlet #1721 return received
32178.86840000003: MET_Broker: The number of finished Cloudlets is:1725
32189.69120000003: MET_Broker: Cloudlet #1727 return received
32189.69120000003: MET_Broker: The number of finished Cloudlets is:1726
32190.37800000003: MET_Broker: Cloudlet #1728 return received
32190.37800000003: MET_Broker: The number of finished Cloudlets is:1727
32196.12560000003: MET_Broker: Cloudlet #1724 return received
32196.12560000003: MET_Broker: The number of finished Cloudlets is:1728
32213.213200000027: MET_Broker: Cloudlet #1729 return received
32213.213200000027: MET_Broker: The number of finished Cloudlets is:1729
32242.232400000026: MET_Broker: Cloudlet #1730 return received
32242.232400000026: MET_Broker: The number of finished Cloudlets is:1730
32246.192400000025: MET_Broker: Cloudlet #1732 return received
32246.192400000025: MET_Broker: The number of finished Cloudlets is:1731
32268.915200000025: MET_Broker: Cloudlet #1731 return received
32268.915200000025: MET_Broker: The number of finished Cloudlets is:1732
32283.960000000025: MET_Broker: Cloudlet #1717 return received
32283.960000000025: MET_Broker: The number of finished Cloudlets is:1733
32288.102000000024: MET_Broker: Cloudlet #1734 return received
32288.102000000024: MET_Broker: The number of finished Cloudlets is:1734
32307.190800000026: MET_Broker: Cloudlet #1735 return received
32307.190800000026: MET_Broker: The number of finished Cloudlets is:1735
32334.398400000027: MET_Broker: Cloudlet #1738 return received
32334.398400000027: MET_Broker: The number of finished Cloudlets is:1736
32334.980400000026: MET_Broker: Cloudlet #1736 return received
32334.980400000026: MET_Broker: The number of finished Cloudlets is:1737
32342.018400000026: MET_Broker: Cloudlet #1737 return received
32342.018400000026: MET_Broker: The number of finished Cloudlets is:1738
32354.307600000026: MET_Broker: Cloudlet #1739 return received
32354.307600000026: MET_Broker: The number of finished Cloudlets is:1739
32361.170000000027: MET_Broker: Cloudlet #1740 return received
32361.170000000027: MET_Broker: The number of finished Cloudlets is:1740
32367.17440000003: MET_Broker: Cloudlet #1742 return received
32367.17440000003: MET_Broker: The number of finished Cloudlets is:1741
32370.48800000003: MET_Broker: Cloudlet #1743 return received
32370.48800000003: MET_Broker: The number of finished Cloudlets is:1742
32383.04960000003: MET_Broker: Cloudlet #1744 return received
32383.04960000003: MET_Broker: The number of finished Cloudlets is:1743
32396.60480000003: MET_Broker: Cloudlet #1746 return received
32396.60480000003: MET_Broker: The number of finished Cloudlets is:1744
32439.69480000003: MET_Broker: Cloudlet #1745 return received
32439.69480000003: MET_Broker: The number of finished Cloudlets is:1745
32488.29920000003: MET_Broker: Cloudlet #1747 return received
32488.29920000003: MET_Broker: The number of finished Cloudlets is:1746
32555.00800000003: MET_Broker: Cloudlet #1733 return received
32555.00800000003: MET_Broker: The number of finished Cloudlets is:1747
32567.16280000003: MET_Broker: Cloudlet #1750 return received
32567.16280000003: MET_Broker: The number of finished Cloudlets is:1748
32593.90880000003: MET_Broker: Cloudlet #1751 return received
32593.90880000003: MET_Broker: The number of finished Cloudlets is:1749
32621.24680000003: MET_Broker: Cloudlet #1752 return received
32621.24680000003: MET_Broker: The number of finished Cloudlets is:1750
32634.24120000003: MET_Broker: Cloudlet #1753 return received
32634.24120000003: MET_Broker: The number of finished Cloudlets is:1751
32655.09280000003: MET_Broker: Cloudlet #1754 return received
32655.09280000003: MET_Broker: The number of finished Cloudlets is:1752
32672.15200000003: MET_Broker: Cloudlet #1755 return received
32672.15200000003: MET_Broker: The number of finished Cloudlets is:1753
32680.02360000003: MET_Broker: Cloudlet #1756 return received
32680.02360000003: MET_Broker: The number of finished Cloudlets is:1754
32686.84680000003: MET_Broker: Cloudlet #1741 return received
32686.84680000003: MET_Broker: The number of finished Cloudlets is:1755
32698.01800000003: MET_Broker: Cloudlet #1758 return received
32698.01800000003: MET_Broker: The number of finished Cloudlets is:1756
32716.72120000003: MET_Broker: Cloudlet #1759 return received
32716.72120000003: MET_Broker: The number of finished Cloudlets is:1757
32725.76520000003: MET_Broker: Cloudlet #1760 return received
32725.76520000003: MET_Broker: The number of finished Cloudlets is:1758
32746.30120000003: MET_Broker: Cloudlet #1748 return received
32746.30120000003: MET_Broker: The number of finished Cloudlets is:1759
32753.06200000003: MET_Broker: Cloudlet #1762 return received
32753.06200000003: MET_Broker: The number of finished Cloudlets is:1760
32765.22760000003: MET_Broker: Cloudlet #1763 return received
32765.22760000003: MET_Broker: The number of finished Cloudlets is:1761
32767.43440000003: MET_Broker: Cloudlet #1761 return received
32767.43440000003: MET_Broker: The number of finished Cloudlets is:1762
32797.946800000034: MET_Broker: Cloudlet #1764 return received
32797.946800000034: MET_Broker: The number of finished Cloudlets is:1763
32829.50920000004: MET_Broker: Cloudlet #1766 return received
32829.50920000004: MET_Broker: The number of finished Cloudlets is:1764
32833.53040000004: MET_Broker: Cloudlet #1749 return received
32833.53040000004: MET_Broker: The number of finished Cloudlets is:1765
32858.41200000004: MET_Broker: Cloudlet #1765 return received
32858.41200000004: MET_Broker: The number of finished Cloudlets is:1766
32910.88080000004: MET_Broker: Cloudlet #1767 return received
32910.88080000004: MET_Broker: The number of finished Cloudlets is:1767
32963.46320000004: MET_Broker: Cloudlet #1757 return received
32963.46320000004: MET_Broker: The number of finished Cloudlets is:1768
33008.28960000004: MET_Broker: Cloudlet #1771 return received
33008.28960000004: MET_Broker: The number of finished Cloudlets is:1769
33084.04920000004: MET_Broker: Cloudlet #1768 return received
33084.04920000004: MET_Broker: The number of finished Cloudlets is:1770
33086.979600000035: MET_Broker: Cloudlet #1770 return received
33086.979600000035: MET_Broker: The number of finished Cloudlets is:1771
33114.25920000004: MET_Broker: Cloudlet #1774 return received
33114.25920000004: MET_Broker: The number of finished Cloudlets is:1772
33148.51920000004: MET_Broker: Cloudlet #1775 return received
33148.51920000004: MET_Broker: The number of finished Cloudlets is:1773
33161.28800000004: MET_Broker: Cloudlet #1769 return received
33161.28800000004: MET_Broker: The number of finished Cloudlets is:1774
33172.664800000035: MET_Broker: Cloudlet #1776 return received
33172.664800000035: MET_Broker: The number of finished Cloudlets is:1775
33228.96080000004: MET_Broker: Cloudlet #1778 return received
33228.96080000004: MET_Broker: The number of finished Cloudlets is:1776
33268.00880000004: MET_Broker: Cloudlet #1779 return received
33268.00880000004: MET_Broker: The number of finished Cloudlets is:1777
33287.69600000004: MET_Broker: Cloudlet #1772 return received
33287.69600000004: MET_Broker: The number of finished Cloudlets is:1778
33304.84760000004: MET_Broker: Cloudlet #1780 return received
33304.84760000004: MET_Broker: The number of finished Cloudlets is:1779
33324.660800000034: MET_Broker: Cloudlet #1782 return received
33324.660800000034: MET_Broker: The number of finished Cloudlets is:1780
33329.10080000004: MET_Broker: Cloudlet #1781 return received
33329.10080000004: MET_Broker: The number of finished Cloudlets is:1781
33340.361200000036: MET_Broker: Cloudlet #1783 return received
33340.361200000036: MET_Broker: The number of finished Cloudlets is:1782
33358.65840000004: MET_Broker: Cloudlet #1785 return received
33358.65840000004: MET_Broker: The number of finished Cloudlets is:1783
33370.52320000004: MET_Broker: Cloudlet #1773 return received
33370.52320000004: MET_Broker: The number of finished Cloudlets is:1784
33381.72200000004: MET_Broker: Cloudlet #1787 return received
33381.72200000004: MET_Broker: The number of finished Cloudlets is:1785
33397.91000000004: MET_Broker: Cloudlet #1788 return received
33397.91000000004: MET_Broker: The number of finished Cloudlets is:1786
33497.58520000004: MET_Broker: Cloudlet #1784 return received
33497.58520000004: MET_Broker: The number of finished Cloudlets is:1787
33516.77760000004: MET_Broker: Cloudlet #1777 return received
33516.77760000004: MET_Broker: The number of finished Cloudlets is:1788
33528.57400000004: MET_Broker: Cloudlet #1786 return received
33528.57400000004: MET_Broker: The number of finished Cloudlets is:1789
33534.79000000004: MET_Broker: Cloudlet #1789 return received
33534.79000000004: MET_Broker: The number of finished Cloudlets is:1790
33536.60480000004: MET_Broker: Cloudlet #1792 return received
33536.60480000004: MET_Broker: The number of finished Cloudlets is:1791
33581.35120000004: MET_Broker: Cloudlet #1793 return received
33581.35120000004: MET_Broker: The number of finished Cloudlets is:1792
33597.08720000004: MET_Broker: Cloudlet #1790 return received
33597.08720000004: MET_Broker: The number of finished Cloudlets is:1793
33605.23960000004: MET_Broker: Cloudlet #1795 return received
33605.23960000004: MET_Broker: The number of finished Cloudlets is:1794
33608.867600000034: MET_Broker: Cloudlet #1796 return received
33608.867600000034: MET_Broker: The number of finished Cloudlets is:1795
33611.25000000004: MET_Broker: Cloudlet #1797 return received
33611.25000000004: MET_Broker: The number of finished Cloudlets is:1796
33707.64040000003: MET_Broker: Cloudlet #1798 return received
33707.64040000003: MET_Broker: The number of finished Cloudlets is:1797
33710.642000000036: MET_Broker: Cloudlet #1791 return received
33710.642000000036: MET_Broker: The number of finished Cloudlets is:1798
33715.22400000004: MET_Broker: Cloudlet #1799 return received
33715.22400000004: MET_Broker: The number of finished Cloudlets is:1799
33725.152400000035: MET_Broker: Cloudlet #1800 return received
33725.152400000035: MET_Broker: The number of finished Cloudlets is:1800
33778.09120000004: MET_Broker: Cloudlet #1803 return received
33778.09120000004: MET_Broker: The number of finished Cloudlets is:1801
33786.06720000004: MET_Broker: Cloudlet #1804 return received
33786.06720000004: MET_Broker: The number of finished Cloudlets is:1802
33795.05080000004: MET_Broker: Cloudlet #1805 return received
33795.05080000004: MET_Broker: The number of finished Cloudlets is:1803
33813.64880000004: MET_Broker: Cloudlet #1806 return received
33813.64880000004: MET_Broker: The number of finished Cloudlets is:1804
33831.74520000004: MET_Broker: Cloudlet #1807 return received
33831.74520000004: MET_Broker: The number of finished Cloudlets is:1805
33846.22960000004: MET_Broker: Cloudlet #1794 return received
33846.22960000004: MET_Broker: The number of finished Cloudlets is:1806
33862.47160000004: MET_Broker: Cloudlet #1802 return received
33862.47160000004: MET_Broker: The number of finished Cloudlets is:1807
33895.58200000004: MET_Broker: Cloudlet #1809 return received
33895.58200000004: MET_Broker: The number of finished Cloudlets is:1808
33941.11960000004: MET_Broker: Cloudlet #1801 return received
33941.11960000004: MET_Broker: The number of finished Cloudlets is:1809
33949.77080000004: MET_Broker: Cloudlet #1812 return received
33949.77080000004: MET_Broker: The number of finished Cloudlets is:1810
33954.340400000045: MET_Broker: Cloudlet #1808 return received
33954.340400000045: MET_Broker: The number of finished Cloudlets is:1811
33972.656000000046: MET_Broker: Cloudlet #1813 return received
33972.656000000046: MET_Broker: The number of finished Cloudlets is:1812
33990.03200000004: MET_Broker: Cloudlet #1815 return received
33990.03200000004: MET_Broker: The number of finished Cloudlets is:1813
34043.91000000004: MET_Broker: Cloudlet #1816 return received
34043.91000000004: MET_Broker: The number of finished Cloudlets is:1814
34072.81960000004: MET_Broker: Cloudlet #1811 return received
34072.81960000004: MET_Broker: The number of finished Cloudlets is:1815
34110.12720000004: MET_Broker: Cloudlet #1814 return received
34110.12720000004: MET_Broker: The number of finished Cloudlets is:1816
34175.16520000004: MET_Broker: Cloudlet #1818 return received
34175.16520000004: MET_Broker: The number of finished Cloudlets is:1817
34187.10360000004: MET_Broker: Cloudlet #1820 return received
34187.10360000004: MET_Broker: The number of finished Cloudlets is:1818
34195.27200000004: MET_Broker: Cloudlet #1810 return received
34195.27200000004: MET_Broker: The number of finished Cloudlets is:1819
34211.74920000004: MET_Broker: Cloudlet #1822 return received
34211.74920000004: MET_Broker: The number of finished Cloudlets is:1820
34222.18280000004: MET_Broker: Cloudlet #1819 return received
34222.18280000004: MET_Broker: The number of finished Cloudlets is:1821
34229.224400000036: MET_Broker: Cloudlet #1823 return received
34229.224400000036: MET_Broker: The number of finished Cloudlets is:1822
34231.61800000004: MET_Broker: Cloudlet #1824 return received
34231.61800000004: MET_Broker: The number of finished Cloudlets is:1823
34232.25920000004: MET_Broker: Cloudlet #1821 return received
34232.25920000004: MET_Broker: The number of finished Cloudlets is:1824
34256.227600000035: MET_Broker: Cloudlet #1825 return received
34256.227600000035: MET_Broker: The number of finished Cloudlets is:1825
34348.21680000004: MET_Broker: Cloudlet #1817 return received
34348.21680000004: MET_Broker: The number of finished Cloudlets is:1826
34439.68080000004: MET_Broker: Cloudlet #1828 return received
34439.68080000004: MET_Broker: The number of finished Cloudlets is:1827
34457.11160000004: MET_Broker: Cloudlet #1830 return received
34457.11160000004: MET_Broker: The number of finished Cloudlets is:1828
34471.59000000004: MET_Broker: Cloudlet #1827 return received
34471.59000000004: MET_Broker: The number of finished Cloudlets is:1829
34491.58160000004: MET_Broker: Cloudlet #1826 return received
34491.58160000004: MET_Broker: The number of finished Cloudlets is:1830
34499.15400000004: MET_Broker: Cloudlet #1832 return received
34499.15400000004: MET_Broker: The number of finished Cloudlets is:1831
34529.98720000004: MET_Broker: Cloudlet #1834 return received
34529.98720000004: MET_Broker: The number of finished Cloudlets is:1832
34530.49960000004: MET_Broker: Cloudlet #1831 return received
34530.49960000004: MET_Broker: The number of finished Cloudlets is:1833
34545.79920000004: MET_Broker: Cloudlet #1835 return received
34545.79920000004: MET_Broker: The number of finished Cloudlets is:1834
34546.89240000004: MET_Broker: Cloudlet #1833 return received
34546.89240000004: MET_Broker: The number of finished Cloudlets is:1835
34584.77120000004: MET_Broker: Cloudlet #1836 return received
34584.77120000004: MET_Broker: The number of finished Cloudlets is:1836
34588.35880000004: MET_Broker: Cloudlet #1838 return received
34588.35880000004: MET_Broker: The number of finished Cloudlets is:1837
34597.83120000004: MET_Broker: Cloudlet #1837 return received
34597.83120000004: MET_Broker: The number of finished Cloudlets is:1838
34617.98960000004: MET_Broker: Cloudlet #1841 return received
34617.98960000004: MET_Broker: The number of finished Cloudlets is:1839
34629.87440000004: MET_Broker: Cloudlet #1840 return received
34629.87440000004: MET_Broker: The number of finished Cloudlets is:1840
34639.969200000036: MET_Broker: Cloudlet #1839 return received
34639.969200000036: MET_Broker: The number of finished Cloudlets is:1841
34643.716400000034: MET_Broker: Cloudlet #1843 return received
34643.716400000034: MET_Broker: The number of finished Cloudlets is:1842
34678.58520000003: MET_Broker: Cloudlet #1845 return received
34678.58520000003: MET_Broker: The number of finished Cloudlets is:1843
34686.18280000003: MET_Broker: Cloudlet #1846 return received
34686.18280000003: MET_Broker: The number of finished Cloudlets is:1844
34689.175200000034: MET_Broker: Cloudlet #1829 return received
34689.175200000034: MET_Broker: The number of finished Cloudlets is:1845
34702.886000000035: MET_Broker: Cloudlet #1847 return received
34702.886000000035: MET_Broker: The number of finished Cloudlets is:1846
34734.465200000035: MET_Broker: Cloudlet #1849 return received
34734.465200000035: MET_Broker: The number of finished Cloudlets is:1847
34747.408800000034: MET_Broker: Cloudlet #1850 return received
34747.408800000034: MET_Broker: The number of finished Cloudlets is:1848
34768.684400000035: MET_Broker: Cloudlet #1848 return received
34768.684400000035: MET_Broker: The number of finished Cloudlets is:1849
34786.00560000003: MET_Broker: Cloudlet #1852 return received
34786.00560000003: MET_Broker: The number of finished Cloudlets is:1850
34791.469200000036: MET_Broker: Cloudlet #1851 return received
34791.469200000036: MET_Broker: The number of finished Cloudlets is:1851
34797.30600000003: MET_Broker: Cloudlet #1842 return received
34797.30600000003: MET_Broker: The number of finished Cloudlets is:1852
34804.05720000003: MET_Broker: Cloudlet #1853 return received
34804.05720000003: MET_Broker: The number of finished Cloudlets is:1853
34805.17760000003: MET_Broker: Cloudlet #1855 return received
34805.17760000003: MET_Broker: The number of finished Cloudlets is:1854
34807.24160000003: MET_Broker: Cloudlet #1844 return received
34807.24160000003: MET_Broker: The number of finished Cloudlets is:1855
34807.86200000003: MET_Broker: Cloudlet #1854 return received
34807.86200000003: MET_Broker: The number of finished Cloudlets is:1856
34858.43680000003: MET_Broker: Cloudlet #1856 return received
34858.43680000003: MET_Broker: The number of finished Cloudlets is:1857
34863.954000000034: MET_Broker: Cloudlet #1857 return received
34863.954000000034: MET_Broker: The number of finished Cloudlets is:1858
34867.432400000034: MET_Broker: Cloudlet #1859 return received
34867.432400000034: MET_Broker: The number of finished Cloudlets is:1859
34910.28480000004: MET_Broker: Cloudlet #1861 return received
34910.28480000004: MET_Broker: The number of finished Cloudlets is:1860
34923.568000000036: MET_Broker: Cloudlet #1858 return received
34923.568000000036: MET_Broker: The number of finished Cloudlets is:1861
34929.867600000034: MET_Broker: Cloudlet #1860 return received
34929.867600000034: MET_Broker: The number of finished Cloudlets is:1862
34938.77040000004: MET_Broker: Cloudlet #1862 return received
34938.77040000004: MET_Broker: The number of finished Cloudlets is:1863
34939.925200000034: MET_Broker: Cloudlet #1865 return received
34939.925200000034: MET_Broker: The number of finished Cloudlets is:1864
34980.46440000003: MET_Broker: Cloudlet #1867 return received
34980.46440000003: MET_Broker: The number of finished Cloudlets is:1865
34992.84920000003: MET_Broker: Cloudlet #1868 return received
34992.84920000003: MET_Broker: The number of finished Cloudlets is:1866
35033.85160000003: MET_Broker: Cloudlet #1869 return received
35033.85160000003: MET_Broker: The number of finished Cloudlets is:1867
35041.87760000003: MET_Broker: Cloudlet #1866 return received
35041.87760000003: MET_Broker: The number of finished Cloudlets is:1868
35043.16080000003: MET_Broker: Cloudlet #1870 return received
35043.16080000003: MET_Broker: The number of finished Cloudlets is:1869
35057.069600000024: MET_Broker: Cloudlet #1864 return received
35057.069600000024: MET_Broker: The number of finished Cloudlets is:1870
35089.294800000025: MET_Broker: Cloudlet #1863 return received
35089.294800000025: MET_Broker: The number of finished Cloudlets is:1871
35199.048800000026: MET_Broker: Cloudlet #1871 return received
35199.048800000026: MET_Broker: The number of finished Cloudlets is:1872
35208.21080000002: MET_Broker: Cloudlet #1874 return received
35208.21080000002: MET_Broker: The number of finished Cloudlets is:1873
35210.652000000024: MET_Broker: Cloudlet #1875 return received
35210.652000000024: MET_Broker: The number of finished Cloudlets is:1874
35219.24400000002: MET_Broker: Cloudlet #1876 return received
35219.24400000002: MET_Broker: The number of finished Cloudlets is:1875
35250.43360000002: MET_Broker: Cloudlet #1878 return received
35250.43360000002: MET_Broker: The number of finished Cloudlets is:1876
35258.12480000002: MET_Broker: Cloudlet #1873 return received
35258.12480000002: MET_Broker: The number of finished Cloudlets is:1877
35262.08440000002: MET_Broker: Cloudlet #1879 return received
35262.08440000002: MET_Broker: The number of finished Cloudlets is:1878
35264.380400000024: MET_Broker: Cloudlet #1877 return received
35264.380400000024: MET_Broker: The number of finished Cloudlets is:1879
35281.27240000002: MET_Broker: Cloudlet #1882 return received
35281.27240000002: MET_Broker: The number of finished Cloudlets is:1880
35289.51240000002: MET_Broker: Cloudlet #1881 return received
35289.51240000002: MET_Broker: The number of finished Cloudlets is:1881
35316.85960000002: MET_Broker: Cloudlet #1884 return received
35316.85960000002: MET_Broker: The number of finished Cloudlets is:1882
35316.98840000002: MET_Broker: Cloudlet #1883 return received
35316.98840000002: MET_Broker: The number of finished Cloudlets is:1883
35330.52120000002: MET_Broker: Cloudlet #1872 return received
35330.52120000002: MET_Broker: The number of finished Cloudlets is:1884
35341.19400000002: MET_Broker: Cloudlet #1885 return received
35341.19400000002: MET_Broker: The number of finished Cloudlets is:1885
35356.17440000002: MET_Broker: Cloudlet #1886 return received
35356.17440000002: MET_Broker: The number of finished Cloudlets is:1886
35364.56640000002: MET_Broker: Cloudlet #1887 return received
35364.56640000002: MET_Broker: The number of finished Cloudlets is:1887
35381.62680000002: MET_Broker: Cloudlet #1890 return received
35381.62680000002: MET_Broker: The number of finished Cloudlets is:1888
35391.35320000002: MET_Broker: Cloudlet #1888 return received
35391.35320000002: MET_Broker: The number of finished Cloudlets is:1889
35460.56720000002: MET_Broker: Cloudlet #1880 return received
35460.56720000002: MET_Broker: The number of finished Cloudlets is:1890
35543.82920000002: MET_Broker: Cloudlet #1893 return received
35543.82920000002: MET_Broker: The number of finished Cloudlets is:1891
35645.704400000024: MET_Broker: Cloudlet #1894 return received
35645.704400000024: MET_Broker: The number of finished Cloudlets is:1892
35660.806000000026: MET_Broker: Cloudlet #1895 return received
35660.806000000026: MET_Broker: The number of finished Cloudlets is:1893
35668.823600000025: MET_Broker: Cloudlet #1889 return received
35668.823600000025: MET_Broker: The number of finished Cloudlets is:1894
35684.27080000003: MET_Broker: Cloudlet #1892 return received
35684.27080000003: MET_Broker: The number of finished Cloudlets is:1895
35697.212400000026: MET_Broker: Cloudlet #1896 return received
35697.212400000026: MET_Broker: The number of finished Cloudlets is:1896
35728.612800000024: MET_Broker: Cloudlet #1891 return received
35728.612800000024: MET_Broker: The number of finished Cloudlets is:1897
35735.99920000003: MET_Broker: Cloudlet #1898 return received
35735.99920000003: MET_Broker: The number of finished Cloudlets is:1898
35743.43640000003: MET_Broker: Cloudlet #1900 return received
35743.43640000003: MET_Broker: The number of finished Cloudlets is:1899
35794.57000000003: MET_Broker: Cloudlet #1902 return received
35794.57000000003: MET_Broker: The number of finished Cloudlets is:1900
35800.13960000003: MET_Broker: Cloudlet #1901 return received
35800.13960000003: MET_Broker: The number of finished Cloudlets is:1901
35809.814000000035: MET_Broker: Cloudlet #1904 return received
35809.814000000035: MET_Broker: The number of finished Cloudlets is:1902
35837.90680000003: MET_Broker: Cloudlet #1903 return received
35837.90680000003: MET_Broker: The number of finished Cloudlets is:1903
35856.68080000003: MET_Broker: Cloudlet #1905 return received
35856.68080000003: MET_Broker: The number of finished Cloudlets is:1904
35864.58760000003: MET_Broker: Cloudlet #1897 return received
35864.58760000003: MET_Broker: The number of finished Cloudlets is:1905
35868.376000000026: MET_Broker: Cloudlet #1907 return received
35868.376000000026: MET_Broker: The number of finished Cloudlets is:1906
35872.219600000026: MET_Broker: Cloudlet #1908 return received
35872.219600000026: MET_Broker: The number of finished Cloudlets is:1907
35889.139600000024: MET_Broker: Cloudlet #1910 return received
35889.139600000024: MET_Broker: The number of finished Cloudlets is:1908
35890.91960000002: MET_Broker: Cloudlet #1909 return received
35890.91960000002: MET_Broker: The number of finished Cloudlets is:1909
35907.90640000002: MET_Broker: Cloudlet #1912 return received
35907.90640000002: MET_Broker: The number of finished Cloudlets is:1910
35938.415200000025: MET_Broker: Cloudlet #1899 return received
35938.415200000025: MET_Broker: The number of finished Cloudlets is:1911
35945.24400000003: MET_Broker: Cloudlet #1913 return received
35945.24400000003: MET_Broker: The number of finished Cloudlets is:1912
36035.22600000003: MET_Broker: Cloudlet #1906 return received
36035.22600000003: MET_Broker: The number of finished Cloudlets is:1913
36048.16320000003: MET_Broker: Cloudlet #1916 return received
36048.16320000003: MET_Broker: The number of finished Cloudlets is:1914
36087.01440000003: MET_Broker: Cloudlet #1917 return received
36087.01440000003: MET_Broker: The number of finished Cloudlets is:1915
36100.01400000003: MET_Broker: Cloudlet #1914 return received
36100.01400000003: MET_Broker: The number of finished Cloudlets is:1916
36102.85280000003: MET_Broker: Cloudlet #1918 return received
36102.85280000003: MET_Broker: The number of finished Cloudlets is:1917
36138.28680000003: MET_Broker: Cloudlet #1915 return received
36138.28680000003: MET_Broker: The number of finished Cloudlets is:1918
36140.17000000003: MET_Broker: Cloudlet #1920 return received
36140.17000000003: MET_Broker: The number of finished Cloudlets is:1919
36148.642400000026: MET_Broker: Cloudlet #1922 return received
36148.642400000026: MET_Broker: The number of finished Cloudlets is:1920
36158.85840000003: MET_Broker: Cloudlet #1919 return received
36158.85840000003: MET_Broker: The number of finished Cloudlets is:1921
36180.264800000026: MET_Broker: Cloudlet #1924 return received
36180.264800000026: MET_Broker: The number of finished Cloudlets is:1922
36202.170400000025: MET_Broker: Cloudlet #1925 return received
36202.170400000025: MET_Broker: The number of finished Cloudlets is:1923
36206.705200000026: MET_Broker: Cloudlet #1923 return received
36206.705200000026: MET_Broker: The number of finished Cloudlets is:1924
36219.40040000003: MET_Broker: Cloudlet #1911 return received
36219.40040000003: MET_Broker: The number of finished Cloudlets is:1925
36236.27400000003: MET_Broker: Cloudlet #1921 return received
36236.27400000003: MET_Broker: The number of finished Cloudlets is:1926
36247.77360000003: MET_Broker: Cloudlet #1928 return received
36247.77360000003: MET_Broker: The number of finished Cloudlets is:1927
36252.32320000003: MET_Broker: Cloudlet #1927 return received
36252.32320000003: MET_Broker: The number of finished Cloudlets is:1928
36267.17360000003: MET_Broker: Cloudlet #1930 return received
36267.17360000003: MET_Broker: The number of finished Cloudlets is:1929
36269.612400000035: MET_Broker: Cloudlet #1931 return received
36269.612400000035: MET_Broker: The number of finished Cloudlets is:1930
36308.49560000003: MET_Broker: Cloudlet #1926 return received
36308.49560000003: MET_Broker: The number of finished Cloudlets is:1931
36376.42880000003: MET_Broker: Cloudlet #1933 return received
36376.42880000003: MET_Broker: The number of finished Cloudlets is:1932
36385.29320000003: MET_Broker: Cloudlet #1935 return received
36385.29320000003: MET_Broker: The number of finished Cloudlets is:1933
36404.60880000003: MET_Broker: Cloudlet #1934 return received
36404.60880000003: MET_Broker: The number of finished Cloudlets is:1934
36410.77880000003: MET_Broker: Cloudlet #1937 return received
36410.77880000003: MET_Broker: The number of finished Cloudlets is:1935
36415.75120000003: MET_Broker: Cloudlet #1936 return received
36415.75120000003: MET_Broker: The number of finished Cloudlets is:1936
36449.93720000003: MET_Broker: Cloudlet #1938 return received
36449.93720000003: MET_Broker: The number of finished Cloudlets is:1937
36490.53840000003: MET_Broker: Cloudlet #1940 return received
36490.53840000003: MET_Broker: The number of finished Cloudlets is:1938
36503.934800000025: MET_Broker: Cloudlet #1929 return received
36503.934800000025: MET_Broker: The number of finished Cloudlets is:1939
36536.77480000002: MET_Broker: Cloudlet #1932 return received
36536.77480000002: MET_Broker: The number of finished Cloudlets is:1940
36687.23360000002: MET_Broker: Cloudlet #1942 return received
36687.23360000002: MET_Broker: The number of finished Cloudlets is:1941
36697.36040000002: MET_Broker: Cloudlet #1944 return received
36697.36040000002: MET_Broker: The number of finished Cloudlets is:1942
36701.66720000002: MET_Broker: Cloudlet #1941 return received
36701.66720000002: MET_Broker: The number of finished Cloudlets is:1943
36705.89160000002: MET_Broker: Cloudlet #1943 return received
36705.89160000002: MET_Broker: The number of finished Cloudlets is:1944
36709.93040000002: MET_Broker: Cloudlet #1945 return received
36709.93040000002: MET_Broker: The number of finished Cloudlets is:1945
36715.49040000002: MET_Broker: Cloudlet #1946 return received
36715.49040000002: MET_Broker: The number of finished Cloudlets is:1946
36717.256000000016: MET_Broker: Cloudlet #1948 return received
36717.256000000016: MET_Broker: The number of finished Cloudlets is:1947
36731.62360000001: MET_Broker: Cloudlet #1949 return received
36731.62360000001: MET_Broker: The number of finished Cloudlets is:1948
36747.917600000015: MET_Broker: Cloudlet #1939 return received
36747.917600000015: MET_Broker: The number of finished Cloudlets is:1949
36772.807600000015: MET_Broker: Cloudlet #1950 return received
36772.807600000015: MET_Broker: The number of finished Cloudlets is:1950
36806.88000000001: MET_Broker: Cloudlet #1953 return received
36806.88000000001: MET_Broker: The number of finished Cloudlets is:1951
36839.42840000001: MET_Broker: Cloudlet #1954 return received
36839.42840000001: MET_Broker: The number of finished Cloudlets is:1952
36854.33720000001: MET_Broker: Cloudlet #1947 return received
36854.33720000001: MET_Broker: The number of finished Cloudlets is:1953
36857.74160000001: MET_Broker: Cloudlet #1952 return received
36857.74160000001: MET_Broker: The number of finished Cloudlets is:1954
36873.33000000001: MET_Broker: Cloudlet #1957 return received
36873.33000000001: MET_Broker: The number of finished Cloudlets is:1955
36883.24960000001: MET_Broker: Cloudlet #1955 return received
36883.24960000001: MET_Broker: The number of finished Cloudlets is:1956
36931.65920000001: MET_Broker: Cloudlet #1951 return received
36931.65920000001: MET_Broker: The number of finished Cloudlets is:1957
36944.157600000006: MET_Broker: Cloudlet #1960 return received
36944.157600000006: MET_Broker: The number of finished Cloudlets is:1958
36957.635200000004: MET_Broker: Cloudlet #1961 return received
36957.635200000004: MET_Broker: The number of finished Cloudlets is:1959
36990.058000000005: MET_Broker: Cloudlet #1962 return received
36990.058000000005: MET_Broker: The number of finished Cloudlets is:1960
37001.16360000001: MET_Broker: Cloudlet #1956 return received
37001.16360000001: MET_Broker: The number of finished Cloudlets is:1961
37024.32280000001: MET_Broker: Cloudlet #1964 return received
37024.32280000001: MET_Broker: The number of finished Cloudlets is:1962
37030.44440000001: MET_Broker: Cloudlet #1963 return received
37030.44440000001: MET_Broker: The number of finished Cloudlets is:1963
37039.02560000001: MET_Broker: Cloudlet #1965 return received
37039.02560000001: MET_Broker: The number of finished Cloudlets is:1964
37055.59920000001: MET_Broker: Cloudlet #1958 return received
37055.59920000001: MET_Broker: The number of finished Cloudlets is:1965
37069.73640000001: MET_Broker: Cloudlet #1968 return received
37069.73640000001: MET_Broker: The number of finished Cloudlets is:1966
37098.902400000006: MET_Broker: Cloudlet #1966 return received
37098.902400000006: MET_Broker: The number of finished Cloudlets is:1967
37111.4852: MET_Broker: Cloudlet #1959 return received
37111.4852: MET_Broker: The number of finished Cloudlets is:1968
37117.768800000005: MET_Broker: Cloudlet #1970 return received
37117.768800000005: MET_Broker: The number of finished Cloudlets is:1969
37128.85480000001: MET_Broker: Cloudlet #1972 return received
37128.85480000001: MET_Broker: The number of finished Cloudlets is:1970
37129.17440000001: MET_Broker: Cloudlet #1971 return received
37129.17440000001: MET_Broker: The number of finished Cloudlets is:1971
37141.72800000001: MET_Broker: Cloudlet #1974 return received
37141.72800000001: MET_Broker: The number of finished Cloudlets is:1972
37152.81440000001: MET_Broker: Cloudlet #1973 return received
37152.81440000001: MET_Broker: The number of finished Cloudlets is:1973
37165.77720000001: MET_Broker: Cloudlet #1976 return received
37165.77720000001: MET_Broker: The number of finished Cloudlets is:1974
37176.620400000014: MET_Broker: Cloudlet #1975 return received
37176.620400000014: MET_Broker: The number of finished Cloudlets is:1975
37187.719200000014: MET_Broker: Cloudlet #1969 return received
37187.719200000014: MET_Broker: The number of finished Cloudlets is:1976
37196.543200000015: MET_Broker: Cloudlet #1978 return received
37196.543200000015: MET_Broker: The number of finished Cloudlets is:1977
37207.604800000016: MET_Broker: Cloudlet #1977 return received
37207.604800000016: MET_Broker: The number of finished Cloudlets is:1978
37223.538000000015: MET_Broker: Cloudlet #1980 return received
37223.538000000015: MET_Broker: The number of finished Cloudlets is:1979
37231.782000000014: MET_Broker: Cloudlet #1982 return received
37231.782000000014: MET_Broker: The number of finished Cloudlets is:1980
37377.20920000001: MET_Broker: Cloudlet #1967 return received
37377.20920000001: MET_Broker: The number of finished Cloudlets is:1981
37390.39760000001: MET_Broker: Cloudlet #1979 return received
37390.39760000001: MET_Broker: The number of finished Cloudlets is:1982
37402.31360000001: MET_Broker: Cloudlet #1985 return received
37402.31360000001: MET_Broker: The number of finished Cloudlets is:1983
37412.386000000006: MET_Broker: Cloudlet #1984 return received
37412.386000000006: MET_Broker: The number of finished Cloudlets is:1984
37418.775200000004: MET_Broker: Cloudlet #1987 return received
37418.775200000004: MET_Broker: The number of finished Cloudlets is:1985
37431.51760000001: MET_Broker: Cloudlet #1981 return received
37431.51760000001: MET_Broker: The number of finished Cloudlets is:1986
37432.676400000004: MET_Broker: Cloudlet #1988 return received
37432.676400000004: MET_Broker: The number of finished Cloudlets is:1987
37447.1796: MET_Broker: Cloudlet #1990 return received
37447.1796: MET_Broker: The number of finished Cloudlets is:1988
37469.6252: MET_Broker: Cloudlet #1989 return received
37469.6252: MET_Broker: The number of finished Cloudlets is:1989
37513.247200000005: MET_Broker: Cloudlet #1992 return received
37513.247200000005: MET_Broker: The number of finished Cloudlets is:1990
37527.31080000001: MET_Broker: Cloudlet #1993 return received
37527.31080000001: MET_Broker: The number of finished Cloudlets is:1991
37539.543600000005: MET_Broker: Cloudlet #1983 return received
37539.543600000005: MET_Broker: The number of finished Cloudlets is:1992
37543.420000000006: MET_Broker: Cloudlet #1991 return received
37543.420000000006: MET_Broker: The number of finished Cloudlets is:1993
37546.494000000006: MET_Broker: Cloudlet #1994 return received
37546.494000000006: MET_Broker: The number of finished Cloudlets is:1994
37551.548: MET_Broker: Cloudlet #1996 return received
37551.548: MET_Broker: The number of finished Cloudlets is:1995
37564.482: MET_Broker: Cloudlet #1998 return received
37564.482: MET_Broker: The number of finished Cloudlets is:1996
37578.51960000001: MET_Broker: Cloudlet #1986 return received
37578.51960000001: MET_Broker: The number of finished Cloudlets is:1997
37594.687600000005: MET_Broker: Cloudlet #1999 return received
37594.687600000005: MET_Broker: The number of finished Cloudlets is:1998
37611.8608: MET_Broker: Cloudlet #2000 return received
37611.8608: MET_Broker: The number of finished Cloudlets is:1999
37623.740000000005: MET_Broker: Cloudlet #2001 return received
37623.740000000005: MET_Broker: The number of finished Cloudlets is:2000
37634.8968: MET_Broker: Cloudlet #2002 return received
37634.8968: MET_Broker: The number of finished Cloudlets is:2001
37635.37: MET_Broker: Cloudlet #1995 return received
37635.37: MET_Broker: The number of finished Cloudlets is:2002
37643.3076: MET_Broker: Cloudlet #2003 return received
37643.3076: MET_Broker: The number of finished Cloudlets is:2003
37644.1656: MET_Broker: Cloudlet #2005 return received
37644.1656: MET_Broker: The number of finished Cloudlets is:2004
37657.2196: MET_Broker: Cloudlet #2004 return received
37657.2196: MET_Broker: The number of finished Cloudlets is:2005
37657.7428: MET_Broker: Cloudlet #2006 return received
37657.7428: MET_Broker: The number of finished Cloudlets is:2006
37657.9436: MET_Broker: Cloudlet #2007 return received
37657.9436: MET_Broker: The number of finished Cloudlets is:2007
37675.7696: MET_Broker: Cloudlet #2010 return received
37675.7696: MET_Broker: The number of finished Cloudlets is:2008
37681.2508: MET_Broker: Cloudlet #2008 return received
37681.2508: MET_Broker: The number of finished Cloudlets is:2009
37692.6744: MET_Broker: Cloudlet #2011 return received
37692.6744: MET_Broker: The number of finished Cloudlets is:2010
37699.6356: MET_Broker: Cloudlet #2012 return received
37699.6356: MET_Broker: The number of finished Cloudlets is:2011
37710.5232: MET_Broker: Cloudlet #2013 return received
37710.5232: MET_Broker: The number of finished Cloudlets is:2012
37721.090800000005: MET_Broker: Cloudlet #2015 return received
37721.090800000005: MET_Broker: The number of finished Cloudlets is:2013
37754.332800000004: MET_Broker: Cloudlet #2014 return received
37754.332800000004: MET_Broker: The number of finished Cloudlets is:2014
37758.36840000001: MET_Broker: Cloudlet #2016 return received
37758.36840000001: MET_Broker: The number of finished Cloudlets is:2015
37791.89880000001: MET_Broker: Cloudlet #2017 return received
37791.89880000001: MET_Broker: The number of finished Cloudlets is:2016
37802.40400000001: MET_Broker: Cloudlet #2019 return received
37802.40400000001: MET_Broker: The number of finished Cloudlets is:2017
37833.99280000001: MET_Broker: Cloudlet #2020 return received
37833.99280000001: MET_Broker: The number of finished Cloudlets is:2018
37861.37920000001: MET_Broker: Cloudlet #2021 return received
37861.37920000001: MET_Broker: The number of finished Cloudlets is:2019
37883.77280000001: MET_Broker: Cloudlet #1997 return received
37883.77280000001: MET_Broker: The number of finished Cloudlets is:2020
37890.936000000016: MET_Broker: Cloudlet #2023 return received
37890.936000000016: MET_Broker: The number of finished Cloudlets is:2021
37905.149200000014: MET_Broker: Cloudlet #2022 return received
37905.149200000014: MET_Broker: The number of finished Cloudlets is:2022
37923.32680000002: MET_Broker: Cloudlet #2025 return received
37923.32680000002: MET_Broker: The number of finished Cloudlets is:2023
37932.964000000014: MET_Broker: Cloudlet #2009 return received
37932.964000000014: MET_Broker: The number of finished Cloudlets is:2024
38026.60760000002: MET_Broker: Cloudlet #2024 return received
38026.60760000002: MET_Broker: The number of finished Cloudlets is:2025
38030.162400000016: MET_Broker: Cloudlet #2026 return received
38030.162400000016: MET_Broker: The number of finished Cloudlets is:2026
38047.778800000015: MET_Broker: Cloudlet #2029 return received
38047.778800000015: MET_Broker: The number of finished Cloudlets is:2027
38072.620400000014: MET_Broker: Cloudlet #2028 return received
38072.620400000014: MET_Broker: The number of finished Cloudlets is:2028
38098.93120000001: MET_Broker: Cloudlet #2018 return received
38098.93120000001: MET_Broker: The number of finished Cloudlets is:2029
38101.28240000001: MET_Broker: Cloudlet #2027 return received
38101.28240000001: MET_Broker: The number of finished Cloudlets is:2030
38131.93040000001: MET_Broker: Cloudlet #2031 return received
38131.93040000001: MET_Broker: The number of finished Cloudlets is:2031
38147.267600000014: MET_Broker: Cloudlet #2033 return received
38147.267600000014: MET_Broker: The number of finished Cloudlets is:2032
38180.90880000001: MET_Broker: Cloudlet #2030 return received
38180.90880000001: MET_Broker: The number of finished Cloudlets is:2033
38207.66920000001: MET_Broker: Cloudlet #2034 return received
38207.66920000001: MET_Broker: The number of finished Cloudlets is:2034
38216.978400000015: MET_Broker: Cloudlet #2036 return received
38216.978400000015: MET_Broker: The number of finished Cloudlets is:2035
38219.566800000015: MET_Broker: Cloudlet #2035 return received
38219.566800000015: MET_Broker: The number of finished Cloudlets is:2036
38229.43480000002: MET_Broker: Cloudlet #2039 return received
38229.43480000002: MET_Broker: The number of finished Cloudlets is:2037
38241.838400000015: MET_Broker: Cloudlet #2040 return received
38241.838400000015: MET_Broker: The number of finished Cloudlets is:2038
38274.722000000016: MET_Broker: Cloudlet #2041 return received
38274.722000000016: MET_Broker: The number of finished Cloudlets is:2039
38284.79680000002: MET_Broker: Cloudlet #2042 return received
38284.79680000002: MET_Broker: The number of finished Cloudlets is:2040
38319.20720000002: MET_Broker: Cloudlet #2043 return received
38319.20720000002: MET_Broker: The number of finished Cloudlets is:2041
38388.84840000002: MET_Broker: Cloudlet #2044 return received
38388.84840000002: MET_Broker: The number of finished Cloudlets is:2042
38398.44920000002: MET_Broker: Cloudlet #2037 return received
38398.44920000002: MET_Broker: The number of finished Cloudlets is:2043
38412.356000000014: MET_Broker: Cloudlet #2046 return received
38412.356000000014: MET_Broker: The number of finished Cloudlets is:2044
38412.99200000001: MET_Broker: Cloudlet #2045 return received
38412.99200000001: MET_Broker: The number of finished Cloudlets is:2045
38419.50960000001: MET_Broker: Cloudlet #2032 return received
38419.50960000001: MET_Broker: The number of finished Cloudlets is:2046
38420.19000000001: MET_Broker: Cloudlet #2047 return received
38420.19000000001: MET_Broker: The number of finished Cloudlets is:2047
38432.50200000001: MET_Broker: Cloudlet #2048 return received
38432.50200000001: MET_Broker: The number of finished Cloudlets is:2048
38450.84000000001: MET_Broker: Cloudlet #2050 return received
38450.84000000001: MET_Broker: The number of finished Cloudlets is:2049
38461.77440000001: MET_Broker: Cloudlet #2052 return received
38461.77440000001: MET_Broker: The number of finished Cloudlets is:2050
38469.12120000001: MET_Broker: Cloudlet #2053 return received
38469.12120000001: MET_Broker: The number of finished Cloudlets is:2051
38475.16520000001: MET_Broker: Cloudlet #2054 return received
38475.16520000001: MET_Broker: The number of finished Cloudlets is:2052
38494.28440000001: MET_Broker: Cloudlet #2055 return received
38494.28440000001: MET_Broker: The number of finished Cloudlets is:2053
38498.35480000001: MET_Broker: Cloudlet #2038 return received
38498.35480000001: MET_Broker: The number of finished Cloudlets is:2054
38500.78080000001: MET_Broker: Cloudlet #2049 return received
38500.78080000001: MET_Broker: The number of finished Cloudlets is:2055
38529.407600000006: MET_Broker: Cloudlet #2058 return received
38529.407600000006: MET_Broker: The number of finished Cloudlets is:2056
38547.54000000001: MET_Broker: Cloudlet #2056 return received
38547.54000000001: MET_Broker: The number of finished Cloudlets is:2057
38558.56240000001: MET_Broker: Cloudlet #2060 return received
38558.56240000001: MET_Broker: The number of finished Cloudlets is:2058
38572.08240000001: MET_Broker: Cloudlet #2061 return received
38572.08240000001: MET_Broker: The number of finished Cloudlets is:2059
38628.26760000001: MET_Broker: Cloudlet #2051 return received
38628.26760000001: MET_Broker: The number of finished Cloudlets is:2060
38646.250400000004: MET_Broker: Cloudlet #2063 return received
38646.250400000004: MET_Broker: The number of finished Cloudlets is:2061
38663.0664: MET_Broker: Cloudlet #2059 return received
38663.0664: MET_Broker: The number of finished Cloudlets is:2062
38675.0172: MET_Broker: Cloudlet #2064 return received
38675.0172: MET_Broker: The number of finished Cloudlets is:2063
38681.388: MET_Broker: Cloudlet #2066 return received
38681.388: MET_Broker: The number of finished Cloudlets is:2064
38688.9652: MET_Broker: Cloudlet #2057 return received
38688.9652: MET_Broker: The number of finished Cloudlets is:2065
38693.2344: MET_Broker: Cloudlet #2062 return received
38693.2344: MET_Broker: The number of finished Cloudlets is:2066
38705.935600000004: MET_Broker: Cloudlet #2067 return received
38705.935600000004: MET_Broker: The number of finished Cloudlets is:2067
38716.88480000001: MET_Broker: Cloudlet #2065 return received
38716.88480000001: MET_Broker: The number of finished Cloudlets is:2068
38723.78200000001: MET_Broker: Cloudlet #2070 return received
38723.78200000001: MET_Broker: The number of finished Cloudlets is:2069
38731.09640000001: MET_Broker: Cloudlet #2072 return received
38731.09640000001: MET_Broker: The number of finished Cloudlets is:2070
38733.19600000001: MET_Broker: Cloudlet #2069 return received
38733.19600000001: MET_Broker: The number of finished Cloudlets is:2071
38734.30280000001: MET_Broker: Cloudlet #2071 return received
38734.30280000001: MET_Broker: The number of finished Cloudlets is:2072
38741.144000000015: MET_Broker: Cloudlet #2075 return received
38741.144000000015: MET_Broker: The number of finished Cloudlets is:2073
38745.02000000001: MET_Broker: Cloudlet #2073 return received
38745.02000000001: MET_Broker: The number of finished Cloudlets is:2074
38780.003200000014: MET_Broker: Cloudlet #2074 return received
38780.003200000014: MET_Broker: The number of finished Cloudlets is:2075
38835.522400000016: MET_Broker: Cloudlet #2078 return received
38835.522400000016: MET_Broker: The number of finished Cloudlets is:2076
38882.96760000002: MET_Broker: Cloudlet #2077 return received
38882.96760000002: MET_Broker: The number of finished Cloudlets is:2077
38887.89000000002: MET_Broker: Cloudlet #2068 return received
38887.89000000002: MET_Broker: The number of finished Cloudlets is:2078
38894.19480000002: MET_Broker: Cloudlet #2079 return received
38894.19480000002: MET_Broker: The number of finished Cloudlets is:2079
38903.10080000002: MET_Broker: Cloudlet #2082 return received
38903.10080000002: MET_Broker: The number of finished Cloudlets is:2080
38903.788800000024: MET_Broker: Cloudlet #2080 return received
38903.788800000024: MET_Broker: The number of finished Cloudlets is:2081
38907.53600000002: MET_Broker: Cloudlet #2076 return received
38907.53600000002: MET_Broker: The number of finished Cloudlets is:2082
38911.021200000025: MET_Broker: Cloudlet #2083 return received
38911.021200000025: MET_Broker: The number of finished Cloudlets is:2083
38919.82000000002: MET_Broker: Cloudlet #2081 return received
38919.82000000002: MET_Broker: The number of finished Cloudlets is:2084
38922.62960000002: MET_Broker: Cloudlet #2086 return received
38922.62960000002: MET_Broker: The number of finished Cloudlets is:2085
38932.72440000002: MET_Broker: Cloudlet #2087 return received
38932.72440000002: MET_Broker: The number of finished Cloudlets is:2086
38947.51080000002: MET_Broker: Cloudlet #2088 return received
38947.51080000002: MET_Broker: The number of finished Cloudlets is:2087
38957.33560000002: MET_Broker: Cloudlet #2085 return received
38957.33560000002: MET_Broker: The number of finished Cloudlets is:2088
38959.224000000024: MET_Broker: Cloudlet #2084 return received
38959.224000000024: MET_Broker: The number of finished Cloudlets is:2089
38987.10800000002: MET_Broker: Cloudlet #2091 return received
38987.10800000002: MET_Broker: The number of finished Cloudlets is:2090
39005.90640000002: MET_Broker: Cloudlet #2093 return received
39005.90640000002: MET_Broker: The number of finished Cloudlets is:2091
39013.91240000002: MET_Broker: Cloudlet #2089 return received
39013.91240000002: MET_Broker: The number of finished Cloudlets is:2092
39044.148800000024: MET_Broker: Cloudlet #2090 return received
39044.148800000024: MET_Broker: The number of finished Cloudlets is:2093
39080.122000000025: MET_Broker: Cloudlet #2096 return received
39080.122000000025: MET_Broker: The number of finished Cloudlets is:2094
39097.87040000002: MET_Broker: Cloudlet #2097 return received
39097.87040000002: MET_Broker: The number of finished Cloudlets is:2095
39104.65120000002: MET_Broker: Cloudlet #2098 return received
39104.65120000002: MET_Broker: The number of finished Cloudlets is:2096
39115.85400000002: MET_Broker: Cloudlet #2094 return received
39115.85400000002: MET_Broker: The number of finished Cloudlets is:2097
39119.56840000002: MET_Broker: Cloudlet #2099 return received
39119.56840000002: MET_Broker: The number of finished Cloudlets is:2098
39122.18360000002: MET_Broker: Cloudlet #2092 return received
39122.18360000002: MET_Broker: The number of finished Cloudlets is:2099
39131.88200000002: MET_Broker: Cloudlet #2100 return received
39131.88200000002: MET_Broker: The number of finished Cloudlets is:2100
39138.37320000002: MET_Broker: Cloudlet #2103 return received
39138.37320000002: MET_Broker: The number of finished Cloudlets is:2101
39158.15920000002: MET_Broker: Cloudlet #2095 return received
39158.15920000002: MET_Broker: The number of finished Cloudlets is:2102
39158.334400000014: MET_Broker: Cloudlet #2104 return received
39158.334400000014: MET_Broker: The number of finished Cloudlets is:2103
39172.820800000016: MET_Broker: Cloudlet #2105 return received
39172.820800000016: MET_Broker: The number of finished Cloudlets is:2104
39178.53320000001: MET_Broker: Cloudlet #2102 return received
39178.53320000001: MET_Broker: The number of finished Cloudlets is:2105
39184.460000000014: MET_Broker: Cloudlet #2107 return received
39184.460000000014: MET_Broker: The number of finished Cloudlets is:2106
39209.112000000016: MET_Broker: Cloudlet #2106 return received
39209.112000000016: MET_Broker: The number of finished Cloudlets is:2107
39212.858000000015: MET_Broker: Cloudlet #2108 return received
39212.858000000015: MET_Broker: The number of finished Cloudlets is:2108
39222.721200000015: MET_Broker: Cloudlet #2109 return received
39222.721200000015: MET_Broker: The number of finished Cloudlets is:2109
39225.80720000002: MET_Broker: Cloudlet #2110 return received
39225.80720000002: MET_Broker: The number of finished Cloudlets is:2110
39260.00480000002: MET_Broker: Cloudlet #2101 return received
39260.00480000002: MET_Broker: The number of finished Cloudlets is:2111
39306.67840000002: MET_Broker: Cloudlet #2114 return received
39306.67840000002: MET_Broker: The number of finished Cloudlets is:2112
39307.43680000002: MET_Broker: Cloudlet #2111 return received
39307.43680000002: MET_Broker: The number of finished Cloudlets is:2113
39335.65160000002: MET_Broker: Cloudlet #2112 return received
39335.65160000002: MET_Broker: The number of finished Cloudlets is:2114
39347.29560000002: MET_Broker: Cloudlet #2117 return received
39347.29560000002: MET_Broker: The number of finished Cloudlets is:2115
39364.83800000002: MET_Broker: Cloudlet #2116 return received
39364.83800000002: MET_Broker: The number of finished Cloudlets is:2116
39389.63640000002: MET_Broker: Cloudlet #2119 return received
39389.63640000002: MET_Broker: The number of finished Cloudlets is:2117
39406.45240000002: MET_Broker: Cloudlet #2118 return received
39406.45240000002: MET_Broker: The number of finished Cloudlets is:2118
39442.01880000002: MET_Broker: Cloudlet #2115 return received
39442.01880000002: MET_Broker: The number of finished Cloudlets is:2119
39449.53800000002: MET_Broker: Cloudlet #2120 return received
39449.53800000002: MET_Broker: The number of finished Cloudlets is:2120
39489.92880000002: MET_Broker: Cloudlet #2122 return received
39489.92880000002: MET_Broker: The number of finished Cloudlets is:2121
39499.67720000002: MET_Broker: Cloudlet #2113 return received
39499.67720000002: MET_Broker: The number of finished Cloudlets is:2122
39555.80800000002: MET_Broker: Cloudlet #2125 return received
39555.80800000002: MET_Broker: The number of finished Cloudlets is:2123
39584.905200000016: MET_Broker: Cloudlet #2124 return received
39584.905200000016: MET_Broker: The number of finished Cloudlets is:2124
39608.938400000014: MET_Broker: Cloudlet #2127 return received
39608.938400000014: MET_Broker: The number of finished Cloudlets is:2125
39622.070000000014: MET_Broker: Cloudlet #2121 return received
39622.070000000014: MET_Broker: The number of finished Cloudlets is:2126
39647.89120000001: MET_Broker: Cloudlet #2128 return received
39647.89120000001: MET_Broker: The number of finished Cloudlets is:2127
39654.719200000014: MET_Broker: Cloudlet #2123 return received
39654.719200000014: MET_Broker: The number of finished Cloudlets is:2128
39675.614000000016: MET_Broker: Cloudlet #2129 return received
39675.614000000016: MET_Broker: The number of finished Cloudlets is:2129
39683.76480000002: MET_Broker: Cloudlet #2131 return received
39683.76480000002: MET_Broker: The number of finished Cloudlets is:2130
39716.176800000016: MET_Broker: Cloudlet #2133 return received
39716.176800000016: MET_Broker: The number of finished Cloudlets is:2131
39721.00280000002: MET_Broker: Cloudlet #2132 return received
39721.00280000002: MET_Broker: The number of finished Cloudlets is:2132
39735.877600000014: MET_Broker: Cloudlet #2135 return received
39735.877600000014: MET_Broker: The number of finished Cloudlets is:2133
39765.55920000002: MET_Broker: Cloudlet #2130 return received
39765.55920000002: MET_Broker: The number of finished Cloudlets is:2134
39851.729200000016: MET_Broker: Cloudlet #2126 return received
39851.729200000016: MET_Broker: The number of finished Cloudlets is:2135
39853.94480000002: MET_Broker: Cloudlet #2136 return received
39853.94480000002: MET_Broker: The number of finished Cloudlets is:2136
39883.48280000002: MET_Broker: Cloudlet #2137 return received
39883.48280000002: MET_Broker: The number of finished Cloudlets is:2137
39891.61440000002: MET_Broker: Cloudlet #2138 return received
39891.61440000002: MET_Broker: The number of finished Cloudlets is:2138
39901.58520000002: MET_Broker: Cloudlet #2140 return received
39901.58520000002: MET_Broker: The number of finished Cloudlets is:2139
39904.91680000002: MET_Broker: Cloudlet #2141 return received
39904.91680000002: MET_Broker: The number of finished Cloudlets is:2140
39913.68760000002: MET_Broker: Cloudlet #2142 return received
39913.68760000002: MET_Broker: The number of finished Cloudlets is:2141
39919.90360000002: MET_Broker: Cloudlet #2134 return received
39919.90360000002: MET_Broker: The number of finished Cloudlets is:2142
39934.29960000002: MET_Broker: Cloudlet #2143 return received
39934.29960000002: MET_Broker: The number of finished Cloudlets is:2143
39951.95800000002: MET_Broker: Cloudlet #2139 return received
39951.95800000002: MET_Broker: The number of finished Cloudlets is:2144
39955.94400000002: MET_Broker: Cloudlet #2144 return received
39955.94400000002: MET_Broker: The number of finished Cloudlets is:2145
39960.68360000002: MET_Broker: Cloudlet #2145 return received
39960.68360000002: MET_Broker: The number of finished Cloudlets is:2146
39977.68880000002: MET_Broker: Cloudlet #2149 return received
39977.68880000002: MET_Broker: The number of finished Cloudlets is:2147
39979.46920000002: MET_Broker: Cloudlet #2148 return received
39979.46920000002: MET_Broker: The number of finished Cloudlets is:2148
40030.18320000002: MET_Broker: Cloudlet #2150 return received
40030.18320000002: MET_Broker: The number of finished Cloudlets is:2149
40044.12120000002: MET_Broker: Cloudlet #2152 return received
40044.12120000002: MET_Broker: The number of finished Cloudlets is:2150
40059.860800000024: MET_Broker: Cloudlet #2147 return received
40059.860800000024: MET_Broker: The number of finished Cloudlets is:2151
40076.69360000002: MET_Broker: Cloudlet #2154 return received
40076.69360000002: MET_Broker: The number of finished Cloudlets is:2152
40098.84120000002: MET_Broker: Cloudlet #2153 return received
40098.84120000002: MET_Broker: The number of finished Cloudlets is:2153
40117.218000000015: MET_Broker: Cloudlet #2146 return received
40117.218000000015: MET_Broker: The number of finished Cloudlets is:2154
40172.83600000002: MET_Broker: Cloudlet #2151 return received
40172.83600000002: MET_Broker: The number of finished Cloudlets is:2155
40175.138800000015: MET_Broker: Cloudlet #2157 return received
40175.138800000015: MET_Broker: The number of finished Cloudlets is:2156
40189.846800000014: MET_Broker: Cloudlet #2159 return received
40189.846800000014: MET_Broker: The number of finished Cloudlets is:2157
40197.86280000002: MET_Broker: Cloudlet #2155 return received
40197.86280000002: MET_Broker: The number of finished Cloudlets is:2158
40199.69200000002: MET_Broker: Cloudlet #2158 return received
40199.69200000002: MET_Broker: The number of finished Cloudlets is:2159
40222.306400000016: MET_Broker: Cloudlet #2161 return received
40222.306400000016: MET_Broker: The number of finished Cloudlets is:2160
40251.71320000001: MET_Broker: Cloudlet #2160 return received
40251.71320000001: MET_Broker: The number of finished Cloudlets is:2161
40269.881600000015: MET_Broker: Cloudlet #2162 return received
40269.881600000015: MET_Broker: The number of finished Cloudlets is:2162
40289.472000000016: MET_Broker: Cloudlet #2165 return received
40289.472000000016: MET_Broker: The number of finished Cloudlets is:2163
40294.598800000014: MET_Broker: Cloudlet #2156 return received
40294.598800000014: MET_Broker: The number of finished Cloudlets is:2164
40295.085200000016: MET_Broker: Cloudlet #2164 return received
40295.085200000016: MET_Broker: The number of finished Cloudlets is:2165
40300.557600000015: MET_Broker: Cloudlet #2163 return received
40300.557600000015: MET_Broker: The number of finished Cloudlets is:2166
40309.30800000001: MET_Broker: Cloudlet #2168 return received
40309.30800000001: MET_Broker: The number of finished Cloudlets is:2167
40344.17760000001: MET_Broker: Cloudlet #2167 return received
40344.17760000001: MET_Broker: The number of finished Cloudlets is:2168
40347.36680000001: MET_Broker: Cloudlet #2166 return received
40347.36680000001: MET_Broker: The number of finished Cloudlets is:2169
40349.43280000001: MET_Broker: Cloudlet #2170 return received
40349.43280000001: MET_Broker: The number of finished Cloudlets is:2170
40358.02760000001: MET_Broker: Cloudlet #2171 return received
40358.02760000001: MET_Broker: The number of finished Cloudlets is:2171
40365.51920000001: MET_Broker: Cloudlet #2173 return received
40365.51920000001: MET_Broker: The number of finished Cloudlets is:2172
40374.58600000001: MET_Broker: Cloudlet #2172 return received
40374.58600000001: MET_Broker: The number of finished Cloudlets is:2173
40384.48480000001: MET_Broker: Cloudlet #2174 return received
40384.48480000001: MET_Broker: The number of finished Cloudlets is:2174
40406.80680000001: MET_Broker: Cloudlet #2175 return received
40406.80680000001: MET_Broker: The number of finished Cloudlets is:2175
40416.90560000001: MET_Broker: Cloudlet #2177 return received
40416.90560000001: MET_Broker: The number of finished Cloudlets is:2176
40417.56520000001: MET_Broker: Cloudlet #2169 return received
40417.56520000001: MET_Broker: The number of finished Cloudlets is:2177
40428.20400000001: MET_Broker: Cloudlet #2178 return received
40428.20400000001: MET_Broker: The number of finished Cloudlets is:2178
40471.252000000015: MET_Broker: Cloudlet #2181 return received
40471.252000000015: MET_Broker: The number of finished Cloudlets is:2179
40479.523600000015: MET_Broker: Cloudlet #2182 return received
40479.523600000015: MET_Broker: The number of finished Cloudlets is:2180
40591.921600000016: MET_Broker: Cloudlet #2183 return received
40591.921600000016: MET_Broker: The number of finished Cloudlets is:2181
40647.58880000002: MET_Broker: Cloudlet #2184 return received
40647.58880000002: MET_Broker: The number of finished Cloudlets is:2182
40656.58320000002: MET_Broker: Cloudlet #2176 return received
40656.58320000002: MET_Broker: The number of finished Cloudlets is:2183
40662.63720000002: MET_Broker: Cloudlet #2185 return received
40662.63720000002: MET_Broker: The number of finished Cloudlets is:2184
40663.03520000002: MET_Broker: Cloudlet #2179 return received
40663.03520000002: MET_Broker: The number of finished Cloudlets is:2185
40680.03240000002: MET_Broker: Cloudlet #2188 return received
40680.03240000002: MET_Broker: The number of finished Cloudlets is:2186
40695.46440000002: MET_Broker: Cloudlet #2186 return received
40695.46440000002: MET_Broker: The number of finished Cloudlets is:2187
40698.43840000002: MET_Broker: Cloudlet #2189 return received
40698.43840000002: MET_Broker: The number of finished Cloudlets is:2188
40701.47280000002: MET_Broker: Cloudlet #2187 return received
40701.47280000002: MET_Broker: The number of finished Cloudlets is:2189
40702.955600000016: MET_Broker: Cloudlet #2190 return received
40702.955600000016: MET_Broker: The number of finished Cloudlets is:2190
40734.84840000002: MET_Broker: Cloudlet #2192 return received
40734.84840000002: MET_Broker: The number of finished Cloudlets is:2191
40743.92400000001: MET_Broker: Cloudlet #2180 return received
40743.92400000001: MET_Broker: The number of finished Cloudlets is:2192
40746.57680000002: MET_Broker: Cloudlet #2191 return received
40746.57680000002: MET_Broker: The number of finished Cloudlets is:2193
40800.81840000002: MET_Broker: Cloudlet #2195 return received
40800.81840000002: MET_Broker: The number of finished Cloudlets is:2194
40816.78520000002: MET_Broker: Cloudlet #2197 return received
40816.78520000002: MET_Broker: The number of finished Cloudlets is:2195
40873.69800000002: MET_Broker: Cloudlet #2198 return received
40873.69800000002: MET_Broker: The number of finished Cloudlets is:2196
40889.15800000002: MET_Broker: Cloudlet #2199 return received
40889.15800000002: MET_Broker: The number of finished Cloudlets is:2197
40915.76280000002: MET_Broker: Cloudlet #2196 return received
40915.76280000002: MET_Broker: The number of finished Cloudlets is:2198
40922.15640000002: MET_Broker: Cloudlet #2200 return received
40922.15640000002: MET_Broker: The number of finished Cloudlets is:2199
40934.54880000002: MET_Broker: Cloudlet #2202 return received
40934.54880000002: MET_Broker: The number of finished Cloudlets is:2200
40940.64640000002: MET_Broker: Cloudlet #2201 return received
40940.64640000002: MET_Broker: The number of finished Cloudlets is:2201
40948.43640000002: MET_Broker: Cloudlet #2204 return received
40948.43640000002: MET_Broker: The number of finished Cloudlets is:2202
40952.84360000002: MET_Broker: Cloudlet #2203 return received
40952.84360000002: MET_Broker: The number of finished Cloudlets is:2203
40979.15440000002: MET_Broker: Cloudlet #2193 return received
40979.15440000002: MET_Broker: The number of finished Cloudlets is:2204
40996.47960000002: MET_Broker: Cloudlet #2207 return received
40996.47960000002: MET_Broker: The number of finished Cloudlets is:2205
41040.75760000002: MET_Broker: Cloudlet #2208 return received
41040.75760000002: MET_Broker: The number of finished Cloudlets is:2206
41049.48200000002: MET_Broker: Cloudlet #2194 return received
41049.48200000002: MET_Broker: The number of finished Cloudlets is:2207
41054.324000000015: MET_Broker: Cloudlet #2205 return received
41054.324000000015: MET_Broker: The number of finished Cloudlets is:2208
41090.646000000015: MET_Broker: Cloudlet #2209 return received
41090.646000000015: MET_Broker: The number of finished Cloudlets is:2209
41126.240800000014: MET_Broker: Cloudlet #2212 return received
41126.240800000014: MET_Broker: The number of finished Cloudlets is:2210
41147.12880000001: MET_Broker: Cloudlet #2206 return received
41147.12880000001: MET_Broker: The number of finished Cloudlets is:2211
41169.43480000001: MET_Broker: Cloudlet #2213 return received
41169.43480000001: MET_Broker: The number of finished Cloudlets is:2212
41186.40000000001: MET_Broker: Cloudlet #2214 return received
41186.40000000001: MET_Broker: The number of finished Cloudlets is:2213
41227.96360000001: MET_Broker: Cloudlet #2215 return received
41227.96360000001: MET_Broker: The number of finished Cloudlets is:2214
41236.63320000001: MET_Broker: Cloudlet #2216 return received
41236.63320000001: MET_Broker: The number of finished Cloudlets is:2215
41246.44400000001: MET_Broker: Cloudlet #2217 return received
41246.44400000001: MET_Broker: The number of finished Cloudlets is:2216
41252.84760000001: MET_Broker: Cloudlet #2211 return received
41252.84760000001: MET_Broker: The number of finished Cloudlets is:2217
41259.53560000001: MET_Broker: Cloudlet #2220 return received
41259.53560000001: MET_Broker: The number of finished Cloudlets is:2218
41278.93640000001: MET_Broker: Cloudlet #2210 return received
41278.93640000001: MET_Broker: The number of finished Cloudlets is:2219
41281.97680000001: MET_Broker: Cloudlet #2221 return received
41281.97680000001: MET_Broker: The number of finished Cloudlets is:2220
41285.24000000001: MET_Broker: Cloudlet #2218 return received
41285.24000000001: MET_Broker: The number of finished Cloudlets is:2221
41292.18440000001: MET_Broker: Cloudlet #2222 return received
41292.18440000001: MET_Broker: The number of finished Cloudlets is:2222
41323.227200000016: MET_Broker: Cloudlet #2224 return received
41323.227200000016: MET_Broker: The number of finished Cloudlets is:2223
41459.83200000002: MET_Broker: Cloudlet #2223 return received
41459.83200000002: MET_Broker: The number of finished Cloudlets is:2224
41482.58680000002: MET_Broker: Cloudlet #2225 return received
41482.58680000002: MET_Broker: The number of finished Cloudlets is:2225
41485.87920000002: MET_Broker: Cloudlet #2227 return received
41485.87920000002: MET_Broker: The number of finished Cloudlets is:2226
41491.16640000002: MET_Broker: Cloudlet #2228 return received
41491.16640000002: MET_Broker: The number of finished Cloudlets is:2227
41493.70320000002: MET_Broker: Cloudlet #2229 return received
41493.70320000002: MET_Broker: The number of finished Cloudlets is:2228
41507.38320000002: MET_Broker: Cloudlet #2219 return received
41507.38320000002: MET_Broker: The number of finished Cloudlets is:2229
41543.72240000002: MET_Broker: Cloudlet #2231 return received
41543.72240000002: MET_Broker: The number of finished Cloudlets is:2230
41553.51520000002: MET_Broker: Cloudlet #2233 return received
41553.51520000002: MET_Broker: The number of finished Cloudlets is:2231
41564.85840000003: MET_Broker: Cloudlet #2230 return received
41564.85840000003: MET_Broker: The number of finished Cloudlets is:2232
41571.324800000024: MET_Broker: Cloudlet #2234 return received
41571.324800000024: MET_Broker: The number of finished Cloudlets is:2233
41579.372000000025: MET_Broker: Cloudlet #2235 return received
41579.372000000025: MET_Broker: The number of finished Cloudlets is:2234
41626.33360000003: MET_Broker: Cloudlet #2226 return received
41626.33360000003: MET_Broker: The number of finished Cloudlets is:2235
41627.87480000003: MET_Broker: Cloudlet #2237 return received
41627.87480000003: MET_Broker: The number of finished Cloudlets is:2236
41655.23040000003: MET_Broker: Cloudlet #2239 return received
41655.23040000003: MET_Broker: The number of finished Cloudlets is:2237
41666.58840000003: MET_Broker: Cloudlet #2232 return received
41666.58840000003: MET_Broker: The number of finished Cloudlets is:2238
41676.36040000003: MET_Broker: Cloudlet #2238 return received
41676.36040000003: MET_Broker: The number of finished Cloudlets is:2239
41689.931600000025: MET_Broker: Cloudlet #2241 return received
41689.931600000025: MET_Broker: The number of finished Cloudlets is:2240
41693.879200000025: MET_Broker: Cloudlet #2242 return received
41693.879200000025: MET_Broker: The number of finished Cloudlets is:2241
41702.116800000025: MET_Broker: Cloudlet #2240 return received
41702.116800000025: MET_Broker: The number of finished Cloudlets is:2242
41723.06160000002: MET_Broker: Cloudlet #2244 return received
41723.06160000002: MET_Broker: The number of finished Cloudlets is:2243
41736.85400000002: MET_Broker: Cloudlet #2245 return received
41736.85400000002: MET_Broker: The number of finished Cloudlets is:2244
41744.00200000002: MET_Broker: Cloudlet #2243 return received
41744.00200000002: MET_Broker: The number of finished Cloudlets is:2245
41755.75120000002: MET_Broker: Cloudlet #2248 return received
41755.75120000002: MET_Broker: The number of finished Cloudlets is:2246
41775.45560000002: MET_Broker: Cloudlet #2249 return received
41775.45560000002: MET_Broker: The number of finished Cloudlets is:2247
41776.64440000003: MET_Broker: Cloudlet #2246 return received
41776.64440000003: MET_Broker: The number of finished Cloudlets is:2248
41790.576800000024: MET_Broker: Cloudlet #2250 return received
41790.576800000024: MET_Broker: The number of finished Cloudlets is:2249
41793.65360000003: MET_Broker: Cloudlet #2236 return received
41793.65360000003: MET_Broker: The number of finished Cloudlets is:2250
41830.04200000003: MET_Broker: Cloudlet #2253 return received
41830.04200000003: MET_Broker: The number of finished Cloudlets is:2251
41877.60360000003: MET_Broker: Cloudlet #2254 return received
41877.60360000003: MET_Broker: The number of finished Cloudlets is:2252
41907.12560000003: MET_Broker: Cloudlet #2247 return received
41907.12560000003: MET_Broker: The number of finished Cloudlets is:2253
41944.76160000003: MET_Broker: Cloudlet #2256 return received
41944.76160000003: MET_Broker: The number of finished Cloudlets is:2254
41946.347200000026: MET_Broker: Cloudlet #2251 return received
41946.347200000026: MET_Broker: The number of finished Cloudlets is:2255
41952.90840000002: MET_Broker: Cloudlet #2257 return received
41952.90840000002: MET_Broker: The number of finished Cloudlets is:2256
42018.12680000002: MET_Broker: Cloudlet #2258 return received
42018.12680000002: MET_Broker: The number of finished Cloudlets is:2257
42019.55560000002: MET_Broker: Cloudlet #2252 return received
42019.55560000002: MET_Broker: The number of finished Cloudlets is:2258
42031.25960000002: MET_Broker: Cloudlet #2260 return received
42031.25960000002: MET_Broker: The number of finished Cloudlets is:2259
42057.73600000002: MET_Broker: Cloudlet #2255 return received
42057.73600000002: MET_Broker: The number of finished Cloudlets is:2260
42067.31440000002: MET_Broker: Cloudlet #2263 return received
42067.31440000002: MET_Broker: The number of finished Cloudlets is:2261
42075.34120000002: MET_Broker: Cloudlet #2261 return received
42075.34120000002: MET_Broker: The number of finished Cloudlets is:2262
42080.08680000002: MET_Broker: Cloudlet #2264 return received
42080.08680000002: MET_Broker: The number of finished Cloudlets is:2263
42082.385600000016: MET_Broker: Cloudlet #2262 return received
42082.385600000016: MET_Broker: The number of finished Cloudlets is:2264
42107.13080000001: MET_Broker: Cloudlet #2265 return received
42107.13080000001: MET_Broker: The number of finished Cloudlets is:2265
42121.324000000015: MET_Broker: Cloudlet #2268 return received
42121.324000000015: MET_Broker: The number of finished Cloudlets is:2266
42130.63400000001: MET_Broker: Cloudlet #2269 return received
42130.63400000001: MET_Broker: The number of finished Cloudlets is:2267
42142.56400000001: MET_Broker: Cloudlet #2259 return received
42142.56400000001: MET_Broker: The number of finished Cloudlets is:2268
42159.77520000001: MET_Broker: Cloudlet #2271 return received
42159.77520000001: MET_Broker: The number of finished Cloudlets is:2269
42163.14560000001: MET_Broker: Cloudlet #2270 return received
42163.14560000001: MET_Broker: The number of finished Cloudlets is:2270
42171.09920000001: MET_Broker: Cloudlet #2266 return received
42171.09920000001: MET_Broker: The number of finished Cloudlets is:2271
42212.79280000001: MET_Broker: Cloudlet #2272 return received
42212.79280000001: MET_Broker: The number of finished Cloudlets is:2272
42219.83840000001: MET_Broker: Cloudlet #2275 return received
42219.83840000001: MET_Broker: The number of finished Cloudlets is:2273
42227.26280000001: MET_Broker: Cloudlet #2274 return received
42227.26280000001: MET_Broker: The number of finished Cloudlets is:2274
42231.68200000001: MET_Broker: Cloudlet #2276 return received
42231.68200000001: MET_Broker: The number of finished Cloudlets is:2275
42250.57200000001: MET_Broker: Cloudlet #2278 return received
42250.57200000001: MET_Broker: The number of finished Cloudlets is:2276
42264.86000000001: MET_Broker: Cloudlet #2279 return received
42264.86000000001: MET_Broker: The number of finished Cloudlets is:2277
42274.01920000001: MET_Broker: Cloudlet #2273 return received
42274.01920000001: MET_Broker: The number of finished Cloudlets is:2278
42312.03240000001: MET_Broker: Cloudlet #2281 return received
42312.03240000001: MET_Broker: The number of finished Cloudlets is:2279
42314.61960000001: MET_Broker: Cloudlet #2267 return received
42314.61960000001: MET_Broker: The number of finished Cloudlets is:2280
42337.17440000001: MET_Broker: Cloudlet #2277 return received
42337.17440000001: MET_Broker: The number of finished Cloudlets is:2281
42357.53280000001: MET_Broker: Cloudlet #2284 return received
42357.53280000001: MET_Broker: The number of finished Cloudlets is:2282
42402.37080000001: MET_Broker: Cloudlet #2285 return received
42402.37080000001: MET_Broker: The number of finished Cloudlets is:2283
42408.52520000001: MET_Broker: Cloudlet #2286 return received
42408.52520000001: MET_Broker: The number of finished Cloudlets is:2284
42502.269600000014: MET_Broker: Cloudlet #2287 return received
42502.269600000014: MET_Broker: The number of finished Cloudlets is:2285
42538.678800000016: MET_Broker: Cloudlet #2283 return received
42538.678800000016: MET_Broker: The number of finished Cloudlets is:2286
42599.04360000002: MET_Broker: Cloudlet #2288 return received
42599.04360000002: MET_Broker: The number of finished Cloudlets is:2287
42621.78920000002: MET_Broker: Cloudlet #2280 return received
42621.78920000002: MET_Broker: The number of finished Cloudlets is:2288
42623.85400000002: MET_Broker: Cloudlet #2282 return received
42623.85400000002: MET_Broker: The number of finished Cloudlets is:2289
42631.33000000002: MET_Broker: Cloudlet #2290 return received
42631.33000000002: MET_Broker: The number of finished Cloudlets is:2290
42637.79960000002: MET_Broker: Cloudlet #2291 return received
42637.79960000002: MET_Broker: The number of finished Cloudlets is:2291
42672.481200000024: MET_Broker: Cloudlet #2292 return received
42672.481200000024: MET_Broker: The number of finished Cloudlets is:2292
42697.71080000002: MET_Broker: Cloudlet #2289 return received
42697.71080000002: MET_Broker: The number of finished Cloudlets is:2293
42704.25240000002: MET_Broker: Cloudlet #2295 return received
42704.25240000002: MET_Broker: The number of finished Cloudlets is:2294
42758.64440000002: MET_Broker: Cloudlet #2297 return received
42758.64440000002: MET_Broker: The number of finished Cloudlets is:2295
42769.57520000002: MET_Broker: Cloudlet #2293 return received
42769.57520000002: MET_Broker: The number of finished Cloudlets is:2296
42772.40440000002: MET_Broker: Cloudlet #2294 return received
42772.40440000002: MET_Broker: The number of finished Cloudlets is:2297
42776.65160000002: MET_Broker: Cloudlet #2298 return received
42776.65160000002: MET_Broker: The number of finished Cloudlets is:2298
42788.07040000002: MET_Broker: Cloudlet #2300 return received
42788.07040000002: MET_Broker: The number of finished Cloudlets is:2299
42788.73480000002: MET_Broker: Cloudlet #2299 return received
42788.73480000002: MET_Broker: The number of finished Cloudlets is:2300
42838.37080000002: MET_Broker: Cloudlet #2302 return received
42838.37080000002: MET_Broker: The number of finished Cloudlets is:2301
42848.54280000002: MET_Broker: Cloudlet #2304 return received
42848.54280000002: MET_Broker: The number of finished Cloudlets is:2302
42884.71320000002: MET_Broker: Cloudlet #2305 return received
42884.71320000002: MET_Broker: The number of finished Cloudlets is:2303
42919.84800000002: MET_Broker: Cloudlet #2306 return received
42919.84800000002: MET_Broker: The number of finished Cloudlets is:2304
42926.32720000002: MET_Broker: Cloudlet #2301 return received
42926.32720000002: MET_Broker: The number of finished Cloudlets is:2305
42933.00000000002: MET_Broker: Cloudlet #2308 return received
42933.00000000002: MET_Broker: The number of finished Cloudlets is:2306
42946.24160000002: MET_Broker: Cloudlet #2309 return received
42946.24160000002: MET_Broker: The number of finished Cloudlets is:2307
42970.986000000026: MET_Broker: Cloudlet #2296 return received
42970.986000000026: MET_Broker: The number of finished Cloudlets is:2308
43022.559200000025: MET_Broker: Cloudlet #2310 return received
43022.559200000025: MET_Broker: The number of finished Cloudlets is:2309
43059.89000000003: MET_Broker: Cloudlet #2307 return received
43059.89000000003: MET_Broker: The number of finished Cloudlets is:2310
43067.85760000003: MET_Broker: Cloudlet #2313 return received
43067.85760000003: MET_Broker: The number of finished Cloudlets is:2311
43069.40480000003: MET_Broker: Cloudlet #2303 return received
43069.40480000003: MET_Broker: The number of finished Cloudlets is:2312
43074.89680000003: MET_Broker: Cloudlet #2311 return received
43074.89680000003: MET_Broker: The number of finished Cloudlets is:2313
43079.27960000003: MET_Broker: Cloudlet #2312 return received
43079.27960000003: MET_Broker: The number of finished Cloudlets is:2314
43082.75760000003: MET_Broker: Cloudlet #2316 return received
43082.75760000003: MET_Broker: The number of finished Cloudlets is:2315
43114.47200000003: MET_Broker: Cloudlet #2314 return received
43114.47200000003: MET_Broker: The number of finished Cloudlets is:2316
43135.78640000003: MET_Broker: Cloudlet #2317 return received
43135.78640000003: MET_Broker: The number of finished Cloudlets is:2317
43173.44280000003: MET_Broker: Cloudlet #2319 return received
43173.44280000003: MET_Broker: The number of finished Cloudlets is:2318
43216.98720000003: MET_Broker: Cloudlet #2321 return received
43216.98720000003: MET_Broker: The number of finished Cloudlets is:2319
43232.23600000003: MET_Broker: Cloudlet #2322 return received
43232.23600000003: MET_Broker: The number of finished Cloudlets is:2320
43286.100000000035: MET_Broker: Cloudlet #2323 return received
43286.100000000035: MET_Broker: The number of finished Cloudlets is:2321
43345.33200000004: MET_Broker: Cloudlet #2320 return received
43345.33200000004: MET_Broker: The number of finished Cloudlets is:2322
43387.125600000036: MET_Broker: Cloudlet #2315 return received
43387.125600000036: MET_Broker: The number of finished Cloudlets is:2323
43420.57560000003: MET_Broker: Cloudlet #2318 return received
43420.57560000003: MET_Broker: The number of finished Cloudlets is:2324
43438.281200000034: MET_Broker: Cloudlet #2327 return received
43438.281200000034: MET_Broker: The number of finished Cloudlets is:2325
43477.87000000003: MET_Broker: Cloudlet #2328 return received
43477.87000000003: MET_Broker: The number of finished Cloudlets is:2326
43539.42840000003: MET_Broker: Cloudlet #2324 return received
43539.42840000003: MET_Broker: The number of finished Cloudlets is:2327
43543.244000000035: MET_Broker: Cloudlet #2325 return received
43543.244000000035: MET_Broker: The number of finished Cloudlets is:2328
43544.05320000004: MET_Broker: Cloudlet #2329 return received
43544.05320000004: MET_Broker: The number of finished Cloudlets is:2329
43562.00040000004: MET_Broker: Cloudlet #2331 return received
43562.00040000004: MET_Broker: The number of finished Cloudlets is:2330
43586.59200000004: MET_Broker: Cloudlet #2330 return received
43586.59200000004: MET_Broker: The number of finished Cloudlets is:2331
43600.70720000004: MET_Broker: Cloudlet #2334 return received
43600.70720000004: MET_Broker: The number of finished Cloudlets is:2332
43607.24920000004: MET_Broker: Cloudlet #2326 return received
43607.24920000004: MET_Broker: The number of finished Cloudlets is:2333
43615.96440000004: MET_Broker: Cloudlet #2336 return received
43615.96440000004: MET_Broker: The number of finished Cloudlets is:2334
43639.96680000004: MET_Broker: Cloudlet #2335 return received
43639.96680000004: MET_Broker: The number of finished Cloudlets is:2335
43687.945600000035: MET_Broker: Cloudlet #2338 return received
43687.945600000035: MET_Broker: The number of finished Cloudlets is:2336
43706.55960000004: MET_Broker: Cloudlet #2332 return received
43706.55960000004: MET_Broker: The number of finished Cloudlets is:2337
43738.53480000004: MET_Broker: Cloudlet #2340 return received
43738.53480000004: MET_Broker: The number of finished Cloudlets is:2338
43742.39680000004: MET_Broker: Cloudlet #2339 return received
43742.39680000004: MET_Broker: The number of finished Cloudlets is:2339
43763.744000000035: MET_Broker: Cloudlet #2337 return received
43763.744000000035: MET_Broker: The number of finished Cloudlets is:2340
43766.341600000036: MET_Broker: Cloudlet #2341 return received
43766.341600000036: MET_Broker: The number of finished Cloudlets is:2341
43807.97800000004: MET_Broker: Cloudlet #2344 return received
43807.97800000004: MET_Broker: The number of finished Cloudlets is:2342
43812.57240000004: MET_Broker: Cloudlet #2343 return received
43812.57240000004: MET_Broker: The number of finished Cloudlets is:2343
43831.62040000004: MET_Broker: Cloudlet #2333 return received
43831.62040000004: MET_Broker: The number of finished Cloudlets is:2344
43865.98720000005: MET_Broker: Cloudlet #2347 return received
43865.98720000005: MET_Broker: The number of finished Cloudlets is:2345
43877.07560000005: MET_Broker: Cloudlet #2348 return received
43877.07560000005: MET_Broker: The number of finished Cloudlets is:2346
43928.574800000046: MET_Broker: Cloudlet #2342 return received
43928.574800000046: MET_Broker: The number of finished Cloudlets is:2347
43945.447200000046: MET_Broker: Cloudlet #2345 return received
43945.447200000046: MET_Broker: The number of finished Cloudlets is:2348
43961.394000000044: MET_Broker: Cloudlet #2351 return received
43961.394000000044: MET_Broker: The number of finished Cloudlets is:2349
43982.94680000004: MET_Broker: Cloudlet #2350 return received
43982.94680000004: MET_Broker: The number of finished Cloudlets is:2350
43983.62520000004: MET_Broker: Cloudlet #2352 return received
43983.62520000004: MET_Broker: The number of finished Cloudlets is:2351
44000.89480000004: MET_Broker: Cloudlet #2354 return received
44000.89480000004: MET_Broker: The number of finished Cloudlets is:2352
44057.792400000035: MET_Broker: Cloudlet #2355 return received
44057.792400000035: MET_Broker: The number of finished Cloudlets is:2353
44065.29160000003: MET_Broker: Cloudlet #2349 return received
44065.29160000003: MET_Broker: The number of finished Cloudlets is:2354
44073.08520000003: MET_Broker: Cloudlet #2357 return received
44073.08520000003: MET_Broker: The number of finished Cloudlets is:2355
44090.92040000003: MET_Broker: Cloudlet #2356 return received
44090.92040000003: MET_Broker: The number of finished Cloudlets is:2356
44111.586800000034: MET_Broker: Cloudlet #2353 return received
44111.586800000034: MET_Broker: The number of finished Cloudlets is:2357
44116.482800000034: MET_Broker: Cloudlet #2358 return received
44116.482800000034: MET_Broker: The number of finished Cloudlets is:2358
44123.13240000003: MET_Broker: Cloudlet #2361 return received
44123.13240000003: MET_Broker: The number of finished Cloudlets is:2359
44132.15120000003: MET_Broker: Cloudlet #2362 return received
44132.15120000003: MET_Broker: The number of finished Cloudlets is:2360
44147.50320000003: MET_Broker: Cloudlet #2346 return received
44147.50320000003: MET_Broker: The number of finished Cloudlets is:2361
44149.65040000003: MET_Broker: Cloudlet #2360 return received
44149.65040000003: MET_Broker: The number of finished Cloudlets is:2362
44165.07600000003: MET_Broker: Cloudlet #2363 return received
44165.07600000003: MET_Broker: The number of finished Cloudlets is:2363
44209.95840000003: MET_Broker: Cloudlet #2366 return received
44209.95840000003: MET_Broker: The number of finished Cloudlets is:2364
44257.45680000003: MET_Broker: Cloudlet #2365 return received
44257.45680000003: MET_Broker: The number of finished Cloudlets is:2365
44302.489200000025: MET_Broker: Cloudlet #2368 return received
44302.489200000025: MET_Broker: The number of finished Cloudlets is:2366
44309.06200000003: MET_Broker: Cloudlet #2359 return received
44309.06200000003: MET_Broker: The number of finished Cloudlets is:2367
44349.040800000024: MET_Broker: Cloudlet #2364 return received
44349.040800000024: MET_Broker: The number of finished Cloudlets is:2368
44394.15840000002: MET_Broker: Cloudlet #2371 return received
44394.15840000002: MET_Broker: The number of finished Cloudlets is:2369
44394.74920000002: MET_Broker: Cloudlet #2367 return received
44394.74920000002: MET_Broker: The number of finished Cloudlets is:2370
44406.78120000002: MET_Broker: Cloudlet #2373 return received
44406.78120000002: MET_Broker: The number of finished Cloudlets is:2371
44464.78640000002: MET_Broker: Cloudlet #2370 return received
44464.78640000002: MET_Broker: The number of finished Cloudlets is:2372
44474.13240000002: MET_Broker: Cloudlet #2372 return received
44474.13240000002: MET_Broker: The number of finished Cloudlets is:2373
44476.369200000016: MET_Broker: Cloudlet #2374 return received
44476.369200000016: MET_Broker: The number of finished Cloudlets is:2374
44487.424800000015: MET_Broker: Cloudlet #2376 return received
44487.424800000015: MET_Broker: The number of finished Cloudlets is:2375
44491.590400000016: MET_Broker: Cloudlet #2375 return received
44491.590400000016: MET_Broker: The number of finished Cloudlets is:2376
44508.88040000002: MET_Broker: Cloudlet #2379 return received
44508.88040000002: MET_Broker: The number of finished Cloudlets is:2377
44515.75120000001: MET_Broker: Cloudlet #2369 return received
44515.75120000001: MET_Broker: The number of finished Cloudlets is:2378
44542.76360000001: MET_Broker: Cloudlet #2378 return received
44542.76360000001: MET_Broker: The number of finished Cloudlets is:2379
44548.655200000016: MET_Broker: Cloudlet #2380 return received
44548.655200000016: MET_Broker: The number of finished Cloudlets is:2380
44555.63040000002: MET_Broker: Cloudlet #2383 return received
44555.63040000002: MET_Broker: The number of finished Cloudlets is:2381
44604.77600000002: MET_Broker: Cloudlet #2382 return received
44604.77600000002: MET_Broker: The number of finished Cloudlets is:2382
44616.11440000002: MET_Broker: Cloudlet #2377 return received
44616.11440000002: MET_Broker: The number of finished Cloudlets is:2383
44651.981200000024: MET_Broker: Cloudlet #2385 return received
44651.981200000024: MET_Broker: The number of finished Cloudlets is:2384
44667.749600000025: MET_Broker: Cloudlet #2387 return received
44667.749600000025: MET_Broker: The number of finished Cloudlets is:2385
44669.909200000024: MET_Broker: Cloudlet #2384 return received
44669.909200000024: MET_Broker: The number of finished Cloudlets is:2386
44691.60480000002: MET_Broker: Cloudlet #2388 return received
44691.60480000002: MET_Broker: The number of finished Cloudlets is:2387
44703.395600000025: MET_Broker: Cloudlet #2381 return received
44703.395600000025: MET_Broker: The number of finished Cloudlets is:2388
44705.59800000003: MET_Broker: Cloudlet #2389 return received
44705.59800000003: MET_Broker: The number of finished Cloudlets is:2389
44706.217600000025: MET_Broker: Cloudlet #2390 return received
44706.217600000025: MET_Broker: The number of finished Cloudlets is:2390
44736.146800000024: MET_Broker: Cloudlet #2391 return received
44736.146800000024: MET_Broker: The number of finished Cloudlets is:2391
44751.31280000002: MET_Broker: Cloudlet #2394 return received
44751.31280000002: MET_Broker: The number of finished Cloudlets is:2392
44754.08280000002: MET_Broker: Cloudlet #2392 return received
44754.08280000002: MET_Broker: The number of finished Cloudlets is:2393
44755.05360000002: MET_Broker: Cloudlet #2393 return received
44755.05360000002: MET_Broker: The number of finished Cloudlets is:2394
44762.53480000002: MET_Broker: Cloudlet #2395 return received
44762.53480000002: MET_Broker: The number of finished Cloudlets is:2395
44770.76760000002: MET_Broker: Cloudlet #2398 return received
44770.76760000002: MET_Broker: The number of finished Cloudlets is:2396
44777.00000000002: MET_Broker: Cloudlet #2396 return received
44777.00000000002: MET_Broker: The number of finished Cloudlets is:2397
44796.430800000024: MET_Broker: Cloudlet #2400 return received
44796.430800000024: MET_Broker: The number of finished Cloudlets is:2398
44800.66960000002: MET_Broker: Cloudlet #2386 return received
44800.66960000002: MET_Broker: The number of finished Cloudlets is:2399
44805.800000000025: MET_Broker: Cloudlet #2397 return received
44805.800000000025: MET_Broker: The number of finished Cloudlets is:2400
44814.061200000026: MET_Broker: Cloudlet #2401 return received
44814.061200000026: MET_Broker: The number of finished Cloudlets is:2401
44838.58160000003: MET_Broker: Cloudlet #2404 return received
44838.58160000003: MET_Broker: The number of finished Cloudlets is:2402
44843.60680000002: MET_Broker: Cloudlet #2402 return received
44843.60680000002: MET_Broker: The number of finished Cloudlets is:2403
44859.02040000002: MET_Broker: Cloudlet #2403 return received
44859.02040000002: MET_Broker: The number of finished Cloudlets is:2404
44909.628000000026: MET_Broker: Cloudlet #2405 return received
44909.628000000026: MET_Broker: The number of finished Cloudlets is:2405
44922.345200000025: MET_Broker: Cloudlet #2408 return received
44922.345200000025: MET_Broker: The number of finished Cloudlets is:2406
44939.13560000002: MET_Broker: Cloudlet #2407 return received
44939.13560000002: MET_Broker: The number of finished Cloudlets is:2407
44946.62640000002: MET_Broker: Cloudlet #2410 return received
44946.62640000002: MET_Broker: The number of finished Cloudlets is:2408
45004.32800000002: MET_Broker: Cloudlet #2411 return received
45004.32800000002: MET_Broker: The number of finished Cloudlets is:2409
45010.83840000002: MET_Broker: Cloudlet #2412 return received
45010.83840000002: MET_Broker: The number of finished Cloudlets is:2410
45018.50840000002: MET_Broker: Cloudlet #2399 return received
45018.50840000002: MET_Broker: The number of finished Cloudlets is:2411
45023.40040000002: MET_Broker: Cloudlet #2406 return received
45023.40040000002: MET_Broker: The number of finished Cloudlets is:2412
45029.23360000002: MET_Broker: Cloudlet #2414 return received
45029.23360000002: MET_Broker: The number of finished Cloudlets is:2413
45033.02000000002: MET_Broker: Cloudlet #2413 return received
45033.02000000002: MET_Broker: The number of finished Cloudlets is:2414
45037.16000000002: MET_Broker: Cloudlet #2416 return received
45037.16000000002: MET_Broker: The number of finished Cloudlets is:2415
45042.939200000015: MET_Broker: Cloudlet #2417 return received
45042.939200000015: MET_Broker: The number of finished Cloudlets is:2416
45107.511200000015: MET_Broker: Cloudlet #2419 return received
45107.511200000015: MET_Broker: The number of finished Cloudlets is:2417
45125.701600000015: MET_Broker: Cloudlet #2420 return received
45125.701600000015: MET_Broker: The number of finished Cloudlets is:2418
45161.21960000001: MET_Broker: Cloudlet #2418 return received
45161.21960000001: MET_Broker: The number of finished Cloudlets is:2419
45179.40280000001: MET_Broker: Cloudlet #2421 return received
45179.40280000001: MET_Broker: The number of finished Cloudlets is:2420
45187.26840000001: MET_Broker: Cloudlet #2423 return received
45187.26840000001: MET_Broker: The number of finished Cloudlets is:2421
45194.76640000001: MET_Broker: Cloudlet #2415 return received
45194.76640000001: MET_Broker: The number of finished Cloudlets is:2422
45215.18920000001: MET_Broker: Cloudlet #2425 return received
45215.18920000001: MET_Broker: The number of finished Cloudlets is:2423
45219.88960000001: MET_Broker: Cloudlet #2424 return received
45219.88960000001: MET_Broker: The number of finished Cloudlets is:2424
45225.80640000001: MET_Broker: Cloudlet #2426 return received
45225.80640000001: MET_Broker: The number of finished Cloudlets is:2425
45254.36400000001: MET_Broker: Cloudlet #2409 return received
45254.36400000001: MET_Broker: The number of finished Cloudlets is:2426
45270.12920000001: MET_Broker: Cloudlet #2427 return received
45270.12920000001: MET_Broker: The number of finished Cloudlets is:2427
45285.01840000001: MET_Broker: Cloudlet #2422 return received
45285.01840000001: MET_Broker: The number of finished Cloudlets is:2428
45311.09160000001: MET_Broker: Cloudlet #2429 return received
45311.09160000001: MET_Broker: The number of finished Cloudlets is:2429
45312.527200000004: MET_Broker: Cloudlet #2430 return received
45312.527200000004: MET_Broker: The number of finished Cloudlets is:2430
45330.3404: MET_Broker: Cloudlet #2432 return received
45330.3404: MET_Broker: The number of finished Cloudlets is:2431
45420.2224: MET_Broker: Cloudlet #2431 return received
45420.2224: MET_Broker: The number of finished Cloudlets is:2432
45504.8644: MET_Broker: Cloudlet #2433 return received
45504.8644: MET_Broker: The number of finished Cloudlets is:2433
45508.2028: MET_Broker: Cloudlet #2428 return received
45508.2028: MET_Broker: The number of finished Cloudlets is:2434
45515.4084: MET_Broker: Cloudlet #2434 return received
45515.4084: MET_Broker: The number of finished Cloudlets is:2435
45522.7672: MET_Broker: Cloudlet #2437 return received
45522.7672: MET_Broker: The number of finished Cloudlets is:2436
45530.7032: MET_Broker: Cloudlet #2439 return received
45530.7032: MET_Broker: The number of finished Cloudlets is:2437
45531.9568: MET_Broker: Cloudlet #2438 return received
45531.9568: MET_Broker: The number of finished Cloudlets is:2438
45540.5908: MET_Broker: Cloudlet #2436 return received
45540.5908: MET_Broker: The number of finished Cloudlets is:2439
45551.5344: MET_Broker: Cloudlet #2441 return received
45551.5344: MET_Broker: The number of finished Cloudlets is:2440
45559.2576: MET_Broker: Cloudlet #2442 return received
45559.2576: MET_Broker: The number of finished Cloudlets is:2441
45577.522399999994: MET_Broker: Cloudlet #2443 return received
45577.522399999994: MET_Broker: The number of finished Cloudlets is:2442
45582.4212: MET_Broker: Cloudlet #2440 return received
45582.4212: MET_Broker: The number of finished Cloudlets is:2443
45599.8964: MET_Broker: Cloudlet #2446 return received
45599.8964: MET_Broker: The number of finished Cloudlets is:2444
45618.3976: MET_Broker: Cloudlet #2445 return received
45618.3976: MET_Broker: The number of finished Cloudlets is:2445
45682.083999999995: MET_Broker: Cloudlet #2435 return received
45682.083999999995: MET_Broker: The number of finished Cloudlets is:2446
45684.15439999999: MET_Broker: Cloudlet #2448 return received
45684.15439999999: MET_Broker: The number of finished Cloudlets is:2447
45686.26559999999: MET_Broker: Cloudlet #2444 return received
45686.26559999999: MET_Broker: The number of finished Cloudlets is:2448
45733.04679999999: MET_Broker: Cloudlet #2451 return received
45733.04679999999: MET_Broker: The number of finished Cloudlets is:2449
45740.57759999999: MET_Broker: Cloudlet #2449 return received
45740.57759999999: MET_Broker: The number of finished Cloudlets is:2450
45763.67959999999: MET_Broker: Cloudlet #2453 return received
45763.67959999999: MET_Broker: The number of finished Cloudlets is:2451
45776.48839999999: MET_Broker: Cloudlet #2447 return received
45776.48839999999: MET_Broker: The number of finished Cloudlets is:2452
45831.00799999999: MET_Broker: Cloudlet #2455 return received
45831.00799999999: MET_Broker: The number of finished Cloudlets is:2453
45883.99319999999: MET_Broker: Cloudlet #2452 return received
45883.99319999999: MET_Broker: The number of finished Cloudlets is:2454
45900.70199999999: MET_Broker: Cloudlet #2457 return received
45900.70199999999: MET_Broker: The number of finished Cloudlets is:2455
45911.083199999994: MET_Broker: Cloudlet #2454 return received
45911.083199999994: MET_Broker: The number of finished Cloudlets is:2456
45923.279599999994: MET_Broker: Cloudlet #2459 return received
45923.279599999994: MET_Broker: The number of finished Cloudlets is:2457
45929.075999999994: MET_Broker: Cloudlet #2458 return received
45929.075999999994: MET_Broker: The number of finished Cloudlets is:2458
45931.72759999999: MET_Broker: Cloudlet #2460 return received
45931.72759999999: MET_Broker: The number of finished Cloudlets is:2459
45940.61639999999: MET_Broker: Cloudlet #2456 return received
45940.61639999999: MET_Broker: The number of finished Cloudlets is:2460
45956.26559999999: MET_Broker: Cloudlet #2450 return received
45956.26559999999: MET_Broker: The number of finished Cloudlets is:2461
45975.09319999999: MET_Broker: Cloudlet #2464 return received
45975.09319999999: MET_Broker: The number of finished Cloudlets is:2462
45975.30679999999: MET_Broker: Cloudlet #2462 return received
45975.30679999999: MET_Broker: The number of finished Cloudlets is:2463
45987.42919999999: MET_Broker: Cloudlet #2466 return received
45987.42919999999: MET_Broker: The number of finished Cloudlets is:2464
46004.67799999999: MET_Broker: Cloudlet #2467 return received
46004.67799999999: MET_Broker: The number of finished Cloudlets is:2465
46016.98399999999: MET_Broker: Cloudlet #2468 return received
46016.98399999999: MET_Broker: The number of finished Cloudlets is:2466
46070.13599999999: MET_Broker: Cloudlet #2463 return received
46070.13599999999: MET_Broker: The number of finished Cloudlets is:2467
46083.435999999994: MET_Broker: Cloudlet #2470 return received
46083.435999999994: MET_Broker: The number of finished Cloudlets is:2468
46086.42999999999: MET_Broker: Cloudlet #2461 return received
46086.42999999999: MET_Broker: The number of finished Cloudlets is:2469
46101.267199999995: MET_Broker: Cloudlet #2469 return received
46101.267199999995: MET_Broker: The number of finished Cloudlets is:2470
46184.845199999996: MET_Broker: Cloudlet #2465 return received
46184.845199999996: MET_Broker: The number of finished Cloudlets is:2471
46205.200399999994: MET_Broker: Cloudlet #2474 return received
46205.200399999994: MET_Broker: The number of finished Cloudlets is:2472
46215.6732: MET_Broker: Cloudlet #2473 return received
46215.6732: MET_Broker: The number of finished Cloudlets is:2473
46226.0756: MET_Broker: Cloudlet #2475 return received
46226.0756: MET_Broker: The number of finished Cloudlets is:2474
46233.2748: MET_Broker: Cloudlet #2476 return received
46233.2748: MET_Broker: The number of finished Cloudlets is:2475
46245.5652: MET_Broker: Cloudlet #2477 return received
46245.5652: MET_Broker: The number of finished Cloudlets is:2476
46257.0064: MET_Broker: Cloudlet #2471 return received
46257.0064: MET_Broker: The number of finished Cloudlets is:2477
46294.9464: MET_Broker: Cloudlet #2478 return received
46294.9464: MET_Broker: The number of finished Cloudlets is:2478
46306.649600000004: MET_Broker: Cloudlet #2480 return received
46306.649600000004: MET_Broker: The number of finished Cloudlets is:2479
46328.55960000001: MET_Broker: Cloudlet #2472 return received
46328.55960000001: MET_Broker: The number of finished Cloudlets is:2480
46331.34840000001: MET_Broker: Cloudlet #2482 return received
46331.34840000001: MET_Broker: The number of finished Cloudlets is:2481
46347.62240000001: MET_Broker: Cloudlet #2481 return received
46347.62240000001: MET_Broker: The number of finished Cloudlets is:2482
46366.72480000001: MET_Broker: Cloudlet #2485 return received
46366.72480000001: MET_Broker: The number of finished Cloudlets is:2483
46366.81720000001: MET_Broker: Cloudlet #2484 return received
46366.81720000001: MET_Broker: The number of finished Cloudlets is:2484
46384.030800000015: MET_Broker: Cloudlet #2486 return received
46384.030800000015: MET_Broker: The number of finished Cloudlets is:2485
46399.746000000014: MET_Broker: Cloudlet #2487 return received
46399.746000000014: MET_Broker: The number of finished Cloudlets is:2486
46417.668800000014: MET_Broker: Cloudlet #2489 return received
46417.668800000014: MET_Broker: The number of finished Cloudlets is:2487
46426.49760000002: MET_Broker: Cloudlet #2479 return received
46426.49760000002: MET_Broker: The number of finished Cloudlets is:2488
46462.42760000002: MET_Broker: Cloudlet #2488 return received
46462.42760000002: MET_Broker: The number of finished Cloudlets is:2489
46474.20600000002: MET_Broker: Cloudlet #2492 return received
46474.20600000002: MET_Broker: The number of finished Cloudlets is:2490
46510.42200000002: MET_Broker: Cloudlet #2493 return received
46510.42200000002: MET_Broker: The number of finished Cloudlets is:2491
46613.01960000002: MET_Broker: Cloudlet #2491 return received
46613.01960000002: MET_Broker: The number of finished Cloudlets is:2492
46623.625200000024: MET_Broker: Cloudlet #2495 return received
46623.625200000024: MET_Broker: The number of finished Cloudlets is:2493
46650.78320000003: MET_Broker: Cloudlet #2483 return received
46650.78320000003: MET_Broker: The number of finished Cloudlets is:2494
46761.55640000003: MET_Broker: Cloudlet #2494 return received
46761.55640000003: MET_Broker: The number of finished Cloudlets is:2495
46774.51960000003: MET_Broker: Cloudlet #2498 return received
46774.51960000003: MET_Broker: The number of finished Cloudlets is:2496
46775.70920000003: MET_Broker: Cloudlet #2490 return received
46775.70920000003: MET_Broker: The number of finished Cloudlets is:2497
46789.466800000024: MET_Broker: Cloudlet #2497 return received
46789.466800000024: MET_Broker: The number of finished Cloudlets is:2498
46808.31720000003: MET_Broker: Cloudlet #2500 return received
46808.31720000003: MET_Broker: The number of finished Cloudlets is:2499
46813.78840000003: MET_Broker: Cloudlet #2501 return received
46813.78840000003: MET_Broker: The number of finished Cloudlets is:2500
46817.043600000026: MET_Broker: Cloudlet #2496 return received
46817.043600000026: MET_Broker: The number of finished Cloudlets is:2501
46818.43400000002: MET_Broker: Cloudlet #2502 return received
46818.43400000002: MET_Broker: The number of finished Cloudlets is:2502
46822.694000000025: MET_Broker: Cloudlet #2499 return received
46822.694000000025: MET_Broker: The number of finished Cloudlets is:2503
46826.93240000003: MET_Broker: Cloudlet #2503 return received
46826.93240000003: MET_Broker: The number of finished Cloudlets is:2504
46836.240400000024: MET_Broker: Cloudlet #2507 return received
46836.240400000024: MET_Broker: The number of finished Cloudlets is:2505
46851.45080000003: MET_Broker: Cloudlet #2505 return received
46851.45080000003: MET_Broker: The number of finished Cloudlets is:2506
46864.86520000003: MET_Broker: Cloudlet #2509 return received
46864.86520000003: MET_Broker: The number of finished Cloudlets is:2507
46865.46920000003: MET_Broker: Cloudlet #2504 return received
46865.46920000003: MET_Broker: The number of finished Cloudlets is:2508
46907.885200000026: MET_Broker: Cloudlet #2510 return received
46907.885200000026: MET_Broker: The number of finished Cloudlets is:2509
46920.546800000026: MET_Broker: Cloudlet #2508 return received
46920.546800000026: MET_Broker: The number of finished Cloudlets is:2510
46929.26360000003: MET_Broker: Cloudlet #2512 return received
46929.26360000003: MET_Broker: The number of finished Cloudlets is:2511
46935.724800000025: MET_Broker: Cloudlet #2513 return received
46935.724800000025: MET_Broker: The number of finished Cloudlets is:2512
46962.63280000003: MET_Broker: Cloudlet #2514 return received
46962.63280000003: MET_Broker: The number of finished Cloudlets is:2513
46971.64120000003: MET_Broker: Cloudlet #2516 return received
46971.64120000003: MET_Broker: The number of finished Cloudlets is:2514
46980.320400000026: MET_Broker: Cloudlet #2517 return received
46980.320400000026: MET_Broker: The number of finished Cloudlets is:2515
46999.97760000003: MET_Broker: Cloudlet #2511 return received
46999.97760000003: MET_Broker: The number of finished Cloudlets is:2516
47008.18920000003: MET_Broker: Cloudlet #2518 return received
47008.18920000003: MET_Broker: The number of finished Cloudlets is:2517
47011.48440000003: MET_Broker: Cloudlet #2519 return received
47011.48440000003: MET_Broker: The number of finished Cloudlets is:2518
47038.87920000003: MET_Broker: Cloudlet #2520 return received
47038.87920000003: MET_Broker: The number of finished Cloudlets is:2519
47051.980800000034: MET_Broker: Cloudlet #2522 return received
47051.980800000034: MET_Broker: The number of finished Cloudlets is:2520
47074.206800000036: MET_Broker: Cloudlet #2515 return received
47074.206800000036: MET_Broker: The number of finished Cloudlets is:2521
47166.011600000034: MET_Broker: Cloudlet #2506 return received
47166.011600000034: MET_Broker: The number of finished Cloudlets is:2522
47172.70880000004: MET_Broker: Cloudlet #2521 return received
47172.70880000004: MET_Broker: The number of finished Cloudlets is:2523
47182.656400000036: MET_Broker: Cloudlet #2525 return received
47182.656400000036: MET_Broker: The number of finished Cloudlets is:2524
47188.844800000035: MET_Broker: Cloudlet #2527 return received
47188.844800000035: MET_Broker: The number of finished Cloudlets is:2525
47196.578400000035: MET_Broker: Cloudlet #2523 return received
47196.578400000035: MET_Broker: The number of finished Cloudlets is:2526
47214.50000000004: MET_Broker: Cloudlet #2529 return received
47214.50000000004: MET_Broker: The number of finished Cloudlets is:2527
47248.22000000004: MET_Broker: Cloudlet #2524 return received
47248.22000000004: MET_Broker: The number of finished Cloudlets is:2528
47263.104000000036: MET_Broker: Cloudlet #2530 return received
47263.104000000036: MET_Broker: The number of finished Cloudlets is:2529
47267.08800000003: MET_Broker: Cloudlet #2531 return received
47267.08800000003: MET_Broker: The number of finished Cloudlets is:2530
47299.73000000003: MET_Broker: Cloudlet #2533 return received
47299.73000000003: MET_Broker: The number of finished Cloudlets is:2531
47307.44280000003: MET_Broker: Cloudlet #2534 return received
47307.44280000003: MET_Broker: The number of finished Cloudlets is:2532
47337.98000000003: MET_Broker: Cloudlet #2535 return received
47337.98000000003: MET_Broker: The number of finished Cloudlets is:2533
47409.15640000003: MET_Broker: Cloudlet #2526 return received
47409.15640000003: MET_Broker: The number of finished Cloudlets is:2534
47488.43520000003: MET_Broker: Cloudlet #2536 return received
47488.43520000003: MET_Broker: The number of finished Cloudlets is:2535
47530.05680000003: MET_Broker: Cloudlet #2538 return received
47530.05680000003: MET_Broker: The number of finished Cloudlets is:2536
47532.17200000003: MET_Broker: Cloudlet #2537 return received
47532.17200000003: MET_Broker: The number of finished Cloudlets is:2537
47532.718800000024: MET_Broker: Cloudlet #2528 return received
47532.718800000024: MET_Broker: The number of finished Cloudlets is:2538
47538.11920000002: MET_Broker: Cloudlet #2532 return received
47538.11920000002: MET_Broker: The number of finished Cloudlets is:2539
47546.26840000002: MET_Broker: Cloudlet #2540 return received
47546.26840000002: MET_Broker: The number of finished Cloudlets is:2540
47557.97520000002: MET_Broker: Cloudlet #2539 return received
47557.97520000002: MET_Broker: The number of finished Cloudlets is:2541
47578.48360000002: MET_Broker: Cloudlet #2542 return received
47578.48360000002: MET_Broker: The number of finished Cloudlets is:2542
47594.562400000024: MET_Broker: Cloudlet #2545 return received
47594.562400000024: MET_Broker: The number of finished Cloudlets is:2543
47594.91360000002: MET_Broker: Cloudlet #2543 return received
47594.91360000002: MET_Broker: The number of finished Cloudlets is:2544
47619.20600000002: MET_Broker: Cloudlet #2547 return received
47619.20600000002: MET_Broker: The number of finished Cloudlets is:2545
47659.55880000002: MET_Broker: Cloudlet #2541 return received
47659.55880000002: MET_Broker: The number of finished Cloudlets is:2546
47676.45800000002: MET_Broker: Cloudlet #2549 return received
47676.45800000002: MET_Broker: The number of finished Cloudlets is:2547
47685.17120000002: MET_Broker: Cloudlet #2550 return received
47685.17120000002: MET_Broker: The number of finished Cloudlets is:2548
47732.93040000002: MET_Broker: Cloudlet #2551 return received
47732.93040000002: MET_Broker: The number of finished Cloudlets is:2549
47809.78560000002: MET_Broker: Cloudlet #2546 return received
47809.78560000002: MET_Broker: The number of finished Cloudlets is:2550
47819.18440000002: MET_Broker: Cloudlet #2548 return received
47819.18440000002: MET_Broker: The number of finished Cloudlets is:2551
47837.80840000002: MET_Broker: Cloudlet #2553 return received
47837.80840000002: MET_Broker: The number of finished Cloudlets is:2552
47881.873200000024: MET_Broker: Cloudlet #2555 return received
47881.873200000024: MET_Broker: The number of finished Cloudlets is:2553
47888.63200000003: MET_Broker: Cloudlet #2556 return received
47888.63200000003: MET_Broker: The number of finished Cloudlets is:2554
47893.639600000024: MET_Broker: Cloudlet #2554 return received
47893.639600000024: MET_Broker: The number of finished Cloudlets is:2555
47898.793600000026: MET_Broker: Cloudlet #2544 return received
47898.793600000026: MET_Broker: The number of finished Cloudlets is:2556
47925.052000000025: MET_Broker: Cloudlet #2557 return received
47925.052000000025: MET_Broker: The number of finished Cloudlets is:2557
47929.661200000024: MET_Broker: Cloudlet #2559 return received
47929.661200000024: MET_Broker: The number of finished Cloudlets is:2558
47967.79440000002: MET_Broker: Cloudlet #2561 return received
47967.79440000002: MET_Broker: The number of finished Cloudlets is:2559
47982.03040000002: MET_Broker: Cloudlet #2562 return received
47982.03040000002: MET_Broker: The number of finished Cloudlets is:2560
48010.79960000002: MET_Broker: Cloudlet #2563 return received
48010.79960000002: MET_Broker: The number of finished Cloudlets is:2561
48060.13680000002: MET_Broker: Cloudlet #2552 return received
48060.13680000002: MET_Broker: The number of finished Cloudlets is:2562
48069.56200000002: MET_Broker: Cloudlet #2560 return received
48069.56200000002: MET_Broker: The number of finished Cloudlets is:2563
48083.48560000002: MET_Broker: Cloudlet #2565 return received
48083.48560000002: MET_Broker: The number of finished Cloudlets is:2564
48092.21200000002: MET_Broker: Cloudlet #2566 return received
48092.21200000002: MET_Broker: The number of finished Cloudlets is:2565
48107.69760000002: MET_Broker: Cloudlet #2568 return received
48107.69760000002: MET_Broker: The number of finished Cloudlets is:2566
48118.50760000002: MET_Broker: Cloudlet #2569 return received
48118.50760000002: MET_Broker: The number of finished Cloudlets is:2567
48122.41920000002: MET_Broker: Cloudlet #2567 return received
48122.41920000002: MET_Broker: The number of finished Cloudlets is:2568
48132.302400000015: MET_Broker: Cloudlet #2570 return received
48132.302400000015: MET_Broker: The number of finished Cloudlets is:2569
48165.407200000016: MET_Broker: Cloudlet #2571 return received
48165.407200000016: MET_Broker: The number of finished Cloudlets is:2570
48171.77200000002: MET_Broker: Cloudlet #2573 return received
48171.77200000002: MET_Broker: The number of finished Cloudlets is:2571
48174.35440000002: MET_Broker: Cloudlet #2558 return received
48174.35440000002: MET_Broker: The number of finished Cloudlets is:2572
48189.07160000002: MET_Broker: Cloudlet #2574 return received
48189.07160000002: MET_Broker: The number of finished Cloudlets is:2573
48232.77280000002: MET_Broker: Cloudlet #2575 return received
48232.77280000002: MET_Broker: The number of finished Cloudlets is:2574
48236.09920000002: MET_Broker: Cloudlet #2576 return received
48236.09920000002: MET_Broker: The number of finished Cloudlets is:2575
48251.37920000002: MET_Broker: Cloudlet #2564 return received
48251.37920000002: MET_Broker: The number of finished Cloudlets is:2576
48285.96640000002: MET_Broker: Cloudlet #2579 return received
48285.96640000002: MET_Broker: The number of finished Cloudlets is:2577
48293.10240000002: MET_Broker: Cloudlet #2578 return received
48293.10240000002: MET_Broker: The number of finished Cloudlets is:2578
48300.687200000015: MET_Broker: Cloudlet #2572 return received
48300.687200000015: MET_Broker: The number of finished Cloudlets is:2579
48380.780800000015: MET_Broker: Cloudlet #2577 return received
48380.780800000015: MET_Broker: The number of finished Cloudlets is:2580
48402.58480000001: MET_Broker: Cloudlet #2580 return received
48402.58480000001: MET_Broker: The number of finished Cloudlets is:2581
48421.54240000001: MET_Broker: Cloudlet #2584 return received
48421.54240000001: MET_Broker: The number of finished Cloudlets is:2582
48439.133600000016: MET_Broker: Cloudlet #2583 return received
48439.133600000016: MET_Broker: The number of finished Cloudlets is:2583
48476.55400000002: MET_Broker: Cloudlet #2585 return received
48476.55400000002: MET_Broker: The number of finished Cloudlets is:2584
48479.94680000002: MET_Broker: Cloudlet #2582 return received
48479.94680000002: MET_Broker: The number of finished Cloudlets is:2585
48521.09200000002: MET_Broker: Cloudlet #2587 return received
48521.09200000002: MET_Broker: The number of finished Cloudlets is:2586
48543.18040000002: MET_Broker: Cloudlet #2589 return received
48543.18040000002: MET_Broker: The number of finished Cloudlets is:2587
48579.78960000002: MET_Broker: Cloudlet #2588 return received
48579.78960000002: MET_Broker: The number of finished Cloudlets is:2588
48592.02840000002: MET_Broker: Cloudlet #2591 return received
48592.02840000002: MET_Broker: The number of finished Cloudlets is:2589
48592.628400000016: MET_Broker: Cloudlet #2590 return received
48592.628400000016: MET_Broker: The number of finished Cloudlets is:2590
48600.051200000016: MET_Broker: Cloudlet #2592 return received
48600.051200000016: MET_Broker: The number of finished Cloudlets is:2591
48620.818000000014: MET_Broker: Cloudlet #2581 return received
48620.818000000014: MET_Broker: The number of finished Cloudlets is:2592
48632.09080000001: MET_Broker: Cloudlet #2595 return received
48632.09080000001: MET_Broker: The number of finished Cloudlets is:2593
48647.865200000015: MET_Broker: Cloudlet #2594 return received
48647.865200000015: MET_Broker: The number of finished Cloudlets is:2594
48652.07840000001: MET_Broker: Cloudlet #2593 return received
48652.07840000001: MET_Broker: The number of finished Cloudlets is:2595
48685.88320000001: MET_Broker: Cloudlet #2586 return received
48685.88320000001: MET_Broker: The number of finished Cloudlets is:2596
48702.61640000001: MET_Broker: Cloudlet #2598 return received
48702.61640000001: MET_Broker: The number of finished Cloudlets is:2597
48713.63040000002: MET_Broker: Cloudlet #2596 return received
48713.63040000002: MET_Broker: The number of finished Cloudlets is:2598
48720.972000000016: MET_Broker: Cloudlet #2599 return received
48720.972000000016: MET_Broker: The number of finished Cloudlets is:2599
48728.527600000016: MET_Broker: Cloudlet #2600 return received
48728.527600000016: MET_Broker: The number of finished Cloudlets is:2600
48735.265200000016: MET_Broker: Cloudlet #2602 return received
48735.265200000016: MET_Broker: The number of finished Cloudlets is:2601
48762.50480000002: MET_Broker: Cloudlet #2604 return received
48762.50480000002: MET_Broker: The number of finished Cloudlets is:2602
48778.09520000002: MET_Broker: Cloudlet #2605 return received
48778.09520000002: MET_Broker: The number of finished Cloudlets is:2603
48783.17920000002: MET_Broker: Cloudlet #2603 return received
48783.17920000002: MET_Broker: The number of finished Cloudlets is:2604
48788.80240000002: MET_Broker: Cloudlet #2597 return received
48788.80240000002: MET_Broker: The number of finished Cloudlets is:2605
48805.12560000002: MET_Broker: Cloudlet #2606 return received
48805.12560000002: MET_Broker: The number of finished Cloudlets is:2606
48807.74200000002: MET_Broker: Cloudlet #2601 return received
48807.74200000002: MET_Broker: The number of finished Cloudlets is:2607
48816.41320000002: MET_Broker: Cloudlet #2610 return received
48816.41320000002: MET_Broker: The number of finished Cloudlets is:2608
48831.15040000002: MET_Broker: Cloudlet #2611 return received
48831.15040000002: MET_Broker: The number of finished Cloudlets is:2609
48838.71800000002: MET_Broker: Cloudlet #2609 return received
48838.71800000002: MET_Broker: The number of finished Cloudlets is:2610
48852.738400000024: MET_Broker: Cloudlet #2612 return received
48852.738400000024: MET_Broker: The number of finished Cloudlets is:2611
48861.57200000002: MET_Broker: Cloudlet #2614 return received
48861.57200000002: MET_Broker: The number of finished Cloudlets is:2612
48896.18240000002: MET_Broker: Cloudlet #2607 return received
48896.18240000002: MET_Broker: The number of finished Cloudlets is:2613
48966.44840000002: MET_Broker: Cloudlet #2616 return received
48966.44840000002: MET_Broker: The number of finished Cloudlets is:2614
48977.493200000026: MET_Broker: Cloudlet #2608 return received
48977.493200000026: MET_Broker: The number of finished Cloudlets is:2615
49000.014000000025: MET_Broker: Cloudlet #2617 return received
49000.014000000025: MET_Broker: The number of finished Cloudlets is:2616
49040.760000000024: MET_Broker: Cloudlet #2619 return received
49040.760000000024: MET_Broker: The number of finished Cloudlets is:2617
49052.29720000002: MET_Broker: Cloudlet #2620 return received
49052.29720000002: MET_Broker: The number of finished Cloudlets is:2618
49086.89440000002: MET_Broker: Cloudlet #2615 return received
49086.89440000002: MET_Broker: The number of finished Cloudlets is:2619
49097.75680000002: MET_Broker: Cloudlet #2613 return received
49097.75680000002: MET_Broker: The number of finished Cloudlets is:2620
49104.93880000002: MET_Broker: Cloudlet #2618 return received
49104.93880000002: MET_Broker: The number of finished Cloudlets is:2621
49105.43520000002: MET_Broker: Cloudlet #2623 return received
49105.43520000002: MET_Broker: The number of finished Cloudlets is:2622
49119.07000000002: MET_Broker: Cloudlet #2625 return received
49119.07000000002: MET_Broker: The number of finished Cloudlets is:2623
49127.96600000002: MET_Broker: Cloudlet #2624 return received
49127.96600000002: MET_Broker: The number of finished Cloudlets is:2624
49137.04400000002: MET_Broker: Cloudlet #2626 return received
49137.04400000002: MET_Broker: The number of finished Cloudlets is:2625
49144.971600000026: MET_Broker: Cloudlet #2627 return received
49144.971600000026: MET_Broker: The number of finished Cloudlets is:2626
49147.201200000025: MET_Broker: Cloudlet #2622 return received
49147.201200000025: MET_Broker: The number of finished Cloudlets is:2627
49157.24480000002: MET_Broker: Cloudlet #2630 return received
49157.24480000002: MET_Broker: The number of finished Cloudlets is:2628
49160.35120000002: MET_Broker: Cloudlet #2629 return received
49160.35120000002: MET_Broker: The number of finished Cloudlets is:2629
49207.28040000002: MET_Broker: Cloudlet #2631 return received
49207.28040000002: MET_Broker: The number of finished Cloudlets is:2630
49219.60960000002: MET_Broker: Cloudlet #2621 return received
49219.60960000002: MET_Broker: The number of finished Cloudlets is:2631
49220.127600000014: MET_Broker: Cloudlet #2633 return received
49220.127600000014: MET_Broker: The number of finished Cloudlets is:2632
49233.07960000001: MET_Broker: Cloudlet #2635 return received
49233.07960000001: MET_Broker: The number of finished Cloudlets is:2633
49275.59040000001: MET_Broker: Cloudlet #2632 return received
49275.59040000001: MET_Broker: The number of finished Cloudlets is:2634
49283.479600000006: MET_Broker: Cloudlet #2637 return received
49283.479600000006: MET_Broker: The number of finished Cloudlets is:2635
49311.762800000004: MET_Broker: Cloudlet #2638 return received
49311.762800000004: MET_Broker: The number of finished Cloudlets is:2636
49328.85800000001: MET_Broker: Cloudlet #2639 return received
49328.85800000001: MET_Broker: The number of finished Cloudlets is:2637
49383.130000000005: MET_Broker: Cloudlet #2640 return received
49383.130000000005: MET_Broker: The number of finished Cloudlets is:2638
49391.94040000001: MET_Broker: Cloudlet #2634 return received
49391.94040000001: MET_Broker: The number of finished Cloudlets is:2639
49403.362400000005: MET_Broker: Cloudlet #2642 return received
49403.362400000005: MET_Broker: The number of finished Cloudlets is:2640
49440.36200000001: MET_Broker: Cloudlet #2641 return received
49440.36200000001: MET_Broker: The number of finished Cloudlets is:2641
49450.84760000001: MET_Broker: Cloudlet #2643 return received
49450.84760000001: MET_Broker: The number of finished Cloudlets is:2642
49462.94640000001: MET_Broker: Cloudlet #2645 return received
49462.94640000001: MET_Broker: The number of finished Cloudlets is:2643
49486.01600000001: MET_Broker: Cloudlet #2628 return received
49486.01600000001: MET_Broker: The number of finished Cloudlets is:2644
49538.24040000001: MET_Broker: Cloudlet #2647 return received
49538.24040000001: MET_Broker: The number of finished Cloudlets is:2645
49554.56720000001: MET_Broker: Cloudlet #2646 return received
49554.56720000001: MET_Broker: The number of finished Cloudlets is:2646
49575.926000000014: MET_Broker: Cloudlet #2649 return received
49575.926000000014: MET_Broker: The number of finished Cloudlets is:2647
49586.275600000015: MET_Broker: Cloudlet #2636 return received
49586.275600000015: MET_Broker: The number of finished Cloudlets is:2648
49609.80160000001: MET_Broker: Cloudlet #2650 return received
49609.80160000001: MET_Broker: The number of finished Cloudlets is:2649
49633.214000000014: MET_Broker: Cloudlet #2644 return received
49633.214000000014: MET_Broker: The number of finished Cloudlets is:2650
49640.13120000002: MET_Broker: Cloudlet #2648 return received
49640.13120000002: MET_Broker: The number of finished Cloudlets is:2651
49644.30360000002: MET_Broker: Cloudlet #2651 return received
49644.30360000002: MET_Broker: The number of finished Cloudlets is:2652
49646.826800000024: MET_Broker: Cloudlet #2654 return received
49646.826800000024: MET_Broker: The number of finished Cloudlets is:2653
49654.882400000024: MET_Broker: Cloudlet #2652 return received
49654.882400000024: MET_Broker: The number of finished Cloudlets is:2654
49663.359600000025: MET_Broker: Cloudlet #2657 return received
49663.359600000025: MET_Broker: The number of finished Cloudlets is:2655
49669.62560000003: MET_Broker: Cloudlet #2658 return received
49669.62560000003: MET_Broker: The number of finished Cloudlets is:2656
49675.71360000003: MET_Broker: Cloudlet #2656 return received
49675.71360000003: MET_Broker: The number of finished Cloudlets is:2657
49681.43320000003: MET_Broker: Cloudlet #2659 return received
49681.43320000003: MET_Broker: The number of finished Cloudlets is:2658
49697.22200000003: MET_Broker: Cloudlet #2661 return received
49697.22200000003: MET_Broker: The number of finished Cloudlets is:2659
49704.45080000003: MET_Broker: Cloudlet #2660 return received
49704.45080000003: MET_Broker: The number of finished Cloudlets is:2660
49724.94640000003: MET_Broker: Cloudlet #2663 return received
49724.94640000003: MET_Broker: The number of finished Cloudlets is:2661
49731.69840000003: MET_Broker: Cloudlet #2664 return received
49731.69840000003: MET_Broker: The number of finished Cloudlets is:2662
49758.54720000003: MET_Broker: Cloudlet #2655 return received
49758.54720000003: MET_Broker: The number of finished Cloudlets is:2663
49786.48360000003: MET_Broker: Cloudlet #2666 return received
49786.48360000003: MET_Broker: The number of finished Cloudlets is:2664
49817.10360000003: MET_Broker: Cloudlet #2653 return received
49817.10360000003: MET_Broker: The number of finished Cloudlets is:2665
49827.15400000003: MET_Broker: Cloudlet #2668 return received
49827.15400000003: MET_Broker: The number of finished Cloudlets is:2666
49832.98320000003: MET_Broker: Cloudlet #2667 return received
49832.98320000003: MET_Broker: The number of finished Cloudlets is:2667
49846.83120000003: MET_Broker: Cloudlet #2670 return received
49846.83120000003: MET_Broker: The number of finished Cloudlets is:2668
49861.81960000003: MET_Broker: Cloudlet #2671 return received
49861.81960000003: MET_Broker: The number of finished Cloudlets is:2669
49881.78400000003: MET_Broker: Cloudlet #2672 return received
49881.78400000003: MET_Broker: The number of finished Cloudlets is:2670
49885.42520000003: MET_Broker: Cloudlet #2669 return received
49885.42520000003: MET_Broker: The number of finished Cloudlets is:2671
49890.006800000025: MET_Broker: Cloudlet #2673 return received
49890.006800000025: MET_Broker: The number of finished Cloudlets is:2672
49896.082800000026: MET_Broker: Cloudlet #2662 return received
49896.082800000026: MET_Broker: The number of finished Cloudlets is:2673
49900.03800000002: MET_Broker: Cloudlet #2674 return received
49900.03800000002: MET_Broker: The number of finished Cloudlets is:2674
49908.50120000002: MET_Broker: Cloudlet #2676 return received
49908.50120000002: MET_Broker: The number of finished Cloudlets is:2675
49931.12240000002: MET_Broker: Cloudlet #2677 return received
49931.12240000002: MET_Broker: The number of finished Cloudlets is:2676
49944.65560000002: MET_Broker: Cloudlet #2679 return received
49944.65560000002: MET_Broker: The number of finished Cloudlets is:2677
49945.79600000002: MET_Broker: Cloudlet #2678 return received
49945.79600000002: MET_Broker: The number of finished Cloudlets is:2678
49969.55400000002: MET_Broker: Cloudlet #2680 return received
49969.55400000002: MET_Broker: The number of finished Cloudlets is:2679
49998.71160000002: MET_Broker: Cloudlet #2681 return received
49998.71160000002: MET_Broker: The number of finished Cloudlets is:2680
50011.10720000002: MET_Broker: Cloudlet #2683 return received
50011.10720000002: MET_Broker: The number of finished Cloudlets is:2681
50018.49000000002: MET_Broker: Cloudlet #2682 return received
50018.49000000002: MET_Broker: The number of finished Cloudlets is:2682
50020.279600000016: MET_Broker: Cloudlet #2665 return received
50020.279600000016: MET_Broker: The number of finished Cloudlets is:2683
50053.19000000002: MET_Broker: Cloudlet #2685 return received
50053.19000000002: MET_Broker: The number of finished Cloudlets is:2684
50059.05880000001: MET_Broker: Cloudlet #2684 return received
50059.05880000001: MET_Broker: The number of finished Cloudlets is:2685
50081.45600000001: MET_Broker: Cloudlet #2688 return received
50081.45600000001: MET_Broker: The number of finished Cloudlets is:2686
50088.91320000001: MET_Broker: Cloudlet #2675 return received
50088.91320000001: MET_Broker: The number of finished Cloudlets is:2687
50095.99360000001: MET_Broker: Cloudlet #2687 return received
50095.99360000001: MET_Broker: The number of finished Cloudlets is:2688
50113.48000000001: MET_Broker: Cloudlet #2691 return received
50113.48000000001: MET_Broker: The number of finished Cloudlets is:2689
50119.16440000001: MET_Broker: Cloudlet #2689 return received
50119.16440000001: MET_Broker: The number of finished Cloudlets is:2690
50133.01320000001: MET_Broker: Cloudlet #2690 return received
50133.01320000001: MET_Broker: The number of finished Cloudlets is:2691
50137.06640000001: MET_Broker: Cloudlet #2693 return received
50137.06640000001: MET_Broker: The number of finished Cloudlets is:2692
50148.49680000001: MET_Broker: Cloudlet #2695 return received
50148.49680000001: MET_Broker: The number of finished Cloudlets is:2693
50151.49760000001: MET_Broker: Cloudlet #2694 return received
50151.49760000001: MET_Broker: The number of finished Cloudlets is:2694
50203.94720000001: MET_Broker: Cloudlet #2686 return received
50203.94720000001: MET_Broker: The number of finished Cloudlets is:2695
50272.24440000001: MET_Broker: Cloudlet #2692 return received
50272.24440000001: MET_Broker: The number of finished Cloudlets is:2696
50279.44360000001: MET_Broker: Cloudlet #2696 return received
50279.44360000001: MET_Broker: The number of finished Cloudlets is:2697
50329.193200000016: MET_Broker: Cloudlet #2699 return received
50329.193200000016: MET_Broker: The number of finished Cloudlets is:2698
50339.194400000015: MET_Broker: Cloudlet #2701 return received
50339.194400000015: MET_Broker: The number of finished Cloudlets is:2699
50351.77720000001: MET_Broker: Cloudlet #2702 return received
50351.77720000001: MET_Broker: The number of finished Cloudlets is:2700
50359.87400000001: MET_Broker: Cloudlet #2697 return received
50359.87400000001: MET_Broker: The number of finished Cloudlets is:2701
50365.54280000001: MET_Broker: Cloudlet #2703 return received
50365.54280000001: MET_Broker: The number of finished Cloudlets is:2702
50369.17480000001: MET_Broker: Cloudlet #2704 return received
50369.17480000001: MET_Broker: The number of finished Cloudlets is:2703
50385.17440000001: MET_Broker: Cloudlet #2698 return received
50385.17440000001: MET_Broker: The number of finished Cloudlets is:2704
50397.66680000001: MET_Broker: Cloudlet #2706 return received
50397.66680000001: MET_Broker: The number of finished Cloudlets is:2705
50399.36680000001: MET_Broker: Cloudlet #2707 return received
50399.36680000001: MET_Broker: The number of finished Cloudlets is:2706
50404.654400000014: MET_Broker: Cloudlet #2700 return received
50404.654400000014: MET_Broker: The number of finished Cloudlets is:2707
50419.398000000016: MET_Broker: Cloudlet #2710 return received
50419.398000000016: MET_Broker: The number of finished Cloudlets is:2708
50426.214000000014: MET_Broker: Cloudlet #2709 return received
50426.214000000014: MET_Broker: The number of finished Cloudlets is:2709
50443.743600000016: MET_Broker: Cloudlet #2708 return received
50443.743600000016: MET_Broker: The number of finished Cloudlets is:2710
50452.72800000002: MET_Broker: Cloudlet #2712 return received
50452.72800000002: MET_Broker: The number of finished Cloudlets is:2711
50464.91720000002: MET_Broker: Cloudlet #2714 return received
50464.91720000002: MET_Broker: The number of finished Cloudlets is:2712
50497.20280000002: MET_Broker: Cloudlet #2713 return received
50497.20280000002: MET_Broker: The number of finished Cloudlets is:2713
50509.73520000002: MET_Broker: Cloudlet #2716 return received
50509.73520000002: MET_Broker: The number of finished Cloudlets is:2714
50521.21840000002: MET_Broker: Cloudlet #2711 return received
50521.21840000002: MET_Broker: The number of finished Cloudlets is:2715
50536.64240000002: MET_Broker: Cloudlet #2715 return received
50536.64240000002: MET_Broker: The number of finished Cloudlets is:2716
50544.62360000002: MET_Broker: Cloudlet #2705 return received
50544.62360000002: MET_Broker: The number of finished Cloudlets is:2717
50561.82600000002: MET_Broker: Cloudlet #2718 return received
50561.82600000002: MET_Broker: The number of finished Cloudlets is:2718
50564.202400000024: MET_Broker: Cloudlet #2719 return received
50564.202400000024: MET_Broker: The number of finished Cloudlets is:2719
50568.501600000025: MET_Broker: Cloudlet #2720 return received
50568.501600000025: MET_Broker: The number of finished Cloudlets is:2720
50614.47640000003: MET_Broker: Cloudlet #2722 return received
50614.47640000003: MET_Broker: The number of finished Cloudlets is:2721
50619.36760000003: MET_Broker: Cloudlet #2721 return received
50619.36760000003: MET_Broker: The number of finished Cloudlets is:2722
50684.45920000003: MET_Broker: Cloudlet #2717 return received
50684.45920000003: MET_Broker: The number of finished Cloudlets is:2723
50700.66880000003: MET_Broker: Cloudlet #2726 return received
50700.66880000003: MET_Broker: The number of finished Cloudlets is:2724
50722.33000000003: MET_Broker: Cloudlet #2727 return received
50722.33000000003: MET_Broker: The number of finished Cloudlets is:2725
50734.01120000003: MET_Broker: Cloudlet #2725 return received
50734.01120000003: MET_Broker: The number of finished Cloudlets is:2726
50767.02760000003: MET_Broker: Cloudlet #2729 return received
50767.02760000003: MET_Broker: The number of finished Cloudlets is:2727
50771.630000000034: MET_Broker: Cloudlet #2728 return received
50771.630000000034: MET_Broker: The number of finished Cloudlets is:2728
50808.945600000035: MET_Broker: Cloudlet #2731 return received
50808.945600000035: MET_Broker: The number of finished Cloudlets is:2729
50819.92360000004: MET_Broker: Cloudlet #2732 return received
50819.92360000004: MET_Broker: The number of finished Cloudlets is:2730
50864.35120000004: MET_Broker: Cloudlet #2723 return received
50864.35120000004: MET_Broker: The number of finished Cloudlets is:2731
50913.00600000004: MET_Broker: Cloudlet #2734 return received
50913.00600000004: MET_Broker: The number of finished Cloudlets is:2732
50923.012400000036: MET_Broker: Cloudlet #2735 return received
50923.012400000036: MET_Broker: The number of finished Cloudlets is:2733
50931.25760000003: MET_Broker: Cloudlet #2736 return received
50931.25760000003: MET_Broker: The number of finished Cloudlets is:2734
50934.57560000003: MET_Broker: Cloudlet #2724 return received
50934.57560000003: MET_Broker: The number of finished Cloudlets is:2735
50945.73200000003: MET_Broker: Cloudlet #2737 return received
50945.73200000003: MET_Broker: The number of finished Cloudlets is:2736
50947.908800000034: MET_Broker: Cloudlet #2738 return received
50947.908800000034: MET_Broker: The number of finished Cloudlets is:2737
50956.48920000003: MET_Broker: Cloudlet #2740 return received
50956.48920000003: MET_Broker: The number of finished Cloudlets is:2738
50986.20640000003: MET_Broker: Cloudlet #2733 return received
50986.20640000003: MET_Broker: The number of finished Cloudlets is:2739
50992.76520000003: MET_Broker: Cloudlet #2739 return received
50992.76520000003: MET_Broker: The number of finished Cloudlets is:2740
50999.81120000003: MET_Broker: Cloudlet #2730 return received
50999.81120000003: MET_Broker: The number of finished Cloudlets is:2741
51012.27720000003: MET_Broker: Cloudlet #2743 return received
51012.27720000003: MET_Broker: The number of finished Cloudlets is:2742
51015.076400000034: MET_Broker: Cloudlet #2741 return received
51015.076400000034: MET_Broker: The number of finished Cloudlets is:2743
51026.82760000003: MET_Broker: Cloudlet #2745 return received
51026.82760000003: MET_Broker: The number of finished Cloudlets is:2744
51057.08000000003: MET_Broker: Cloudlet #2747 return received
51057.08000000003: MET_Broker: The number of finished Cloudlets is:2745
51072.22880000003: MET_Broker: Cloudlet #2748 return received
51072.22880000003: MET_Broker: The number of finished Cloudlets is:2746
51077.78280000003: MET_Broker: Cloudlet #2742 return received
51077.78280000003: MET_Broker: The number of finished Cloudlets is:2747
51079.67680000003: MET_Broker: Cloudlet #2744 return received
51079.67680000003: MET_Broker: The number of finished Cloudlets is:2748
51105.56000000003: MET_Broker: Cloudlet #2751 return received
51105.56000000003: MET_Broker: The number of finished Cloudlets is:2749
51114.254800000024: MET_Broker: Cloudlet #2752 return received
51114.254800000024: MET_Broker: The number of finished Cloudlets is:2750
51149.997600000024: MET_Broker: Cloudlet #2753 return received
51149.997600000024: MET_Broker: The number of finished Cloudlets is:2751
51160.059200000025: MET_Broker: Cloudlet #2754 return received
51160.059200000025: MET_Broker: The number of finished Cloudlets is:2752
51179.53720000003: MET_Broker: Cloudlet #2749 return received
51179.53720000003: MET_Broker: The number of finished Cloudlets is:2753
51190.45440000003: MET_Broker: Cloudlet #2756 return received
51190.45440000003: MET_Broker: The number of finished Cloudlets is:2754
51193.27360000003: MET_Broker: Cloudlet #2746 return received
51193.27360000003: MET_Broker: The number of finished Cloudlets is:2755
51195.70360000003: MET_Broker: Cloudlet #2755 return received
51195.70360000003: MET_Broker: The number of finished Cloudlets is:2756
51212.12120000003: MET_Broker: Cloudlet #2759 return received
51212.12120000003: MET_Broker: The number of finished Cloudlets is:2757
51227.32640000003: MET_Broker: Cloudlet #2757 return received
51227.32640000003: MET_Broker: The number of finished Cloudlets is:2758
51250.620000000024: MET_Broker: Cloudlet #2758 return received
51250.620000000024: MET_Broker: The number of finished Cloudlets is:2759
51265.757600000026: MET_Broker: Cloudlet #2761 return received
51265.757600000026: MET_Broker: The number of finished Cloudlets is:2760
51271.050800000026: MET_Broker: Cloudlet #2760 return received
51271.050800000026: MET_Broker: The number of finished Cloudlets is:2761
51282.026400000024: MET_Broker: Cloudlet #2764 return received
51282.026400000024: MET_Broker: The number of finished Cloudlets is:2762
51297.92880000002: MET_Broker: Cloudlet #2763 return received
51297.92880000002: MET_Broker: The number of finished Cloudlets is:2763
51309.166400000024: MET_Broker: Cloudlet #2762 return received
51309.166400000024: MET_Broker: The number of finished Cloudlets is:2764
51319.05480000003: MET_Broker: Cloudlet #2767 return received
51319.05480000003: MET_Broker: The number of finished Cloudlets is:2765
51357.48560000003: MET_Broker: Cloudlet #2768 return received
51357.48560000003: MET_Broker: The number of finished Cloudlets is:2766
51421.77600000003: MET_Broker: Cloudlet #2750 return received
51421.77600000003: MET_Broker: The number of finished Cloudlets is:2767
51449.113600000026: MET_Broker: Cloudlet #2770 return received
51449.113600000026: MET_Broker: The number of finished Cloudlets is:2768
51473.552000000025: MET_Broker: Cloudlet #2766 return received
51473.552000000025: MET_Broker: The number of finished Cloudlets is:2769
51498.606400000026: MET_Broker: Cloudlet #2771 return received
51498.606400000026: MET_Broker: The number of finished Cloudlets is:2770
51503.74360000002: MET_Broker: Cloudlet #2765 return received
51503.74360000002: MET_Broker: The number of finished Cloudlets is:2771
51523.82200000002: MET_Broker: Cloudlet #2772 return received
51523.82200000002: MET_Broker: The number of finished Cloudlets is:2772
51533.154000000024: MET_Broker: Cloudlet #2773 return received
51533.154000000024: MET_Broker: The number of finished Cloudlets is:2773
51558.01840000002: MET_Broker: Cloudlet #2774 return received
51558.01840000002: MET_Broker: The number of finished Cloudlets is:2774
51558.66960000002: MET_Broker: Cloudlet #2769 return received
51558.66960000002: MET_Broker: The number of finished Cloudlets is:2775
51559.832800000026: MET_Broker: Cloudlet #2775 return received
51559.832800000026: MET_Broker: The number of finished Cloudlets is:2776
51564.00400000002: MET_Broker: Cloudlet #2776 return received
51564.00400000002: MET_Broker: The number of finished Cloudlets is:2777
51577.600400000025: MET_Broker: Cloudlet #2779 return received
51577.600400000025: MET_Broker: The number of finished Cloudlets is:2778
51604.12680000003: MET_Broker: Cloudlet #2781 return received
51604.12680000003: MET_Broker: The number of finished Cloudlets is:2779
51613.75800000003: MET_Broker: Cloudlet #2778 return received
51613.75800000003: MET_Broker: The number of finished Cloudlets is:2780
51621.80000000003: MET_Broker: Cloudlet #2780 return received
51621.80000000003: MET_Broker: The number of finished Cloudlets is:2781
51629.202800000035: MET_Broker: Cloudlet #2782 return received
51629.202800000035: MET_Broker: The number of finished Cloudlets is:2782
51629.89160000004: MET_Broker: Cloudlet #2784 return received
51629.89160000004: MET_Broker: The number of finished Cloudlets is:2783
51639.03280000004: MET_Broker: Cloudlet #2777 return received
51639.03280000004: MET_Broker: The number of finished Cloudlets is:2784
51654.89280000004: MET_Broker: Cloudlet #2786 return received
51654.89280000004: MET_Broker: The number of finished Cloudlets is:2785
51673.208000000035: MET_Broker: Cloudlet #2785 return received
51673.208000000035: MET_Broker: The number of finished Cloudlets is:2786
51691.87440000004: MET_Broker: Cloudlet #2783 return received
51691.87440000004: MET_Broker: The number of finished Cloudlets is:2787
51718.05400000004: MET_Broker: Cloudlet #2790 return received
51718.05400000004: MET_Broker: The number of finished Cloudlets is:2788
51724.71800000004: MET_Broker: Cloudlet #2789 return received
51724.71800000004: MET_Broker: The number of finished Cloudlets is:2789
51739.95360000004: MET_Broker: Cloudlet #2792 return received
51739.95360000004: MET_Broker: The number of finished Cloudlets is:2790
51749.95000000004: MET_Broker: Cloudlet #2788 return received
51749.95000000004: MET_Broker: The number of finished Cloudlets is:2791
51757.70640000004: MET_Broker: Cloudlet #2787 return received
51757.70640000004: MET_Broker: The number of finished Cloudlets is:2792
51772.30200000004: MET_Broker: Cloudlet #2793 return received
51772.30200000004: MET_Broker: The number of finished Cloudlets is:2793
51787.50000000004: MET_Broker: Cloudlet #2794 return received
51787.50000000004: MET_Broker: The number of finished Cloudlets is:2794
51793.17440000004: MET_Broker: Cloudlet #2796 return received
51793.17440000004: MET_Broker: The number of finished Cloudlets is:2795
51827.57280000004: MET_Broker: Cloudlet #2797 return received
51827.57280000004: MET_Broker: The number of finished Cloudlets is:2796
51827.84000000004: MET_Broker: Cloudlet #2798 return received
51827.84000000004: MET_Broker: The number of finished Cloudlets is:2797
51875.72240000004: MET_Broker: Cloudlet #2799 return received
51875.72240000004: MET_Broker: The number of finished Cloudlets is:2798
51889.92200000004: MET_Broker: Cloudlet #2795 return received
51889.92200000004: MET_Broker: The number of finished Cloudlets is:2799
51893.25320000004: MET_Broker: Cloudlet #2801 return received
51893.25320000004: MET_Broker: The number of finished Cloudlets is:2800
51898.901200000044: MET_Broker: Cloudlet #2802 return received
51898.901200000044: MET_Broker: The number of finished Cloudlets is:2801
51903.89040000005: MET_Broker: Cloudlet #2791 return received
51903.89040000005: MET_Broker: The number of finished Cloudlets is:2802
51909.216800000046: MET_Broker: Cloudlet #2804 return received
51909.216800000046: MET_Broker: The number of finished Cloudlets is:2803
51917.27680000004: MET_Broker: Cloudlet #2805 return received
51917.27680000004: MET_Broker: The number of finished Cloudlets is:2804
51918.98720000005: MET_Broker: Cloudlet #2803 return received
51918.98720000005: MET_Broker: The number of finished Cloudlets is:2805
51931.605600000046: MET_Broker: Cloudlet #2808 return received
51931.605600000046: MET_Broker: The number of finished Cloudlets is:2806
51933.270400000045: MET_Broker: Cloudlet #2807 return received
51933.270400000045: MET_Broker: The number of finished Cloudlets is:2807
51940.608000000044: MET_Broker: Cloudlet #2806 return received
51940.608000000044: MET_Broker: The number of finished Cloudlets is:2808
51958.525600000045: MET_Broker: Cloudlet #2809 return received
51958.525600000045: MET_Broker: The number of finished Cloudlets is:2809
51980.180000000044: MET_Broker: Cloudlet #2811 return received
51980.180000000044: MET_Broker: The number of finished Cloudlets is:2810
51989.184000000045: MET_Broker: Cloudlet #2810 return received
51989.184000000045: MET_Broker: The number of finished Cloudlets is:2811
52008.248800000045: MET_Broker: Cloudlet #2800 return received
52008.248800000045: MET_Broker: The number of finished Cloudlets is:2812
52043.898800000046: MET_Broker: Cloudlet #2815 return received
52043.898800000046: MET_Broker: The number of finished Cloudlets is:2813
52062.85120000005: MET_Broker: Cloudlet #2813 return received
52062.85120000005: MET_Broker: The number of finished Cloudlets is:2814
52110.934000000045: MET_Broker: Cloudlet #2817 return received
52110.934000000045: MET_Broker: The number of finished Cloudlets is:2815
52126.16880000004: MET_Broker: Cloudlet #2812 return received
52126.16880000004: MET_Broker: The number of finished Cloudlets is:2816
52153.22960000004: MET_Broker: Cloudlet #2814 return received
52153.22960000004: MET_Broker: The number of finished Cloudlets is:2817
52165.36360000004: MET_Broker: Cloudlet #2820 return received
52165.36360000004: MET_Broker: The number of finished Cloudlets is:2818
52170.60040000004: MET_Broker: Cloudlet #2816 return received
52170.60040000004: MET_Broker: The number of finished Cloudlets is:2819
52203.11640000004: MET_Broker: Cloudlet #2819 return received
52203.11640000004: MET_Broker: The number of finished Cloudlets is:2820
52230.30400000004: MET_Broker: Cloudlet #2822 return received
52230.30400000004: MET_Broker: The number of finished Cloudlets is:2821
52246.17640000004: MET_Broker: Cloudlet #2818 return received
52246.17640000004: MET_Broker: The number of finished Cloudlets is:2822
52260.30680000004: MET_Broker: Cloudlet #2824 return received
52260.30680000004: MET_Broker: The number of finished Cloudlets is:2823
52269.76160000004: MET_Broker: Cloudlet #2826 return received
52269.76160000004: MET_Broker: The number of finished Cloudlets is:2824
52279.86480000004: MET_Broker: Cloudlet #2827 return received
52279.86480000004: MET_Broker: The number of finished Cloudlets is:2825
52287.62720000004: MET_Broker: Cloudlet #2825 return received
52287.62720000004: MET_Broker: The number of finished Cloudlets is:2826
52317.942400000036: MET_Broker: Cloudlet #2828 return received
52317.942400000036: MET_Broker: The number of finished Cloudlets is:2827
52328.274800000036: MET_Broker: Cloudlet #2823 return received
52328.274800000036: MET_Broker: The number of finished Cloudlets is:2828
52340.351200000034: MET_Broker: Cloudlet #2830 return received
52340.351200000034: MET_Broker: The number of finished Cloudlets is:2829
52341.516800000034: MET_Broker: Cloudlet #2831 return received
52341.516800000034: MET_Broker: The number of finished Cloudlets is:2830
52353.80440000004: MET_Broker: Cloudlet #2833 return received
52353.80440000004: MET_Broker: The number of finished Cloudlets is:2831
52384.526800000036: MET_Broker: Cloudlet #2834 return received
52384.526800000036: MET_Broker: The number of finished Cloudlets is:2832
52389.836800000034: MET_Broker: Cloudlet #2832 return received
52389.836800000034: MET_Broker: The number of finished Cloudlets is:2833
52402.49240000003: MET_Broker: Cloudlet #2835 return received
52402.49240000003: MET_Broker: The number of finished Cloudlets is:2834
52417.234800000035: MET_Broker: Cloudlet #2837 return received
52417.234800000035: MET_Broker: The number of finished Cloudlets is:2835
52433.68720000004: MET_Broker: Cloudlet #2838 return received
52433.68720000004: MET_Broker: The number of finished Cloudlets is:2836
52450.774000000034: MET_Broker: Cloudlet #2839 return received
52450.774000000034: MET_Broker: The number of finished Cloudlets is:2837
52492.60880000003: MET_Broker: Cloudlet #2829 return received
52492.60880000003: MET_Broker: The number of finished Cloudlets is:2838
52499.11680000003: MET_Broker: Cloudlet #2841 return received
52499.11680000003: MET_Broker: The number of finished Cloudlets is:2839
52505.974400000036: MET_Broker: Cloudlet #2842 return received
52505.974400000036: MET_Broker: The number of finished Cloudlets is:2840
52520.22800000003: MET_Broker: Cloudlet #2821 return received
52520.22800000003: MET_Broker: The number of finished Cloudlets is:2841
52537.81040000003: MET_Broker: Cloudlet #2844 return received
52537.81040000003: MET_Broker: The number of finished Cloudlets is:2842
52602.84640000003: MET_Broker: Cloudlet #2836 return received
52602.84640000003: MET_Broker: The number of finished Cloudlets is:2843
52612.19200000003: MET_Broker: Cloudlet #2846 return received
52612.19200000003: MET_Broker: The number of finished Cloudlets is:2844
52622.45160000003: MET_Broker: Cloudlet #2847 return received
52622.45160000003: MET_Broker: The number of finished Cloudlets is:2845
52649.53520000003: MET_Broker: Cloudlet #2840 return received
52649.53520000003: MET_Broker: The number of finished Cloudlets is:2846
52664.44320000003: MET_Broker: Cloudlet #2849 return received
52664.44320000003: MET_Broker: The number of finished Cloudlets is:2847
52678.13680000003: MET_Broker: Cloudlet #2850 return received
52678.13680000003: MET_Broker: The number of finished Cloudlets is:2848
52709.60440000003: MET_Broker: Cloudlet #2851 return received
52709.60440000003: MET_Broker: The number of finished Cloudlets is:2849
52716.98320000003: MET_Broker: Cloudlet #2852 return received
52716.98320000003: MET_Broker: The number of finished Cloudlets is:2850
52738.53680000003: MET_Broker: Cloudlet #2853 return received
52738.53680000003: MET_Broker: The number of finished Cloudlets is:2851
52745.86280000003: MET_Broker: Cloudlet #2854 return received
52745.86280000003: MET_Broker: The number of finished Cloudlets is:2852
52767.54160000003: MET_Broker: Cloudlet #2843 return received
52767.54160000003: MET_Broker: The number of finished Cloudlets is:2853
52774.946800000034: MET_Broker: Cloudlet #2856 return received
52774.946800000034: MET_Broker: The number of finished Cloudlets is:2854
52776.11680000003: MET_Broker: Cloudlet #2848 return received
52776.11680000003: MET_Broker: The number of finished Cloudlets is:2855
52797.90640000003: MET_Broker: Cloudlet #2857 return received
52797.90640000003: MET_Broker: The number of finished Cloudlets is:2856
52801.70880000003: MET_Broker: Cloudlet #2845 return received
52801.70880000003: MET_Broker: The number of finished Cloudlets is:2857
52834.87880000003: MET_Broker: Cloudlet #2858 return received
52834.87880000003: MET_Broker: The number of finished Cloudlets is:2858
52847.449200000025: MET_Broker: Cloudlet #2861 return received
52847.449200000025: MET_Broker: The number of finished Cloudlets is:2859
52855.77040000002: MET_Broker: Cloudlet #2859 return received
52855.77040000002: MET_Broker: The number of finished Cloudlets is:2860
52871.656800000026: MET_Broker: Cloudlet #2862 return received
52871.656800000026: MET_Broker: The number of finished Cloudlets is:2861
52873.72440000003: MET_Broker: Cloudlet #2855 return received
52873.72440000003: MET_Broker: The number of finished Cloudlets is:2862
52873.82240000003: MET_Broker: Cloudlet #2863 return received
52873.82240000003: MET_Broker: The number of finished Cloudlets is:2863
52883.188000000024: MET_Broker: Cloudlet #2866 return received
52883.188000000024: MET_Broker: The number of finished Cloudlets is:2864
52987.58320000002: MET_Broker: Cloudlet #2860 return received
52987.58320000002: MET_Broker: The number of finished Cloudlets is:2865
53007.489200000025: MET_Broker: Cloudlet #2868 return received
53007.489200000025: MET_Broker: The number of finished Cloudlets is:2866
53020.65000000002: MET_Broker: Cloudlet #2869 return received
53020.65000000002: MET_Broker: The number of finished Cloudlets is:2867
53036.45280000002: MET_Broker: Cloudlet #2870 return received
53036.45280000002: MET_Broker: The number of finished Cloudlets is:2868
53051.069600000024: MET_Broker: Cloudlet #2864 return received
53051.069600000024: MET_Broker: The number of finished Cloudlets is:2869
53060.77680000002: MET_Broker: Cloudlet #2872 return received
53060.77680000002: MET_Broker: The number of finished Cloudlets is:2870
53084.30480000002: MET_Broker: Cloudlet #2873 return received
53084.30480000002: MET_Broker: The number of finished Cloudlets is:2871
53189.74440000002: MET_Broker: Cloudlet #2865 return received
53189.74440000002: MET_Broker: The number of finished Cloudlets is:2872
53238.27120000002: MET_Broker: Cloudlet #2867 return received
53238.27120000002: MET_Broker: The number of finished Cloudlets is:2873
53243.97480000002: MET_Broker: Cloudlet #2875 return received
53243.97480000002: MET_Broker: The number of finished Cloudlets is:2874
53247.89640000002: MET_Broker: Cloudlet #2871 return received
53247.89640000002: MET_Broker: The number of finished Cloudlets is:2875
53262.99240000002: MET_Broker: Cloudlet #2876 return received
53262.99240000002: MET_Broker: The number of finished Cloudlets is:2876
53342.91520000002: MET_Broker: Cloudlet #2879 return received
53342.91520000002: MET_Broker: The number of finished Cloudlets is:2877
53357.027600000016: MET_Broker: Cloudlet #2880 return received
53357.027600000016: MET_Broker: The number of finished Cloudlets is:2878
53365.863200000014: MET_Broker: Cloudlet #2877 return received
53365.863200000014: MET_Broker: The number of finished Cloudlets is:2879
53373.68120000001: MET_Broker: Cloudlet #2881 return received
53373.68120000001: MET_Broker: The number of finished Cloudlets is:2880
53417.27400000001: MET_Broker: Cloudlet #2874 return received
53417.27400000001: MET_Broker: The number of finished Cloudlets is:2881
53429.296400000014: MET_Broker: Cloudlet #2883 return received
53429.296400000014: MET_Broker: The number of finished Cloudlets is:2882
53454.671600000016: MET_Broker: Cloudlet #2878 return received
53454.671600000016: MET_Broker: The number of finished Cloudlets is:2883
53455.45240000002: MET_Broker: Cloudlet #2885 return received
53455.45240000002: MET_Broker: The number of finished Cloudlets is:2884
53467.47880000002: MET_Broker: Cloudlet #2884 return received
53467.47880000002: MET_Broker: The number of finished Cloudlets is:2885
53516.700400000016: MET_Broker: Cloudlet #2886 return received
53516.700400000016: MET_Broker: The number of finished Cloudlets is:2886
53516.92200000001: MET_Broker: Cloudlet #2888 return received
53516.92200000001: MET_Broker: The number of finished Cloudlets is:2887
53534.38080000001: MET_Broker: Cloudlet #2887 return received
53534.38080000001: MET_Broker: The number of finished Cloudlets is:2888
53538.07760000001: MET_Broker: Cloudlet #2889 return received
53538.07760000001: MET_Broker: The number of finished Cloudlets is:2889
53553.52520000001: MET_Broker: Cloudlet #2890 return received
53553.52520000001: MET_Broker: The number of finished Cloudlets is:2890
53555.94400000001: MET_Broker: Cloudlet #2882 return received
53555.94400000001: MET_Broker: The number of finished Cloudlets is:2891
53566.59760000001: MET_Broker: Cloudlet #2892 return received
53566.59760000001: MET_Broker: The number of finished Cloudlets is:2892
53569.247200000005: MET_Broker: Cloudlet #2894 return received
53569.247200000005: MET_Broker: The number of finished Cloudlets is:2893
53571.8844: MET_Broker: Cloudlet #2893 return received
53571.8844: MET_Broker: The number of finished Cloudlets is:2894
53578.8288: MET_Broker: Cloudlet #2897 return received
53578.8288: MET_Broker: The number of finished Cloudlets is:2895
53608.299600000006: MET_Broker: Cloudlet #2895 return received
53608.299600000006: MET_Broker: The number of finished Cloudlets is:2896
53619.52880000001: MET_Broker: Cloudlet #2891 return received
53619.52880000001: MET_Broker: The number of finished Cloudlets is:2897
53628.939600000005: MET_Broker: Cloudlet #2900 return received
53628.939600000005: MET_Broker: The number of finished Cloudlets is:2898
53650.482800000005: MET_Broker: Cloudlet #2896 return received
53650.482800000005: MET_Broker: The number of finished Cloudlets is:2899
53658.290400000005: MET_Broker: Cloudlet #2902 return received
53658.290400000005: MET_Broker: The number of finished Cloudlets is:2900
53673.849200000004: MET_Broker: Cloudlet #2903 return received
53673.849200000004: MET_Broker: The number of finished Cloudlets is:2901
53701.727600000006: MET_Broker: Cloudlet #2899 return received
53701.727600000006: MET_Broker: The number of finished Cloudlets is:2902
53703.28280000001: MET_Broker: Cloudlet #2904 return received
53703.28280000001: MET_Broker: The number of finished Cloudlets is:2903
53709.216400000005: MET_Broker: Cloudlet #2898 return received
53709.216400000005: MET_Broker: The number of finished Cloudlets is:2904
53753.5592: MET_Broker: Cloudlet #2906 return received
53753.5592: MET_Broker: The number of finished Cloudlets is:2905
53799.585600000006: MET_Broker: Cloudlet #2908 return received
53799.585600000006: MET_Broker: The number of finished Cloudlets is:2906
53842.154: MET_Broker: Cloudlet #2909 return received
53842.154: MET_Broker: The number of finished Cloudlets is:2907
53869.902: MET_Broker: Cloudlet #2910 return received
53869.902: MET_Broker: The number of finished Cloudlets is:2908
53886.289600000004: MET_Broker: Cloudlet #2907 return received
53886.289600000004: MET_Broker: The number of finished Cloudlets is:2909
53903.774000000005: MET_Broker: Cloudlet #2912 return received
53903.774000000005: MET_Broker: The number of finished Cloudlets is:2910
53916.088: MET_Broker: Cloudlet #2913 return received
53916.088: MET_Broker: The number of finished Cloudlets is:2911
53919.7516: MET_Broker: Cloudlet #2901 return received
53919.7516: MET_Broker: The number of finished Cloudlets is:2912
53963.5348: MET_Broker: Cloudlet #2911 return received
53963.5348: MET_Broker: The number of finished Cloudlets is:2913
53984.372800000005: MET_Broker: Cloudlet #2905 return received
53984.372800000005: MET_Broker: The number of finished Cloudlets is:2914
54006.9576: MET_Broker: Cloudlet #2916 return received
54006.9576: MET_Broker: The number of finished Cloudlets is:2915
54018.183600000004: MET_Broker: Cloudlet #2914 return received
54018.183600000004: MET_Broker: The number of finished Cloudlets is:2916
54025.8096: MET_Broker: Cloudlet #2918 return received
54025.8096: MET_Broker: The number of finished Cloudlets is:2917
54050.6076: MET_Broker: Cloudlet #2915 return received
54050.6076: MET_Broker: The number of finished Cloudlets is:2918
54103.408800000005: MET_Broker: Cloudlet #2919 return received
54103.408800000005: MET_Broker: The number of finished Cloudlets is:2919
54108.482800000005: MET_Broker: Cloudlet #2920 return received
54108.482800000005: MET_Broker: The number of finished Cloudlets is:2920
54135.505600000004: MET_Broker: Cloudlet #2923 return received
54135.505600000004: MET_Broker: The number of finished Cloudlets is:2921
54140.031200000005: MET_Broker: Cloudlet #2922 return received
54140.031200000005: MET_Broker: The number of finished Cloudlets is:2922
54143.9368: MET_Broker: Cloudlet #2924 return received
54143.9368: MET_Broker: The number of finished Cloudlets is:2923
54170.702000000005: MET_Broker: Cloudlet #2926 return received
54170.702000000005: MET_Broker: The number of finished Cloudlets is:2924
54208.30360000001: MET_Broker: Cloudlet #2925 return received
54208.30360000001: MET_Broker: The number of finished Cloudlets is:2925
54226.39200000001: MET_Broker: Cloudlet #2928 return received
54226.39200000001: MET_Broker: The number of finished Cloudlets is:2926
54236.91960000001: MET_Broker: Cloudlet #2917 return received
54236.91960000001: MET_Broker: The number of finished Cloudlets is:2927
54265.38040000001: MET_Broker: Cloudlet #2921 return received
54265.38040000001: MET_Broker: The number of finished Cloudlets is:2928
54313.09920000001: MET_Broker: Cloudlet #2929 return received
54313.09920000001: MET_Broker: The number of finished Cloudlets is:2929
54387.750000000015: MET_Broker: Cloudlet #2931 return received
54387.750000000015: MET_Broker: The number of finished Cloudlets is:2930
54398.22680000001: MET_Broker: Cloudlet #2932 return received
54398.22680000001: MET_Broker: The number of finished Cloudlets is:2931
54420.97920000001: MET_Broker: Cloudlet #2934 return received
54420.97920000001: MET_Broker: The number of finished Cloudlets is:2932
54438.56720000001: MET_Broker: Cloudlet #2933 return received
54438.56720000001: MET_Broker: The number of finished Cloudlets is:2933
54445.18040000001: MET_Broker: Cloudlet #2927 return received
54445.18040000001: MET_Broker: The number of finished Cloudlets is:2934
54467.47920000001: MET_Broker: Cloudlet #2935 return received
54467.47920000001: MET_Broker: The number of finished Cloudlets is:2935
54469.56360000001: MET_Broker: Cloudlet #2937 return received
54469.56360000001: MET_Broker: The number of finished Cloudlets is:2936
54493.98920000001: MET_Broker: Cloudlet #2938 return received
54493.98920000001: MET_Broker: The number of finished Cloudlets is:2937
54506.31360000001: MET_Broker: Cloudlet #2930 return received
54506.31360000001: MET_Broker: The number of finished Cloudlets is:2938
54528.86480000001: MET_Broker: Cloudlet #2941 return received
54528.86480000001: MET_Broker: The number of finished Cloudlets is:2939
54574.76600000001: MET_Broker: Cloudlet #2942 return received
54574.76600000001: MET_Broker: The number of finished Cloudlets is:2940
54633.95000000001: MET_Broker: Cloudlet #2936 return received
54633.95000000001: MET_Broker: The number of finished Cloudlets is:2941
54637.72960000001: MET_Broker: Cloudlet #2939 return received
54637.72960000001: MET_Broker: The number of finished Cloudlets is:2942
54655.364000000016: MET_Broker: Cloudlet #2943 return received
54655.364000000016: MET_Broker: The number of finished Cloudlets is:2943
54738.73280000001: MET_Broker: Cloudlet #2940 return received
54738.73280000001: MET_Broker: The number of finished Cloudlets is:2944
54743.81200000001: MET_Broker: Cloudlet #2946 return received
54743.81200000001: MET_Broker: The number of finished Cloudlets is:2945
54769.78560000001: MET_Broker: Cloudlet #2947 return received
54769.78560000001: MET_Broker: The number of finished Cloudlets is:2946
54782.46680000001: MET_Broker: Cloudlet #2948 return received
54782.46680000001: MET_Broker: The number of finished Cloudlets is:2947
54797.96120000001: MET_Broker: Cloudlet #2950 return received
54797.96120000001: MET_Broker: The number of finished Cloudlets is:2948
54815.193200000016: MET_Broker: Cloudlet #2949 return received
54815.193200000016: MET_Broker: The number of finished Cloudlets is:2949
54816.07880000002: MET_Broker: Cloudlet #2951 return received
54816.07880000002: MET_Broker: The number of finished Cloudlets is:2950
54816.846800000014: MET_Broker: Cloudlet #2944 return received
54816.846800000014: MET_Broker: The number of finished Cloudlets is:2951
54830.43280000002: MET_Broker: Cloudlet #2954 return received
54830.43280000002: MET_Broker: The number of finished Cloudlets is:2952
54841.65880000002: MET_Broker: Cloudlet #2955 return received
54841.65880000002: MET_Broker: The number of finished Cloudlets is:2953
54872.56000000002: MET_Broker: Cloudlet #2952 return received
54872.56000000002: MET_Broker: The number of finished Cloudlets is:2954
54923.79200000002: MET_Broker: Cloudlet #2953 return received
54923.79200000002: MET_Broker: The number of finished Cloudlets is:2955
54923.856400000026: MET_Broker: Cloudlet #2957 return received
54923.856400000026: MET_Broker: The number of finished Cloudlets is:2956
54933.510800000025: MET_Broker: Cloudlet #2958 return received
54933.510800000025: MET_Broker: The number of finished Cloudlets is:2957
54966.360800000024: MET_Broker: Cloudlet #2959 return received
54966.360800000024: MET_Broker: The number of finished Cloudlets is:2958
54971.43120000002: MET_Broker: Cloudlet #2945 return received
54971.43120000002: MET_Broker: The number of finished Cloudlets is:2959
54972.85240000002: MET_Broker: Cloudlet #2960 return received
54972.85240000002: MET_Broker: The number of finished Cloudlets is:2960
55009.00960000002: MET_Broker: Cloudlet #2963 return received
55009.00960000002: MET_Broker: The number of finished Cloudlets is:2961
55017.51600000002: MET_Broker: Cloudlet #2962 return received
55017.51600000002: MET_Broker: The number of finished Cloudlets is:2962
55026.436000000016: MET_Broker: Cloudlet #2964 return received
55026.436000000016: MET_Broker: The number of finished Cloudlets is:2963
55030.118400000014: MET_Broker: Cloudlet #2961 return received
55030.118400000014: MET_Broker: The number of finished Cloudlets is:2964
55041.56520000001: MET_Broker: Cloudlet #2967 return received
55041.56520000001: MET_Broker: The number of finished Cloudlets is:2965
55072.118400000014: MET_Broker: Cloudlet #2966 return received
55072.118400000014: MET_Broker: The number of finished Cloudlets is:2966
55082.03160000002: MET_Broker: Cloudlet #2956 return received
55082.03160000002: MET_Broker: The number of finished Cloudlets is:2967
55082.10560000002: MET_Broker: Cloudlet #2969 return received
55082.10560000002: MET_Broker: The number of finished Cloudlets is:2968
55098.877600000014: MET_Broker: Cloudlet #2968 return received
55098.877600000014: MET_Broker: The number of finished Cloudlets is:2969
55106.36440000001: MET_Broker: Cloudlet #2971 return received
55106.36440000001: MET_Broker: The number of finished Cloudlets is:2970
55137.70120000001: MET_Broker: Cloudlet #2970 return received
55137.70120000001: MET_Broker: The number of finished Cloudlets is:2971
55140.01120000001: MET_Broker: Cloudlet #2973 return received
55140.01120000001: MET_Broker: The number of finished Cloudlets is:2972
55162.549600000006: MET_Broker: Cloudlet #2975 return received
55162.549600000006: MET_Broker: The number of finished Cloudlets is:2973
55163.120800000004: MET_Broker: Cloudlet #2972 return received
55163.120800000004: MET_Broker: The number of finished Cloudlets is:2974
55170.022000000004: MET_Broker: Cloudlet #2976 return received
55170.022000000004: MET_Broker: The number of finished Cloudlets is:2975
55178.674000000006: MET_Broker: Cloudlet #2974 return received
55178.674000000006: MET_Broker: The number of finished Cloudlets is:2976
55242.955200000004: MET_Broker: Cloudlet #2978 return received
55242.955200000004: MET_Broker: The number of finished Cloudlets is:2977
55266.674000000006: MET_Broker: Cloudlet #2979 return received
55266.674000000006: MET_Broker: The number of finished Cloudlets is:2978
55279.68280000001: MET_Broker: Cloudlet #2965 return received
55279.68280000001: MET_Broker: The number of finished Cloudlets is:2979
55284.88560000001: MET_Broker: Cloudlet #2977 return received
55284.88560000001: MET_Broker: The number of finished Cloudlets is:2980
55286.71600000001: MET_Broker: Cloudlet #2982 return received
55286.71600000001: MET_Broker: The number of finished Cloudlets is:2981
55295.43160000001: MET_Broker: Cloudlet #2984 return received
55295.43160000001: MET_Broker: The number of finished Cloudlets is:2982
55307.16800000001: MET_Broker: Cloudlet #2985 return received
55307.16800000001: MET_Broker: The number of finished Cloudlets is:2983
55330.74520000001: MET_Broker: Cloudlet #2980 return received
55330.74520000001: MET_Broker: The number of finished Cloudlets is:2984
55334.41840000001: MET_Broker: Cloudlet #2983 return received
55334.41840000001: MET_Broker: The number of finished Cloudlets is:2985
55375.49560000001: MET_Broker: Cloudlet #2987 return received
55375.49560000001: MET_Broker: The number of finished Cloudlets is:2986
55383.94760000001: MET_Broker: Cloudlet #2988 return received
55383.94760000001: MET_Broker: The number of finished Cloudlets is:2987
55387.91520000001: MET_Broker: Cloudlet #2989 return received
55387.91520000001: MET_Broker: The number of finished Cloudlets is:2988
55395.94880000001: MET_Broker: Cloudlet #2986 return received
55395.94880000001: MET_Broker: The number of finished Cloudlets is:2989
55434.67120000001: MET_Broker: Cloudlet #2992 return received
55434.67120000001: MET_Broker: The number of finished Cloudlets is:2990
55437.94160000001: MET_Broker: Cloudlet #2991 return received
55437.94160000001: MET_Broker: The number of finished Cloudlets is:2991
55455.52920000001: MET_Broker: Cloudlet #2994 return received
55455.52920000001: MET_Broker: The number of finished Cloudlets is:2992
55461.46680000001: MET_Broker: Cloudlet #2981 return received
55461.46680000001: MET_Broker: The number of finished Cloudlets is:2993
55591.893200000006: MET_Broker: Cloudlet #2990 return received
55591.893200000006: MET_Broker: The number of finished Cloudlets is:2994
55591.99080000001: MET_Broker: Cloudlet #2996 return received
55591.99080000001: MET_Broker: The number of finished Cloudlets is:2995
55649.503600000004: MET_Broker: Cloudlet #2997 return received
55649.503600000004: MET_Broker: The number of finished Cloudlets is:2996
55654.498400000004: MET_Broker: Cloudlet #2998 return received
55654.498400000004: MET_Broker: The number of finished Cloudlets is:2997
55664.914000000004: MET_Broker: Cloudlet #2999 return received
55664.914000000004: MET_Broker: The number of finished Cloudlets is:2998
55666.8124: MET_Broker: Cloudlet #2995 return received
55666.8124: MET_Broker: The number of finished Cloudlets is:2999
55680.118800000004: MET_Broker: Cloudlet #3001 return received
55680.118800000004: MET_Broker: The number of finished Cloudlets is:3000
55682.45480000001: MET_Broker: Cloudlet #3002 return received
55682.45480000001: MET_Broker: The number of finished Cloudlets is:3001
55701.30320000001: MET_Broker: Cloudlet #3003 return received
55701.30320000001: MET_Broker: The number of finished Cloudlets is:3002
55704.61480000001: MET_Broker: Cloudlet #3004 return received
55704.61480000001: MET_Broker: The number of finished Cloudlets is:3003
55720.15800000001: MET_Broker: Cloudlet #2993 return received
55720.15800000001: MET_Broker: The number of finished Cloudlets is:3004
55724.12240000001: MET_Broker: Cloudlet #3000 return received
55724.12240000001: MET_Broker: The number of finished Cloudlets is:3005
55737.71000000001: MET_Broker: Cloudlet #3008 return received
55737.71000000001: MET_Broker: The number of finished Cloudlets is:3006
55756.94640000001: MET_Broker: Cloudlet #3006 return received
55756.94640000001: MET_Broker: The number of finished Cloudlets is:3007
55768.36360000001: MET_Broker: Cloudlet #3009 return received
55768.36360000001: MET_Broker: The number of finished Cloudlets is:3008
55781.36720000001: MET_Broker: Cloudlet #3011 return received
55781.36720000001: MET_Broker: The number of finished Cloudlets is:3009
55794.364400000006: MET_Broker: Cloudlet #3010 return received
55794.364400000006: MET_Broker: The number of finished Cloudlets is:3010
55800.4348: MET_Broker: Cloudlet #3012 return received
55800.4348: MET_Broker: The number of finished Cloudlets is:3011
55827.0388: MET_Broker: Cloudlet #3013 return received
55827.0388: MET_Broker: The number of finished Cloudlets is:3012
55829.184400000006: MET_Broker: Cloudlet #3014 return received
55829.184400000006: MET_Broker: The number of finished Cloudlets is:3013
55836.441600000006: MET_Broker: Cloudlet #3005 return received
55836.441600000006: MET_Broker: The number of finished Cloudlets is:3014
55850.944800000005: MET_Broker: Cloudlet #3017 return received
55850.944800000005: MET_Broker: The number of finished Cloudlets is:3015
55881.359200000006: MET_Broker: Cloudlet #3015 return received
55881.359200000006: MET_Broker: The number of finished Cloudlets is:3016
55886.81080000001: MET_Broker: Cloudlet #3016 return received
55886.81080000001: MET_Broker: The number of finished Cloudlets is:3017
55887.91120000001: MET_Broker: Cloudlet #3018 return received
55887.91120000001: MET_Broker: The number of finished Cloudlets is:3018
55920.83240000001: MET_Broker: Cloudlet #3021 return received
55920.83240000001: MET_Broker: The number of finished Cloudlets is:3019
55927.5088: MET_Broker: Cloudlet #3019 return received
55927.5088: MET_Broker: The number of finished Cloudlets is:3020
55935.281200000005: MET_Broker: Cloudlet #3022 return received
55935.281200000005: MET_Broker: The number of finished Cloudlets is:3021
55991.836800000005: MET_Broker: Cloudlet #3024 return received
55991.836800000005: MET_Broker: The number of finished Cloudlets is:3022
56034.6048: MET_Broker: Cloudlet #3007 return received
56034.6048: MET_Broker: The number of finished Cloudlets is:3023
56047.097200000004: MET_Broker: Cloudlet #3025 return received
56047.097200000004: MET_Broker: The number of finished Cloudlets is:3024
56051.0028: MET_Broker: Cloudlet #3026 return received
56051.0028: MET_Broker: The number of finished Cloudlets is:3025
56083.2392: MET_Broker: Cloudlet #3020 return received
56083.2392: MET_Broker: The number of finished Cloudlets is:3026
56086.997200000005: MET_Broker: Cloudlet #3023 return received
56086.997200000005: MET_Broker: The number of finished Cloudlets is:3027
56099.8236: MET_Broker: Cloudlet #3029 return received
56099.8236: MET_Broker: The number of finished Cloudlets is:3028
56123.721600000004: MET_Broker: Cloudlet #3031 return received
56123.721600000004: MET_Broker: The number of finished Cloudlets is:3029
56226.371600000006: MET_Broker: Cloudlet #3028 return received
56226.371600000006: MET_Broker: The number of finished Cloudlets is:3030
56242.1456: MET_Broker: Cloudlet #3033 return received
56242.1456: MET_Broker: The number of finished Cloudlets is:3031
56248.33440000001: MET_Broker: Cloudlet #3027 return received
56248.33440000001: MET_Broker: The number of finished Cloudlets is:3032
56270.73520000001: MET_Broker: Cloudlet #3034 return received
56270.73520000001: MET_Broker: The number of finished Cloudlets is:3033
56301.90560000001: MET_Broker: Cloudlet #3036 return received
56301.90560000001: MET_Broker: The number of finished Cloudlets is:3034
56360.58480000001: MET_Broker: Cloudlet #3035 return received
56360.58480000001: MET_Broker: The number of finished Cloudlets is:3035
56390.45000000001: MET_Broker: Cloudlet #3038 return received
56390.45000000001: MET_Broker: The number of finished Cloudlets is:3036
56404.38000000001: MET_Broker: Cloudlet #3039 return received
56404.38000000001: MET_Broker: The number of finished Cloudlets is:3037
56421.51360000001: MET_Broker: Cloudlet #3030 return received
56421.51360000001: MET_Broker: The number of finished Cloudlets is:3038
56438.104800000016: MET_Broker: Cloudlet #3040 return received
56438.104800000016: MET_Broker: The number of finished Cloudlets is:3039
56447.115200000015: MET_Broker: Cloudlet #3032 return received
56447.115200000015: MET_Broker: The number of finished Cloudlets is:3040
56455.914400000016: MET_Broker: Cloudlet #3042 return received
56455.914400000016: MET_Broker: The number of finished Cloudlets is:3041
56472.62000000002: MET_Broker: Cloudlet #3044 return received
56472.62000000002: MET_Broker: The number of finished Cloudlets is:3042
56488.019600000014: MET_Broker: Cloudlet #3043 return received
56488.019600000014: MET_Broker: The number of finished Cloudlets is:3043
56498.54280000002: MET_Broker: Cloudlet #3046 return received
56498.54280000002: MET_Broker: The number of finished Cloudlets is:3044
56523.597600000016: MET_Broker: Cloudlet #3041 return received
56523.597600000016: MET_Broker: The number of finished Cloudlets is:3045
56538.79880000002: MET_Broker: Cloudlet #3047 return received
56538.79880000002: MET_Broker: The number of finished Cloudlets is:3046
56577.61960000002: MET_Broker: Cloudlet #3048 return received
56577.61960000002: MET_Broker: The number of finished Cloudlets is:3047
56580.63600000002: MET_Broker: Cloudlet #3049 return received
56580.63600000002: MET_Broker: The number of finished Cloudlets is:3048
56627.03320000002: MET_Broker: Cloudlet #3037 return received
56627.03320000002: MET_Broker: The number of finished Cloudlets is:3049
56636.83840000002: MET_Broker: Cloudlet #3051 return received
56636.83840000002: MET_Broker: The number of finished Cloudlets is:3050
56666.68400000002: MET_Broker: Cloudlet #3045 return received
56666.68400000002: MET_Broker: The number of finished Cloudlets is:3051
56678.647600000026: MET_Broker: Cloudlet #3053 return received
56678.647600000026: MET_Broker: The number of finished Cloudlets is:3052
56692.353600000024: MET_Broker: Cloudlet #3050 return received
56692.353600000024: MET_Broker: The number of finished Cloudlets is:3053
56693.91240000002: MET_Broker: Cloudlet #3054 return received
56693.91240000002: MET_Broker: The number of finished Cloudlets is:3054
56741.41080000002: MET_Broker: Cloudlet #3056 return received
56741.41080000002: MET_Broker: The number of finished Cloudlets is:3055
56747.14720000002: MET_Broker: Cloudlet #3057 return received
56747.14720000002: MET_Broker: The number of finished Cloudlets is:3056
56771.77880000002: MET_Broker: Cloudlet #3052 return received
56771.77880000002: MET_Broker: The number of finished Cloudlets is:3057
56799.07600000002: MET_Broker: Cloudlet #3060 return received
56799.07600000002: MET_Broker: The number of finished Cloudlets is:3058
56840.82400000002: MET_Broker: Cloudlet #3058 return received
56840.82400000002: MET_Broker: The number of finished Cloudlets is:3059
56858.46840000002: MET_Broker: Cloudlet #3062 return received
56858.46840000002: MET_Broker: The number of finished Cloudlets is:3060
56859.01960000002: MET_Broker: Cloudlet #3061 return received
56859.01960000002: MET_Broker: The number of finished Cloudlets is:3061
56878.650800000025: MET_Broker: Cloudlet #3063 return received
56878.650800000025: MET_Broker: The number of finished Cloudlets is:3062
56881.40320000002: MET_Broker: Cloudlet #3064 return received
56881.40320000002: MET_Broker: The number of finished Cloudlets is:3063
56886.50040000002: MET_Broker: Cloudlet #3059 return received
56886.50040000002: MET_Broker: The number of finished Cloudlets is:3064
56908.97160000002: MET_Broker: Cloudlet #3066 return received
56908.97160000002: MET_Broker: The number of finished Cloudlets is:3065
56925.94880000002: MET_Broker: Cloudlet #3055 return received
56925.94880000002: MET_Broker: The number of finished Cloudlets is:3066
56932.67840000002: MET_Broker: Cloudlet #3067 return received
56932.67840000002: MET_Broker: The number of finished Cloudlets is:3067
56936.28800000002: MET_Broker: Cloudlet #3069 return received
56936.28800000002: MET_Broker: The number of finished Cloudlets is:3068
56944.69440000002: MET_Broker: Cloudlet #3065 return received
56944.69440000002: MET_Broker: The number of finished Cloudlets is:3069
56966.082800000026: MET_Broker: Cloudlet #3071 return received
56966.082800000026: MET_Broker: The number of finished Cloudlets is:3070
56977.131200000025: MET_Broker: Cloudlet #3073 return received
56977.131200000025: MET_Broker: The number of finished Cloudlets is:3071
56997.673600000024: MET_Broker: Cloudlet #3072 return received
56997.673600000024: MET_Broker: The number of finished Cloudlets is:3072
57000.36920000002: MET_Broker: Cloudlet #3074 return received
57000.36920000002: MET_Broker: The number of finished Cloudlets is:3073
57013.33560000002: MET_Broker: Cloudlet #3075 return received
57013.33560000002: MET_Broker: The number of finished Cloudlets is:3074
57033.25120000002: MET_Broker: Cloudlet #3077 return received
57033.25120000002: MET_Broker: The number of finished Cloudlets is:3075
57038.61040000002: MET_Broker: Cloudlet #3070 return received
57038.61040000002: MET_Broker: The number of finished Cloudlets is:3076
57054.851600000016: MET_Broker: Cloudlet #3068 return received
57054.851600000016: MET_Broker: The number of finished Cloudlets is:3077
57074.37800000002: MET_Broker: Cloudlet #3079 return received
57074.37800000002: MET_Broker: The number of finished Cloudlets is:3078
57078.74640000002: MET_Broker: Cloudlet #3076 return received
57078.74640000002: MET_Broker: The number of finished Cloudlets is:3079
57094.35600000002: MET_Broker: Cloudlet #3080 return received
57094.35600000002: MET_Broker: The number of finished Cloudlets is:3080
57097.060400000024: MET_Broker: Cloudlet #3081 return received
57097.060400000024: MET_Broker: The number of finished Cloudlets is:3081
57106.313200000026: MET_Broker: Cloudlet #3078 return received
57106.313200000026: MET_Broker: The number of finished Cloudlets is:3082
57106.38800000003: MET_Broker: Cloudlet #3083 return received
57106.38800000003: MET_Broker: The number of finished Cloudlets is:3083
57106.58040000003: MET_Broker: Cloudlet #3084 return received
57106.58040000003: MET_Broker: The number of finished Cloudlets is:3084
57119.07480000003: MET_Broker: Cloudlet #3087 return received
57119.07480000003: MET_Broker: The number of finished Cloudlets is:3085
57122.16840000003: MET_Broker: Cloudlet #3082 return received
57122.16840000003: MET_Broker: The number of finished Cloudlets is:3086
57127.52960000003: MET_Broker: Cloudlet #3086 return received
57127.52960000003: MET_Broker: The number of finished Cloudlets is:3087
57137.01320000003: MET_Broker: Cloudlet #3088 return received
57137.01320000003: MET_Broker: The number of finished Cloudlets is:3088
57155.41720000003: MET_Broker: Cloudlet #3091 return received
57155.41720000003: MET_Broker: The number of finished Cloudlets is:3089
57178.07880000003: MET_Broker: Cloudlet #3092 return received
57178.07880000003: MET_Broker: The number of finished Cloudlets is:3090
57194.407600000035: MET_Broker: Cloudlet #3093 return received
57194.407600000035: MET_Broker: The number of finished Cloudlets is:3091
57294.51720000004: MET_Broker: Cloudlet #3085 return received
57294.51720000004: MET_Broker: The number of finished Cloudlets is:3092
57327.06520000004: MET_Broker: Cloudlet #3095 return received
57327.06520000004: MET_Broker: The number of finished Cloudlets is:3093
57336.33320000004: MET_Broker: Cloudlet #3096 return received
57336.33320000004: MET_Broker: The number of finished Cloudlets is:3094
57338.91200000004: MET_Broker: Cloudlet #3090 return received
57338.91200000004: MET_Broker: The number of finished Cloudlets is:3095
57355.63440000004: MET_Broker: Cloudlet #3097 return received
57355.63440000004: MET_Broker: The number of finished Cloudlets is:3096
57384.67560000004: MET_Broker: Cloudlet #3089 return received
57384.67560000004: MET_Broker: The number of finished Cloudlets is:3097
57437.66720000004: MET_Broker: Cloudlet #3100 return received
57437.66720000004: MET_Broker: The number of finished Cloudlets is:3098
57450.31920000004: MET_Broker: Cloudlet #3098 return received
57450.31920000004: MET_Broker: The number of finished Cloudlets is:3099
57469.55160000004: MET_Broker: Cloudlet #3102 return received
57469.55160000004: MET_Broker: The number of finished Cloudlets is:3100
57481.49200000004: MET_Broker: Cloudlet #3099 return received
57481.49200000004: MET_Broker: The number of finished Cloudlets is:3101
57499.47760000004: MET_Broker: Cloudlet #3104 return received
57499.47760000004: MET_Broker: The number of finished Cloudlets is:3102
57526.71000000004: MET_Broker: Cloudlet #3103 return received
57526.71000000004: MET_Broker: The number of finished Cloudlets is:3103
57527.296000000046: MET_Broker: Cloudlet #3094 return received
57527.296000000046: MET_Broker: The number of finished Cloudlets is:3104
57563.47280000005: MET_Broker: Cloudlet #3107 return received
57563.47280000005: MET_Broker: The number of finished Cloudlets is:3105
57670.59280000005: MET_Broker: Cloudlet #3105 return received
57670.59280000005: MET_Broker: The number of finished Cloudlets is:3106
57705.53120000005: MET_Broker: Cloudlet #3109 return received
57705.53120000005: MET_Broker: The number of finished Cloudlets is:3107
57748.848400000046: MET_Broker: Cloudlet #3110 return received
57748.848400000046: MET_Broker: The number of finished Cloudlets is:3108
57749.83040000005: MET_Broker: Cloudlet #3101 return received
57749.83040000005: MET_Broker: The number of finished Cloudlets is:3109
57768.77480000005: MET_Broker: Cloudlet #3112 return received
57768.77480000005: MET_Broker: The number of finished Cloudlets is:3110
57787.69840000005: MET_Broker: Cloudlet #3111 return received
57787.69840000005: MET_Broker: The number of finished Cloudlets is:3111
57804.95040000005: MET_Broker: Cloudlet #3114 return received
57804.95040000005: MET_Broker: The number of finished Cloudlets is:3112
57812.74880000005: MET_Broker: Cloudlet #3115 return received
57812.74880000005: MET_Broker: The number of finished Cloudlets is:3113
57842.08720000005: MET_Broker: Cloudlet #3106 return received
57842.08720000005: MET_Broker: The number of finished Cloudlets is:3114
57859.45160000005: MET_Broker: Cloudlet #3117 return received
57859.45160000005: MET_Broker: The number of finished Cloudlets is:3115
57869.90760000005: MET_Broker: Cloudlet #3118 return received
57869.90760000005: MET_Broker: The number of finished Cloudlets is:3116
57870.68440000005: MET_Broker: Cloudlet #3116 return received
57870.68440000005: MET_Broker: The number of finished Cloudlets is:3117
57876.48240000005: MET_Broker: Cloudlet #3119 return received
57876.48240000005: MET_Broker: The number of finished Cloudlets is:3118
57904.05240000005: MET_Broker: Cloudlet #3108 return received
57904.05240000005: MET_Broker: The number of finished Cloudlets is:3119
57914.64400000005: MET_Broker: Cloudlet #3120 return received
57914.64400000005: MET_Broker: The number of finished Cloudlets is:3120
57948.85720000005: MET_Broker: Cloudlet #3123 return received
57948.85720000005: MET_Broker: The number of finished Cloudlets is:3121
57952.83480000005: MET_Broker: Cloudlet #3113 return received
57952.83480000005: MET_Broker: The number of finished Cloudlets is:3122
58000.483200000046: MET_Broker: Cloudlet #3124 return received
58000.483200000046: MET_Broker: The number of finished Cloudlets is:3123
58038.98520000005: MET_Broker: Cloudlet #3126 return received
58038.98520000005: MET_Broker: The number of finished Cloudlets is:3124
58053.09280000005: MET_Broker: Cloudlet #3127 return received
58053.09280000005: MET_Broker: The number of finished Cloudlets is:3125
58053.63360000005: MET_Broker: Cloudlet #3125 return received
58053.63360000005: MET_Broker: The number of finished Cloudlets is:3126
58086.334800000055: MET_Broker: Cloudlet #3121 return received
58086.334800000055: MET_Broker: The number of finished Cloudlets is:3127
58099.31160000005: MET_Broker: Cloudlet #3128 return received
58099.31160000005: MET_Broker: The number of finished Cloudlets is:3128
58109.89920000005: MET_Broker: Cloudlet #3129 return received
58109.89920000005: MET_Broker: The number of finished Cloudlets is:3129
58131.09120000005: MET_Broker: Cloudlet #3132 return received
58131.09120000005: MET_Broker: The number of finished Cloudlets is:3130
58218.130000000056: MET_Broker: Cloudlet #3133 return received
58218.130000000056: MET_Broker: The number of finished Cloudlets is:3131
58247.194000000054: MET_Broker: Cloudlet #3122 return received
58247.194000000054: MET_Broker: The number of finished Cloudlets is:3132
58269.71600000005: MET_Broker: Cloudlet #3131 return received
58269.71600000005: MET_Broker: The number of finished Cloudlets is:3133
58304.88960000005: MET_Broker: Cloudlet #3135 return received
58304.88960000005: MET_Broker: The number of finished Cloudlets is:3134
58342.17160000005: MET_Broker: Cloudlet #3137 return received
58342.17160000005: MET_Broker: The number of finished Cloudlets is:3135
58345.64840000005: MET_Broker: Cloudlet #3130 return received
58345.64840000005: MET_Broker: The number of finished Cloudlets is:3136
58367.60800000005: MET_Broker: Cloudlet #3134 return received
58367.60800000005: MET_Broker: The number of finished Cloudlets is:3137
58382.36920000005: MET_Broker: Cloudlet #3138 return received
58382.36920000005: MET_Broker: The number of finished Cloudlets is:3138
58391.09440000005: MET_Broker: Cloudlet #3139 return received
58391.09440000005: MET_Broker: The number of finished Cloudlets is:3139
58400.47440000005: MET_Broker: Cloudlet #3142 return received
58400.47440000005: MET_Broker: The number of finished Cloudlets is:3140
58405.87080000005: MET_Broker: Cloudlet #3140 return received
58405.87080000005: MET_Broker: The number of finished Cloudlets is:3141
58407.822800000045: MET_Broker: Cloudlet #3136 return received
58407.822800000045: MET_Broker: The number of finished Cloudlets is:3142
58415.47760000004: MET_Broker: Cloudlet #3144 return received
58415.47760000004: MET_Broker: The number of finished Cloudlets is:3143
58454.90480000004: MET_Broker: Cloudlet #3146 return received
58454.90480000004: MET_Broker: The number of finished Cloudlets is:3144
58458.74800000004: MET_Broker: Cloudlet #3143 return received
58458.74800000004: MET_Broker: The number of finished Cloudlets is:3145
58458.92760000005: MET_Broker: Cloudlet #3141 return received
58458.92760000005: MET_Broker: The number of finished Cloudlets is:3146
58476.83240000004: MET_Broker: Cloudlet #3147 return received
58476.83240000004: MET_Broker: The number of finished Cloudlets is:3147
58482.47120000004: MET_Broker: Cloudlet #3148 return received
58482.47120000004: MET_Broker: The number of finished Cloudlets is:3148
58493.332000000046: MET_Broker: Cloudlet #3149 return received
58493.332000000046: MET_Broker: The number of finished Cloudlets is:3149
58512.45800000004: MET_Broker: Cloudlet #3151 return received
58512.45800000004: MET_Broker: The number of finished Cloudlets is:3150
58524.61960000004: MET_Broker: Cloudlet #3150 return received
58524.61960000004: MET_Broker: The number of finished Cloudlets is:3151
58581.93440000004: MET_Broker: Cloudlet #3145 return received
58581.93440000004: MET_Broker: The number of finished Cloudlets is:3152
58582.72600000004: MET_Broker: Cloudlet #3154 return received
58582.72600000004: MET_Broker: The number of finished Cloudlets is:3153
58593.95760000004: MET_Broker: Cloudlet #3156 return received
58593.95760000004: MET_Broker: The number of finished Cloudlets is:3154
58598.278000000035: MET_Broker: Cloudlet #3152 return received
58598.278000000035: MET_Broker: The number of finished Cloudlets is:3155
58610.470400000035: MET_Broker: Cloudlet #3157 return received
58610.470400000035: MET_Broker: The number of finished Cloudlets is:3156
58617.110400000034: MET_Broker: Cloudlet #3159 return received
58617.110400000034: MET_Broker: The number of finished Cloudlets is:3157
58636.053600000036: MET_Broker: Cloudlet #3158 return received
58636.053600000036: MET_Broker: The number of finished Cloudlets is:3158
58681.907600000035: MET_Broker: Cloudlet #3161 return received
58681.907600000035: MET_Broker: The number of finished Cloudlets is:3159
58740.73960000004: MET_Broker: Cloudlet #3162 return received
58740.73960000004: MET_Broker: The number of finished Cloudlets is:3160
58751.42280000004: MET_Broker: Cloudlet #3163 return received
58751.42280000004: MET_Broker: The number of finished Cloudlets is:3161
58761.74120000003: MET_Broker: Cloudlet #3153 return received
58761.74120000003: MET_Broker: The number of finished Cloudlets is:3162
58762.971200000036: MET_Broker: Cloudlet #3164 return received
58762.971200000036: MET_Broker: The number of finished Cloudlets is:3163
58774.28960000003: MET_Broker: Cloudlet #3165 return received
58774.28960000003: MET_Broker: The number of finished Cloudlets is:3164
58783.02840000003: MET_Broker: Cloudlet #3166 return received
58783.02840000003: MET_Broker: The number of finished Cloudlets is:3165
58800.33440000003: MET_Broker: Cloudlet #3160 return received
58800.33440000003: MET_Broker: The number of finished Cloudlets is:3166
58802.83080000003: MET_Broker: Cloudlet #3168 return received
58802.83080000003: MET_Broker: The number of finished Cloudlets is:3167
58805.77840000003: MET_Broker: Cloudlet #3167 return received
58805.77840000003: MET_Broker: The number of finished Cloudlets is:3168
58818.711200000034: MET_Broker: Cloudlet #3171 return received
58818.711200000034: MET_Broker: The number of finished Cloudlets is:3169
58838.41000000003: MET_Broker: Cloudlet #3172 return received
58838.41000000003: MET_Broker: The number of finished Cloudlets is:3170
58878.48920000003: MET_Broker: Cloudlet #3173 return received
58878.48920000003: MET_Broker: The number of finished Cloudlets is:3171
58891.59640000003: MET_Broker: Cloudlet #3170 return received
58891.59640000003: MET_Broker: The number of finished Cloudlets is:3172
58903.47480000003: MET_Broker: Cloudlet #3175 return received
58903.47480000003: MET_Broker: The number of finished Cloudlets is:3173
58903.77920000003: MET_Broker: Cloudlet #3174 return received
58903.77920000003: MET_Broker: The number of finished Cloudlets is:3174
58910.03960000003: MET_Broker: Cloudlet #3155 return received
58910.03960000003: MET_Broker: The number of finished Cloudlets is:3175
58921.00880000003: MET_Broker: Cloudlet #3177 return received
58921.00880000003: MET_Broker: The number of finished Cloudlets is:3176
58923.24880000003: MET_Broker: Cloudlet #3178 return received
58923.24880000003: MET_Broker: The number of finished Cloudlets is:3177
58962.93720000003: MET_Broker: Cloudlet #3176 return received
58962.93720000003: MET_Broker: The number of finished Cloudlets is:3178
58972.79960000003: MET_Broker: Cloudlet #3181 return received
58972.79960000003: MET_Broker: The number of finished Cloudlets is:3179
59086.893600000025: MET_Broker: Cloudlet #3169 return received
59086.893600000025: MET_Broker: The number of finished Cloudlets is:3180
59151.07320000003: MET_Broker: Cloudlet #3183 return received
59151.07320000003: MET_Broker: The number of finished Cloudlets is:3181
59162.67520000003: MET_Broker: Cloudlet #3184 return received
59162.67520000003: MET_Broker: The number of finished Cloudlets is:3182
59165.21320000003: MET_Broker: Cloudlet #3179 return received
59165.21320000003: MET_Broker: The number of finished Cloudlets is:3183
59188.832000000024: MET_Broker: Cloudlet #3186 return received
59188.832000000024: MET_Broker: The number of finished Cloudlets is:3184
59197.735200000025: MET_Broker: Cloudlet #3185 return received
59197.735200000025: MET_Broker: The number of finished Cloudlets is:3185
59210.15240000003: MET_Broker: Cloudlet #3188 return received
59210.15240000003: MET_Broker: The number of finished Cloudlets is:3186
59222.94680000003: MET_Broker: Cloudlet #3189 return received
59222.94680000003: MET_Broker: The number of finished Cloudlets is:3187
59234.58320000003: MET_Broker: Cloudlet #3190 return received
59234.58320000003: MET_Broker: The number of finished Cloudlets is:3188
59236.67880000003: MET_Broker: Cloudlet #3182 return received
59236.67880000003: MET_Broker: The number of finished Cloudlets is:3189
59238.40320000003: MET_Broker: Cloudlet #3180 return received
59238.40320000003: MET_Broker: The number of finished Cloudlets is:3190
59252.47760000003: MET_Broker: Cloudlet #3191 return received
59252.47760000003: MET_Broker: The number of finished Cloudlets is:3191
59283.434800000025: MET_Broker: Cloudlet #3187 return received
59283.434800000025: MET_Broker: The number of finished Cloudlets is:3192
59288.67720000003: MET_Broker: Cloudlet #3192 return received
59288.67720000003: MET_Broker: The number of finished Cloudlets is:3193
59304.082000000024: MET_Broker: Cloudlet #3195 return received
59304.082000000024: MET_Broker: The number of finished Cloudlets is:3194
59312.50320000002: MET_Broker: Cloudlet #3196 return received
59312.50320000002: MET_Broker: The number of finished Cloudlets is:3195
59357.238400000024: MET_Broker: Cloudlet #3197 return received
59357.238400000024: MET_Broker: The number of finished Cloudlets is:3196
59371.68200000002: MET_Broker: Cloudlet #3194 return received
59371.68200000002: MET_Broker: The number of finished Cloudlets is:3197
59397.34880000002: MET_Broker: Cloudlet #3199 return received
59397.34880000002: MET_Broker: The number of finished Cloudlets is:3198
59411.44840000002: MET_Broker: Cloudlet #3201 return received
59411.44840000002: MET_Broker: The number of finished Cloudlets is:3199
59413.17680000002: MET_Broker: Cloudlet #3193 return received
59413.17680000002: MET_Broker: The number of finished Cloudlets is:3200
59484.00400000002: MET_Broker: Cloudlet #3200 return received
59484.00400000002: MET_Broker: The number of finished Cloudlets is:3201
59492.01520000002: MET_Broker: Cloudlet #3204 return received
59492.01520000002: MET_Broker: The number of finished Cloudlets is:3202
59518.096400000024: MET_Broker: Cloudlet #3205 return received
59518.096400000024: MET_Broker: The number of finished Cloudlets is:3203
59557.98080000003: MET_Broker: Cloudlet #3206 return received
59557.98080000003: MET_Broker: The number of finished Cloudlets is:3204
59609.046800000026: MET_Broker: Cloudlet #3202 return received
59609.046800000026: MET_Broker: The number of finished Cloudlets is:3205
59618.177600000025: MET_Broker: Cloudlet #3198 return received
59618.177600000025: MET_Broker: The number of finished Cloudlets is:3206
59624.916400000024: MET_Broker: Cloudlet #3207 return received
59624.916400000024: MET_Broker: The number of finished Cloudlets is:3207
59644.273200000025: MET_Broker: Cloudlet #3210 return received
59644.273200000025: MET_Broker: The number of finished Cloudlets is:3208
59671.10720000003: MET_Broker: Cloudlet #3209 return received
59671.10720000003: MET_Broker: The number of finished Cloudlets is:3209
59701.33760000003: MET_Broker: Cloudlet #3212 return received
59701.33760000003: MET_Broker: The number of finished Cloudlets is:3210
59731.63920000003: MET_Broker: Cloudlet #3211 return received
59731.63920000003: MET_Broker: The number of finished Cloudlets is:3211
59756.97320000003: MET_Broker: Cloudlet #3213 return received
59756.97320000003: MET_Broker: The number of finished Cloudlets is:3212
59758.78480000003: MET_Broker: Cloudlet #3203 return received
59758.78480000003: MET_Broker: The number of finished Cloudlets is:3213
59766.98200000003: MET_Broker: Cloudlet #3214 return received
59766.98200000003: MET_Broker: The number of finished Cloudlets is:3214
59769.232800000034: MET_Broker: Cloudlet #3216 return received
59769.232800000034: MET_Broker: The number of finished Cloudlets is:3215
59782.269600000036: MET_Broker: Cloudlet #3217 return received
59782.269600000036: MET_Broker: The number of finished Cloudlets is:3216
59812.16040000004: MET_Broker: Cloudlet #3219 return received
59812.16040000004: MET_Broker: The number of finished Cloudlets is:3217
59824.12640000004: MET_Broker: Cloudlet #3220 return received
59824.12640000004: MET_Broker: The number of finished Cloudlets is:3218
59828.81480000004: MET_Broker: Cloudlet #3218 return received
59828.81480000004: MET_Broker: The number of finished Cloudlets is:3219
59878.03280000004: MET_Broker: Cloudlet #3221 return received
59878.03280000004: MET_Broker: The number of finished Cloudlets is:3220
59896.423200000034: MET_Broker: Cloudlet #3223 return received
59896.423200000034: MET_Broker: The number of finished Cloudlets is:3221
59904.425200000034: MET_Broker: Cloudlet #3224 return received
59904.425200000034: MET_Broker: The number of finished Cloudlets is:3222
59915.63760000003: MET_Broker: Cloudlet #3225 return received
59915.63760000003: MET_Broker: The number of finished Cloudlets is:3223
59928.83600000003: MET_Broker: Cloudlet #3226 return received
59928.83600000003: MET_Broker: The number of finished Cloudlets is:3224
59937.82800000003: MET_Broker: Cloudlet #3215 return received
59937.82800000003: MET_Broker: The number of finished Cloudlets is:3225
59948.96000000003: MET_Broker: Cloudlet #3208 return received
59948.96000000003: MET_Broker: The number of finished Cloudlets is:3226
59974.73160000003: MET_Broker: Cloudlet #3227 return received
59974.73160000003: MET_Broker: The number of finished Cloudlets is:3227
60008.59760000003: MET_Broker: Cloudlet #3230 return received
60008.59760000003: MET_Broker: The number of finished Cloudlets is:3228
60024.54240000003: MET_Broker: Cloudlet #3222 return received
60024.54240000003: MET_Broker: The number of finished Cloudlets is:3229
60025.68960000003: MET_Broker: Cloudlet #3231 return received
60025.68960000003: MET_Broker: The number of finished Cloudlets is:3230
60040.599200000026: MET_Broker: Cloudlet #3233 return received
60040.599200000026: MET_Broker: The number of finished Cloudlets is:3231
60047.964400000026: MET_Broker: Cloudlet #3234 return received
60047.964400000026: MET_Broker: The number of finished Cloudlets is:3232
60071.68760000003: MET_Broker: Cloudlet #3232 return received
60071.68760000003: MET_Broker: The number of finished Cloudlets is:3233
60082.432800000024: MET_Broker: Cloudlet #3235 return received
60082.432800000024: MET_Broker: The number of finished Cloudlets is:3234
60125.54520000002: MET_Broker: Cloudlet #3228 return received
60125.54520000002: MET_Broker: The number of finished Cloudlets is:3235
60128.92600000002: MET_Broker: Cloudlet #3229 return received
60128.92600000002: MET_Broker: The number of finished Cloudlets is:3236
60147.77600000002: MET_Broker: Cloudlet #3239 return received
60147.77600000002: MET_Broker: The number of finished Cloudlets is:3237
60152.19800000002: MET_Broker: Cloudlet #3238 return received
60152.19800000002: MET_Broker: The number of finished Cloudlets is:3238
60163.31520000002: MET_Broker: Cloudlet #3240 return received
60163.31520000002: MET_Broker: The number of finished Cloudlets is:3239
60164.74200000002: MET_Broker: Cloudlet #3236 return received
60164.74200000002: MET_Broker: The number of finished Cloudlets is:3240
60178.04600000002: MET_Broker: Cloudlet #3242 return received
60178.04600000002: MET_Broker: The number of finished Cloudlets is:3241
60194.85120000002: MET_Broker: Cloudlet #3243 return received
60194.85120000002: MET_Broker: The number of finished Cloudlets is:3242
60211.50960000002: MET_Broker: Cloudlet #3241 return received
60211.50960000002: MET_Broker: The number of finished Cloudlets is:3243
60221.76280000002: MET_Broker: Cloudlet #3246 return received
60221.76280000002: MET_Broker: The number of finished Cloudlets is:3244
60228.82200000002: MET_Broker: Cloudlet #3244 return received
60228.82200000002: MET_Broker: The number of finished Cloudlets is:3245
60231.97840000002: MET_Broker: Cloudlet #3247 return received
60231.97840000002: MET_Broker: The number of finished Cloudlets is:3246
60250.54120000002: MET_Broker: Cloudlet #3245 return received
60250.54120000002: MET_Broker: The number of finished Cloudlets is:3247
60260.17920000002: MET_Broker: Cloudlet #3237 return received
60260.17920000002: MET_Broker: The number of finished Cloudlets is:3248
60322.44800000002: MET_Broker: Cloudlet #3250 return received
60322.44800000002: MET_Broker: The number of finished Cloudlets is:3249
60335.87240000002: MET_Broker: Cloudlet #3251 return received
60335.87240000002: MET_Broker: The number of finished Cloudlets is:3250
60356.688800000025: MET_Broker: Cloudlet #3252 return received
60356.688800000025: MET_Broker: The number of finished Cloudlets is:3251
60374.12840000002: MET_Broker: Cloudlet #3254 return received
60374.12840000002: MET_Broker: The number of finished Cloudlets is:3252
60382.93440000002: MET_Broker: Cloudlet #3249 return received
60382.93440000002: MET_Broker: The number of finished Cloudlets is:3253
60441.35040000002: MET_Broker: Cloudlet #3256 return received
60441.35040000002: MET_Broker: The number of finished Cloudlets is:3254
60454.17240000002: MET_Broker: Cloudlet #3255 return received
60454.17240000002: MET_Broker: The number of finished Cloudlets is:3255
60529.127600000014: MET_Broker: Cloudlet #3253 return received
60529.127600000014: MET_Broker: The number of finished Cloudlets is:3256
60560.14360000002: MET_Broker: Cloudlet #3257 return received
60560.14360000002: MET_Broker: The number of finished Cloudlets is:3257
60567.93360000002: MET_Broker: Cloudlet #3248 return received
60567.93360000002: MET_Broker: The number of finished Cloudlets is:3258
60573.487600000015: MET_Broker: Cloudlet #3259 return received
60573.487600000015: MET_Broker: The number of finished Cloudlets is:3259
60578.49000000001: MET_Broker: Cloudlet #3261 return received
60578.49000000001: MET_Broker: The number of finished Cloudlets is:3260
60621.12280000001: MET_Broker: Cloudlet #3260 return received
60621.12280000001: MET_Broker: The number of finished Cloudlets is:3261
60629.22800000001: MET_Broker: Cloudlet #3264 return received
60629.22800000001: MET_Broker: The number of finished Cloudlets is:3262
60644.51200000001: MET_Broker: Cloudlet #3265 return received
60644.51200000001: MET_Broker: The number of finished Cloudlets is:3263
60663.65600000001: MET_Broker: Cloudlet #3262 return received
60663.65600000001: MET_Broker: The number of finished Cloudlets is:3264
60672.86640000001: MET_Broker: Cloudlet #3266 return received
60672.86640000001: MET_Broker: The number of finished Cloudlets is:3265
60683.47040000001: MET_Broker: Cloudlet #3268 return received
60683.47040000001: MET_Broker: The number of finished Cloudlets is:3266
60687.669600000016: MET_Broker: Cloudlet #3263 return received
60687.669600000016: MET_Broker: The number of finished Cloudlets is:3267
60723.328000000016: MET_Broker: Cloudlet #3267 return received
60723.328000000016: MET_Broker: The number of finished Cloudlets is:3268
60740.42760000002: MET_Broker: Cloudlet #3269 return received
60740.42760000002: MET_Broker: The number of finished Cloudlets is:3269
60750.479200000016: MET_Broker: Cloudlet #3258 return received
60750.479200000016: MET_Broker: The number of finished Cloudlets is:3270
60756.412400000016: MET_Broker: Cloudlet #3272 return received
60756.412400000016: MET_Broker: The number of finished Cloudlets is:3271
60764.976400000014: MET_Broker: Cloudlet #3273 return received
60764.976400000014: MET_Broker: The number of finished Cloudlets is:3272
60774.238800000014: MET_Broker: Cloudlet #3271 return received
60774.238800000014: MET_Broker: The number of finished Cloudlets is:3273
60774.983600000014: MET_Broker: Cloudlet #3275 return received
60774.983600000014: MET_Broker: The number of finished Cloudlets is:3274
60812.611200000014: MET_Broker: Cloudlet #3274 return received
60812.611200000014: MET_Broker: The number of finished Cloudlets is:3275
60841.43040000001: MET_Broker: Cloudlet #3278 return received
60841.43040000001: MET_Broker: The number of finished Cloudlets is:3276
60873.71440000001: MET_Broker: Cloudlet #3276 return received
60873.71440000001: MET_Broker: The number of finished Cloudlets is:3277
60885.37880000001: MET_Broker: Cloudlet #3277 return received
60885.37880000001: MET_Broker: The number of finished Cloudlets is:3278
60885.861200000014: MET_Broker: Cloudlet #3280 return received
60885.861200000014: MET_Broker: The number of finished Cloudlets is:3279
60890.125600000014: MET_Broker: Cloudlet #3279 return received
60890.125600000014: MET_Broker: The number of finished Cloudlets is:3280
60903.453600000015: MET_Broker: Cloudlet #3282 return received
60903.453600000015: MET_Broker: The number of finished Cloudlets is:3281
60967.69360000001: MET_Broker: Cloudlet #3270 return received
60967.69360000001: MET_Broker: The number of finished Cloudlets is:3282
60995.82680000001: MET_Broker: Cloudlet #3285 return received
60995.82680000001: MET_Broker: The number of finished Cloudlets is:3283
61014.13160000001: MET_Broker: Cloudlet #3286 return received
61014.13160000001: MET_Broker: The number of finished Cloudlets is:3284
61043.66960000001: MET_Broker: Cloudlet #3284 return received
61043.66960000001: MET_Broker: The number of finished Cloudlets is:3285
61061.15320000001: MET_Broker: Cloudlet #3281 return received
61061.15320000001: MET_Broker: The number of finished Cloudlets is:3286
61072.03160000001: MET_Broker: Cloudlet #3287 return received
61072.03160000001: MET_Broker: The number of finished Cloudlets is:3287
61086.85960000001: MET_Broker: Cloudlet #3290 return received
61086.85960000001: MET_Broker: The number of finished Cloudlets is:3288
61089.00360000001: MET_Broker: Cloudlet #3288 return received
61089.00360000001: MET_Broker: The number of finished Cloudlets is:3289
61090.710000000014: MET_Broker: Cloudlet #3289 return received
61090.710000000014: MET_Broker: The number of finished Cloudlets is:3290
61105.23000000001: MET_Broker: Cloudlet #3293 return received
61105.23000000001: MET_Broker: The number of finished Cloudlets is:3291
61105.77240000001: MET_Broker: Cloudlet #3292 return received
61105.77240000001: MET_Broker: The number of finished Cloudlets is:3292
61106.76240000001: MET_Broker: Cloudlet #3291 return received
61106.76240000001: MET_Broker: The number of finished Cloudlets is:3293
61113.91160000001: MET_Broker: Cloudlet #3295 return received
61113.91160000001: MET_Broker: The number of finished Cloudlets is:3294
61123.24360000001: MET_Broker: Cloudlet #3294 return received
61123.24360000001: MET_Broker: The number of finished Cloudlets is:3295
61153.99560000001: MET_Broker: Cloudlet #3297 return received
61153.99560000001: MET_Broker: The number of finished Cloudlets is:3296
61162.02840000001: MET_Broker: Cloudlet #3283 return received
61162.02840000001: MET_Broker: The number of finished Cloudlets is:3297
61210.32760000001: MET_Broker: Cloudlet #3300 return received
61210.32760000001: MET_Broker: The number of finished Cloudlets is:3298
61228.26400000001: MET_Broker: Cloudlet #3301 return received
61228.26400000001: MET_Broker: The number of finished Cloudlets is:3299
61239.79440000001: MET_Broker: Cloudlet #3302 return received
61239.79440000001: MET_Broker: The number of finished Cloudlets is:3300
61275.193200000016: MET_Broker: Cloudlet #3299 return received
61275.193200000016: MET_Broker: The number of finished Cloudlets is:3301
61296.11560000002: MET_Broker: Cloudlet #3303 return received
61296.11560000002: MET_Broker: The number of finished Cloudlets is:3302
61328.28840000002: MET_Broker: Cloudlet #3296 return received
61328.28840000002: MET_Broker: The number of finished Cloudlets is:3303
61330.46600000002: MET_Broker: Cloudlet #3304 return received
61330.46600000002: MET_Broker: The number of finished Cloudlets is:3304
61358.50560000002: MET_Broker: Cloudlet #3305 return received
61358.50560000002: MET_Broker: The number of finished Cloudlets is:3305
61374.036800000016: MET_Broker: Cloudlet #3307 return received
61374.036800000016: MET_Broker: The number of finished Cloudlets is:3306
61386.73480000001: MET_Broker: Cloudlet #3309 return received
61386.73480000001: MET_Broker: The number of finished Cloudlets is:3307
61396.738800000014: MET_Broker: Cloudlet #3308 return received
61396.738800000014: MET_Broker: The number of finished Cloudlets is:3308
61464.811600000015: MET_Broker: Cloudlet #3306 return received
61464.811600000015: MET_Broker: The number of finished Cloudlets is:3309
61466.983600000014: MET_Broker: Cloudlet #3298 return received
61466.983600000014: MET_Broker: The number of finished Cloudlets is:3310
61522.78960000001: MET_Broker: Cloudlet #3313 return received
61522.78960000001: MET_Broker: The number of finished Cloudlets is:3311
61550.28240000001: MET_Broker: Cloudlet #3312 return received
61550.28240000001: MET_Broker: The number of finished Cloudlets is:3312
61556.39960000001: MET_Broker: Cloudlet #3311 return received
61556.39960000001: MET_Broker: The number of finished Cloudlets is:3313
61582.75400000001: MET_Broker: Cloudlet #3314 return received
61582.75400000001: MET_Broker: The number of finished Cloudlets is:3314
61598.11600000001: MET_Broker: Cloudlet #3310 return received
61598.11600000001: MET_Broker: The number of finished Cloudlets is:3315
61620.34080000001: MET_Broker: Cloudlet #3315 return received
61620.34080000001: MET_Broker: The number of finished Cloudlets is:3316
61627.154400000014: MET_Broker: Cloudlet #3317 return received
61627.154400000014: MET_Broker: The number of finished Cloudlets is:3317
61639.53240000001: MET_Broker: Cloudlet #3320 return received
61639.53240000001: MET_Broker: The number of finished Cloudlets is:3318
61641.16560000001: MET_Broker: Cloudlet #3319 return received
61641.16560000001: MET_Broker: The number of finished Cloudlets is:3319
61650.164000000004: MET_Broker: Cloudlet #3322 return received
61650.164000000004: MET_Broker: The number of finished Cloudlets is:3320
61684.722: MET_Broker: Cloudlet #3321 return received
61684.722: MET_Broker: The number of finished Cloudlets is:3321
61698.6348: MET_Broker: Cloudlet #3323 return received
61698.6348: MET_Broker: The number of finished Cloudlets is:3322
61703.1812: MET_Broker: Cloudlet #3324 return received
61703.1812: MET_Broker: The number of finished Cloudlets is:3323
61749.9052: MET_Broker: Cloudlet #3326 return received
61749.9052: MET_Broker: The number of finished Cloudlets is:3324
61755.104400000004: MET_Broker: Cloudlet #3325 return received
61755.104400000004: MET_Broker: The number of finished Cloudlets is:3325
61804.44040000001: MET_Broker: Cloudlet #3328 return received
61804.44040000001: MET_Broker: The number of finished Cloudlets is:3326
61814.50080000001: MET_Broker: Cloudlet #3327 return received
61814.50080000001: MET_Broker: The number of finished Cloudlets is:3327
61818.19440000001: MET_Broker: Cloudlet #3329 return received
61818.19440000001: MET_Broker: The number of finished Cloudlets is:3328
61821.96800000001: MET_Broker: Cloudlet #3316 return received
61821.96800000001: MET_Broker: The number of finished Cloudlets is:3329
61824.22440000001: MET_Broker: Cloudlet #3331 return received
61824.22440000001: MET_Broker: The number of finished Cloudlets is:3330
61827.106400000004: MET_Broker: Cloudlet #3330 return received
61827.106400000004: MET_Broker: The number of finished Cloudlets is:3331
61828.03800000001: MET_Broker: Cloudlet #3332 return received
61828.03800000001: MET_Broker: The number of finished Cloudlets is:3332
61831.53880000001: MET_Broker: Cloudlet #3318 return received
61831.53880000001: MET_Broker: The number of finished Cloudlets is:3333
61843.53280000001: MET_Broker: Cloudlet #3333 return received
61843.53280000001: MET_Broker: The number of finished Cloudlets is:3334
61871.018800000005: MET_Broker: Cloudlet #3337 return received
61871.018800000005: MET_Broker: The number of finished Cloudlets is:3335
61887.78920000001: MET_Broker: Cloudlet #3338 return received
61887.78920000001: MET_Broker: The number of finished Cloudlets is:3336
61902.40000000001: MET_Broker: Cloudlet #3339 return received
61902.40000000001: MET_Broker: The number of finished Cloudlets is:3337
61921.37720000001: MET_Broker: Cloudlet #3335 return received
61921.37720000001: MET_Broker: The number of finished Cloudlets is:3338
61939.82040000001: MET_Broker: Cloudlet #3341 return received
61939.82040000001: MET_Broker: The number of finished Cloudlets is:3339
61943.27960000001: MET_Broker: Cloudlet #3340 return received
61943.27960000001: MET_Broker: The number of finished Cloudlets is:3340
61953.10440000001: MET_Broker: Cloudlet #3342 return received
61953.10440000001: MET_Broker: The number of finished Cloudlets is:3341
61960.72600000001: MET_Broker: Cloudlet #3344 return received
61960.72600000001: MET_Broker: The number of finished Cloudlets is:3342
61974.90000000001: MET_Broker: Cloudlet #3334 return received
61974.90000000001: MET_Broker: The number of finished Cloudlets is:3343
61977.29640000001: MET_Broker: Cloudlet #3343 return received
61977.29640000001: MET_Broker: The number of finished Cloudlets is:3344
61986.441600000006: MET_Broker: Cloudlet #3347 return received
61986.441600000006: MET_Broker: The number of finished Cloudlets is:3345
61997.929200000006: MET_Broker: Cloudlet #3345 return received
61997.929200000006: MET_Broker: The number of finished Cloudlets is:3346
62047.0664: MET_Broker: Cloudlet #3346 return received
62047.0664: MET_Broker: The number of finished Cloudlets is:3347
62065.289600000004: MET_Broker: Cloudlet #3336 return received
62065.289600000004: MET_Broker: The number of finished Cloudlets is:3348
62072.876800000005: MET_Broker: Cloudlet #3351 return received
62072.876800000005: MET_Broker: The number of finished Cloudlets is:3349
62086.562000000005: MET_Broker: Cloudlet #3350 return received
62086.562000000005: MET_Broker: The number of finished Cloudlets is:3350
62087.067200000005: MET_Broker: Cloudlet #3352 return received
62087.067200000005: MET_Broker: The number of finished Cloudlets is:3351
62100.71800000001: MET_Broker: Cloudlet #3354 return received
62100.71800000001: MET_Broker: The number of finished Cloudlets is:3352
62134.62120000001: MET_Broker: Cloudlet #3348 return received
62134.62120000001: MET_Broker: The number of finished Cloudlets is:3353
62157.56760000001: MET_Broker: Cloudlet #3355 return received
62157.56760000001: MET_Broker: The number of finished Cloudlets is:3354
62169.41560000001: MET_Broker: Cloudlet #3353 return received
62169.41560000001: MET_Broker: The number of finished Cloudlets is:3355
62176.734800000006: MET_Broker: Cloudlet #3357 return received
62176.734800000006: MET_Broker: The number of finished Cloudlets is:3356
62223.48880000001: MET_Broker: Cloudlet #3358 return received
62223.48880000001: MET_Broker: The number of finished Cloudlets is:3357
62235.96600000001: MET_Broker: Cloudlet #3359 return received
62235.96600000001: MET_Broker: The number of finished Cloudlets is:3358
62250.014800000004: MET_Broker: Cloudlet #3356 return received
62250.014800000004: MET_Broker: The number of finished Cloudlets is:3359
62326.4668: MET_Broker: Cloudlet #3349 return received
62326.4668: MET_Broker: The number of finished Cloudlets is:3360
62335.007600000004: MET_Broker: Cloudlet #3363 return received
62335.007600000004: MET_Broker: The number of finished Cloudlets is:3361
62391.92600000001: MET_Broker: Cloudlet #3361 return received
62391.92600000001: MET_Broker: The number of finished Cloudlets is:3362
62423.68280000001: MET_Broker: Cloudlet #3365 return received
62423.68280000001: MET_Broker: The number of finished Cloudlets is:3363
62437.25800000001: MET_Broker: Cloudlet #3364 return received
62437.25800000001: MET_Broker: The number of finished Cloudlets is:3364
62461.941600000006: MET_Broker: Cloudlet #3367 return received
62461.941600000006: MET_Broker: The number of finished Cloudlets is:3365
62468.369600000005: MET_Broker: Cloudlet #3362 return received
62468.369600000005: MET_Broker: The number of finished Cloudlets is:3366
62472.55240000001: MET_Broker: Cloudlet #3366 return received
62472.55240000001: MET_Broker: The number of finished Cloudlets is:3367
62480.638000000006: MET_Broker: Cloudlet #3368 return received
62480.638000000006: MET_Broker: The number of finished Cloudlets is:3368
62482.1796: MET_Broker: Cloudlet #3370 return received
62482.1796: MET_Broker: The number of finished Cloudlets is:3369
62497.9668: MET_Broker: Cloudlet #3369 return received
62497.9668: MET_Broker: The number of finished Cloudlets is:3370
62505.349200000004: MET_Broker: Cloudlet #3372 return received
62505.349200000004: MET_Broker: The number of finished Cloudlets is:3371
62508.0964: MET_Broker: Cloudlet #3360 return received
62508.0964: MET_Broker: The number of finished Cloudlets is:3372
62515.5428: MET_Broker: Cloudlet #3374 return received
62515.5428: MET_Broker: The number of finished Cloudlets is:3373
62524.229600000006: MET_Broker: Cloudlet #3376 return received
62524.229600000006: MET_Broker: The number of finished Cloudlets is:3374
62540.82480000001: MET_Broker: Cloudlet #3377 return received
62540.82480000001: MET_Broker: The number of finished Cloudlets is:3375
62555.76080000001: MET_Broker: Cloudlet #3378 return received
62555.76080000001: MET_Broker: The number of finished Cloudlets is:3376
62564.32280000001: MET_Broker: Cloudlet #3371 return received
62564.32280000001: MET_Broker: The number of finished Cloudlets is:3377
62571.60840000001: MET_Broker: Cloudlet #3380 return received
62571.60840000001: MET_Broker: The number of finished Cloudlets is:3378
62595.375600000014: MET_Broker: Cloudlet #3379 return received
62595.375600000014: MET_Broker: The number of finished Cloudlets is:3379
62611.04440000001: MET_Broker: Cloudlet #3381 return received
62611.04440000001: MET_Broker: The number of finished Cloudlets is:3380
62614.11040000001: MET_Broker: Cloudlet #3375 return received
62614.11040000001: MET_Broker: The number of finished Cloudlets is:3381
62652.60880000001: MET_Broker: Cloudlet #3373 return received
62652.60880000001: MET_Broker: The number of finished Cloudlets is:3382
62662.751200000006: MET_Broker: Cloudlet #3384 return received
62662.751200000006: MET_Broker: The number of finished Cloudlets is:3383
62687.80120000001: MET_Broker: Cloudlet #3386 return received
62687.80120000001: MET_Broker: The number of finished Cloudlets is:3384
62721.43800000001: MET_Broker: Cloudlet #3382 return received
62721.43800000001: MET_Broker: The number of finished Cloudlets is:3385
62724.89240000001: MET_Broker: Cloudlet #3387 return received
62724.89240000001: MET_Broker: The number of finished Cloudlets is:3386
62783.38960000001: MET_Broker: Cloudlet #3388 return received
62783.38960000001: MET_Broker: The number of finished Cloudlets is:3387
62817.89480000001: MET_Broker: Cloudlet #3385 return received
62817.89480000001: MET_Broker: The number of finished Cloudlets is:3388
62823.44280000001: MET_Broker: Cloudlet #3390 return received
62823.44280000001: MET_Broker: The number of finished Cloudlets is:3389
62838.02400000001: MET_Broker: Cloudlet #3392 return received
62838.02400000001: MET_Broker: The number of finished Cloudlets is:3390
62853.85200000001: MET_Broker: Cloudlet #3393 return received
62853.85200000001: MET_Broker: The number of finished Cloudlets is:3391
62857.809600000015: MET_Broker: Cloudlet #3391 return received
62857.809600000015: MET_Broker: The number of finished Cloudlets is:3392
62909.15080000002: MET_Broker: Cloudlet #3395 return received
62909.15080000002: MET_Broker: The number of finished Cloudlets is:3393
62915.656400000014: MET_Broker: Cloudlet #3383 return received
62915.656400000014: MET_Broker: The number of finished Cloudlets is:3394
62966.82640000001: MET_Broker: Cloudlet #3396 return received
62966.82640000001: MET_Broker: The number of finished Cloudlets is:3395
62976.78360000001: MET_Broker: Cloudlet #3398 return received
62976.78360000001: MET_Broker: The number of finished Cloudlets is:3396
62986.12600000001: MET_Broker: Cloudlet #3389 return received
62986.12600000001: MET_Broker: The number of finished Cloudlets is:3397
63023.04280000001: MET_Broker: Cloudlet #3400 return received
63023.04280000001: MET_Broker: The number of finished Cloudlets is:3398
63029.202800000014: MET_Broker: Cloudlet #3401 return received
63029.202800000014: MET_Broker: The number of finished Cloudlets is:3399
63036.71520000001: MET_Broker: Cloudlet #3399 return received
63036.71520000001: MET_Broker: The number of finished Cloudlets is:3400
63052.482400000015: MET_Broker: Cloudlet #3394 return received
63052.482400000015: MET_Broker: The number of finished Cloudlets is:3401
63072.542000000016: MET_Broker: Cloudlet #3403 return received
63072.542000000016: MET_Broker: The number of finished Cloudlets is:3402
63076.40280000002: MET_Broker: Cloudlet #3402 return received
63076.40280000002: MET_Broker: The number of finished Cloudlets is:3403
63089.344400000016: MET_Broker: Cloudlet #3404 return received
63089.344400000016: MET_Broker: The number of finished Cloudlets is:3404
63097.93360000002: MET_Broker: Cloudlet #3406 return received
63097.93360000002: MET_Broker: The number of finished Cloudlets is:3405
63122.04280000002: MET_Broker: Cloudlet #3407 return received
63122.04280000002: MET_Broker: The number of finished Cloudlets is:3406
63144.71360000002: MET_Broker: Cloudlet #3408 return received
63144.71360000002: MET_Broker: The number of finished Cloudlets is:3407
63173.034000000014: MET_Broker: Cloudlet #3397 return received
63173.034000000014: MET_Broker: The number of finished Cloudlets is:3408
63192.47040000001: MET_Broker: Cloudlet #3410 return received
63192.47040000001: MET_Broker: The number of finished Cloudlets is:3409
63217.02320000001: MET_Broker: Cloudlet #3411 return received
63217.02320000001: MET_Broker: The number of finished Cloudlets is:3410
63235.769600000014: MET_Broker: Cloudlet #3405 return received
63235.769600000014: MET_Broker: The number of finished Cloudlets is:3411
63243.26800000001: MET_Broker: Cloudlet #3414 return received
63243.26800000001: MET_Broker: The number of finished Cloudlets is:3412
63361.25480000001: MET_Broker: Cloudlet #3409 return received
63361.25480000001: MET_Broker: The number of finished Cloudlets is:3413
63372.57760000001: MET_Broker: Cloudlet #3412 return received
63372.57760000001: MET_Broker: The number of finished Cloudlets is:3414
63417.462000000014: MET_Broker: Cloudlet #3415 return received
63417.462000000014: MET_Broker: The number of finished Cloudlets is:3415
63430.07680000002: MET_Broker: Cloudlet #3417 return received
63430.07680000002: MET_Broker: The number of finished Cloudlets is:3416
63434.23000000002: MET_Broker: Cloudlet #3418 return received
63434.23000000002: MET_Broker: The number of finished Cloudlets is:3417
63456.990800000014: MET_Broker: Cloudlet #3413 return received
63456.990800000014: MET_Broker: The number of finished Cloudlets is:3418
63488.40880000001: MET_Broker: Cloudlet #3419 return received
63488.40880000001: MET_Broker: The number of finished Cloudlets is:3419
63506.759200000015: MET_Broker: Cloudlet #3421 return received
63506.759200000015: MET_Broker: The number of finished Cloudlets is:3420
63523.606800000016: MET_Broker: Cloudlet #3423 return received
63523.606800000016: MET_Broker: The number of finished Cloudlets is:3421
63525.63840000002: MET_Broker: Cloudlet #3416 return received
63525.63840000002: MET_Broker: The number of finished Cloudlets is:3422
63532.15040000002: MET_Broker: Cloudlet #3425 return received
63532.15040000002: MET_Broker: The number of finished Cloudlets is:3423
63550.55160000002: MET_Broker: Cloudlet #3420 return received
63550.55160000002: MET_Broker: The number of finished Cloudlets is:3424
63578.36040000002: MET_Broker: Cloudlet #3427 return received
63578.36040000002: MET_Broker: The number of finished Cloudlets is:3425
63586.49880000002: MET_Broker: Cloudlet #3428 return received
63586.49880000002: MET_Broker: The number of finished Cloudlets is:3426
63595.929600000025: MET_Broker: Cloudlet #3429 return received
63595.929600000025: MET_Broker: The number of finished Cloudlets is:3427
63617.978800000026: MET_Broker: Cloudlet #3422 return received
63617.978800000026: MET_Broker: The number of finished Cloudlets is:3428
63660.944000000025: MET_Broker: Cloudlet #3430 return received
63660.944000000025: MET_Broker: The number of finished Cloudlets is:3429
63675.168400000024: MET_Broker: Cloudlet #3431 return received
63675.168400000024: MET_Broker: The number of finished Cloudlets is:3430
63682.63400000003: MET_Broker: Cloudlet #3432 return received
63682.63400000003: MET_Broker: The number of finished Cloudlets is:3431
63704.94320000003: MET_Broker: Cloudlet #3434 return received
63704.94320000003: MET_Broker: The number of finished Cloudlets is:3432
63766.71840000003: MET_Broker: Cloudlet #3435 return received
63766.71840000003: MET_Broker: The number of finished Cloudlets is:3433
63771.59880000003: MET_Broker: Cloudlet #3433 return received
63771.59880000003: MET_Broker: The number of finished Cloudlets is:3434
63786.027200000026: MET_Broker: Cloudlet #3437 return received
63786.027200000026: MET_Broker: The number of finished Cloudlets is:3435
63800.017200000024: MET_Broker: Cloudlet #3436 return received
63800.017200000024: MET_Broker: The number of finished Cloudlets is:3436
63841.59680000002: MET_Broker: Cloudlet #3439 return received
63841.59680000002: MET_Broker: The number of finished Cloudlets is:3437
63848.557200000025: MET_Broker: Cloudlet #3426 return received
63848.557200000025: MET_Broker: The number of finished Cloudlets is:3438
63850.628000000026: MET_Broker: Cloudlet #3440 return received
63850.628000000026: MET_Broker: The number of finished Cloudlets is:3439
63858.88560000002: MET_Broker: Cloudlet #3441 return received
63858.88560000002: MET_Broker: The number of finished Cloudlets is:3440
63859.775200000026: MET_Broker: Cloudlet #3424 return received
63859.775200000026: MET_Broker: The number of finished Cloudlets is:3441
63881.39320000003: MET_Broker: Cloudlet #3444 return received
63881.39320000003: MET_Broker: The number of finished Cloudlets is:3442
63894.05160000003: MET_Broker: Cloudlet #3443 return received
63894.05160000003: MET_Broker: The number of finished Cloudlets is:3443
63907.60400000003: MET_Broker: Cloudlet #3446 return received
63907.60400000003: MET_Broker: The number of finished Cloudlets is:3444
63931.97760000003: MET_Broker: Cloudlet #3445 return received
63931.97760000003: MET_Broker: The number of finished Cloudlets is:3445
63949.64320000003: MET_Broker: Cloudlet #3447 return received
63949.64320000003: MET_Broker: The number of finished Cloudlets is:3446
63962.58520000003: MET_Broker: Cloudlet #3448 return received
63962.58520000003: MET_Broker: The number of finished Cloudlets is:3447
64004.25680000003: MET_Broker: Cloudlet #3449 return received
64004.25680000003: MET_Broker: The number of finished Cloudlets is:3448
64006.16720000003: MET_Broker: Cloudlet #3450 return received
64006.16720000003: MET_Broker: The number of finished Cloudlets is:3449
64014.03480000003: MET_Broker: Cloudlet #3442 return received
64014.03480000003: MET_Broker: The number of finished Cloudlets is:3450
64061.04280000003: MET_Broker: Cloudlet #3451 return received
64061.04280000003: MET_Broker: The number of finished Cloudlets is:3451
64064.294400000035: MET_Broker: Cloudlet #3452 return received
64064.294400000035: MET_Broker: The number of finished Cloudlets is:3452
64071.42240000003: MET_Broker: Cloudlet #3453 return received
64071.42240000003: MET_Broker: The number of finished Cloudlets is:3453
64073.30600000003: MET_Broker: Cloudlet #3455 return received
64073.30600000003: MET_Broker: The number of finished Cloudlets is:3454
64086.724400000036: MET_Broker: Cloudlet #3457 return received
64086.724400000036: MET_Broker: The number of finished Cloudlets is:3455
64088.693600000035: MET_Broker: Cloudlet #3454 return received
64088.693600000035: MET_Broker: The number of finished Cloudlets is:3456
64095.863200000036: MET_Broker: Cloudlet #3456 return received
64095.863200000036: MET_Broker: The number of finished Cloudlets is:3457
64098.84320000004: MET_Broker: Cloudlet #3458 return received
64098.84320000004: MET_Broker: The number of finished Cloudlets is:3458
64102.00840000004: MET_Broker: Cloudlet #3460 return received
64102.00840000004: MET_Broker: The number of finished Cloudlets is:3459
64106.13520000004: MET_Broker: Cloudlet #3438 return received
64106.13520000004: MET_Broker: The number of finished Cloudlets is:3460
64157.68160000004: MET_Broker: Cloudlet #3461 return received
64157.68160000004: MET_Broker: The number of finished Cloudlets is:3461
64169.04040000004: MET_Broker: Cloudlet #3464 return received
64169.04040000004: MET_Broker: The number of finished Cloudlets is:3462
64220.72880000004: MET_Broker: Cloudlet #3465 return received
64220.72880000004: MET_Broker: The number of finished Cloudlets is:3463
64244.97120000004: MET_Broker: Cloudlet #3462 return received
64244.97120000004: MET_Broker: The number of finished Cloudlets is:3464
64247.922800000044: MET_Broker: Cloudlet #3466 return received
64247.922800000044: MET_Broker: The number of finished Cloudlets is:3465
64290.51880000004: MET_Broker: Cloudlet #3468 return received
64290.51880000004: MET_Broker: The number of finished Cloudlets is:3466
64304.52280000004: MET_Broker: Cloudlet #3467 return received
64304.52280000004: MET_Broker: The number of finished Cloudlets is:3467
64317.602800000044: MET_Broker: Cloudlet #3470 return received
64317.602800000044: MET_Broker: The number of finished Cloudlets is:3468
64329.15480000005: MET_Broker: Cloudlet #3471 return received
64329.15480000005: MET_Broker: The number of finished Cloudlets is:3469
64375.56520000005: MET_Broker: Cloudlet #3463 return received
64375.56520000005: MET_Broker: The number of finished Cloudlets is:3470
64413.80360000005: MET_Broker: Cloudlet #3469 return received
64413.80360000005: MET_Broker: The number of finished Cloudlets is:3471
64430.03800000005: MET_Broker: Cloudlet #3474 return received
64430.03800000005: MET_Broker: The number of finished Cloudlets is:3472
64432.38000000005: MET_Broker: Cloudlet #3459 return received
64432.38000000005: MET_Broker: The number of finished Cloudlets is:3473
64434.648800000046: MET_Broker: Cloudlet #3473 return received
64434.648800000046: MET_Broker: The number of finished Cloudlets is:3474
64444.943200000045: MET_Broker: Cloudlet #3476 return received
64444.943200000045: MET_Broker: The number of finished Cloudlets is:3475
64445.63480000004: MET_Broker: Cloudlet #3477 return received
64445.63480000004: MET_Broker: The number of finished Cloudlets is:3476
64445.97280000005: MET_Broker: Cloudlet #3475 return received
64445.97280000005: MET_Broker: The number of finished Cloudlets is:3477
64459.990400000046: MET_Broker: Cloudlet #3478 return received
64459.990400000046: MET_Broker: The number of finished Cloudlets is:3478
64510.31080000004: MET_Broker: Cloudlet #3481 return received
64510.31080000004: MET_Broker: The number of finished Cloudlets is:3479
64525.22800000005: MET_Broker: Cloudlet #3472 return received
64525.22800000005: MET_Broker: The number of finished Cloudlets is:3480
64530.93240000005: MET_Broker: Cloudlet #3482 return received
64530.93240000005: MET_Broker: The number of finished Cloudlets is:3481
64538.18320000005: MET_Broker: Cloudlet #3480 return received
64538.18320000005: MET_Broker: The number of finished Cloudlets is:3482
64539.17000000005: MET_Broker: Cloudlet #3484 return received
64539.17000000005: MET_Broker: The number of finished Cloudlets is:3483
64548.010000000046: MET_Broker: Cloudlet #3486 return received
64548.010000000046: MET_Broker: The number of finished Cloudlets is:3484
64558.08560000004: MET_Broker: Cloudlet #3487 return received
64558.08560000004: MET_Broker: The number of finished Cloudlets is:3485
64562.27840000004: MET_Broker: Cloudlet #3485 return received
64562.27840000004: MET_Broker: The number of finished Cloudlets is:3486
64570.83000000004: MET_Broker: Cloudlet #3483 return received
64570.83000000004: MET_Broker: The number of finished Cloudlets is:3487
64589.03760000004: MET_Broker: Cloudlet #3488 return received
64589.03760000004: MET_Broker: The number of finished Cloudlets is:3488
64593.38360000004: MET_Broker: Cloudlet #3489 return received
64593.38360000004: MET_Broker: The number of finished Cloudlets is:3489
64617.32560000004: MET_Broker: Cloudlet #3491 return received
64617.32560000004: MET_Broker: The number of finished Cloudlets is:3490
64617.98640000004: MET_Broker: Cloudlet #3492 return received
64617.98640000004: MET_Broker: The number of finished Cloudlets is:3491
64653.70440000004: MET_Broker: Cloudlet #3494 return received
64653.70440000004: MET_Broker: The number of finished Cloudlets is:3492
64690.03960000004: MET_Broker: Cloudlet #3479 return received
64690.03960000004: MET_Broker: The number of finished Cloudlets is:3493
64711.15440000004: MET_Broker: Cloudlet #3490 return received
64711.15440000004: MET_Broker: The number of finished Cloudlets is:3494
64727.116000000045: MET_Broker: Cloudlet #3497 return received
64727.116000000045: MET_Broker: The number of finished Cloudlets is:3495
64729.77720000005: MET_Broker: Cloudlet #3496 return received
64729.77720000005: MET_Broker: The number of finished Cloudlets is:3496
64738.37960000005: MET_Broker: Cloudlet #3498 return received
64738.37960000005: MET_Broker: The number of finished Cloudlets is:3497
64785.46800000005: MET_Broker: Cloudlet #3499 return received
64785.46800000005: MET_Broker: The number of finished Cloudlets is:3498
64802.54640000005: MET_Broker: Cloudlet #3501 return received
64802.54640000005: MET_Broker: The number of finished Cloudlets is:3499
64810.95960000005: MET_Broker: Cloudlet #3493 return received
64810.95960000005: MET_Broker: The number of finished Cloudlets is:3500
64817.17000000006: MET_Broker: Cloudlet #3495 return received
64817.17000000006: MET_Broker: The number of finished Cloudlets is:3501
64833.93640000006: MET_Broker: Cloudlet #3502 return received
64833.93640000006: MET_Broker: The number of finished Cloudlets is:3502
64855.45760000006: MET_Broker: Cloudlet #3504 return received
64855.45760000006: MET_Broker: The number of finished Cloudlets is:3503
64870.66680000006: MET_Broker: Cloudlet #3503 return received
64870.66680000006: MET_Broker: The number of finished Cloudlets is:3504
64912.41960000006: MET_Broker: Cloudlet #3506 return received
64912.41960000006: MET_Broker: The number of finished Cloudlets is:3505
64921.067200000056: MET_Broker: Cloudlet #3508 return received
64921.067200000056: MET_Broker: The number of finished Cloudlets is:3506
64930.56280000006: MET_Broker: Cloudlet #3500 return received
64930.56280000006: MET_Broker: The number of finished Cloudlets is:3507
64938.72440000006: MET_Broker: Cloudlet #3509 return received
64938.72440000006: MET_Broker: The number of finished Cloudlets is:3508
64965.93320000006: MET_Broker: Cloudlet #3511 return received
64965.93320000006: MET_Broker: The number of finished Cloudlets is:3509
64985.180400000056: MET_Broker: Cloudlet #3512 return received
64985.180400000056: MET_Broker: The number of finished Cloudlets is:3510
65013.79640000006: MET_Broker: Cloudlet #3505 return received
65013.79640000006: MET_Broker: The number of finished Cloudlets is:3511
65024.03880000006: MET_Broker: Cloudlet #3510 return received
65024.03880000006: MET_Broker: The number of finished Cloudlets is:3512
65038.41960000006: MET_Broker: Cloudlet #3515 return received
65038.41960000006: MET_Broker: The number of finished Cloudlets is:3513
65045.62000000006: MET_Broker: Cloudlet #3507 return received
65045.62000000006: MET_Broker: The number of finished Cloudlets is:3514
65045.98280000006: MET_Broker: Cloudlet #3516 return received
65045.98280000006: MET_Broker: The number of finished Cloudlets is:3515
65052.78640000006: MET_Broker: Cloudlet #3518 return received
65052.78640000006: MET_Broker: The number of finished Cloudlets is:3516
65099.78640000006: MET_Broker: Cloudlet #3519 return received
65099.78640000006: MET_Broker: The number of finished Cloudlets is:3517
65168.258400000064: MET_Broker: Cloudlet #3513 return received
65168.258400000064: MET_Broker: The number of finished Cloudlets is:3518
65179.15600000006: MET_Broker: Cloudlet #3514 return received
65179.15600000006: MET_Broker: The number of finished Cloudlets is:3519
65296.61360000006: MET_Broker: Cloudlet #3522 return received
65296.61360000006: MET_Broker: The number of finished Cloudlets is:3520
65305.38840000006: MET_Broker: Cloudlet #3523 return received
65305.38840000006: MET_Broker: The number of finished Cloudlets is:3521
65363.07800000006: MET_Broker: Cloudlet #3524 return received
65363.07800000006: MET_Broker: The number of finished Cloudlets is:3522
65371.64440000006: MET_Broker: Cloudlet #3525 return received
65371.64440000006: MET_Broker: The number of finished Cloudlets is:3523
65389.45920000006: MET_Broker: Cloudlet #3517 return received
65389.45920000006: MET_Broker: The number of finished Cloudlets is:3524
65414.670000000064: MET_Broker: Cloudlet #3520 return received
65414.670000000064: MET_Broker: The number of finished Cloudlets is:3525
65443.84720000006: MET_Broker: Cloudlet #3527 return received
65443.84720000006: MET_Broker: The number of finished Cloudlets is:3526
65517.23960000006: MET_Broker: Cloudlet #3521 return received
65517.23960000006: MET_Broker: The number of finished Cloudlets is:3527
65529.20280000006: MET_Broker: Cloudlet #3530 return received
65529.20280000006: MET_Broker: The number of finished Cloudlets is:3528
65540.76320000006: MET_Broker: Cloudlet #3531 return received
65540.76320000006: MET_Broker: The number of finished Cloudlets is:3529
65567.38880000006: MET_Broker: Cloudlet #3526 return received
65567.38880000006: MET_Broker: The number of finished Cloudlets is:3530
65595.40160000006: MET_Broker: Cloudlet #3532 return received
65595.40160000006: MET_Broker: The number of finished Cloudlets is:3531
65596.74600000006: MET_Broker: Cloudlet #3533 return received
65596.74600000006: MET_Broker: The number of finished Cloudlets is:3532
65613.65560000006: MET_Broker: Cloudlet #3535 return received
65613.65560000006: MET_Broker: The number of finished Cloudlets is:3533
65672.98240000005: MET_Broker: Cloudlet #3536 return received
65672.98240000005: MET_Broker: The number of finished Cloudlets is:3534
65674.89520000006: MET_Broker: Cloudlet #3534 return received
65674.89520000006: MET_Broker: The number of finished Cloudlets is:3535
65682.45080000006: MET_Broker: Cloudlet #3537 return received
65682.45080000006: MET_Broker: The number of finished Cloudlets is:3536
65720.12280000007: MET_Broker: Cloudlet #3528 return received
65720.12280000007: MET_Broker: The number of finished Cloudlets is:3537
65725.61600000007: MET_Broker: Cloudlet #3539 return received
65725.61600000007: MET_Broker: The number of finished Cloudlets is:3538
65736.46920000007: MET_Broker: Cloudlet #3541 return received
65736.46920000007: MET_Broker: The number of finished Cloudlets is:3539
65767.33000000006: MET_Broker: Cloudlet #3529 return received
65767.33000000006: MET_Broker: The number of finished Cloudlets is:3540
65768.59360000007: MET_Broker: Cloudlet #3540 return received
65768.59360000007: MET_Broker: The number of finished Cloudlets is:3541
65775.32080000006: MET_Broker: Cloudlet #3538 return received
65775.32080000006: MET_Broker: The number of finished Cloudlets is:3542
65787.08960000006: MET_Broker: Cloudlet #3542 return received
65787.08960000006: MET_Broker: The number of finished Cloudlets is:3543
65787.60200000007: MET_Broker: Cloudlet #3543 return received
65787.60200000007: MET_Broker: The number of finished Cloudlets is:3544
65791.30880000007: MET_Broker: Cloudlet #3544 return received
65791.30880000007: MET_Broker: The number of finished Cloudlets is:3545
65809.91440000007: MET_Broker: Cloudlet #3545 return received
65809.91440000007: MET_Broker: The number of finished Cloudlets is:3546
65816.92920000007: MET_Broker: Cloudlet #3549 return received
65816.92920000007: MET_Broker: The number of finished Cloudlets is:3547
65826.69280000008: MET_Broker: Cloudlet #3550 return received
65826.69280000008: MET_Broker: The number of finished Cloudlets is:3548
65833.10520000008: MET_Broker: Cloudlet #3546 return received
65833.10520000008: MET_Broker: The number of finished Cloudlets is:3549
65838.03800000007: MET_Broker: Cloudlet #3547 return received
65838.03800000007: MET_Broker: The number of finished Cloudlets is:3550
65860.70840000008: MET_Broker: Cloudlet #3551 return received
65860.70840000008: MET_Broker: The number of finished Cloudlets is:3551
65868.32080000007: MET_Broker: Cloudlet #3552 return received
65868.32080000007: MET_Broker: The number of finished Cloudlets is:3552
65878.50640000007: MET_Broker: Cloudlet #3554 return received
65878.50640000007: MET_Broker: The number of finished Cloudlets is:3553
65881.11000000007: MET_Broker: Cloudlet #3548 return received
65881.11000000007: MET_Broker: The number of finished Cloudlets is:3554
65881.27960000007: MET_Broker: Cloudlet #3555 return received
65881.27960000007: MET_Broker: The number of finished Cloudlets is:3555
65895.49040000007: MET_Broker: Cloudlet #3556 return received
65895.49040000007: MET_Broker: The number of finished Cloudlets is:3556
65919.56440000006: MET_Broker: Cloudlet #3557 return received
65919.56440000006: MET_Broker: The number of finished Cloudlets is:3557
65935.25200000007: MET_Broker: Cloudlet #3558 return received
65935.25200000007: MET_Broker: The number of finished Cloudlets is:3558
65962.89880000007: MET_Broker: Cloudlet #3560 return received
65962.89880000007: MET_Broker: The number of finished Cloudlets is:3559
65970.74120000006: MET_Broker: Cloudlet #3561 return received
65970.74120000006: MET_Broker: The number of finished Cloudlets is:3560
66003.78120000006: MET_Broker: Cloudlet #3562 return received
66003.78120000006: MET_Broker: The number of finished Cloudlets is:3561
66014.94360000006: MET_Broker: Cloudlet #3563 return received
66014.94360000006: MET_Broker: The number of finished Cloudlets is:3562
66060.33560000006: MET_Broker: Cloudlet #3553 return received
66060.33560000006: MET_Broker: The number of finished Cloudlets is:3563
66067.05880000006: MET_Broker: Cloudlet #3566 return received
66067.05880000006: MET_Broker: The number of finished Cloudlets is:3564
66099.54040000006: MET_Broker: Cloudlet #3564 return received
66099.54040000006: MET_Broker: The number of finished Cloudlets is:3565
66111.03120000006: MET_Broker: Cloudlet #3567 return received
66111.03120000006: MET_Broker: The number of finished Cloudlets is:3566
66116.43200000006: MET_Broker: Cloudlet #3568 return received
66116.43200000006: MET_Broker: The number of finished Cloudlets is:3567
66117.23760000007: MET_Broker: Cloudlet #3565 return received
66117.23760000007: MET_Broker: The number of finished Cloudlets is:3568
66120.30120000006: MET_Broker: Cloudlet #3559 return received
66120.30120000006: MET_Broker: The number of finished Cloudlets is:3569
66131.48680000006: MET_Broker: Cloudlet #3572 return received
66131.48680000006: MET_Broker: The number of finished Cloudlets is:3570
66138.45280000006: MET_Broker: Cloudlet #3571 return received
66138.45280000006: MET_Broker: The number of finished Cloudlets is:3571
66147.49040000005: MET_Broker: Cloudlet #3573 return received
66147.49040000005: MET_Broker: The number of finished Cloudlets is:3572
66148.24680000005: MET_Broker: Cloudlet #3570 return received
66148.24680000005: MET_Broker: The number of finished Cloudlets is:3573
66175.62000000005: MET_Broker: Cloudlet #3574 return received
66175.62000000005: MET_Broker: The number of finished Cloudlets is:3574
66200.52640000006: MET_Broker: Cloudlet #3569 return received
66200.52640000006: MET_Broker: The number of finished Cloudlets is:3575
66209.83520000006: MET_Broker: Cloudlet #3578 return received
66209.83520000006: MET_Broker: The number of finished Cloudlets is:3576
66229.14680000006: MET_Broker: Cloudlet #3577 return received
66229.14680000006: MET_Broker: The number of finished Cloudlets is:3577
66339.27080000006: MET_Broker: Cloudlet #3579 return received
66339.27080000006: MET_Broker: The number of finished Cloudlets is:3578
66388.41360000006: MET_Broker: Cloudlet #3581 return received
66388.41360000006: MET_Broker: The number of finished Cloudlets is:3579
66441.69760000006: MET_Broker: Cloudlet #3582 return received
66441.69760000006: MET_Broker: The number of finished Cloudlets is:3580
66443.55400000006: MET_Broker: Cloudlet #3576 return received
66443.55400000006: MET_Broker: The number of finished Cloudlets is:3581
66451.60320000006: MET_Broker: Cloudlet #3583 return received
66451.60320000006: MET_Broker: The number of finished Cloudlets is:3582
66460.74040000005: MET_Broker: Cloudlet #3584 return received
66460.74040000005: MET_Broker: The number of finished Cloudlets is:3583
66467.16200000005: MET_Broker: Cloudlet #3575 return received
66467.16200000005: MET_Broker: The number of finished Cloudlets is:3584
66476.18560000006: MET_Broker: Cloudlet #3587 return received
66476.18560000006: MET_Broker: The number of finished Cloudlets is:3585
66506.13840000005: MET_Broker: Cloudlet #3588 return received
66506.13840000005: MET_Broker: The number of finished Cloudlets is:3586
66519.91400000005: MET_Broker: Cloudlet #3580 return received
66519.91400000005: MET_Broker: The number of finished Cloudlets is:3587
66548.06040000005: MET_Broker: Cloudlet #3590 return received
66548.06040000005: MET_Broker: The number of finished Cloudlets is:3588
66584.33480000004: MET_Broker: Cloudlet #3585 return received
66584.33480000004: MET_Broker: The number of finished Cloudlets is:3589
66603.59800000004: MET_Broker: Cloudlet #3592 return received
66603.59800000004: MET_Broker: The number of finished Cloudlets is:3590
66625.55360000004: MET_Broker: Cloudlet #3593 return received
66625.55360000004: MET_Broker: The number of finished Cloudlets is:3591
66635.89600000004: MET_Broker: Cloudlet #3589 return received
66635.89600000004: MET_Broker: The number of finished Cloudlets is:3592
66768.59920000004: MET_Broker: Cloudlet #3586 return received
66768.59920000004: MET_Broker: The number of finished Cloudlets is:3593
66804.07600000004: MET_Broker: Cloudlet #3596 return received
66804.07600000004: MET_Broker: The number of finished Cloudlets is:3594
66815.23520000004: MET_Broker: Cloudlet #3591 return received
66815.23520000004: MET_Broker: The number of finished Cloudlets is:3595
66820.93320000004: MET_Broker: Cloudlet #3597 return received
66820.93320000004: MET_Broker: The number of finished Cloudlets is:3596
66826.98720000005: MET_Broker: Cloudlet #3595 return received
66826.98720000005: MET_Broker: The number of finished Cloudlets is:3597
66859.65840000004: MET_Broker: Cloudlet #3598 return received
66859.65840000004: MET_Broker: The number of finished Cloudlets is:3598
66870.38760000005: MET_Broker: Cloudlet #3601 return received
66870.38760000005: MET_Broker: The number of finished Cloudlets is:3599
66876.88640000005: MET_Broker: Cloudlet #3600 return received
66876.88640000005: MET_Broker: The number of finished Cloudlets is:3600
66883.60720000004: MET_Broker: Cloudlet #3599 return received
66883.60720000004: MET_Broker: The number of finished Cloudlets is:3601
66897.81360000004: MET_Broker: Cloudlet #3604 return received
66897.81360000004: MET_Broker: The number of finished Cloudlets is:3602
66918.51920000004: MET_Broker: Cloudlet #3602 return received
66918.51920000004: MET_Broker: The number of finished Cloudlets is:3603
66918.60400000004: MET_Broker: Cloudlet #3603 return received
66918.60400000004: MET_Broker: The number of finished Cloudlets is:3604
66925.13840000004: MET_Broker: Cloudlet #3594 return received
66925.13840000004: MET_Broker: The number of finished Cloudlets is:3605
66932.77320000004: MET_Broker: Cloudlet #3607 return received
66932.77320000004: MET_Broker: The number of finished Cloudlets is:3606
66939.55440000004: MET_Broker: Cloudlet #3608 return received
66939.55440000004: MET_Broker: The number of finished Cloudlets is:3607
66951.63880000004: MET_Broker: Cloudlet #3605 return received
66951.63880000004: MET_Broker: The number of finished Cloudlets is:3608
66963.83960000005: MET_Broker: Cloudlet #3606 return received
66963.83960000005: MET_Broker: The number of finished Cloudlets is:3609
67011.89720000005: MET_Broker: Cloudlet #3612 return received
67011.89720000005: MET_Broker: The number of finished Cloudlets is:3610
67060.49600000006: MET_Broker: Cloudlet #3613 return received
67060.49600000006: MET_Broker: The number of finished Cloudlets is:3611
67084.32520000005: MET_Broker: Cloudlet #3614 return received
67084.32520000005: MET_Broker: The number of finished Cloudlets is:3612
67088.51640000005: MET_Broker: Cloudlet #3609 return received
67088.51640000005: MET_Broker: The number of finished Cloudlets is:3613
67096.21520000005: MET_Broker: Cloudlet #3615 return received
67096.21520000005: MET_Broker: The number of finished Cloudlets is:3614
67124.60320000006: MET_Broker: Cloudlet #3617 return received
67124.60320000006: MET_Broker: The number of finished Cloudlets is:3615
67158.61680000006: MET_Broker: Cloudlet #3610 return received
67158.61680000006: MET_Broker: The number of finished Cloudlets is:3616
67188.38520000006: MET_Broker: Cloudlet #3619 return received
67188.38520000006: MET_Broker: The number of finished Cloudlets is:3617
67202.98360000007: MET_Broker: Cloudlet #3620 return received
67202.98360000007: MET_Broker: The number of finished Cloudlets is:3618
67226.58080000007: MET_Broker: Cloudlet #3616 return received
67226.58080000007: MET_Broker: The number of finished Cloudlets is:3619
67234.43800000007: MET_Broker: Cloudlet #3622 return received
67234.43800000007: MET_Broker: The number of finished Cloudlets is:3620
67301.97480000007: MET_Broker: Cloudlet #3611 return received
67301.97480000007: MET_Broker: The number of finished Cloudlets is:3621
67326.29640000006: MET_Broker: Cloudlet #3624 return received
67326.29640000006: MET_Broker: The number of finished Cloudlets is:3622
67327.03000000007: MET_Broker: Cloudlet #3623 return received
67327.03000000007: MET_Broker: The number of finished Cloudlets is:3623
67363.42560000008: MET_Broker: Cloudlet #3626 return received
67363.42560000008: MET_Broker: The number of finished Cloudlets is:3624
67370.66400000008: MET_Broker: Cloudlet #3621 return received
67370.66400000008: MET_Broker: The number of finished Cloudlets is:3625
67372.21960000008: MET_Broker: Cloudlet #3627 return received
67372.21960000008: MET_Broker: The number of finished Cloudlets is:3626
67377.62360000008: MET_Broker: Cloudlet #3625 return received
67377.62360000008: MET_Broker: The number of finished Cloudlets is:3627
67390.05480000009: MET_Broker: Cloudlet #3629 return received
67390.05480000009: MET_Broker: The number of finished Cloudlets is:3628
67420.05280000009: MET_Broker: Cloudlet #3630 return received
67420.05280000009: MET_Broker: The number of finished Cloudlets is:3629
67431.00640000009: MET_Broker: Cloudlet #3631 return received
67431.00640000009: MET_Broker: The number of finished Cloudlets is:3630
67457.51840000009: MET_Broker: Cloudlet #3618 return received
67457.51840000009: MET_Broker: The number of finished Cloudlets is:3631
67491.00680000009: MET_Broker: Cloudlet #3634 return received
67491.00680000009: MET_Broker: The number of finished Cloudlets is:3632
67495.3304000001: MET_Broker: Cloudlet #3628 return received
67495.3304000001: MET_Broker: The number of finished Cloudlets is:3633
67514.2640000001: MET_Broker: Cloudlet #3635 return received
67514.2640000001: MET_Broker: The number of finished Cloudlets is:3634
67558.0284000001: MET_Broker: Cloudlet #3633 return received
67558.0284000001: MET_Broker: The number of finished Cloudlets is:3635
67575.0032000001: MET_Broker: Cloudlet #3632 return received
67575.0032000001: MET_Broker: The number of finished Cloudlets is:3636
67603.7000000001: MET_Broker: Cloudlet #3638 return received
67603.7000000001: MET_Broker: The number of finished Cloudlets is:3637
67657.1244000001: MET_Broker: Cloudlet #3640 return received
67657.1244000001: MET_Broker: The number of finished Cloudlets is:3638
67666.9960000001: MET_Broker: Cloudlet #3641 return received
67666.9960000001: MET_Broker: The number of finished Cloudlets is:3639
67717.7620000001: MET_Broker: Cloudlet #3636 return received
67717.7620000001: MET_Broker: The number of finished Cloudlets is:3640
67752.7628000001: MET_Broker: Cloudlet #3643 return received
67752.7628000001: MET_Broker: The number of finished Cloudlets is:3641
67775.9568000001: MET_Broker: Cloudlet #3637 return received
67775.9568000001: MET_Broker: The number of finished Cloudlets is:3642
67800.3460000001: MET_Broker: Cloudlet #3642 return received
67800.3460000001: MET_Broker: The number of finished Cloudlets is:3643
67825.5160000001: MET_Broker: Cloudlet #3646 return received
67825.5160000001: MET_Broker: The number of finished Cloudlets is:3644
67826.89880000011: MET_Broker: Cloudlet #3645 return received
67826.89880000011: MET_Broker: The number of finished Cloudlets is:3645
67832.33920000012: MET_Broker: Cloudlet #3647 return received
67832.33920000012: MET_Broker: The number of finished Cloudlets is:3646
67874.40600000012: MET_Broker: Cloudlet #3639 return received
67874.40600000012: MET_Broker: The number of finished Cloudlets is:3647
67879.48400000011: MET_Broker: Cloudlet #3649 return received
67879.48400000011: MET_Broker: The number of finished Cloudlets is:3648
67893.40560000011: MET_Broker: Cloudlet #3651 return received
67893.40560000011: MET_Broker: The number of finished Cloudlets is:3649
67906.22720000011: MET_Broker: Cloudlet #3650 return received
67906.22720000011: MET_Broker: The number of finished Cloudlets is:3650
67950.1208000001: MET_Broker: Cloudlet #3644 return received
67950.1208000001: MET_Broker: The number of finished Cloudlets is:3651
67950.8996000001: MET_Broker: Cloudlet #3653 return received
67950.8996000001: MET_Broker: The number of finished Cloudlets is:3652
67959.1100000001: MET_Broker: Cloudlet #3655 return received
67959.1100000001: MET_Broker: The number of finished Cloudlets is:3653
68045.0300000001: MET_Broker: Cloudlet #3656 return received
68045.0300000001: MET_Broker: The number of finished Cloudlets is:3654
68050.3032000001: MET_Broker: Cloudlet #3652 return received
68050.3032000001: MET_Broker: The number of finished Cloudlets is:3655
68080.5328000001: MET_Broker: Cloudlet #3654 return received
68080.5328000001: MET_Broker: The number of finished Cloudlets is:3656
68105.5336000001: MET_Broker: Cloudlet #3648 return received
68105.5336000001: MET_Broker: The number of finished Cloudlets is:3657
68141.3724000001: MET_Broker: Cloudlet #3660 return received
68141.3724000001: MET_Broker: The number of finished Cloudlets is:3658
68153.4404000001: MET_Broker: Cloudlet #3661 return received
68153.4404000001: MET_Broker: The number of finished Cloudlets is:3659
68159.6844000001: MET_Broker: Cloudlet #3662 return received
68159.6844000001: MET_Broker: The number of finished Cloudlets is:3660
68183.5652000001: MET_Broker: Cloudlet #3659 return received
68183.5652000001: MET_Broker: The number of finished Cloudlets is:3661
68210.9004000001: MET_Broker: Cloudlet #3658 return received
68210.9004000001: MET_Broker: The number of finished Cloudlets is:3662
68223.2896000001: MET_Broker: Cloudlet #3665 return received
68223.2896000001: MET_Broker: The number of finished Cloudlets is:3663
68231.3604000001: MET_Broker: Cloudlet #3657 return received
68231.3604000001: MET_Broker: The number of finished Cloudlets is:3664
68254.7112000001: MET_Broker: Cloudlet #3663 return received
68254.7112000001: MET_Broker: The number of finished Cloudlets is:3665
68258.59120000011: MET_Broker: Cloudlet #3666 return received
68258.59120000011: MET_Broker: The number of finished Cloudlets is:3666
68264.52720000011: MET_Broker: Cloudlet #3668 return received
68264.52720000011: MET_Broker: The number of finished Cloudlets is:3667
68272.64480000011: MET_Broker: Cloudlet #3670 return received
68272.64480000011: MET_Broker: The number of finished Cloudlets is:3668
68283.13080000012: MET_Broker: Cloudlet #3671 return received
68283.13080000012: MET_Broker: The number of finished Cloudlets is:3669
68286.96640000012: MET_Broker: Cloudlet #3664 return received
68286.96640000012: MET_Broker: The number of finished Cloudlets is:3670
68314.08280000012: MET_Broker: Cloudlet #3673 return received
68314.08280000012: MET_Broker: The number of finished Cloudlets is:3671
68315.91080000011: MET_Broker: Cloudlet #3669 return received
68315.91080000011: MET_Broker: The number of finished Cloudlets is:3672
68323.01520000011: MET_Broker: Cloudlet #3674 return received
68323.01520000011: MET_Broker: The number of finished Cloudlets is:3673
68331.03800000012: MET_Broker: Cloudlet #3672 return received
68331.03800000012: MET_Broker: The number of finished Cloudlets is:3674
68332.05400000012: MET_Broker: Cloudlet #3676 return received
68332.05400000012: MET_Broker: The number of finished Cloudlets is:3675
68333.95800000012: MET_Broker: Cloudlet #3675 return received
68333.95800000012: MET_Broker: The number of finished Cloudlets is:3676
68344.22880000011: MET_Broker: Cloudlet #3677 return received
68344.22880000011: MET_Broker: The number of finished Cloudlets is:3677
68380.67880000011: MET_Broker: Cloudlet #3680 return received
68380.67880000011: MET_Broker: The number of finished Cloudlets is:3678
68385.08640000012: MET_Broker: Cloudlet #3679 return received
68385.08640000012: MET_Broker: The number of finished Cloudlets is:3679
68416.08080000011: MET_Broker: Cloudlet #3681 return received
68416.08080000011: MET_Broker: The number of finished Cloudlets is:3680
68424.18920000011: MET_Broker: Cloudlet #3683 return received
68424.18920000011: MET_Broker: The number of finished Cloudlets is:3681
68558.07120000011: MET_Broker: Cloudlet #3667 return received
68558.07120000011: MET_Broker: The number of finished Cloudlets is:3682
68559.5960000001: MET_Broker: Cloudlet #3682 return received
68559.5960000001: MET_Broker: The number of finished Cloudlets is:3683
68607.6392000001: MET_Broker: Cloudlet #3685 return received
68607.6392000001: MET_Broker: The number of finished Cloudlets is:3684
68618.0276000001: MET_Broker: Cloudlet #3684 return received
68618.0276000001: MET_Broker: The number of finished Cloudlets is:3685
68626.1776000001: MET_Broker: Cloudlet #3678 return received
68626.1776000001: MET_Broker: The number of finished Cloudlets is:3686
68630.01480000009: MET_Broker: Cloudlet #3687 return received
68630.01480000009: MET_Broker: The number of finished Cloudlets is:3687
68666.97280000009: MET_Broker: Cloudlet #3688 return received
68666.97280000009: MET_Broker: The number of finished Cloudlets is:3688
68672.37160000009: MET_Broker: Cloudlet #3689 return received
68672.37160000009: MET_Broker: The number of finished Cloudlets is:3689
68679.45480000008: MET_Broker: Cloudlet #3691 return received
68679.45480000008: MET_Broker: The number of finished Cloudlets is:3690
68709.73840000007: MET_Broker: Cloudlet #3692 return received
68709.73840000007: MET_Broker: The number of finished Cloudlets is:3691
68727.47440000008: MET_Broker: Cloudlet #3693 return received
68727.47440000008: MET_Broker: The number of finished Cloudlets is:3692
68734.57080000007: MET_Broker: Cloudlet #3695 return received
68734.57080000007: MET_Broker: The number of finished Cloudlets is:3693
68743.48520000007: MET_Broker: Cloudlet #3696 return received
68743.48520000007: MET_Broker: The number of finished Cloudlets is:3694
68746.82440000007: MET_Broker: Cloudlet #3694 return received
68746.82440000007: MET_Broker: The number of finished Cloudlets is:3695
68749.78600000007: MET_Broker: Cloudlet #3697 return received
68749.78600000007: MET_Broker: The number of finished Cloudlets is:3696
68792.56760000007: MET_Broker: Cloudlet #3698 return received
68792.56760000007: MET_Broker: The number of finished Cloudlets is:3697
68805.76280000007: MET_Broker: Cloudlet #3700 return received
68805.76280000007: MET_Broker: The number of finished Cloudlets is:3698
68828.46520000006: MET_Broker: Cloudlet #3701 return received
68828.46520000006: MET_Broker: The number of finished Cloudlets is:3699
68831.07840000007: MET_Broker: Cloudlet #3686 return received
68831.07840000007: MET_Broker: The number of finished Cloudlets is:3700
68844.46240000008: MET_Broker: Cloudlet #3702 return received
68844.46240000008: MET_Broker: The number of finished Cloudlets is:3701
68865.40520000008: MET_Broker: Cloudlet #3699 return received
68865.40520000008: MET_Broker: The number of finished Cloudlets is:3702
68909.85040000008: MET_Broker: Cloudlet #3705 return received
68909.85040000008: MET_Broker: The number of finished Cloudlets is:3703
68929.51960000009: MET_Broker: Cloudlet #3706 return received
68929.51960000009: MET_Broker: The number of finished Cloudlets is:3704
68946.8540000001: MET_Broker: Cloudlet #3690 return received
68946.8540000001: MET_Broker: The number of finished Cloudlets is:3705
68983.1632000001: MET_Broker: Cloudlet #3707 return received
68983.1632000001: MET_Broker: The number of finished Cloudlets is:3706
68995.8636000001: MET_Broker: Cloudlet #3708 return received
68995.8636000001: MET_Broker: The number of finished Cloudlets is:3707
69001.4508000001: MET_Broker: Cloudlet #3703 return received
69001.4508000001: MET_Broker: The number of finished Cloudlets is:3708
69015.9000000001: MET_Broker: Cloudlet #3711 return received
69015.9000000001: MET_Broker: The number of finished Cloudlets is:3709
69025.61160000009: MET_Broker: Cloudlet #3709 return received
69025.61160000009: MET_Broker: The number of finished Cloudlets is:3710
69032.9508000001: MET_Broker: Cloudlet #3712 return received
69032.9508000001: MET_Broker: The number of finished Cloudlets is:3711
69033.5204000001: MET_Broker: Cloudlet #3713 return received
69033.5204000001: MET_Broker: The number of finished Cloudlets is:3712
69057.40480000009: MET_Broker: Cloudlet #3710 return received
69057.40480000009: MET_Broker: The number of finished Cloudlets is:3713
69090.07880000009: MET_Broker: Cloudlet #3715 return received
69090.07880000009: MET_Broker: The number of finished Cloudlets is:3714
69093.93960000009: MET_Broker: Cloudlet #3714 return received
69093.93960000009: MET_Broker: The number of finished Cloudlets is:3715
69107.35280000008: MET_Broker: Cloudlet #3717 return received
69107.35280000008: MET_Broker: The number of finished Cloudlets is:3716
69140.72160000008: MET_Broker: Cloudlet #3718 return received
69140.72160000008: MET_Broker: The number of finished Cloudlets is:3717
69163.21640000008: MET_Broker: Cloudlet #3719 return received
69163.21640000008: MET_Broker: The number of finished Cloudlets is:3718
69166.93320000007: MET_Broker: Cloudlet #3704 return received
69166.93320000007: MET_Broker: The number of finished Cloudlets is:3719
69207.06320000008: MET_Broker: Cloudlet #3722 return received
69207.06320000008: MET_Broker: The number of finished Cloudlets is:3720
69209.67600000008: MET_Broker: Cloudlet #3720 return received
69209.67600000008: MET_Broker: The number of finished Cloudlets is:3721
69216.78480000008: MET_Broker: Cloudlet #3724 return received
69216.78480000008: MET_Broker: The number of finished Cloudlets is:3722
69273.98520000008: MET_Broker: Cloudlet #3725 return received
69273.98520000008: MET_Broker: The number of finished Cloudlets is:3723
69303.11280000009: MET_Broker: Cloudlet #3726 return received
69303.11280000009: MET_Broker: The number of finished Cloudlets is:3724
69303.90880000009: MET_Broker: Cloudlet #3716 return received
69303.90880000009: MET_Broker: The number of finished Cloudlets is:3725
69323.20800000009: MET_Broker: Cloudlet #3728 return received
69323.20800000009: MET_Broker: The number of finished Cloudlets is:3726
69352.03600000008: MET_Broker: Cloudlet #3729 return received
69352.03600000008: MET_Broker: The number of finished Cloudlets is:3727
69357.82560000008: MET_Broker: Cloudlet #3721 return received
69357.82560000008: MET_Broker: The number of finished Cloudlets is:3728
69406.65760000008: MET_Broker: Cloudlet #3727 return received
69406.65760000008: MET_Broker: The number of finished Cloudlets is:3729
69414.98840000007: MET_Broker: Cloudlet #3730 return received
69414.98840000007: MET_Broker: The number of finished Cloudlets is:3730
69417.26920000007: MET_Broker: Cloudlet #3731 return received
69417.26920000007: MET_Broker: The number of finished Cloudlets is:3731
69425.33200000007: MET_Broker: Cloudlet #3732 return received
69425.33200000007: MET_Broker: The number of finished Cloudlets is:3732
69429.32160000007: MET_Broker: Cloudlet #3723 return received
69429.32160000007: MET_Broker: The number of finished Cloudlets is:3733
69436.36640000007: MET_Broker: Cloudlet #3736 return received
69436.36640000007: MET_Broker: The number of finished Cloudlets is:3734
69446.32000000007: MET_Broker: Cloudlet #3737 return received
69446.32000000007: MET_Broker: The number of finished Cloudlets is:3735
69500.30880000007: MET_Broker: Cloudlet #3733 return received
69500.30880000007: MET_Broker: The number of finished Cloudlets is:3736
69522.26320000007: MET_Broker: Cloudlet #3735 return received
69522.26320000007: MET_Broker: The number of finished Cloudlets is:3737
69553.68760000008: MET_Broker: Cloudlet #3740 return received
69553.68760000008: MET_Broker: The number of finished Cloudlets is:3738
69563.15960000007: MET_Broker: Cloudlet #3741 return received
69563.15960000007: MET_Broker: The number of finished Cloudlets is:3739
69580.75160000008: MET_Broker: Cloudlet #3742 return received
69580.75160000008: MET_Broker: The number of finished Cloudlets is:3740
69594.78920000007: MET_Broker: Cloudlet #3743 return received
69594.78920000007: MET_Broker: The number of finished Cloudlets is:3741
69640.69640000007: MET_Broker: Cloudlet #3739 return received
69640.69640000007: MET_Broker: The number of finished Cloudlets is:3742
69677.80800000008: MET_Broker: Cloudlet #3745 return received
69677.80800000008: MET_Broker: The number of finished Cloudlets is:3743
69694.39040000008: MET_Broker: Cloudlet #3734 return received
69694.39040000008: MET_Broker: The number of finished Cloudlets is:3744
69697.48520000008: MET_Broker: Cloudlet #3746 return received
69697.48520000008: MET_Broker: The number of finished Cloudlets is:3745
69727.48080000008: MET_Broker: Cloudlet #3747 return received
69727.48080000008: MET_Broker: The number of finished Cloudlets is:3746
69734.12040000007: MET_Broker: Cloudlet #3738 return received
69734.12040000007: MET_Broker: The number of finished Cloudlets is:3747
69769.77280000008: MET_Broker: Cloudlet #3748 return received
69769.77280000008: MET_Broker: The number of finished Cloudlets is:3748
69773.61280000008: MET_Broker: Cloudlet #3744 return received
69773.61280000008: MET_Broker: The number of finished Cloudlets is:3749
69799.51880000008: MET_Broker: Cloudlet #3752 return received
69799.51880000008: MET_Broker: The number of finished Cloudlets is:3750
69890.68920000008: MET_Broker: Cloudlet #3753 return received
69890.68920000008: MET_Broker: The number of finished Cloudlets is:3751
69901.03120000008: MET_Broker: Cloudlet #3749 return received
69901.03120000008: MET_Broker: The number of finished Cloudlets is:3752
69916.24400000008: MET_Broker: Cloudlet #3754 return received
69916.24400000008: MET_Broker: The number of finished Cloudlets is:3753
69935.97920000007: MET_Broker: Cloudlet #3756 return received
69935.97920000007: MET_Broker: The number of finished Cloudlets is:3754
69944.81280000007: MET_Broker: Cloudlet #3757 return received
69944.81280000007: MET_Broker: The number of finished Cloudlets is:3755
70045.79600000007: MET_Broker: Cloudlet #3758 return received
70045.79600000007: MET_Broker: The number of finished Cloudlets is:3756
70052.63440000007: MET_Broker: Cloudlet #3751 return received
70052.63440000007: MET_Broker: The number of finished Cloudlets is:3757
70064.44440000007: MET_Broker: Cloudlet #3759 return received
70064.44440000007: MET_Broker: The number of finished Cloudlets is:3758
70078.00480000007: MET_Broker: Cloudlet #3760 return received
70078.00480000007: MET_Broker: The number of finished Cloudlets is:3759
70089.83640000007: MET_Broker: Cloudlet #3750 return received
70089.83640000007: MET_Broker: The number of finished Cloudlets is:3760
70106.03640000007: MET_Broker: Cloudlet #3762 return received
70106.03640000007: MET_Broker: The number of finished Cloudlets is:3761
70120.21400000007: MET_Broker: Cloudlet #3764 return received
70120.21400000007: MET_Broker: The number of finished Cloudlets is:3762
70126.64880000007: MET_Broker: Cloudlet #3763 return received
70126.64880000007: MET_Broker: The number of finished Cloudlets is:3763
70145.48440000007: MET_Broker: Cloudlet #3766 return received
70145.48440000007: MET_Broker: The number of finished Cloudlets is:3764
70158.09720000008: MET_Broker: Cloudlet #3767 return received
70158.09720000008: MET_Broker: The number of finished Cloudlets is:3765
70178.18120000008: MET_Broker: Cloudlet #3765 return received
70178.18120000008: MET_Broker: The number of finished Cloudlets is:3766
70200.83440000008: MET_Broker: Cloudlet #3769 return received
70200.83440000008: MET_Broker: The number of finished Cloudlets is:3767
70208.56200000008: MET_Broker: Cloudlet #3770 return received
70208.56200000008: MET_Broker: The number of finished Cloudlets is:3768
70209.85560000008: MET_Broker: Cloudlet #3768 return received
70209.85560000008: MET_Broker: The number of finished Cloudlets is:3769
70218.95000000008: MET_Broker: Cloudlet #3755 return received
70218.95000000008: MET_Broker: The number of finished Cloudlets is:3770
70234.10840000008: MET_Broker: Cloudlet #3773 return received
70234.10840000008: MET_Broker: The number of finished Cloudlets is:3771
70248.52000000009: MET_Broker: Cloudlet #3771 return received
70248.52000000009: MET_Broker: The number of finished Cloudlets is:3772
70264.9052000001: MET_Broker: Cloudlet #3761 return received
70264.9052000001: MET_Broker: The number of finished Cloudlets is:3773
70265.1740000001: MET_Broker: Cloudlet #3775 return received
70265.1740000001: MET_Broker: The number of finished Cloudlets is:3774
70270.0536000001: MET_Broker: Cloudlet #3774 return received
70270.0536000001: MET_Broker: The number of finished Cloudlets is:3775
70280.0532000001: MET_Broker: Cloudlet #3777 return received
70280.0532000001: MET_Broker: The number of finished Cloudlets is:3776
70290.1944000001: MET_Broker: Cloudlet #3779 return received
70290.1944000001: MET_Broker: The number of finished Cloudlets is:3777
70325.4748000001: MET_Broker: Cloudlet #3780 return received
70325.4748000001: MET_Broker: The number of finished Cloudlets is:3778
70344.8148000001: MET_Broker: Cloudlet #3772 return received
70344.8148000001: MET_Broker: The number of finished Cloudlets is:3779
70351.5104000001: MET_Broker: Cloudlet #3778 return received
70351.5104000001: MET_Broker: The number of finished Cloudlets is:3780
70377.8672000001: MET_Broker: Cloudlet #3781 return received
70377.8672000001: MET_Broker: The number of finished Cloudlets is:3781
70401.87440000009: MET_Broker: Cloudlet #3783 return received
70401.87440000009: MET_Broker: The number of finished Cloudlets is:3782
70411.06360000008: MET_Broker: Cloudlet #3784 return received
70411.06360000008: MET_Broker: The number of finished Cloudlets is:3783
70427.50040000008: MET_Broker: Cloudlet #3785 return received
70427.50040000008: MET_Broker: The number of finished Cloudlets is:3784
70450.35880000007: MET_Broker: Cloudlet #3786 return received
70450.35880000007: MET_Broker: The number of finished Cloudlets is:3785
70461.42120000007: MET_Broker: Cloudlet #3788 return received
70461.42120000007: MET_Broker: The number of finished Cloudlets is:3786
70528.94440000007: MET_Broker: Cloudlet #3782 return received
70528.94440000007: MET_Broker: The number of finished Cloudlets is:3787
70563.27480000007: MET_Broker: Cloudlet #3790 return received
70563.27480000007: MET_Broker: The number of finished Cloudlets is:3788
70572.34120000007: MET_Broker: Cloudlet #3776 return received
70572.34120000007: MET_Broker: The number of finished Cloudlets is:3789
70624.57800000007: MET_Broker: Cloudlet #3787 return received
70624.57800000007: MET_Broker: The number of finished Cloudlets is:3790
70640.12760000007: MET_Broker: Cloudlet #3793 return received
70640.12760000007: MET_Broker: The number of finished Cloudlets is:3791
70659.67040000006: MET_Broker: Cloudlet #3794 return received
70659.67040000006: MET_Broker: The number of finished Cloudlets is:3792
70671.75680000006: MET_Broker: Cloudlet #3795 return received
70671.75680000006: MET_Broker: The number of finished Cloudlets is:3793
70680.96080000006: MET_Broker: Cloudlet #3796 return received
70680.96080000006: MET_Broker: The number of finished Cloudlets is:3794
70706.56880000005: MET_Broker: Cloudlet #3792 return received
70706.56880000005: MET_Broker: The number of finished Cloudlets is:3795
70725.20280000006: MET_Broker: Cloudlet #3797 return received
70725.20280000006: MET_Broker: The number of finished Cloudlets is:3796
70741.40960000006: MET_Broker: Cloudlet #3789 return received
70741.40960000006: MET_Broker: The number of finished Cloudlets is:3797
70747.79800000005: MET_Broker: Cloudlet #3791 return received
70747.79800000005: MET_Broker: The number of finished Cloudlets is:3798
70777.02360000006: MET_Broker: Cloudlet #3799 return received
70777.02360000006: MET_Broker: The number of finished Cloudlets is:3799
70814.02040000005: MET_Broker: Cloudlet #3798 return received
70814.02040000005: MET_Broker: The number of finished Cloudlets is:3800
70825.39960000005: MET_Broker: Cloudlet #3803 return received
70825.39960000005: MET_Broker: The number of finished Cloudlets is:3801
70878.83520000005: MET_Broker: Cloudlet #3804 return received
70878.83520000005: MET_Broker: The number of finished Cloudlets is:3802
70891.28920000004: MET_Broker: Cloudlet #3805 return received
70891.28920000004: MET_Broker: The number of finished Cloudlets is:3803
70934.76280000004: MET_Broker: Cloudlet #3802 return received
70934.76280000004: MET_Broker: The number of finished Cloudlets is:3804
70936.61000000004: MET_Broker: Cloudlet #3800 return received
70936.61000000004: MET_Broker: The number of finished Cloudlets is:3805
70940.30320000004: MET_Broker: Cloudlet #3806 return received
70940.30320000004: MET_Broker: The number of finished Cloudlets is:3806
70943.25520000004: MET_Broker: Cloudlet #3807 return received
70943.25520000004: MET_Broker: The number of finished Cloudlets is:3807
70955.86760000004: MET_Broker: Cloudlet #3809 return received
70955.86760000004: MET_Broker: The number of finished Cloudlets is:3808
70962.36920000004: MET_Broker: Cloudlet #3810 return received
70962.36920000004: MET_Broker: The number of finished Cloudlets is:3809
70972.19760000004: MET_Broker: Cloudlet #3812 return received
70972.19760000004: MET_Broker: The number of finished Cloudlets is:3810
70989.07360000005: MET_Broker: Cloudlet #3813 return received
70989.07360000005: MET_Broker: The number of finished Cloudlets is:3811
70995.43440000004: MET_Broker: Cloudlet #3811 return received
70995.43440000004: MET_Broker: The number of finished Cloudlets is:3812
71005.06240000004: MET_Broker: Cloudlet #3815 return received
71005.06240000004: MET_Broker: The number of finished Cloudlets is:3813
71017.07920000004: MET_Broker: Cloudlet #3808 return received
71017.07920000004: MET_Broker: The number of finished Cloudlets is:3814
71025.88600000004: MET_Broker: Cloudlet #3814 return received
71025.88600000004: MET_Broker: The number of finished Cloudlets is:3815
71031.75040000005: MET_Broker: Cloudlet #3817 return received
71031.75040000005: MET_Broker: The number of finished Cloudlets is:3816
71054.75800000005: MET_Broker: Cloudlet #3819 return received
71054.75800000005: MET_Broker: The number of finished Cloudlets is:3817
71104.16480000004: MET_Broker: Cloudlet #3820 return received
71104.16480000004: MET_Broker: The number of finished Cloudlets is:3818
71104.40400000004: MET_Broker: Cloudlet #3801 return received
71104.40400000004: MET_Broker: The number of finished Cloudlets is:3819
71189.64000000004: MET_Broker: Cloudlet #3816 return received
71189.64000000004: MET_Broker: The number of finished Cloudlets is:3820
71226.83320000004: MET_Broker: Cloudlet #3823 return received
71226.83320000004: MET_Broker: The number of finished Cloudlets is:3821
71299.32320000004: MET_Broker: Cloudlet #3824 return received
71299.32320000004: MET_Broker: The number of finished Cloudlets is:3822
71300.81280000004: MET_Broker: Cloudlet #3821 return received
71300.81280000004: MET_Broker: The number of finished Cloudlets is:3823
71308.98720000005: MET_Broker: Cloudlet #3825 return received
71308.98720000005: MET_Broker: The number of finished Cloudlets is:3824
71325.45720000005: MET_Broker: Cloudlet #3827 return received
71325.45720000005: MET_Broker: The number of finished Cloudlets is:3825
71342.96440000004: MET_Broker: Cloudlet #3822 return received
71342.96440000004: MET_Broker: The number of finished Cloudlets is:3826
71342.98440000003: MET_Broker: Cloudlet #3818 return received
71342.98440000003: MET_Broker: The number of finished Cloudlets is:3827
71382.56320000003: MET_Broker: Cloudlet #3826 return received
71382.56320000003: MET_Broker: The number of finished Cloudlets is:3828
71383.73840000003: MET_Broker: Cloudlet #3828 return received
71383.73840000003: MET_Broker: The number of finished Cloudlets is:3829
71384.42120000003: MET_Broker: Cloudlet #3830 return received
71384.42120000003: MET_Broker: The number of finished Cloudlets is:3830
71398.56720000002: MET_Broker: Cloudlet #3833 return received
71398.56720000002: MET_Broker: The number of finished Cloudlets is:3831
71417.54480000002: MET_Broker: Cloudlet #3831 return received
71417.54480000002: MET_Broker: The number of finished Cloudlets is:3832
71431.58040000002: MET_Broker: Cloudlet #3829 return received
71431.58040000002: MET_Broker: The number of finished Cloudlets is:3833
71432.21760000002: MET_Broker: Cloudlet #3832 return received
71432.21760000002: MET_Broker: The number of finished Cloudlets is:3834
71433.99000000002: MET_Broker: Cloudlet #3835 return received
71433.99000000002: MET_Broker: The number of finished Cloudlets is:3835
71487.53760000003: MET_Broker: Cloudlet #3837 return received
71487.53760000003: MET_Broker: The number of finished Cloudlets is:3836
71513.29960000003: MET_Broker: Cloudlet #3839 return received
71513.29960000003: MET_Broker: The number of finished Cloudlets is:3837
71515.79000000002: MET_Broker: Cloudlet #3838 return received
71515.79000000002: MET_Broker: The number of finished Cloudlets is:3838
71531.46160000002: MET_Broker: Cloudlet #3840 return received
71531.46160000002: MET_Broker: The number of finished Cloudlets is:3839
71542.02360000003: MET_Broker: Cloudlet #3842 return received
71542.02360000003: MET_Broker: The number of finished Cloudlets is:3840
71587.83960000004: MET_Broker: Cloudlet #3836 return received
71587.83960000004: MET_Broker: The number of finished Cloudlets is:3841
71592.88280000004: MET_Broker: Cloudlet #3843 return received
71592.88280000004: MET_Broker: The number of finished Cloudlets is:3842
71631.59880000004: MET_Broker: Cloudlet #3845 return received
71631.59880000004: MET_Broker: The number of finished Cloudlets is:3843
71635.68160000004: MET_Broker: Cloudlet #3844 return received
71635.68160000004: MET_Broker: The number of finished Cloudlets is:3844
71647.00840000004: MET_Broker: Cloudlet #3846 return received
71647.00840000004: MET_Broker: The number of finished Cloudlets is:3845
71651.27760000003: MET_Broker: Cloudlet #3834 return received
71651.27760000003: MET_Broker: The number of finished Cloudlets is:3846
71678.25800000003: MET_Broker: Cloudlet #3847 return received
71678.25800000003: MET_Broker: The number of finished Cloudlets is:3847
71708.06880000004: MET_Broker: Cloudlet #3841 return received
71708.06880000004: MET_Broker: The number of finished Cloudlets is:3848
71715.37320000003: MET_Broker: Cloudlet #3851 return received
71715.37320000003: MET_Broker: The number of finished Cloudlets is:3849
71726.94680000003: MET_Broker: Cloudlet #3852 return received
71726.94680000003: MET_Broker: The number of finished Cloudlets is:3850
71741.17280000003: MET_Broker: Cloudlet #3848 return received
71741.17280000003: MET_Broker: The number of finished Cloudlets is:3851
71742.38360000003: MET_Broker: Cloudlet #3849 return received
71742.38360000003: MET_Broker: The number of finished Cloudlets is:3852
71743.01240000004: MET_Broker: Cloudlet #3853 return received
71743.01240000004: MET_Broker: The number of finished Cloudlets is:3853
71751.57760000003: MET_Broker: Cloudlet #3855 return received
71751.57760000003: MET_Broker: The number of finished Cloudlets is:3854
71767.50560000003: MET_Broker: Cloudlet #3856 return received
71767.50560000003: MET_Broker: The number of finished Cloudlets is:3855
71849.36840000004: MET_Broker: Cloudlet #3850 return received
71849.36840000004: MET_Broker: The number of finished Cloudlets is:3856
71877.45720000003: MET_Broker: Cloudlet #3859 return received
71877.45720000003: MET_Broker: The number of finished Cloudlets is:3857
71893.03600000004: MET_Broker: Cloudlet #3857 return received
71893.03600000004: MET_Broker: The number of finished Cloudlets is:3858
71944.46440000004: MET_Broker: Cloudlet #3860 return received
71944.46440000004: MET_Broker: The number of finished Cloudlets is:3859
71945.46960000004: MET_Broker: Cloudlet #3861 return received
71945.46960000004: MET_Broker: The number of finished Cloudlets is:3860
71954.09040000004: MET_Broker: Cloudlet #3863 return received
71954.09040000004: MET_Broker: The number of finished Cloudlets is:3861
71969.10680000004: MET_Broker: Cloudlet #3864 return received
71969.10680000004: MET_Broker: The number of finished Cloudlets is:3862
71993.09240000004: MET_Broker: Cloudlet #3865 return received
71993.09240000004: MET_Broker: The number of finished Cloudlets is:3863
72009.42840000003: MET_Broker: Cloudlet #3858 return received
72009.42840000003: MET_Broker: The number of finished Cloudlets is:3864
72028.15880000003: MET_Broker: Cloudlet #3867 return received
72028.15880000003: MET_Broker: The number of finished Cloudlets is:3865
72031.94760000003: MET_Broker: Cloudlet #3854 return received
72031.94760000003: MET_Broker: The number of finished Cloudlets is:3866
72042.68320000003: MET_Broker: Cloudlet #3868 return received
72042.68320000003: MET_Broker: The number of finished Cloudlets is:3867
72060.76800000003: MET_Broker: Cloudlet #3869 return received
72060.76800000003: MET_Broker: The number of finished Cloudlets is:3868
72082.44840000002: MET_Broker: Cloudlet #3870 return received
72082.44840000002: MET_Broker: The number of finished Cloudlets is:3869
72092.48440000002: MET_Broker: Cloudlet #3872 return received
72092.48440000002: MET_Broker: The number of finished Cloudlets is:3870
72108.11960000002: MET_Broker: Cloudlet #3873 return received
72108.11960000002: MET_Broker: The number of finished Cloudlets is:3871
72115.08760000001: MET_Broker: Cloudlet #3871 return received
72115.08760000001: MET_Broker: The number of finished Cloudlets is:3872
72116.21960000001: MET_Broker: Cloudlet #3874 return received
72116.21960000001: MET_Broker: The number of finished Cloudlets is:3873
72125.42160000002: MET_Broker: Cloudlet #3876 return received
72125.42160000002: MET_Broker: The number of finished Cloudlets is:3874
72127.59360000002: MET_Broker: Cloudlet #3875 return received
72127.59360000002: MET_Broker: The number of finished Cloudlets is:3875
72137.03760000003: MET_Broker: Cloudlet #3877 return received
72137.03760000003: MET_Broker: The number of finished Cloudlets is:3876
72162.31680000003: MET_Broker: Cloudlet #3862 return received
72162.31680000003: MET_Broker: The number of finished Cloudlets is:3877
72177.46520000004: MET_Broker: Cloudlet #3879 return received
72177.46520000004: MET_Broker: The number of finished Cloudlets is:3878
72195.00080000004: MET_Broker: Cloudlet #3878 return received
72195.00080000004: MET_Broker: The number of finished Cloudlets is:3879
72213.22040000003: MET_Broker: Cloudlet #3881 return received
72213.22040000003: MET_Broker: The number of finished Cloudlets is:3880
72220.95520000004: MET_Broker: Cloudlet #3883 return received
72220.95520000004: MET_Broker: The number of finished Cloudlets is:3881
72230.38600000004: MET_Broker: Cloudlet #3882 return received
72230.38600000004: MET_Broker: The number of finished Cloudlets is:3882
72262.34880000004: MET_Broker: Cloudlet #3884 return received
72262.34880000004: MET_Broker: The number of finished Cloudlets is:3883
72272.31720000003: MET_Broker: Cloudlet #3885 return received
72272.31720000003: MET_Broker: The number of finished Cloudlets is:3884
72292.28240000004: MET_Broker: Cloudlet #3887 return received
72292.28240000004: MET_Broker: The number of finished Cloudlets is:3885
72295.59680000004: MET_Broker: Cloudlet #3886 return received
72295.59680000004: MET_Broker: The number of finished Cloudlets is:3886
72310.92840000005: MET_Broker: Cloudlet #3866 return received
72310.92840000005: MET_Broker: The number of finished Cloudlets is:3887
72318.25720000005: MET_Broker: Cloudlet #3888 return received
72318.25720000005: MET_Broker: The number of finished Cloudlets is:3888
72340.94280000005: MET_Broker: Cloudlet #3880 return received
72340.94280000005: MET_Broker: The number of finished Cloudlets is:3889
72348.66400000005: MET_Broker: Cloudlet #3889 return received
72348.66400000005: MET_Broker: The number of finished Cloudlets is:3890
72348.85640000005: MET_Broker: Cloudlet #3891 return received
72348.85640000005: MET_Broker: The number of finished Cloudlets is:3891
72350.86160000005: MET_Broker: Cloudlet #3890 return received
72350.86160000005: MET_Broker: The number of finished Cloudlets is:3892
72353.05040000005: MET_Broker: Cloudlet #3892 return received
72353.05040000005: MET_Broker: The number of finished Cloudlets is:3893
72364.04680000005: MET_Broker: Cloudlet #3896 return received
72364.04680000005: MET_Broker: The number of finished Cloudlets is:3894
72370.37840000006: MET_Broker: Cloudlet #3893 return received
72370.37840000006: MET_Broker: The number of finished Cloudlets is:3895
72371.01720000006: MET_Broker: Cloudlet #3897 return received
72371.01720000006: MET_Broker: The number of finished Cloudlets is:3896
72383.16120000006: MET_Broker: Cloudlet #3894 return received
72383.16120000006: MET_Broker: The number of finished Cloudlets is:3897
72395.42120000006: MET_Broker: Cloudlet #3900 return received
72395.42120000006: MET_Broker: The number of finished Cloudlets is:3898
72398.55320000005: MET_Broker: Cloudlet #3895 return received
72398.55320000005: MET_Broker: The number of finished Cloudlets is:3899
72409.55360000006: MET_Broker: Cloudlet #3901 return received
72409.55360000006: MET_Broker: The number of finished Cloudlets is:3900
72413.19680000006: MET_Broker: Cloudlet #3899 return received
72413.19680000006: MET_Broker: The number of finished Cloudlets is:3901
72417.49040000007: MET_Broker: Cloudlet #3902 return received
72417.49040000007: MET_Broker: The number of finished Cloudlets is:3902
72426.34880000007: MET_Broker: Cloudlet #3898 return received
72426.34880000007: MET_Broker: The number of finished Cloudlets is:3903
72434.09200000006: MET_Broker: Cloudlet #3905 return received
72434.09200000006: MET_Broker: The number of finished Cloudlets is:3904
72435.53000000006: MET_Broker: Cloudlet #3906 return received
72435.53000000006: MET_Broker: The number of finished Cloudlets is:3905
72455.11920000006: MET_Broker: Cloudlet #3904 return received
72455.11920000006: MET_Broker: The number of finished Cloudlets is:3906
72461.33920000006: MET_Broker: Cloudlet #3903 return received
72461.33920000006: MET_Broker: The number of finished Cloudlets is:3907
72467.38880000006: MET_Broker: Cloudlet #3909 return received
72467.38880000006: MET_Broker: The number of finished Cloudlets is:3908
72477.04320000006: MET_Broker: Cloudlet #3910 return received
72477.04320000006: MET_Broker: The number of finished Cloudlets is:3909
72477.14400000006: MET_Broker: Cloudlet #3911 return received
72477.14400000006: MET_Broker: The number of finished Cloudlets is:3910
72488.17200000006: MET_Broker: Cloudlet #3907 return received
72488.17200000006: MET_Broker: The number of finished Cloudlets is:3911
72490.81360000007: MET_Broker: Cloudlet #3908 return received
72490.81360000007: MET_Broker: The number of finished Cloudlets is:3912
72508.63080000007: MET_Broker: Cloudlet #3915 return received
72508.63080000007: MET_Broker: The number of finished Cloudlets is:3913
72513.40600000008: MET_Broker: Cloudlet #3913 return received
72513.40600000008: MET_Broker: The number of finished Cloudlets is:3914
72517.32480000007: MET_Broker: Cloudlet #3912 return received
72517.32480000007: MET_Broker: The number of finished Cloudlets is:3915
72560.87600000008: MET_Broker: Cloudlet #3917 return received
72560.87600000008: MET_Broker: The number of finished Cloudlets is:3916
72573.80840000008: MET_Broker: Cloudlet #3919 return received
72573.80840000008: MET_Broker: The number of finished Cloudlets is:3917
72583.82480000007: MET_Broker: Cloudlet #3918 return received
72583.82480000007: MET_Broker: The number of finished Cloudlets is:3918
72589.74280000008: MET_Broker: Cloudlet #3920 return received
72589.74280000008: MET_Broker: The number of finished Cloudlets is:3919
72601.66200000008: MET_Broker: Cloudlet #3916 return received
72601.66200000008: MET_Broker: The number of finished Cloudlets is:3920
72606.85600000009: MET_Broker: Cloudlet #3914 return received
72606.85600000009: MET_Broker: The number of finished Cloudlets is:3921
72613.49280000008: MET_Broker: Cloudlet #3923 return received
72613.49280000008: MET_Broker: The number of finished Cloudlets is:3922
72633.96120000008: MET_Broker: Cloudlet #3921 return received
72633.96120000008: MET_Broker: The number of finished Cloudlets is:3923
72661.64160000008: MET_Broker: Cloudlet #3925 return received
72661.64160000008: MET_Broker: The number of finished Cloudlets is:3924
72662.66960000008: MET_Broker: Cloudlet #3922 return received
72662.66960000008: MET_Broker: The number of finished Cloudlets is:3925
72665.68840000009: MET_Broker: Cloudlet #3924 return received
72665.68840000009: MET_Broker: The number of finished Cloudlets is:3926
72693.35360000009: MET_Broker: Cloudlet #3926 return received
72693.35360000009: MET_Broker: The number of finished Cloudlets is:3927
72701.79680000008: MET_Broker: Cloudlet #3930 return received
72701.79680000008: MET_Broker: The number of finished Cloudlets is:3928
72713.82920000008: MET_Broker: Cloudlet #3931 return received
72713.82920000008: MET_Broker: The number of finished Cloudlets is:3929
72767.28320000008: MET_Broker: Cloudlet #3932 return received
72767.28320000008: MET_Broker: The number of finished Cloudlets is:3930
72779.39280000007: MET_Broker: Cloudlet #3927 return received
72779.39280000007: MET_Broker: The number of finished Cloudlets is:3931
72947.27240000007: MET_Broker: Cloudlet #3928 return received
72947.27240000007: MET_Broker: The number of finished Cloudlets is:3932
72982.86680000008: MET_Broker: Cloudlet #3935 return received
72982.86680000008: MET_Broker: The number of finished Cloudlets is:3933
73001.05280000008: MET_Broker: Cloudlet #3936 return received
73001.05280000008: MET_Broker: The number of finished Cloudlets is:3934
73008.85240000008: MET_Broker: Cloudlet #3929 return received
73008.85240000008: MET_Broker: The number of finished Cloudlets is:3935
73050.64320000008: MET_Broker: Cloudlet #3938 return received
73050.64320000008: MET_Broker: The number of finished Cloudlets is:3936
73054.48880000008: MET_Broker: Cloudlet #3934 return received
73054.48880000008: MET_Broker: The number of finished Cloudlets is:3937
73078.13320000008: MET_Broker: Cloudlet #3939 return received
73078.13320000008: MET_Broker: The number of finished Cloudlets is:3938
73080.10480000009: MET_Broker: Cloudlet #3933 return received
73080.10480000009: MET_Broker: The number of finished Cloudlets is:3939
73097.88320000008: MET_Broker: Cloudlet #3942 return received
73097.88320000008: MET_Broker: The number of finished Cloudlets is:3940
73101.02000000008: MET_Broker: Cloudlet #3937 return received
73101.02000000008: MET_Broker: The number of finished Cloudlets is:3941
73107.86040000008: MET_Broker: Cloudlet #3943 return received
73107.86040000008: MET_Broker: The number of finished Cloudlets is:3942
73111.62480000008: MET_Broker: Cloudlet #3941 return received
73111.62480000008: MET_Broker: The number of finished Cloudlets is:3943
73128.69120000007: MET_Broker: Cloudlet #3946 return received
73128.69120000007: MET_Broker: The number of finished Cloudlets is:3944
73180.87560000007: MET_Broker: Cloudlet #3947 return received
73180.87560000007: MET_Broker: The number of finished Cloudlets is:3945
73201.08680000008: MET_Broker: Cloudlet #3945 return received
73201.08680000008: MET_Broker: The number of finished Cloudlets is:3946
73211.53640000008: MET_Broker: Cloudlet #3948 return received
73211.53640000008: MET_Broker: The number of finished Cloudlets is:3947
73218.63640000009: MET_Broker: Cloudlet #3949 return received
73218.63640000009: MET_Broker: The number of finished Cloudlets is:3948
73233.2820000001: MET_Broker: Cloudlet #3951 return received
73233.2820000001: MET_Broker: The number of finished Cloudlets is:3949
73252.8060000001: MET_Broker: Cloudlet #3952 return received
73252.8060000001: MET_Broker: The number of finished Cloudlets is:3950
73268.2588000001: MET_Broker: Cloudlet #3953 return received
73268.2588000001: MET_Broker: The number of finished Cloudlets is:3951
73279.0236000001: MET_Broker: Cloudlet #3944 return received
73279.0236000001: MET_Broker: The number of finished Cloudlets is:3952
73294.98760000011: MET_Broker: Cloudlet #3954 return received
73294.98760000011: MET_Broker: The number of finished Cloudlets is:3953
73332.45760000011: MET_Broker: Cloudlet #3955 return received
73332.45760000011: MET_Broker: The number of finished Cloudlets is:3954
73333.5932000001: MET_Broker: Cloudlet #3940 return received
73333.5932000001: MET_Broker: The number of finished Cloudlets is:3955
73335.3196000001: MET_Broker: Cloudlet #3956 return received
73335.3196000001: MET_Broker: The number of finished Cloudlets is:3956
73346.7752000001: MET_Broker: Cloudlet #3957 return received
73346.7752000001: MET_Broker: The number of finished Cloudlets is:3957
73352.9468000001: MET_Broker: Cloudlet #3958 return received
73352.9468000001: MET_Broker: The number of finished Cloudlets is:3958
73368.1508000001: MET_Broker: Cloudlet #3959 return received
73368.1508000001: MET_Broker: The number of finished Cloudlets is:3959
73387.2936000001: MET_Broker: Cloudlet #3962 return received
73387.2936000001: MET_Broker: The number of finished Cloudlets is:3960
73409.4004000001: MET_Broker: Cloudlet #3961 return received
73409.4004000001: MET_Broker: The number of finished Cloudlets is:3961
73413.8564000001: MET_Broker: Cloudlet #3963 return received
73413.8564000001: MET_Broker: The number of finished Cloudlets is:3962
73421.98640000011: MET_Broker: Cloudlet #3960 return received
73421.98640000011: MET_Broker: The number of finished Cloudlets is:3963
73430.79200000012: MET_Broker: Cloudlet #3966 return received
73430.79200000012: MET_Broker: The number of finished Cloudlets is:3964
73433.06400000011: MET_Broker: Cloudlet #3965 return received
73433.06400000011: MET_Broker: The number of finished Cloudlets is:3965
73439.15920000011: MET_Broker: Cloudlet #3967 return received
73439.15920000011: MET_Broker: The number of finished Cloudlets is:3966
73440.72080000011: MET_Broker: Cloudlet #3968 return received
73440.72080000011: MET_Broker: The number of finished Cloudlets is:3967
73454.98800000011: MET_Broker: Cloudlet #3964 return received
73454.98800000011: MET_Broker: The number of finished Cloudlets is:3968
73456.24280000011: MET_Broker: Cloudlet #3950 return received
73456.24280000011: MET_Broker: The number of finished Cloudlets is:3969
73492.68640000011: MET_Broker: Cloudlet #3971 return received
73492.68640000011: MET_Broker: The number of finished Cloudlets is:3970
73495.95880000011: MET_Broker: Cloudlet #3970 return received
73495.95880000011: MET_Broker: The number of finished Cloudlets is:3971
73500.03920000012: MET_Broker: Cloudlet #3973 return received
73500.03920000012: MET_Broker: The number of finished Cloudlets is:3972
73521.31280000012: MET_Broker: Cloudlet #3969 return received
73521.31280000012: MET_Broker: The number of finished Cloudlets is:3973
73556.17920000012: MET_Broker: Cloudlet #3975 return received
73556.17920000012: MET_Broker: The number of finished Cloudlets is:3974
73576.93360000012: MET_Broker: Cloudlet #3976 return received
73576.93360000012: MET_Broker: The number of finished Cloudlets is:3975
73583.69000000012: MET_Broker: Cloudlet #3978 return received
73583.69000000012: MET_Broker: The number of finished Cloudlets is:3976
73600.90520000012: MET_Broker: Cloudlet #3977 return received
73600.90520000012: MET_Broker: The number of finished Cloudlets is:3977
73644.74720000013: MET_Broker: Cloudlet #3974 return received
73644.74720000013: MET_Broker: The number of finished Cloudlets is:3978
73654.74160000012: MET_Broker: Cloudlet #3981 return received
73654.74160000012: MET_Broker: The number of finished Cloudlets is:3979
73658.72760000013: MET_Broker: Cloudlet #3980 return received
73658.72760000013: MET_Broker: The number of finished Cloudlets is:3980
73673.29560000013: MET_Broker: Cloudlet #3983 return received
73673.29560000013: MET_Broker: The number of finished Cloudlets is:3981
73738.61400000013: MET_Broker: Cloudlet #3982 return received
73738.61400000013: MET_Broker: The number of finished Cloudlets is:3982
73756.89280000013: MET_Broker: Cloudlet #3984 return received
73756.89280000013: MET_Broker: The number of finished Cloudlets is:3983
73778.28400000013: MET_Broker: Cloudlet #3985 return received
73778.28400000013: MET_Broker: The number of finished Cloudlets is:3984
73797.44400000013: MET_Broker: Cloudlet #3972 return received
73797.44400000013: MET_Broker: The number of finished Cloudlets is:3985
73836.43120000014: MET_Broker: Cloudlet #3988 return received
73836.43120000014: MET_Broker: The number of finished Cloudlets is:3986
73852.45920000014: MET_Broker: Cloudlet #3989 return received
73852.45920000014: MET_Broker: The number of finished Cloudlets is:3987
73918.20240000014: MET_Broker: Cloudlet #3979 return received
73918.20240000014: MET_Broker: The number of finished Cloudlets is:3988
73930.70320000013: MET_Broker: Cloudlet #3987 return received
73930.70320000013: MET_Broker: The number of finished Cloudlets is:3989
73948.31880000014: MET_Broker: Cloudlet #3986 return received
73948.31880000014: MET_Broker: The number of finished Cloudlets is:3990
73966.07880000013: MET_Broker: Cloudlet #3993 return received
73966.07880000013: MET_Broker: The number of finished Cloudlets is:3991
73979.41600000013: MET_Broker: Cloudlet #3992 return received
73979.41600000013: MET_Broker: The number of finished Cloudlets is:3992
73987.52120000013: MET_Broker: Cloudlet #3990 return received
73987.52120000013: MET_Broker: The number of finished Cloudlets is:3993
73993.23720000013: MET_Broker: Cloudlet #3994 return received
73993.23720000013: MET_Broker: The number of finished Cloudlets is:3994
74003.87840000013: MET_Broker: Cloudlet #3997 return received
74003.87840000013: MET_Broker: The number of finished Cloudlets is:3995
74009.29800000013: MET_Broker: Cloudlet #3995 return received
74009.29800000013: MET_Broker: The number of finished Cloudlets is:3996
74015.49320000013: MET_Broker: Cloudlet #3998 return received
74015.49320000013: MET_Broker: The number of finished Cloudlets is:3997
74027.62680000013: MET_Broker: Cloudlet #3999 return received
74027.62680000013: MET_Broker: The number of finished Cloudlets is:3998
74032.41960000012: MET_Broker: Cloudlet #3996 return received
74032.41960000012: MET_Broker: The number of finished Cloudlets is:3999
74033.67520000013: MET_Broker: Cloudlet #4000 return received
74033.67520000013: MET_Broker: The number of finished Cloudlets is:4000
74068.92400000013: MET_Broker: Cloudlet #4001 return received
74068.92400000013: MET_Broker: The number of finished Cloudlets is:4001
74075.55600000013: MET_Broker: Cloudlet #4002 return received
74075.55600000013: MET_Broker: The number of finished Cloudlets is:4002
74091.38200000013: MET_Broker: Cloudlet #4005 return received
74091.38200000013: MET_Broker: The number of finished Cloudlets is:4003
74097.76560000013: MET_Broker: Cloudlet #4004 return received
74097.76560000013: MET_Broker: The number of finished Cloudlets is:4004
74106.06280000013: MET_Broker: Cloudlet #4006 return received
74106.06280000013: MET_Broker: The number of finished Cloudlets is:4005
74128.36000000013: MET_Broker: Cloudlet #4007 return received
74128.36000000013: MET_Broker: The number of finished Cloudlets is:4006
74161.29640000014: MET_Broker: Cloudlet #4008 return received
74161.29640000014: MET_Broker: The number of finished Cloudlets is:4007
74167.81520000014: MET_Broker: Cloudlet #4009 return received
74167.81520000014: MET_Broker: The number of finished Cloudlets is:4008
74168.03000000014: MET_Broker: Cloudlet #3991 return received
74168.03000000014: MET_Broker: The number of finished Cloudlets is:4009
74171.82000000014: MET_Broker: Cloudlet #4003 return received
74171.82000000014: MET_Broker: The number of finished Cloudlets is:4010
74210.11800000013: MET_Broker: Cloudlet #4010 return received
74210.11800000013: MET_Broker: The number of finished Cloudlets is:4011
74290.70400000013: MET_Broker: Cloudlet #4012 return received
74290.70400000013: MET_Broker: The number of finished Cloudlets is:4012
74346.63440000013: MET_Broker: Cloudlet #4015 return received
74346.63440000013: MET_Broker: The number of finished Cloudlets is:4013
74358.38120000012: MET_Broker: Cloudlet #4014 return received
74358.38120000012: MET_Broker: The number of finished Cloudlets is:4014
74364.76160000011: MET_Broker: Cloudlet #4016 return received
74364.76160000011: MET_Broker: The number of finished Cloudlets is:4015
74369.66160000011: MET_Broker: Cloudlet #4011 return received
74369.66160000011: MET_Broker: The number of finished Cloudlets is:4016
74370.6808000001: MET_Broker: Cloudlet #4017 return received
74370.6808000001: MET_Broker: The number of finished Cloudlets is:4017
74405.76120000011: MET_Broker: Cloudlet #4020 return received
74405.76120000011: MET_Broker: The number of finished Cloudlets is:4018
74410.6756000001: MET_Broker: Cloudlet #4019 return received
74410.6756000001: MET_Broker: The number of finished Cloudlets is:4019
74421.4424000001: MET_Broker: Cloudlet #4022 return received
74421.4424000001: MET_Broker: The number of finished Cloudlets is:4020
74438.1748000001: MET_Broker: Cloudlet #4013 return received
74438.1748000001: MET_Broker: The number of finished Cloudlets is:4021
74475.7068000001: MET_Broker: Cloudlet #4023 return received
74475.7068000001: MET_Broker: The number of finished Cloudlets is:4022
74489.8436000001: MET_Broker: Cloudlet #4025 return received
74489.8436000001: MET_Broker: The number of finished Cloudlets is:4023
74497.3868000001: MET_Broker: Cloudlet #4026 return received
74497.3868000001: MET_Broker: The number of finished Cloudlets is:4024
74525.9064000001: MET_Broker: Cloudlet #4027 return received
74525.9064000001: MET_Broker: The number of finished Cloudlets is:4025
74561.3844000001: MET_Broker: Cloudlet #4018 return received
74561.3844000001: MET_Broker: The number of finished Cloudlets is:4026
74567.0704000001: MET_Broker: Cloudlet #4021 return received
74567.0704000001: MET_Broker: The number of finished Cloudlets is:4027
74568.9212000001: MET_Broker: Cloudlet #4029 return received
74568.9212000001: MET_Broker: The number of finished Cloudlets is:4028
74609.9796000001: MET_Broker: Cloudlet #4030 return received
74609.9796000001: MET_Broker: The number of finished Cloudlets is:4029
74616.4144000001: MET_Broker: Cloudlet #4031 return received
74616.4144000001: MET_Broker: The number of finished Cloudlets is:4030
74630.1096000001: MET_Broker: Cloudlet #4032 return received
74630.1096000001: MET_Broker: The number of finished Cloudlets is:4031
74642.0836000001: MET_Broker: Cloudlet #4034 return received
74642.0836000001: MET_Broker: The number of finished Cloudlets is:4032
74654.9976000001: MET_Broker: Cloudlet #4033 return received
74654.9976000001: MET_Broker: The number of finished Cloudlets is:4033
74714.54640000011: MET_Broker: Cloudlet #4036 return received
74714.54640000011: MET_Broker: The number of finished Cloudlets is:4034
74734.68120000011: MET_Broker: Cloudlet #4037 return received
74734.68120000011: MET_Broker: The number of finished Cloudlets is:4035
74744.78000000012: MET_Broker: Cloudlet #4024 return received
74744.78000000012: MET_Broker: The number of finished Cloudlets is:4036
74758.79320000012: MET_Broker: Cloudlet #4038 return received
74758.79320000012: MET_Broker: The number of finished Cloudlets is:4037
74786.57120000012: MET_Broker: Cloudlet #4039 return received
74786.57120000012: MET_Broker: The number of finished Cloudlets is:4038
74814.23880000012: MET_Broker: Cloudlet #4041 return received
74814.23880000012: MET_Broker: The number of finished Cloudlets is:4039
74830.78800000012: MET_Broker: Cloudlet #4035 return received
74830.78800000012: MET_Broker: The number of finished Cloudlets is:4040
74849.00160000012: MET_Broker: Cloudlet #4043 return received
74849.00160000012: MET_Broker: The number of finished Cloudlets is:4041
74864.47040000012: MET_Broker: Cloudlet #4028 return received
74864.47040000012: MET_Broker: The number of finished Cloudlets is:4042
74983.24040000013: MET_Broker: Cloudlet #4042 return received
74983.24040000013: MET_Broker: The number of finished Cloudlets is:4043
74988.81600000012: MET_Broker: Cloudlet #4045 return received
74988.81600000012: MET_Broker: The number of finished Cloudlets is:4044
74997.04360000012: MET_Broker: Cloudlet #4044 return received
74997.04360000012: MET_Broker: The number of finished Cloudlets is:4045
75026.51720000012: MET_Broker: Cloudlet #4047 return received
75026.51720000012: MET_Broker: The number of finished Cloudlets is:4046
75032.28720000012: MET_Broker: Cloudlet #4046 return received
75032.28720000012: MET_Broker: The number of finished Cloudlets is:4047
75040.97640000012: MET_Broker: Cloudlet #4050 return received
75040.97640000012: MET_Broker: The number of finished Cloudlets is:4048
75058.07560000011: MET_Broker: Cloudlet #4051 return received
75058.07560000011: MET_Broker: The number of finished Cloudlets is:4049
75067.97240000012: MET_Broker: Cloudlet #4040 return received
75067.97240000012: MET_Broker: The number of finished Cloudlets is:4050
75218.53560000012: MET_Broker: Cloudlet #4048 return received
75218.53560000012: MET_Broker: The number of finished Cloudlets is:4051
75222.77520000012: MET_Broker: Cloudlet #4053 return received
75222.77520000012: MET_Broker: The number of finished Cloudlets is:4052
75235.62440000012: MET_Broker: Cloudlet #4054 return received
75235.62440000012: MET_Broker: The number of finished Cloudlets is:4053
75263.62720000012: MET_Broker: Cloudlet #4055 return received
75263.62720000012: MET_Broker: The number of finished Cloudlets is:4054
75301.03000000012: MET_Broker: Cloudlet #4057 return received
75301.03000000012: MET_Broker: The number of finished Cloudlets is:4055
75302.18200000012: MET_Broker: Cloudlet #4049 return received
75302.18200000012: MET_Broker: The number of finished Cloudlets is:4056
75329.52280000012: MET_Broker: Cloudlet #4059 return received
75329.52280000012: MET_Broker: The number of finished Cloudlets is:4057
75377.19040000012: MET_Broker: Cloudlet #4060 return received
75377.19040000012: MET_Broker: The number of finished Cloudlets is:4058
75410.10120000012: MET_Broker: Cloudlet #4052 return received
75410.10120000012: MET_Broker: The number of finished Cloudlets is:4059
75428.32120000012: MET_Broker: Cloudlet #4058 return received
75428.32120000012: MET_Broker: The number of finished Cloudlets is:4060
75477.98840000012: MET_Broker: Cloudlet #4063 return received
75477.98840000012: MET_Broker: The number of finished Cloudlets is:4061
75486.02920000012: MET_Broker: Cloudlet #4056 return received
75486.02920000012: MET_Broker: The number of finished Cloudlets is:4062
75502.83640000012: MET_Broker: Cloudlet #4064 return received
75502.83640000012: MET_Broker: The number of finished Cloudlets is:4063
75568.30240000012: MET_Broker: Cloudlet #4066 return received
75568.30240000012: MET_Broker: The number of finished Cloudlets is:4064
75607.23440000012: MET_Broker: Cloudlet #4067 return received
75607.23440000012: MET_Broker: The number of finished Cloudlets is:4065
75632.28200000012: MET_Broker: Cloudlet #4065 return received
75632.28200000012: MET_Broker: The number of finished Cloudlets is:4066
75666.06040000012: MET_Broker: Cloudlet #4068 return received
75666.06040000012: MET_Broker: The number of finished Cloudlets is:4067
75684.40400000011: MET_Broker: Cloudlet #4069 return received
75684.40400000011: MET_Broker: The number of finished Cloudlets is:4068
75708.33960000011: MET_Broker: Cloudlet #4061 return received
75708.33960000011: MET_Broker: The number of finished Cloudlets is:4069
75709.3248000001: MET_Broker: Cloudlet #4062 return received
75709.3248000001: MET_Broker: The number of finished Cloudlets is:4070
75715.6228000001: MET_Broker: Cloudlet #4070 return received
75715.6228000001: MET_Broker: The number of finished Cloudlets is:4071
75723.2016000001: MET_Broker: Cloudlet #4074 return received
75723.2016000001: MET_Broker: The number of finished Cloudlets is:4072
75767.9040000001: MET_Broker: Cloudlet #4073 return received
75767.9040000001: MET_Broker: The number of finished Cloudlets is:4073
75772.3504000001: MET_Broker: Cloudlet #4072 return received
75772.3504000001: MET_Broker: The number of finished Cloudlets is:4074
75781.0124000001: MET_Broker: Cloudlet #4075 return received
75781.0124000001: MET_Broker: The number of finished Cloudlets is:4075
75787.3532000001: MET_Broker: Cloudlet #4077 return received
75787.3532000001: MET_Broker: The number of finished Cloudlets is:4076
75793.6064000001: MET_Broker: Cloudlet #4079 return received
75793.6064000001: MET_Broker: The number of finished Cloudlets is:4077
75800.18000000011: MET_Broker: Cloudlet #4076 return received
75800.18000000011: MET_Broker: The number of finished Cloudlets is:4078
75818.97120000012: MET_Broker: Cloudlet #4081 return received
75818.97120000012: MET_Broker: The number of finished Cloudlets is:4079
75823.66880000012: MET_Broker: Cloudlet #4078 return received
75823.66880000012: MET_Broker: The number of finished Cloudlets is:4080
75873.19160000012: MET_Broker: Cloudlet #4071 return received
75873.19160000012: MET_Broker: The number of finished Cloudlets is:4081
75901.23640000013: MET_Broker: Cloudlet #4084 return received
75901.23640000013: MET_Broker: The number of finished Cloudlets is:4082
75935.03360000013: MET_Broker: Cloudlet #4080 return received
75935.03360000013: MET_Broker: The number of finished Cloudlets is:4083
75945.38680000012: MET_Broker: Cloudlet #4085 return received
75945.38680000012: MET_Broker: The number of finished Cloudlets is:4084
75952.42520000013: MET_Broker: Cloudlet #4086 return received
75952.42520000013: MET_Broker: The number of finished Cloudlets is:4085
75981.82320000013: MET_Broker: Cloudlet #4082 return received
75981.82320000013: MET_Broker: The number of finished Cloudlets is:4086
75993.38320000013: MET_Broker: Cloudlet #4089 return received
75993.38320000013: MET_Broker: The number of finished Cloudlets is:4087
76006.22200000013: MET_Broker: Cloudlet #4088 return received
76006.22200000013: MET_Broker: The number of finished Cloudlets is:4088
76012.40440000013: MET_Broker: Cloudlet #4090 return received
76012.40440000013: MET_Broker: The number of finished Cloudlets is:4089
76024.11360000013: MET_Broker: Cloudlet #4091 return received
76024.11360000013: MET_Broker: The number of finished Cloudlets is:4090
76059.73320000013: MET_Broker: Cloudlet #4092 return received
76059.73320000013: MET_Broker: The number of finished Cloudlets is:4091
76066.78200000014: MET_Broker: Cloudlet #4083 return received
76066.78200000014: MET_Broker: The number of finished Cloudlets is:4092
76100.20440000013: MET_Broker: Cloudlet #4094 return received
76100.20440000013: MET_Broker: The number of finished Cloudlets is:4093
76107.79760000014: MET_Broker: Cloudlet #4095 return received
76107.79760000014: MET_Broker: The number of finished Cloudlets is:4094
76112.88600000013: MET_Broker: Cloudlet #4096 return received
76112.88600000013: MET_Broker: The number of finished Cloudlets is:4095
76118.88040000013: MET_Broker: Cloudlet #4097 return received
76118.88040000013: MET_Broker: The number of finished Cloudlets is:4096
76125.66520000012: MET_Broker: Cloudlet #4093 return received
76125.66520000012: MET_Broker: The number of finished Cloudlets is:4097
76138.36760000011: MET_Broker: Cloudlet #4098 return received
76138.36760000011: MET_Broker: The number of finished Cloudlets is:4098
76146.75920000012: MET_Broker: Cloudlet #4101 return received
76146.75920000012: MET_Broker: The number of finished Cloudlets is:4099
76164.66920000012: MET_Broker: Cloudlet #4087 return received
76164.66920000012: MET_Broker: The number of finished Cloudlets is:4100
76307.67400000012: MET_Broker: Cloudlet #4099 return received
76307.67400000012: MET_Broker: The number of finished Cloudlets is:4101
76326.39880000011: MET_Broker: Cloudlet #4104 return received
76326.39880000011: MET_Broker: The number of finished Cloudlets is:4102
76374.4872000001: MET_Broker: Cloudlet #4105 return received
76374.4872000001: MET_Broker: The number of finished Cloudlets is:4103
76391.4972000001: MET_Broker: Cloudlet #4100 return received
76391.4972000001: MET_Broker: The number of finished Cloudlets is:4104
76402.7488000001: MET_Broker: Cloudlet #4102 return received
76402.7488000001: MET_Broker: The number of finished Cloudlets is:4105
76419.0296000001: MET_Broker: Cloudlet #4107 return received
76419.0296000001: MET_Broker: The number of finished Cloudlets is:4106
76423.3672000001: MET_Broker: Cloudlet #4106 return received
76423.3672000001: MET_Broker: The number of finished Cloudlets is:4107
76436.91520000009: MET_Broker: Cloudlet #4109 return received
76436.91520000009: MET_Broker: The number of finished Cloudlets is:4108
76438.6448000001: MET_Broker: Cloudlet #4108 return received
76438.6448000001: MET_Broker: The number of finished Cloudlets is:4109
76454.16000000009: MET_Broker: Cloudlet #4112 return received
76454.16000000009: MET_Broker: The number of finished Cloudlets is:4110
76480.2652000001: MET_Broker: Cloudlet #4110 return received
76480.2652000001: MET_Broker: The number of finished Cloudlets is:4111
76490.4004000001: MET_Broker: Cloudlet #4114 return received
76490.4004000001: MET_Broker: The number of finished Cloudlets is:4112
76490.6132000001: MET_Broker: Cloudlet #4103 return received
76490.6132000001: MET_Broker: The number of finished Cloudlets is:4113
76497.0560000001: MET_Broker: Cloudlet #4115 return received
76497.0560000001: MET_Broker: The number of finished Cloudlets is:4114
76573.7724000001: MET_Broker: Cloudlet #4116 return received
76573.7724000001: MET_Broker: The number of finished Cloudlets is:4115
76592.28600000011: MET_Broker: Cloudlet #4117 return received
76592.28600000011: MET_Broker: The number of finished Cloudlets is:4116
76621.4324000001: MET_Broker: Cloudlet #4119 return received
76621.4324000001: MET_Broker: The number of finished Cloudlets is:4117
76676.5512000001: MET_Broker: Cloudlet #4120 return received
76676.5512000001: MET_Broker: The number of finished Cloudlets is:4118
76709.0840000001: MET_Broker: Cloudlet #4118 return received
76709.0840000001: MET_Broker: The number of finished Cloudlets is:4119
76715.3260000001: MET_Broker: Cloudlet #4111 return received
76715.3260000001: MET_Broker: The number of finished Cloudlets is:4120
76747.2256000001: MET_Broker: Cloudlet #4122 return received
76747.2256000001: MET_Broker: The number of finished Cloudlets is:4121
76755.4384000001: MET_Broker: Cloudlet #4113 return received
76755.4384000001: MET_Broker: The number of finished Cloudlets is:4122
76765.9196000001: MET_Broker: Cloudlet #4123 return received
76765.9196000001: MET_Broker: The number of finished Cloudlets is:4123
76783.7140000001: MET_Broker: Cloudlet #4124 return received
76783.7140000001: MET_Broker: The number of finished Cloudlets is:4124
76806.7852000001: MET_Broker: Cloudlet #4126 return received
76806.7852000001: MET_Broker: The number of finished Cloudlets is:4125
76820.2072000001: MET_Broker: Cloudlet #4127 return received
76820.2072000001: MET_Broker: The number of finished Cloudlets is:4126
76835.3024000001: MET_Broker: Cloudlet #4128 return received
76835.3024000001: MET_Broker: The number of finished Cloudlets is:4127
76841.1060000001: MET_Broker: Cloudlet #4129 return received
76841.1060000001: MET_Broker: The number of finished Cloudlets is:4128
76872.6880000001: MET_Broker: Cloudlet #4130 return received
76872.6880000001: MET_Broker: The number of finished Cloudlets is:4129
76886.9752000001: MET_Broker: Cloudlet #4132 return received
76886.9752000001: MET_Broker: The number of finished Cloudlets is:4130
76907.2596000001: MET_Broker: Cloudlet #4121 return received
76907.2596000001: MET_Broker: The number of finished Cloudlets is:4131
76922.7632000001: MET_Broker: Cloudlet #4133 return received
76922.7632000001: MET_Broker: The number of finished Cloudlets is:4132
76930.8464000001: MET_Broker: Cloudlet #4134 return received
76930.8464000001: MET_Broker: The number of finished Cloudlets is:4133
76935.0136000001: MET_Broker: Cloudlet #4135 return received
76935.0136000001: MET_Broker: The number of finished Cloudlets is:4134
76940.19640000009: MET_Broker: Cloudlet #4136 return received
76940.19640000009: MET_Broker: The number of finished Cloudlets is:4135
76946.0320000001: MET_Broker: Cloudlet #4125 return received
76946.0320000001: MET_Broker: The number of finished Cloudlets is:4136
76950.9016000001: MET_Broker: Cloudlet #4137 return received
76950.9016000001: MET_Broker: The number of finished Cloudlets is:4137
76982.0204000001: MET_Broker: Cloudlet #4138 return received
76982.0204000001: MET_Broker: The number of finished Cloudlets is:4138
76985.9132000001: MET_Broker: Cloudlet #4131 return received
76985.9132000001: MET_Broker: The number of finished Cloudlets is:4139
76998.1412000001: MET_Broker: Cloudlet #4141 return received
76998.1412000001: MET_Broker: The number of finished Cloudlets is:4140
77004.6392000001: MET_Broker: Cloudlet #4143 return received
77004.6392000001: MET_Broker: The number of finished Cloudlets is:4141
77007.4324000001: MET_Broker: Cloudlet #4140 return received
77007.4324000001: MET_Broker: The number of finished Cloudlets is:4142
77023.0444000001: MET_Broker: Cloudlet #4142 return received
77023.0444000001: MET_Broker: The number of finished Cloudlets is:4143
77031.5708000001: MET_Broker: Cloudlet #4145 return received
77031.5708000001: MET_Broker: The number of finished Cloudlets is:4144
77067.86440000011: MET_Broker: Cloudlet #4146 return received
77067.86440000011: MET_Broker: The number of finished Cloudlets is:4145
77070.84520000011: MET_Broker: Cloudlet #4139 return received
77070.84520000011: MET_Broker: The number of finished Cloudlets is:4146
77088.86840000011: MET_Broker: Cloudlet #4147 return received
77088.86840000011: MET_Broker: The number of finished Cloudlets is:4147
77089.2240000001: MET_Broker: Cloudlet #4149 return received
77089.2240000001: MET_Broker: The number of finished Cloudlets is:4148
77106.87120000011: MET_Broker: Cloudlet #4148 return received
77106.87120000011: MET_Broker: The number of finished Cloudlets is:4149
77106.97880000011: MET_Broker: Cloudlet #4150 return received
77106.97880000011: MET_Broker: The number of finished Cloudlets is:4150
77122.54480000012: MET_Broker: Cloudlet #4152 return received
77122.54480000012: MET_Broker: The number of finished Cloudlets is:4151
77129.62120000013: MET_Broker: Cloudlet #4154 return received
77129.62120000013: MET_Broker: The number of finished Cloudlets is:4152
77142.83040000012: MET_Broker: Cloudlet #4151 return received
77142.83040000012: MET_Broker: The number of finished Cloudlets is:4153
77144.89240000013: MET_Broker: Cloudlet #4155 return received
77144.89240000013: MET_Broker: The number of finished Cloudlets is:4154
77151.41120000013: MET_Broker: Cloudlet #4153 return received
77151.41120000013: MET_Broker: The number of finished Cloudlets is:4155
77158.38240000013: MET_Broker: Cloudlet #4157 return received
77158.38240000013: MET_Broker: The number of finished Cloudlets is:4156
77175.83560000014: MET_Broker: Cloudlet #4156 return received
77175.83560000014: MET_Broker: The number of finished Cloudlets is:4157
77178.82280000014: MET_Broker: Cloudlet #4158 return received
77178.82280000014: MET_Broker: The number of finished Cloudlets is:4158
77195.83640000015: MET_Broker: Cloudlet #4161 return received
77195.83640000015: MET_Broker: The number of finished Cloudlets is:4159
77207.99160000014: MET_Broker: Cloudlet #4160 return received
77207.99160000014: MET_Broker: The number of finished Cloudlets is:4160
77212.10240000013: MET_Broker: Cloudlet #4159 return received
77212.10240000013: MET_Broker: The number of finished Cloudlets is:4161
77291.04520000014: MET_Broker: Cloudlet #4162 return received
77291.04520000014: MET_Broker: The number of finished Cloudlets is:4162
77299.60800000014: MET_Broker: Cloudlet #4144 return received
77299.60800000014: MET_Broker: The number of finished Cloudlets is:4163
77308.61080000014: MET_Broker: Cloudlet #4166 return received
77308.61080000014: MET_Broker: The number of finished Cloudlets is:4164
77316.46960000014: MET_Broker: Cloudlet #4163 return received
77316.46960000014: MET_Broker: The number of finished Cloudlets is:4165
77324.32480000015: MET_Broker: Cloudlet #4167 return received
77324.32480000015: MET_Broker: The number of finished Cloudlets is:4166
77335.55080000014: MET_Broker: Cloudlet #4165 return received
77335.55080000014: MET_Broker: The number of finished Cloudlets is:4167
77349.30120000015: MET_Broker: Cloudlet #4170 return received
77349.30120000015: MET_Broker: The number of finished Cloudlets is:4168
77350.31400000014: MET_Broker: Cloudlet #4169 return received
77350.31400000014: MET_Broker: The number of finished Cloudlets is:4169
77394.29880000015: MET_Broker: Cloudlet #4164 return received
77394.29880000015: MET_Broker: The number of finished Cloudlets is:4170
77398.15560000014: MET_Broker: Cloudlet #4171 return received
77398.15560000014: MET_Broker: The number of finished Cloudlets is:4171
77409.51000000014: MET_Broker: Cloudlet #4174 return received
77409.51000000014: MET_Broker: The number of finished Cloudlets is:4172
77426.99480000015: MET_Broker: Cloudlet #4175 return received
77426.99480000015: MET_Broker: The number of finished Cloudlets is:4173
77444.81040000015: MET_Broker: Cloudlet #4173 return received
77444.81040000015: MET_Broker: The number of finished Cloudlets is:4174
77470.05000000015: MET_Broker: Cloudlet #4176 return received
77470.05000000015: MET_Broker: The number of finished Cloudlets is:4175
77476.45200000015: MET_Broker: Cloudlet #4178 return received
77476.45200000015: MET_Broker: The number of finished Cloudlets is:4176
77506.39680000015: MET_Broker: Cloudlet #4172 return received
77506.39680000015: MET_Broker: The number of finished Cloudlets is:4177
77523.38640000015: MET_Broker: Cloudlet #4180 return received
77523.38640000015: MET_Broker: The number of finished Cloudlets is:4178
77529.52400000015: MET_Broker: Cloudlet #4181 return received
77529.52400000015: MET_Broker: The number of finished Cloudlets is:4179
77535.02280000015: MET_Broker: Cloudlet #4179 return received
77535.02280000015: MET_Broker: The number of finished Cloudlets is:4180
77541.64280000015: MET_Broker: Cloudlet #4183 return received
77541.64280000015: MET_Broker: The number of finished Cloudlets is:4181
77542.79240000015: MET_Broker: Cloudlet #4182 return received
77542.79240000015: MET_Broker: The number of finished Cloudlets is:4182
77549.44120000015: MET_Broker: Cloudlet #4184 return received
77549.44120000015: MET_Broker: The number of finished Cloudlets is:4183
77560.52120000015: MET_Broker: Cloudlet #4168 return received
77560.52120000015: MET_Broker: The number of finished Cloudlets is:4184
77604.69000000015: MET_Broker: Cloudlet #4177 return received
77604.69000000015: MET_Broker: The number of finished Cloudlets is:4185
77605.45120000014: MET_Broker: Cloudlet #4187 return received
77605.45120000014: MET_Broker: The number of finished Cloudlets is:4186
77641.28240000014: MET_Broker: Cloudlet #4188 return received
77641.28240000014: MET_Broker: The number of finished Cloudlets is:4187
77661.33520000015: MET_Broker: Cloudlet #4189 return received
77661.33520000015: MET_Broker: The number of finished Cloudlets is:4188
77673.71320000014: MET_Broker: Cloudlet #4191 return received
77673.71320000014: MET_Broker: The number of finished Cloudlets is:4189
77681.31760000014: MET_Broker: Cloudlet #4186 return received
77681.31760000014: MET_Broker: The number of finished Cloudlets is:4190
77682.43200000015: MET_Broker: Cloudlet #4185 return received
77682.43200000015: MET_Broker: The number of finished Cloudlets is:4191
77689.00920000015: MET_Broker: Cloudlet #4190 return received
77689.00920000015: MET_Broker: The number of finished Cloudlets is:4192
77707.26120000014: MET_Broker: Cloudlet #4195 return received
77707.26120000014: MET_Broker: The number of finished Cloudlets is:4193
77723.55320000014: MET_Broker: Cloudlet #4194 return received
77723.55320000014: MET_Broker: The number of finished Cloudlets is:4194
77740.81200000014: MET_Broker: Cloudlet #4193 return received
77740.81200000014: MET_Broker: The number of finished Cloudlets is:4195
77750.01080000013: MET_Broker: Cloudlet #4196 return received
77750.01080000013: MET_Broker: The number of finished Cloudlets is:4196
77766.14680000013: MET_Broker: Cloudlet #4198 return received
77766.14680000013: MET_Broker: The number of finished Cloudlets is:4197
77766.47000000013: MET_Broker: Cloudlet #4199 return received
77766.47000000013: MET_Broker: The number of finished Cloudlets is:4198
77791.58200000013: MET_Broker: Cloudlet #4200 return received
77791.58200000013: MET_Broker: The number of finished Cloudlets is:4199
77802.07880000012: MET_Broker: Cloudlet #4201 return received
77802.07880000012: MET_Broker: The number of finished Cloudlets is:4200
77811.73640000013: MET_Broker: Cloudlet #4203 return received
77811.73640000013: MET_Broker: The number of finished Cloudlets is:4201
77826.34800000013: MET_Broker: Cloudlet #4192 return received
77826.34800000013: MET_Broker: The number of finished Cloudlets is:4202
77881.66360000013: MET_Broker: Cloudlet #4205 return received
77881.66360000013: MET_Broker: The number of finished Cloudlets is:4203
77887.90520000012: MET_Broker: Cloudlet #4202 return received
77887.90520000012: MET_Broker: The number of finished Cloudlets is:4204
77910.92640000013: MET_Broker: Cloudlet #4207 return received
77910.92640000013: MET_Broker: The number of finished Cloudlets is:4205
77978.19320000013: MET_Broker: Cloudlet #4208 return received
77978.19320000013: MET_Broker: The number of finished Cloudlets is:4206
77996.96080000013: MET_Broker: Cloudlet #4204 return received
77996.96080000013: MET_Broker: The number of finished Cloudlets is:4207
78011.11440000014: MET_Broker: Cloudlet #4210 return received
78011.11440000014: MET_Broker: The number of finished Cloudlets is:4208
78012.51640000014: MET_Broker: Cloudlet #4197 return received
78012.51640000014: MET_Broker: The number of finished Cloudlets is:4209
78024.63960000014: MET_Broker: Cloudlet #4211 return received
78024.63960000014: MET_Broker: The number of finished Cloudlets is:4210
78038.61080000014: MET_Broker: Cloudlet #4212 return received
78038.61080000014: MET_Broker: The number of finished Cloudlets is:4211
78069.47200000014: MET_Broker: Cloudlet #4214 return received
78069.47200000014: MET_Broker: The number of finished Cloudlets is:4212
78124.00520000015: MET_Broker: Cloudlet #4215 return received
78124.00520000015: MET_Broker: The number of finished Cloudlets is:4213
78160.57800000014: MET_Broker: Cloudlet #4209 return received
78160.57800000014: MET_Broker: The number of finished Cloudlets is:4214
78161.75520000015: MET_Broker: Cloudlet #4216 return received
78161.75520000015: MET_Broker: The number of finished Cloudlets is:4215
78182.49800000015: MET_Broker: Cloudlet #4217 return received
78182.49800000015: MET_Broker: The number of finished Cloudlets is:4216
78196.52280000015: MET_Broker: Cloudlet #4206 return received
78196.52280000015: MET_Broker: The number of finished Cloudlets is:4217
78218.66920000015: MET_Broker: Cloudlet #4213 return received
78218.66920000015: MET_Broker: The number of finished Cloudlets is:4218
78224.34840000015: MET_Broker: Cloudlet #4218 return received
78224.34840000015: MET_Broker: The number of finished Cloudlets is:4219
78230.70120000014: MET_Broker: Cloudlet #4219 return received
78230.70120000014: MET_Broker: The number of finished Cloudlets is:4220
78241.61480000014: MET_Broker: Cloudlet #4222 return received
78241.61480000014: MET_Broker: The number of finished Cloudlets is:4221
78328.08720000014: MET_Broker: Cloudlet #4221 return received
78328.08720000014: MET_Broker: The number of finished Cloudlets is:4222
78338.93120000014: MET_Broker: Cloudlet #4220 return received
78338.93120000014: MET_Broker: The number of finished Cloudlets is:4223
78364.80760000013: MET_Broker: Cloudlet #4225 return received
78364.80760000013: MET_Broker: The number of finished Cloudlets is:4224
78384.28560000013: MET_Broker: Cloudlet #4227 return received
78384.28560000013: MET_Broker: The number of finished Cloudlets is:4225
78398.77760000013: MET_Broker: Cloudlet #4226 return received
78398.77760000013: MET_Broker: The number of finished Cloudlets is:4226
78442.40600000013: MET_Broker: Cloudlet #4228 return received
78442.40600000013: MET_Broker: The number of finished Cloudlets is:4227
78478.28320000014: MET_Broker: Cloudlet #4230 return received
78478.28320000014: MET_Broker: The number of finished Cloudlets is:4228
78525.88480000013: MET_Broker: Cloudlet #4231 return received
78525.88480000013: MET_Broker: The number of finished Cloudlets is:4229
78546.78400000013: MET_Broker: Cloudlet #4223 return received
78546.78400000013: MET_Broker: The number of finished Cloudlets is:4230
78550.95400000013: MET_Broker: Cloudlet #4232 return received
78550.95400000013: MET_Broker: The number of finished Cloudlets is:4231
78567.65240000012: MET_Broker: Cloudlet #4234 return received
78567.65240000012: MET_Broker: The number of finished Cloudlets is:4232
78570.71760000012: MET_Broker: Cloudlet #4224 return received
78570.71760000012: MET_Broker: The number of finished Cloudlets is:4233
78577.69880000011: MET_Broker: Cloudlet #4235 return received
78577.69880000011: MET_Broker: The number of finished Cloudlets is:4234
78581.40000000011: MET_Broker: Cloudlet #4229 return received
78581.40000000011: MET_Broker: The number of finished Cloudlets is:4235
78588.16560000011: MET_Broker: Cloudlet #4236 return received
78588.16560000011: MET_Broker: The number of finished Cloudlets is:4236
78589.08360000011: MET_Broker: Cloudlet #4238 return received
78589.08360000011: MET_Broker: The number of finished Cloudlets is:4237
78623.01000000011: MET_Broker: Cloudlet #4237 return received
78623.01000000011: MET_Broker: The number of finished Cloudlets is:4238
78623.21920000011: MET_Broker: Cloudlet #4233 return received
78623.21920000011: MET_Broker: The number of finished Cloudlets is:4239
78639.56120000011: MET_Broker: Cloudlet #4241 return received
78639.56120000011: MET_Broker: The number of finished Cloudlets is:4240
78658.51400000011: MET_Broker: Cloudlet #4243 return received
78658.51400000011: MET_Broker: The number of finished Cloudlets is:4241
78675.56640000011: MET_Broker: Cloudlet #4239 return received
78675.56640000011: MET_Broker: The number of finished Cloudlets is:4242
78695.30480000011: MET_Broker: Cloudlet #4242 return received
78695.30480000011: MET_Broker: The number of finished Cloudlets is:4243
78714.70280000012: MET_Broker: Cloudlet #4244 return received
78714.70280000012: MET_Broker: The number of finished Cloudlets is:4244
78729.60280000011: MET_Broker: Cloudlet #4247 return received
78729.60280000011: MET_Broker: The number of finished Cloudlets is:4245
78800.83440000011: MET_Broker: Cloudlet #4248 return received
78800.83440000011: MET_Broker: The number of finished Cloudlets is:4246
78813.33960000011: MET_Broker: Cloudlet #4249 return received
78813.33960000011: MET_Broker: The number of finished Cloudlets is:4247
78822.87800000011: MET_Broker: Cloudlet #4246 return received
78822.87800000011: MET_Broker: The number of finished Cloudlets is:4248
78829.85560000011: MET_Broker: Cloudlet #4250 return received
78829.85560000011: MET_Broker: The number of finished Cloudlets is:4249
78850.81760000011: MET_Broker: Cloudlet #4251 return received
78850.81760000011: MET_Broker: The number of finished Cloudlets is:4250
78861.13080000012: MET_Broker: Cloudlet #4253 return received
78861.13080000012: MET_Broker: The number of finished Cloudlets is:4251
78874.49920000012: MET_Broker: Cloudlet #4245 return received
78874.49920000012: MET_Broker: The number of finished Cloudlets is:4252
78882.65560000013: MET_Broker: Cloudlet #4252 return received
78882.65560000013: MET_Broker: The number of finished Cloudlets is:4253
78885.89880000013: MET_Broker: Cloudlet #4254 return received
78885.89880000013: MET_Broker: The number of finished Cloudlets is:4254
78889.98400000013: MET_Broker: Cloudlet #4255 return received
78889.98400000013: MET_Broker: The number of finished Cloudlets is:4255
78893.86960000012: MET_Broker: Cloudlet #4256 return received
78893.86960000012: MET_Broker: The number of finished Cloudlets is:4256
78921.58960000012: MET_Broker: Cloudlet #4257 return received
78921.58960000012: MET_Broker: The number of finished Cloudlets is:4257
78925.41680000012: MET_Broker: Cloudlet #4240 return received
78925.41680000012: MET_Broker: The number of finished Cloudlets is:4258
78934.24720000013: MET_Broker: Cloudlet #4260 return received
78934.24720000013: MET_Broker: The number of finished Cloudlets is:4259
78946.01240000012: MET_Broker: Cloudlet #4259 return received
78946.01240000012: MET_Broker: The number of finished Cloudlets is:4260
78962.54520000012: MET_Broker: Cloudlet #4258 return received
78962.54520000012: MET_Broker: The number of finished Cloudlets is:4261
78979.04760000012: MET_Broker: Cloudlet #4261 return received
78979.04760000012: MET_Broker: The number of finished Cloudlets is:4262
78983.36600000013: MET_Broker: Cloudlet #4263 return received
78983.36600000013: MET_Broker: The number of finished Cloudlets is:4263
78989.16360000013: MET_Broker: Cloudlet #4264 return received
78989.16360000013: MET_Broker: The number of finished Cloudlets is:4264
79030.65840000013: MET_Broker: Cloudlet #4265 return received
79030.65840000013: MET_Broker: The number of finished Cloudlets is:4265
79041.44320000013: MET_Broker: Cloudlet #4267 return received
79041.44320000013: MET_Broker: The number of finished Cloudlets is:4266
79046.64640000013: MET_Broker: Cloudlet #4268 return received
79046.64640000013: MET_Broker: The number of finished Cloudlets is:4267
79059.64040000013: MET_Broker: Cloudlet #4270 return received
79059.64040000013: MET_Broker: The number of finished Cloudlets is:4268
79077.93280000014: MET_Broker: Cloudlet #4271 return received
79077.93280000014: MET_Broker: The number of finished Cloudlets is:4269
79124.63640000013: MET_Broker: Cloudlet #4266 return received
79124.63640000013: MET_Broker: The number of finished Cloudlets is:4270
79132.43680000013: MET_Broker: Cloudlet #4272 return received
79132.43680000013: MET_Broker: The number of finished Cloudlets is:4271
79145.11600000013: MET_Broker: Cloudlet #4273 return received
79145.11600000013: MET_Broker: The number of finished Cloudlets is:4272
79162.07080000013: MET_Broker: Cloudlet #4262 return received
79162.07080000013: MET_Broker: The number of finished Cloudlets is:4273
79162.37960000013: MET_Broker: Cloudlet #4269 return received
79162.37960000013: MET_Broker: The number of finished Cloudlets is:4274
79212.07480000013: MET_Broker: Cloudlet #4276 return received
79212.07480000013: MET_Broker: The number of finished Cloudlets is:4275
79222.83240000013: MET_Broker: Cloudlet #4278 return received
79222.83240000013: MET_Broker: The number of finished Cloudlets is:4276
79227.07880000013: MET_Broker: Cloudlet #4275 return received
79227.07880000013: MET_Broker: The number of finished Cloudlets is:4277
79260.20320000013: MET_Broker: Cloudlet #4277 return received
79260.20320000013: MET_Broker: The number of finished Cloudlets is:4278
79266.28520000013: MET_Broker: Cloudlet #4280 return received
79266.28520000013: MET_Broker: The number of finished Cloudlets is:4279
79271.79080000013: MET_Broker: Cloudlet #4281 return received
79271.79080000013: MET_Broker: The number of finished Cloudlets is:4280
79300.14560000013: MET_Broker: Cloudlet #4282 return received
79300.14560000013: MET_Broker: The number of finished Cloudlets is:4281
79320.04880000014: MET_Broker: Cloudlet #4279 return received
79320.04880000014: MET_Broker: The number of finished Cloudlets is:4282
79338.30920000013: MET_Broker: Cloudlet #4283 return received
79338.30920000013: MET_Broker: The number of finished Cloudlets is:4283
79351.18160000013: MET_Broker: Cloudlet #4286 return received
79351.18160000013: MET_Broker: The number of finished Cloudlets is:4284
79356.92080000012: MET_Broker: Cloudlet #4284 return received
79356.92080000012: MET_Broker: The number of finished Cloudlets is:4285
79365.68680000013: MET_Broker: Cloudlet #4285 return received
79365.68680000013: MET_Broker: The number of finished Cloudlets is:4286
79369.45120000013: MET_Broker: Cloudlet #4287 return received
79369.45120000013: MET_Broker: The number of finished Cloudlets is:4287
79384.22080000013: MET_Broker: Cloudlet #4288 return received
79384.22080000013: MET_Broker: The number of finished Cloudlets is:4288
79397.85600000013: MET_Broker: Cloudlet #4291 return received
79397.85600000013: MET_Broker: The number of finished Cloudlets is:4289
79415.75360000013: MET_Broker: Cloudlet #4289 return received
79415.75360000013: MET_Broker: The number of finished Cloudlets is:4290
79425.73560000013: MET_Broker: Cloudlet #4290 return received
79425.73560000013: MET_Broker: The number of finished Cloudlets is:4291
79450.95640000013: MET_Broker: Cloudlet #4294 return received
79450.95640000013: MET_Broker: The number of finished Cloudlets is:4292
79457.61200000012: MET_Broker: Cloudlet #4274 return received
79457.61200000012: MET_Broker: The number of finished Cloudlets is:4293
79477.53520000013: MET_Broker: Cloudlet #4296 return received
79477.53520000013: MET_Broker: The number of finished Cloudlets is:4294
79487.61360000013: MET_Broker: Cloudlet #4297 return received
79487.61360000013: MET_Broker: The number of finished Cloudlets is:4295
79506.30640000013: MET_Broker: Cloudlet #4298 return received
79506.30640000013: MET_Broker: The number of finished Cloudlets is:4296
79510.47520000013: MET_Broker: Cloudlet #4295 return received
79510.47520000013: MET_Broker: The number of finished Cloudlets is:4297
79523.31080000014: MET_Broker: Cloudlet #4300 return received
79523.31080000014: MET_Broker: The number of finished Cloudlets is:4298
79549.75760000014: MET_Broker: Cloudlet #4292 return received
79549.75760000014: MET_Broker: The number of finished Cloudlets is:4299
79550.73280000014: MET_Broker: Cloudlet #4293 return received
79550.73280000014: MET_Broker: The number of finished Cloudlets is:4300
79584.90120000014: MET_Broker: Cloudlet #4302 return received
79584.90120000014: MET_Broker: The number of finished Cloudlets is:4301
79617.03520000014: MET_Broker: Cloudlet #4304 return received
79617.03520000014: MET_Broker: The number of finished Cloudlets is:4302
79645.78920000014: MET_Broker: Cloudlet #4305 return received
79645.78920000014: MET_Broker: The number of finished Cloudlets is:4303
79672.92640000014: MET_Broker: Cloudlet #4306 return received
79672.92640000014: MET_Broker: The number of finished Cloudlets is:4304
79685.48440000015: MET_Broker: Cloudlet #4301 return received
79685.48440000015: MET_Broker: The number of finished Cloudlets is:4305
79718.79280000014: MET_Broker: Cloudlet #4303 return received
79718.79280000014: MET_Broker: The number of finished Cloudlets is:4306
79722.47640000015: MET_Broker: Cloudlet #4307 return received
79722.47640000015: MET_Broker: The number of finished Cloudlets is:4307
79727.58200000014: MET_Broker: Cloudlet #4309 return received
79727.58200000014: MET_Broker: The number of finished Cloudlets is:4308
79731.86280000013: MET_Broker: Cloudlet #4310 return received
79731.86280000013: MET_Broker: The number of finished Cloudlets is:4309
79738.55120000013: MET_Broker: Cloudlet #4299 return received
79738.55120000013: MET_Broker: The number of finished Cloudlets is:4310
79750.30800000014: MET_Broker: Cloudlet #4313 return received
79750.30800000014: MET_Broker: The number of finished Cloudlets is:4311
79772.51480000014: MET_Broker: Cloudlet #4312 return received
79772.51480000014: MET_Broker: The number of finished Cloudlets is:4312
79803.24320000014: MET_Broker: Cloudlet #4308 return received
79803.24320000014: MET_Broker: The number of finished Cloudlets is:4313
79852.82000000014: MET_Broker: Cloudlet #4314 return received
79852.82000000014: MET_Broker: The number of finished Cloudlets is:4314
79860.13000000014: MET_Broker: Cloudlet #4316 return received
79860.13000000014: MET_Broker: The number of finished Cloudlets is:4315
79867.96000000014: MET_Broker: Cloudlet #4318 return received
79867.96000000014: MET_Broker: The number of finished Cloudlets is:4316
79887.90600000013: MET_Broker: Cloudlet #4315 return received
79887.90600000013: MET_Broker: The number of finished Cloudlets is:4317
79900.27600000013: MET_Broker: Cloudlet #4320 return received
79900.27600000013: MET_Broker: The number of finished Cloudlets is:4318
79901.09520000013: MET_Broker: Cloudlet #4317 return received
79901.09520000013: MET_Broker: The number of finished Cloudlets is:4319
79905.39360000013: MET_Broker: Cloudlet #4319 return received
79905.39360000013: MET_Broker: The number of finished Cloudlets is:4320
79909.13600000013: MET_Broker: Cloudlet #4322 return received
79909.13600000013: MET_Broker: The number of finished Cloudlets is:4321
79914.56560000013: MET_Broker: Cloudlet #4323 return received
79914.56560000013: MET_Broker: The number of finished Cloudlets is:4322
79916.21480000013: MET_Broker: Cloudlet #4321 return received
79916.21480000013: MET_Broker: The number of finished Cloudlets is:4323
79937.87400000013: MET_Broker: Cloudlet #4325 return received
79937.87400000013: MET_Broker: The number of finished Cloudlets is:4324
79955.34320000013: MET_Broker: Cloudlet #4324 return received
79955.34320000013: MET_Broker: The number of finished Cloudlets is:4325
79964.74440000013: MET_Broker: Cloudlet #4311 return received
79964.74440000013: MET_Broker: The number of finished Cloudlets is:4326
79969.32520000012: MET_Broker: Cloudlet #4327 return received
79969.32520000012: MET_Broker: The number of finished Cloudlets is:4327
79976.53080000012: MET_Broker: Cloudlet #4330 return received
79976.53080000012: MET_Broker: The number of finished Cloudlets is:4328
80008.80800000012: MET_Broker: Cloudlet #4331 return received
80008.80800000012: MET_Broker: The number of finished Cloudlets is:4329
80017.80720000013: MET_Broker: Cloudlet #4332 return received
80017.80720000013: MET_Broker: The number of finished Cloudlets is:4330
80026.05120000013: MET_Broker: Cloudlet #4333 return received
80026.05120000013: MET_Broker: The number of finished Cloudlets is:4331
80036.21320000013: MET_Broker: Cloudlet #4326 return received
80036.21320000013: MET_Broker: The number of finished Cloudlets is:4332
80041.72120000013: MET_Broker: Cloudlet #4334 return received
80041.72120000013: MET_Broker: The number of finished Cloudlets is:4333
80045.74440000013: MET_Broker: Cloudlet #4329 return received
80045.74440000013: MET_Broker: The number of finished Cloudlets is:4334
80080.20880000012: MET_Broker: Cloudlet #4335 return received
80080.20880000012: MET_Broker: The number of finished Cloudlets is:4335
80087.00000000013: MET_Broker: Cloudlet #4337 return received
80087.00000000013: MET_Broker: The number of finished Cloudlets is:4336
80087.99080000013: MET_Broker: Cloudlet #4336 return received
80087.99080000013: MET_Broker: The number of finished Cloudlets is:4337
80116.98800000013: MET_Broker: Cloudlet #4328 return received
80116.98800000013: MET_Broker: The number of finished Cloudlets is:4338
80128.09760000012: MET_Broker: Cloudlet #4338 return received
80128.09760000012: MET_Broker: The number of finished Cloudlets is:4339
80135.18160000013: MET_Broker: Cloudlet #4339 return received
80135.18160000013: MET_Broker: The number of finished Cloudlets is:4340
80168.28360000013: MET_Broker: Cloudlet #4341 return received
80168.28360000013: MET_Broker: The number of finished Cloudlets is:4341
80180.99840000013: MET_Broker: Cloudlet #4342 return received
80180.99840000013: MET_Broker: The number of finished Cloudlets is:4342
80189.02240000013: MET_Broker: Cloudlet #4344 return received
80189.02240000013: MET_Broker: The number of finished Cloudlets is:4343
80231.31280000013: MET_Broker: Cloudlet #4346 return received
80231.31280000013: MET_Broker: The number of finished Cloudlets is:4344
80237.10160000013: MET_Broker: Cloudlet #4345 return received
80237.10160000013: MET_Broker: The number of finished Cloudlets is:4345
80256.83960000012: MET_Broker: Cloudlet #4348 return received
80256.83960000012: MET_Broker: The number of finished Cloudlets is:4346
80264.10680000013: MET_Broker: Cloudlet #4343 return received
80264.10680000013: MET_Broker: The number of finished Cloudlets is:4347
80270.09400000013: MET_Broker: Cloudlet #4347 return received
80270.09400000013: MET_Broker: The number of finished Cloudlets is:4348
80283.22960000012: MET_Broker: Cloudlet #4349 return received
80283.22960000012: MET_Broker: The number of finished Cloudlets is:4349
80303.00400000012: MET_Broker: Cloudlet #4350 return received
80303.00400000012: MET_Broker: The number of finished Cloudlets is:4350
80303.95280000012: MET_Broker: Cloudlet #4352 return received
80303.95280000012: MET_Broker: The number of finished Cloudlets is:4351
80325.30080000011: MET_Broker: Cloudlet #4353 return received
80325.30080000011: MET_Broker: The number of finished Cloudlets is:4352
80338.29920000011: MET_Broker: Cloudlet #4355 return received
80338.29920000011: MET_Broker: The number of finished Cloudlets is:4353
80359.85080000012: MET_Broker: Cloudlet #4354 return received
80359.85080000012: MET_Broker: The number of finished Cloudlets is:4354
80373.43040000011: MET_Broker: Cloudlet #4356 return received
80373.43040000011: MET_Broker: The number of finished Cloudlets is:4355
80379.74880000012: MET_Broker: Cloudlet #4351 return received
80379.74880000012: MET_Broker: The number of finished Cloudlets is:4356
80382.30920000012: MET_Broker: Cloudlet #4357 return received
80382.30920000012: MET_Broker: The number of finished Cloudlets is:4357
80385.78760000013: MET_Broker: Cloudlet #4340 return received
80385.78760000013: MET_Broker: The number of finished Cloudlets is:4358
80392.76720000013: MET_Broker: Cloudlet #4359 return received
80392.76720000013: MET_Broker: The number of finished Cloudlets is:4359
80437.51280000013: MET_Broker: Cloudlet #4360 return received
80437.51280000013: MET_Broker: The number of finished Cloudlets is:4360
80473.94680000012: MET_Broker: Cloudlet #4362 return received
80473.94680000012: MET_Broker: The number of finished Cloudlets is:4361
80497.16520000012: MET_Broker: Cloudlet #4358 return received
80497.16520000012: MET_Broker: The number of finished Cloudlets is:4362
80527.97000000012: MET_Broker: Cloudlet #4365 return received
80527.97000000012: MET_Broker: The number of finished Cloudlets is:4363
80560.68040000011: MET_Broker: Cloudlet #4366 return received
80560.68040000011: MET_Broker: The number of finished Cloudlets is:4364
80579.93280000011: MET_Broker: Cloudlet #4367 return received
80579.93280000011: MET_Broker: The number of finished Cloudlets is:4365
80586.27960000011: MET_Broker: Cloudlet #4364 return received
80586.27960000011: MET_Broker: The number of finished Cloudlets is:4366
80595.1980000001: MET_Broker: Cloudlet #4369 return received
80595.1980000001: MET_Broker: The number of finished Cloudlets is:4367
80632.8284000001: MET_Broker: Cloudlet #4361 return received
80632.8284000001: MET_Broker: The number of finished Cloudlets is:4368
80667.07120000011: MET_Broker: Cloudlet #4368 return received
80667.07120000011: MET_Broker: The number of finished Cloudlets is:4369
80671.68440000011: MET_Broker: Cloudlet #4371 return received
80671.68440000011: MET_Broker: The number of finished Cloudlets is:4370
80676.06000000011: MET_Broker: Cloudlet #4372 return received
80676.06000000011: MET_Broker: The number of finished Cloudlets is:4371
80699.23040000012: MET_Broker: Cloudlet #4374 return received
80699.23040000012: MET_Broker: The number of finished Cloudlets is:4372
80772.42640000011: MET_Broker: Cloudlet #4363 return received
80772.42640000011: MET_Broker: The number of finished Cloudlets is:4373
80816.99320000011: MET_Broker: Cloudlet #4370 return received
80816.99320000011: MET_Broker: The number of finished Cloudlets is:4374
80823.57400000011: MET_Broker: Cloudlet #4373 return received
80823.57400000011: MET_Broker: The number of finished Cloudlets is:4375
80828.33240000012: MET_Broker: Cloudlet #4376 return received
80828.33240000012: MET_Broker: The number of finished Cloudlets is:4376
80840.71840000011: MET_Broker: Cloudlet #4378 return received
80840.71840000011: MET_Broker: The number of finished Cloudlets is:4377
80868.95000000011: MET_Broker: Cloudlet #4379 return received
80868.95000000011: MET_Broker: The number of finished Cloudlets is:4378
80896.12200000012: MET_Broker: Cloudlet #4377 return received
80896.12200000012: MET_Broker: The number of finished Cloudlets is:4379
80953.88720000011: MET_Broker: Cloudlet #4382 return received
80953.88720000011: MET_Broker: The number of finished Cloudlets is:4380
81049.56880000011: MET_Broker: Cloudlet #4375 return received
81049.56880000011: MET_Broker: The number of finished Cloudlets is:4381
81099.2528000001: MET_Broker: Cloudlet #4380 return received
81099.2528000001: MET_Broker: The number of finished Cloudlets is:4382
81146.0732000001: MET_Broker: Cloudlet #4383 return received
81146.0732000001: MET_Broker: The number of finished Cloudlets is:4383
81162.9232000001: MET_Broker: Cloudlet #4381 return received
81162.9232000001: MET_Broker: The number of finished Cloudlets is:4384
81174.8092000001: MET_Broker: Cloudlet #4387 return received
81174.8092000001: MET_Broker: The number of finished Cloudlets is:4385
81189.2528000001: MET_Broker: Cloudlet #4388 return received
81189.2528000001: MET_Broker: The number of finished Cloudlets is:4386
81238.4348000001: MET_Broker: Cloudlet #4384 return received
81238.4348000001: MET_Broker: The number of finished Cloudlets is:4387
81245.8772000001: MET_Broker: Cloudlet #4385 return received
81245.8772000001: MET_Broker: The number of finished Cloudlets is:4388
81271.40920000011: MET_Broker: Cloudlet #4390 return received
81271.40920000011: MET_Broker: The number of finished Cloudlets is:4389
81280.48120000011: MET_Broker: Cloudlet #4386 return received
81280.48120000011: MET_Broker: The number of finished Cloudlets is:4390
81314.83240000012: MET_Broker: Cloudlet #4389 return received
81314.83240000012: MET_Broker: The number of finished Cloudlets is:4391
81335.97760000011: MET_Broker: Cloudlet #4393 return received
81335.97760000011: MET_Broker: The number of finished Cloudlets is:4392
81342.18240000012: MET_Broker: Cloudlet #4395 return received
81342.18240000012: MET_Broker: The number of finished Cloudlets is:4393
81353.88920000012: MET_Broker: Cloudlet #4396 return received
81353.88920000012: MET_Broker: The number of finished Cloudlets is:4394
81358.70520000013: MET_Broker: Cloudlet #4394 return received
81358.70520000013: MET_Broker: The number of finished Cloudlets is:4395
81409.93480000013: MET_Broker: Cloudlet #4391 return received
81409.93480000013: MET_Broker: The number of finished Cloudlets is:4396
81416.34840000013: MET_Broker: Cloudlet #4399 return received
81416.34840000013: MET_Broker: The number of finished Cloudlets is:4397
81433.97120000013: MET_Broker: Cloudlet #4400 return received
81433.97120000013: MET_Broker: The number of finished Cloudlets is:4398
81444.68200000013: MET_Broker: Cloudlet #4392 return received
81444.68200000013: MET_Broker: The number of finished Cloudlets is:4399
81488.95680000013: MET_Broker: Cloudlet #4402 return received
81488.95680000013: MET_Broker: The number of finished Cloudlets is:4400
81524.26280000013: MET_Broker: Cloudlet #4398 return received
81524.26280000013: MET_Broker: The number of finished Cloudlets is:4401
81534.34200000012: MET_Broker: Cloudlet #4403 return received
81534.34200000012: MET_Broker: The number of finished Cloudlets is:4402
81549.89880000013: MET_Broker: Cloudlet #4404 return received
81549.89880000013: MET_Broker: The number of finished Cloudlets is:4403
81563.21640000012: MET_Broker: Cloudlet #4405 return received
81563.21640000012: MET_Broker: The number of finished Cloudlets is:4404
81573.21920000012: MET_Broker: Cloudlet #4406 return received
81573.21920000012: MET_Broker: The number of finished Cloudlets is:4405
81582.10720000013: MET_Broker: Cloudlet #4407 return received
81582.10720000013: MET_Broker: The number of finished Cloudlets is:4406
81583.62640000012: MET_Broker: Cloudlet #4408 return received
81583.62640000012: MET_Broker: The number of finished Cloudlets is:4407
81588.80480000013: MET_Broker: Cloudlet #4401 return received
81588.80480000013: MET_Broker: The number of finished Cloudlets is:4408
81598.34080000012: MET_Broker: Cloudlet #4410 return received
81598.34080000012: MET_Broker: The number of finished Cloudlets is:4409
81606.35120000012: MET_Broker: Cloudlet #4411 return received
81606.35120000012: MET_Broker: The number of finished Cloudlets is:4410
81636.09640000013: MET_Broker: Cloudlet #4409 return received
81636.09640000013: MET_Broker: The number of finished Cloudlets is:4411
81643.75400000013: MET_Broker: Cloudlet #4397 return received
81643.75400000013: MET_Broker: The number of finished Cloudlets is:4412
81646.45600000014: MET_Broker: Cloudlet #4414 return received
81646.45600000014: MET_Broker: The number of finished Cloudlets is:4413
81654.85080000013: MET_Broker: Cloudlet #4415 return received
81654.85080000013: MET_Broker: The number of finished Cloudlets is:4414
81661.56120000013: MET_Broker: Cloudlet #4417 return received
81661.56120000013: MET_Broker: The number of finished Cloudlets is:4415
81680.54960000013: MET_Broker: Cloudlet #4418 return received
81680.54960000013: MET_Broker: The number of finished Cloudlets is:4416
81686.61680000013: MET_Broker: Cloudlet #4419 return received
81686.61680000013: MET_Broker: The number of finished Cloudlets is:4417
81687.59360000014: MET_Broker: Cloudlet #4413 return received
81687.59360000014: MET_Broker: The number of finished Cloudlets is:4418
81707.39240000014: MET_Broker: Cloudlet #4421 return received
81707.39240000014: MET_Broker: The number of finished Cloudlets is:4419
81711.60720000014: MET_Broker: Cloudlet #4420 return received
81711.60720000014: MET_Broker: The number of finished Cloudlets is:4420
81733.96320000014: MET_Broker: Cloudlet #4422 return received
81733.96320000014: MET_Broker: The number of finished Cloudlets is:4421
81742.13000000015: MET_Broker: Cloudlet #4416 return received
81742.13000000015: MET_Broker: The number of finished Cloudlets is:4422
81742.93880000015: MET_Broker: Cloudlet #4412 return received
81742.93880000015: MET_Broker: The number of finished Cloudlets is:4423
81758.66440000015: MET_Broker: Cloudlet #4426 return received
81758.66440000015: MET_Broker: The number of finished Cloudlets is:4424
81769.31480000015: MET_Broker: Cloudlet #4425 return received
81769.31480000015: MET_Broker: The number of finished Cloudlets is:4425
81775.76800000016: MET_Broker: Cloudlet #4427 return received
81775.76800000016: MET_Broker: The number of finished Cloudlets is:4426
81777.15680000016: MET_Broker: Cloudlet #4424 return received
81777.15680000016: MET_Broker: The number of finished Cloudlets is:4427
81795.09760000015: MET_Broker: Cloudlet #4429 return received
81795.09760000015: MET_Broker: The number of finished Cloudlets is:4428
81829.45560000015: MET_Broker: Cloudlet #4430 return received
81829.45560000015: MET_Broker: The number of finished Cloudlets is:4429
81919.49200000014: MET_Broker: Cloudlet #4432 return received
81919.49200000014: MET_Broker: The number of finished Cloudlets is:4430
81950.75360000014: MET_Broker: Cloudlet #4433 return received
81950.75360000014: MET_Broker: The number of finished Cloudlets is:4431
81959.72280000015: MET_Broker: Cloudlet #4431 return received
81959.72280000015: MET_Broker: The number of finished Cloudlets is:4432
82001.52520000015: MET_Broker: Cloudlet #4435 return received
82001.52520000015: MET_Broker: The number of finished Cloudlets is:4433
82002.22520000015: MET_Broker: Cloudlet #4428 return received
82002.22520000015: MET_Broker: The number of finished Cloudlets is:4434
82030.20360000015: MET_Broker: Cloudlet #4436 return received
82030.20360000015: MET_Broker: The number of finished Cloudlets is:4435
82035.93840000016: MET_Broker: Cloudlet #4437 return received
82035.93840000016: MET_Broker: The number of finished Cloudlets is:4436
82060.89840000017: MET_Broker: Cloudlet #4423 return received
82060.89840000017: MET_Broker: The number of finished Cloudlets is:4437
82069.17240000017: MET_Broker: Cloudlet #4439 return received
82069.17240000017: MET_Broker: The number of finished Cloudlets is:4438
82071.88640000018: MET_Broker: Cloudlet #4438 return received
82071.88640000018: MET_Broker: The number of finished Cloudlets is:4439
82094.76200000018: MET_Broker: Cloudlet #4434 return received
82094.76200000018: MET_Broker: The number of finished Cloudlets is:4440
82103.92360000018: MET_Broker: Cloudlet #4441 return received
82103.92360000018: MET_Broker: The number of finished Cloudlets is:4441
82106.47640000019: MET_Broker: Cloudlet #4440 return received
82106.47640000019: MET_Broker: The number of finished Cloudlets is:4442
82112.57200000019: MET_Broker: Cloudlet #4443 return received
82112.57200000019: MET_Broker: The number of finished Cloudlets is:4443
82112.8080000002: MET_Broker: Cloudlet #4445 return received
82112.8080000002: MET_Broker: The number of finished Cloudlets is:4444
82116.5136000002: MET_Broker: Cloudlet #4444 return received
82116.5136000002: MET_Broker: The number of finished Cloudlets is:4445
82125.0688000002: MET_Broker: Cloudlet #4442 return received
82125.0688000002: MET_Broker: The number of finished Cloudlets is:4446
82131.5464000002: MET_Broker: Cloudlet #4449 return received
82131.5464000002: MET_Broker: The number of finished Cloudlets is:4447
82146.59440000019: MET_Broker: Cloudlet #4447 return received
82146.59440000019: MET_Broker: The number of finished Cloudlets is:4448
82147.40800000018: MET_Broker: Cloudlet #4450 return received
82147.40800000018: MET_Broker: The number of finished Cloudlets is:4449
82150.61280000019: MET_Broker: Cloudlet #4448 return received
82150.61280000019: MET_Broker: The number of finished Cloudlets is:4450
82152.70640000018: MET_Broker: Cloudlet #4446 return received
82152.70640000018: MET_Broker: The number of finished Cloudlets is:4451
82168.22840000018: MET_Broker: Cloudlet #4452 return received
82168.22840000018: MET_Broker: The number of finished Cloudlets is:4452
82203.78840000018: MET_Broker: Cloudlet #4453 return received
82203.78840000018: MET_Broker: The number of finished Cloudlets is:4453
82253.92440000018: MET_Broker: Cloudlet #4455 return received
82253.92440000018: MET_Broker: The number of finished Cloudlets is:4454
82290.25160000018: MET_Broker: Cloudlet #4456 return received
82290.25160000018: MET_Broker: The number of finished Cloudlets is:4455
82330.65480000018: MET_Broker: Cloudlet #4458 return received
82330.65480000018: MET_Broker: The number of finished Cloudlets is:4456
82342.73760000018: MET_Broker: Cloudlet #4451 return received
82342.73760000018: MET_Broker: The number of finished Cloudlets is:4457
82358.55840000018: MET_Broker: Cloudlet #4459 return received
82358.55840000018: MET_Broker: The number of finished Cloudlets is:4458
82366.75680000018: MET_Broker: Cloudlet #4461 return received
82366.75680000018: MET_Broker: The number of finished Cloudlets is:4459
82384.97440000018: MET_Broker: Cloudlet #4460 return received
82384.97440000018: MET_Broker: The number of finished Cloudlets is:4460
82396.08640000017: MET_Broker: Cloudlet #4454 return received
82396.08640000017: MET_Broker: The number of finished Cloudlets is:4461
82417.34760000017: MET_Broker: Cloudlet #4463 return received
82417.34760000017: MET_Broker: The number of finished Cloudlets is:4462
82424.80760000017: MET_Broker: Cloudlet #4464 return received
82424.80760000017: MET_Broker: The number of finished Cloudlets is:4463
82427.33120000018: MET_Broker: Cloudlet #4462 return received
82427.33120000018: MET_Broker: The number of finished Cloudlets is:4464
82433.69080000017: MET_Broker: Cloudlet #4465 return received
82433.69080000017: MET_Broker: The number of finished Cloudlets is:4465
82442.19360000017: MET_Broker: Cloudlet #4467 return received
82442.19360000017: MET_Broker: The number of finished Cloudlets is:4466
82458.55400000018: MET_Broker: Cloudlet #4466 return received
82458.55400000018: MET_Broker: The number of finished Cloudlets is:4467
82473.40720000018: MET_Broker: Cloudlet #4468 return received
82473.40720000018: MET_Broker: The number of finished Cloudlets is:4468
82486.95000000017: MET_Broker: Cloudlet #4470 return received
82486.95000000017: MET_Broker: The number of finished Cloudlets is:4469
82507.43600000018: MET_Broker: Cloudlet #4472 return received
82507.43600000018: MET_Broker: The number of finished Cloudlets is:4470
82514.64360000017: MET_Broker: Cloudlet #4471 return received
82514.64360000017: MET_Broker: The number of finished Cloudlets is:4471
82545.20040000018: MET_Broker: Cloudlet #4457 return received
82545.20040000018: MET_Broker: The number of finished Cloudlets is:4472
82545.99160000018: MET_Broker: Cloudlet #4473 return received
82545.99160000018: MET_Broker: The number of finished Cloudlets is:4473
82626.18880000018: MET_Broker: Cloudlet #4474 return received
82626.18880000018: MET_Broker: The number of finished Cloudlets is:4474
82658.02080000017: MET_Broker: Cloudlet #4477 return received
82658.02080000017: MET_Broker: The number of finished Cloudlets is:4475
82664.79400000017: MET_Broker: Cloudlet #4469 return received
82664.79400000017: MET_Broker: The number of finished Cloudlets is:4476
82681.47880000017: MET_Broker: Cloudlet #4479 return received
82681.47880000017: MET_Broker: The number of finished Cloudlets is:4477
82701.18200000018: MET_Broker: Cloudlet #4480 return received
82701.18200000018: MET_Broker: The number of finished Cloudlets is:4478
82705.99080000017: MET_Broker: Cloudlet #4478 return received
82705.99080000017: MET_Broker: The number of finished Cloudlets is:4479
82710.36480000017: MET_Broker: Cloudlet #4481 return received
82710.36480000017: MET_Broker: The number of finished Cloudlets is:4480
82725.91240000018: MET_Broker: Cloudlet #4483 return received
82725.91240000018: MET_Broker: The number of finished Cloudlets is:4481
82726.47800000018: MET_Broker: Cloudlet #4482 return received
82726.47800000018: MET_Broker: The number of finished Cloudlets is:4482
82761.14080000018: MET_Broker: Cloudlet #4484 return received
82761.14080000018: MET_Broker: The number of finished Cloudlets is:4483
82766.42600000018: MET_Broker: Cloudlet #4476 return received
82766.42600000018: MET_Broker: The number of finished Cloudlets is:4484
82771.61240000019: MET_Broker: Cloudlet #4485 return received
82771.61240000019: MET_Broker: The number of finished Cloudlets is:4485
82852.0632000002: MET_Broker: Cloudlet #4486 return received
82852.0632000002: MET_Broker: The number of finished Cloudlets is:4486
82894.0032000002: MET_Broker: Cloudlet #4475 return received
82894.0032000002: MET_Broker: The number of finished Cloudlets is:4487
82894.7612000002: MET_Broker: Cloudlet #4488 return received
82894.7612000002: MET_Broker: The number of finished Cloudlets is:4488
82902.8332000002: MET_Broker: Cloudlet #4490 return received
82902.8332000002: MET_Broker: The number of finished Cloudlets is:4489
82950.2984000002: MET_Broker: Cloudlet #4492 return received
82950.2984000002: MET_Broker: The number of finished Cloudlets is:4490
82962.4788000002: MET_Broker: Cloudlet #4493 return received
82962.4788000002: MET_Broker: The number of finished Cloudlets is:4491
82976.4640000002: MET_Broker: Cloudlet #4489 return received
82976.4640000002: MET_Broker: The number of finished Cloudlets is:4492
82991.1968000002: MET_Broker: Cloudlet #4491 return received
82991.1968000002: MET_Broker: The number of finished Cloudlets is:4493
83000.85200000019: MET_Broker: Cloudlet #4487 return received
83000.85200000019: MET_Broker: The number of finished Cloudlets is:4494
83009.07880000019: MET_Broker: Cloudlet #4497 return received
83009.07880000019: MET_Broker: The number of finished Cloudlets is:4495
83047.5632000002: MET_Broker: Cloudlet #4498 return received
83047.5632000002: MET_Broker: The number of finished Cloudlets is:4496
83052.0252000002: MET_Broker: Cloudlet #4495 return received
83052.0252000002: MET_Broker: The number of finished Cloudlets is:4497
83099.55880000019: MET_Broker: Cloudlet #4499 return received
83099.55880000019: MET_Broker: The number of finished Cloudlets is:4498
83126.88760000019: MET_Broker: Cloudlet #4501 return received
83126.88760000019: MET_Broker: The number of finished Cloudlets is:4499
83160.88840000019: MET_Broker: Cloudlet #4500 return received
83160.88840000019: MET_Broker: The number of finished Cloudlets is:4500
83166.15760000018: MET_Broker: Cloudlet #4502 return received
83166.15760000018: MET_Broker: The number of finished Cloudlets is:4501
83172.77840000018: MET_Broker: Cloudlet #4503 return received
83172.77840000018: MET_Broker: The number of finished Cloudlets is:4502
83187.26560000019: MET_Broker: Cloudlet #4505 return received
83187.26560000019: MET_Broker: The number of finished Cloudlets is:4503
83199.49480000019: MET_Broker: Cloudlet #4506 return received
83199.49480000019: MET_Broker: The number of finished Cloudlets is:4504
83220.4600000002: MET_Broker: Cloudlet #4504 return received
83220.4600000002: MET_Broker: The number of finished Cloudlets is:4505
83268.8328000002: MET_Broker: Cloudlet #4508 return received
83268.8328000002: MET_Broker: The number of finished Cloudlets is:4506
83271.9472000002: MET_Broker: Cloudlet #4494 return received
83271.9472000002: MET_Broker: The number of finished Cloudlets is:4507
83272.2832000002: MET_Broker: Cloudlet #4507 return received
83272.2832000002: MET_Broker: The number of finished Cloudlets is:4508
83305.7024000002: MET_Broker: Cloudlet #4510 return received
83305.7024000002: MET_Broker: The number of finished Cloudlets is:4509
83311.1072000002: MET_Broker: Cloudlet #4511 return received
83311.1072000002: MET_Broker: The number of finished Cloudlets is:4510
83327.0152000002: MET_Broker: Cloudlet #4496 return received
83327.0152000002: MET_Broker: The number of finished Cloudlets is:4511
83334.97400000019: MET_Broker: Cloudlet #4513 return received
83334.97400000019: MET_Broker: The number of finished Cloudlets is:4512
83362.48120000018: MET_Broker: Cloudlet #4512 return received
83362.48120000018: MET_Broker: The number of finished Cloudlets is:4513
83377.10480000019: MET_Broker: Cloudlet #4514 return received
83377.10480000019: MET_Broker: The number of finished Cloudlets is:4514
83415.80880000019: MET_Broker: Cloudlet #4516 return received
83415.80880000019: MET_Broker: The number of finished Cloudlets is:4515
83417.4808000002: MET_Broker: Cloudlet #4517 return received
83417.4808000002: MET_Broker: The number of finished Cloudlets is:4516
83452.5412000002: MET_Broker: Cloudlet #4518 return received
83452.5412000002: MET_Broker: The number of finished Cloudlets is:4517
83460.2216000002: MET_Broker: Cloudlet #4515 return received
83460.2216000002: MET_Broker: The number of finished Cloudlets is:4518
83488.84560000019: MET_Broker: Cloudlet #4520 return received
83488.84560000019: MET_Broker: The number of finished Cloudlets is:4519
83506.12320000019: MET_Broker: Cloudlet #4509 return received
83506.12320000019: MET_Broker: The number of finished Cloudlets is:4520
83506.81960000019: MET_Broker: Cloudlet #4521 return received
83506.81960000019: MET_Broker: The number of finished Cloudlets is:4521
83518.6080000002: MET_Broker: Cloudlet #4522 return received
83518.6080000002: MET_Broker: The number of finished Cloudlets is:4522
83540.5724000002: MET_Broker: Cloudlet #4525 return received
83540.5724000002: MET_Broker: The number of finished Cloudlets is:4523
83563.2784000002: MET_Broker: Cloudlet #4524 return received
83563.2784000002: MET_Broker: The number of finished Cloudlets is:4524
83595.0344000002: MET_Broker: Cloudlet #4526 return received
83595.0344000002: MET_Broker: The number of finished Cloudlets is:4525
83611.6196000002: MET_Broker: Cloudlet #4527 return received
83611.6196000002: MET_Broker: The number of finished Cloudlets is:4526
83614.3740000002: MET_Broker: Cloudlet #4528 return received
83614.3740000002: MET_Broker: The number of finished Cloudlets is:4527
83645.3988000002: MET_Broker: Cloudlet #4529 return received
83645.3988000002: MET_Broker: The number of finished Cloudlets is:4528
83654.2728000002: MET_Broker: Cloudlet #4531 return received
83654.2728000002: MET_Broker: The number of finished Cloudlets is:4529
83668.77360000019: MET_Broker: Cloudlet #4532 return received
83668.77360000019: MET_Broker: The number of finished Cloudlets is:4530
83684.61520000019: MET_Broker: Cloudlet #4523 return received
83684.61520000019: MET_Broker: The number of finished Cloudlets is:4531
83711.34840000019: MET_Broker: Cloudlet #4533 return received
83711.34840000019: MET_Broker: The number of finished Cloudlets is:4532
83734.20800000019: MET_Broker: Cloudlet #4519 return received
83734.20800000019: MET_Broker: The number of finished Cloudlets is:4533
83752.4848000002: MET_Broker: Cloudlet #4536 return received
83752.4848000002: MET_Broker: The number of finished Cloudlets is:4534
83782.6056000002: MET_Broker: Cloudlet #4535 return received
83782.6056000002: MET_Broker: The number of finished Cloudlets is:4535
83795.7564000002: MET_Broker: Cloudlet #4538 return received
83795.7564000002: MET_Broker: The number of finished Cloudlets is:4536
83844.8568000002: MET_Broker: Cloudlet #4534 return received
83844.8568000002: MET_Broker: The number of finished Cloudlets is:4537
83851.85880000019: MET_Broker: Cloudlet #4539 return received
83851.85880000019: MET_Broker: The number of finished Cloudlets is:4538
83879.17520000019: MET_Broker: Cloudlet #4537 return received
83879.17520000019: MET_Broker: The number of finished Cloudlets is:4539
83881.03400000019: MET_Broker: Cloudlet #4530 return received
83881.03400000019: MET_Broker: The number of finished Cloudlets is:4540
83893.03920000019: MET_Broker: Cloudlet #4542 return received
83893.03920000019: MET_Broker: The number of finished Cloudlets is:4541
83898.0620000002: MET_Broker: Cloudlet #4540 return received
83898.0620000002: MET_Broker: The number of finished Cloudlets is:4542
83947.7832000002: MET_Broker: Cloudlet #4545 return received
83947.7832000002: MET_Broker: The number of finished Cloudlets is:4543
83961.9656000002: MET_Broker: Cloudlet #4543 return received
83961.9656000002: MET_Broker: The number of finished Cloudlets is:4544
83978.4420000002: MET_Broker: Cloudlet #4547 return received
83978.4420000002: MET_Broker: The number of finished Cloudlets is:4545
84008.6484000002: MET_Broker: Cloudlet #4546 return received
84008.6484000002: MET_Broker: The number of finished Cloudlets is:4546
84011.38600000019: MET_Broker: Cloudlet #4541 return received
84011.38600000019: MET_Broker: The number of finished Cloudlets is:4547
84014.81080000018: MET_Broker: Cloudlet #4544 return received
84014.81080000018: MET_Broker: The number of finished Cloudlets is:4548
84043.24520000018: MET_Broker: Cloudlet #4550 return received
84043.24520000018: MET_Broker: The number of finished Cloudlets is:4549
84049.86280000018: MET_Broker: Cloudlet #4551 return received
84049.86280000018: MET_Broker: The number of finished Cloudlets is:4550
84066.31160000018: MET_Broker: Cloudlet #4549 return received
84066.31160000018: MET_Broker: The number of finished Cloudlets is:4551
84069.65280000017: MET_Broker: Cloudlet #4553 return received
84069.65280000017: MET_Broker: The number of finished Cloudlets is:4552
84097.50960000016: MET_Broker: Cloudlet #4555 return received
84097.50960000016: MET_Broker: The number of finished Cloudlets is:4553
84165.90640000017: MET_Broker: Cloudlet #4552 return received
84165.90640000017: MET_Broker: The number of finished Cloudlets is:4554
84208.65720000016: MET_Broker: Cloudlet #4548 return received
84208.65720000016: MET_Broker: The number of finished Cloudlets is:4555
84213.22680000016: MET_Broker: Cloudlet #4554 return received
84213.22680000016: MET_Broker: The number of finished Cloudlets is:4556
84222.49440000017: MET_Broker: Cloudlet #4557 return received
84222.49440000017: MET_Broker: The number of finished Cloudlets is:4557
84232.66760000018: MET_Broker: Cloudlet #4560 return received
84232.66760000018: MET_Broker: The number of finished Cloudlets is:4558
84237.40600000018: MET_Broker: Cloudlet #4558 return received
84237.40600000018: MET_Broker: The number of finished Cloudlets is:4559
84243.67960000018: MET_Broker: Cloudlet #4556 return received
84243.67960000018: MET_Broker: The number of finished Cloudlets is:4560
84382.00560000018: MET_Broker: Cloudlet #4561 return received
84382.00560000018: MET_Broker: The number of finished Cloudlets is:4561
84384.01000000018: MET_Broker: Cloudlet #4563 return received
84384.01000000018: MET_Broker: The number of finished Cloudlets is:4562
84399.15960000019: MET_Broker: Cloudlet #4564 return received
84399.15960000019: MET_Broker: The number of finished Cloudlets is:4563
84402.64120000019: MET_Broker: Cloudlet #4565 return received
84402.64120000019: MET_Broker: The number of finished Cloudlets is:4564
84422.00920000019: MET_Broker: Cloudlet #4567 return received
84422.00920000019: MET_Broker: The number of finished Cloudlets is:4565
84446.5108000002: MET_Broker: Cloudlet #4568 return received
84446.5108000002: MET_Broker: The number of finished Cloudlets is:4566
84467.46960000019: MET_Broker: Cloudlet #4559 return received
84467.46960000019: MET_Broker: The number of finished Cloudlets is:4567
84480.84800000019: MET_Broker: Cloudlet #4569 return received
84480.84800000019: MET_Broker: The number of finished Cloudlets is:4568
84493.64400000019: MET_Broker: Cloudlet #4570 return received
84493.64400000019: MET_Broker: The number of finished Cloudlets is:4569
84501.2768000002: MET_Broker: Cloudlet #4571 return received
84501.2768000002: MET_Broker: The number of finished Cloudlets is:4570
84528.64920000019: MET_Broker: Cloudlet #4573 return received
84528.64920000019: MET_Broker: The number of finished Cloudlets is:4571
84550.30480000019: MET_Broker: Cloudlet #4574 return received
84550.30480000019: MET_Broker: The number of finished Cloudlets is:4572
84595.24960000018: MET_Broker: Cloudlet #4562 return received
84595.24960000018: MET_Broker: The number of finished Cloudlets is:4573
84607.71760000018: MET_Broker: Cloudlet #4575 return received
84607.71760000018: MET_Broker: The number of finished Cloudlets is:4574
84616.94760000017: MET_Broker: Cloudlet #4576 return received
84616.94760000017: MET_Broker: The number of finished Cloudlets is:4575
84646.96720000017: MET_Broker: Cloudlet #4578 return received
84646.96720000017: MET_Broker: The number of finished Cloudlets is:4576
84654.74120000018: MET_Broker: Cloudlet #4579 return received
84654.74120000018: MET_Broker: The number of finished Cloudlets is:4577
84701.08800000018: MET_Broker: Cloudlet #4580 return received
84701.08800000018: MET_Broker: The number of finished Cloudlets is:4578
84742.92920000017: MET_Broker: Cloudlet #4581 return received
84742.92920000017: MET_Broker: The number of finished Cloudlets is:4579
84752.31360000017: MET_Broker: Cloudlet #4577 return received
84752.31360000017: MET_Broker: The number of finished Cloudlets is:4580
84756.48520000017: MET_Broker: Cloudlet #4566 return received
84756.48520000017: MET_Broker: The number of finished Cloudlets is:4581
84787.08440000017: MET_Broker: Cloudlet #4572 return received
84787.08440000017: MET_Broker: The number of finished Cloudlets is:4582
84792.18440000017: MET_Broker: Cloudlet #4582 return received
84792.18440000017: MET_Broker: The number of finished Cloudlets is:4583
84800.21720000017: MET_Broker: Cloudlet #4583 return received
84800.21720000017: MET_Broker: The number of finished Cloudlets is:4584
84804.84400000017: MET_Broker: Cloudlet #4585 return received
84804.84400000017: MET_Broker: The number of finished Cloudlets is:4585
84811.22560000017: MET_Broker: Cloudlet #4587 return received
84811.22560000017: MET_Broker: The number of finished Cloudlets is:4586
84840.59560000016: MET_Broker: Cloudlet #4588 return received
84840.59560000016: MET_Broker: The number of finished Cloudlets is:4587
84847.13920000017: MET_Broker: Cloudlet #4590 return received
84847.13920000017: MET_Broker: The number of finished Cloudlets is:4588
84853.36720000017: MET_Broker: Cloudlet #4589 return received
84853.36720000017: MET_Broker: The number of finished Cloudlets is:4589
84868.89960000016: MET_Broker: Cloudlet #4591 return received
84868.89960000016: MET_Broker: The number of finished Cloudlets is:4590
84875.52520000016: MET_Broker: Cloudlet #4584 return received
84875.52520000016: MET_Broker: The number of finished Cloudlets is:4591
84888.97080000017: MET_Broker: Cloudlet #4592 return received
84888.97080000017: MET_Broker: The number of finished Cloudlets is:4592
84894.61200000017: MET_Broker: Cloudlet #4594 return received
84894.61200000017: MET_Broker: The number of finished Cloudlets is:4593
84973.33960000017: MET_Broker: Cloudlet #4596 return received
84973.33960000017: MET_Broker: The number of finished Cloudlets is:4594
84973.66160000017: MET_Broker: Cloudlet #4595 return received
84973.66160000017: MET_Broker: The number of finished Cloudlets is:4595
85020.22280000016: MET_Broker: Cloudlet #4598 return received
85020.22280000016: MET_Broker: The number of finished Cloudlets is:4596
85049.62160000016: MET_Broker: Cloudlet #4599 return received
85049.62160000016: MET_Broker: The number of finished Cloudlets is:4597
85088.79920000015: MET_Broker: Cloudlet #4600 return received
85088.79920000015: MET_Broker: The number of finished Cloudlets is:4598
85096.71840000016: MET_Broker: Cloudlet #4586 return received
85096.71840000016: MET_Broker: The number of finished Cloudlets is:4599
85132.57800000015: MET_Broker: Cloudlet #4601 return received
85132.57800000015: MET_Broker: The number of finished Cloudlets is:4600
85144.83120000016: MET_Broker: Cloudlet #4603 return received
85144.83120000016: MET_Broker: The number of finished Cloudlets is:4601
85144.96560000016: MET_Broker: Cloudlet #4602 return received
85144.96560000016: MET_Broker: The number of finished Cloudlets is:4602
85148.87960000016: MET_Broker: Cloudlet #4593 return received
85148.87960000016: MET_Broker: The number of finished Cloudlets is:4603
85151.17760000016: MET_Broker: Cloudlet #4605 return received
85151.17760000016: MET_Broker: The number of finished Cloudlets is:4604
85157.23400000016: MET_Broker: Cloudlet #4607 return received
85157.23400000016: MET_Broker: The number of finished Cloudlets is:4605
85194.93240000015: MET_Broker: Cloudlet #4604 return received
85194.93240000015: MET_Broker: The number of finished Cloudlets is:4606
85254.58480000016: MET_Broker: Cloudlet #4597 return received
85254.58480000016: MET_Broker: The number of finished Cloudlets is:4607
85288.69640000016: MET_Broker: Cloudlet #4608 return received
85288.69640000016: MET_Broker: The number of finished Cloudlets is:4608
85291.74960000016: MET_Broker: Cloudlet #4609 return received
85291.74960000016: MET_Broker: The number of finished Cloudlets is:4609
85302.36560000015: MET_Broker: Cloudlet #4606 return received
85302.36560000015: MET_Broker: The number of finished Cloudlets is:4610
85305.71760000015: MET_Broker: Cloudlet #4610 return received
85305.71760000015: MET_Broker: The number of finished Cloudlets is:4611
85330.34760000015: MET_Broker: Cloudlet #4611 return received
85330.34760000015: MET_Broker: The number of finished Cloudlets is:4612
85354.19240000016: MET_Broker: Cloudlet #4614 return received
85354.19240000016: MET_Broker: The number of finished Cloudlets is:4613
85369.72400000016: MET_Broker: Cloudlet #4612 return received
85369.72400000016: MET_Broker: The number of finished Cloudlets is:4614
85409.66720000016: MET_Broker: Cloudlet #4616 return received
85409.66720000016: MET_Broker: The number of finished Cloudlets is:4615
85426.81040000016: MET_Broker: Cloudlet #4615 return received
85426.81040000016: MET_Broker: The number of finished Cloudlets is:4616
85473.28080000017: MET_Broker: Cloudlet #4617 return received
85473.28080000017: MET_Broker: The number of finished Cloudlets is:4617
85485.02160000017: MET_Broker: Cloudlet #4620 return received
85485.02160000017: MET_Broker: The number of finished Cloudlets is:4618
85529.02680000017: MET_Broker: Cloudlet #4621 return received
85529.02680000017: MET_Broker: The number of finished Cloudlets is:4619
85547.57800000017: MET_Broker: Cloudlet #4613 return received
85547.57800000017: MET_Broker: The number of finished Cloudlets is:4620
85564.74960000017: MET_Broker: Cloudlet #4622 return received
85564.74960000017: MET_Broker: The number of finished Cloudlets is:4621
85571.66120000018: MET_Broker: Cloudlet #4619 return received
85571.66120000018: MET_Broker: The number of finished Cloudlets is:4622
85582.16560000018: MET_Broker: Cloudlet #4624 return received
85582.16560000018: MET_Broker: The number of finished Cloudlets is:4623
85599.70760000018: MET_Broker: Cloudlet #4626 return received
85599.70760000018: MET_Broker: The number of finished Cloudlets is:4624
85641.86960000018: MET_Broker: Cloudlet #4623 return received
85641.86960000018: MET_Broker: The number of finished Cloudlets is:4625
85672.64120000017: MET_Broker: Cloudlet #4628 return received
85672.64120000017: MET_Broker: The number of finished Cloudlets is:4626
85676.97280000018: MET_Broker: Cloudlet #4618 return received
85676.97280000018: MET_Broker: The number of finished Cloudlets is:4627
85692.09840000018: MET_Broker: Cloudlet #4629 return received
85692.09840000018: MET_Broker: The number of finished Cloudlets is:4628
85701.37040000017: MET_Broker: Cloudlet #4631 return received
85701.37040000017: MET_Broker: The number of finished Cloudlets is:4629
85706.63560000017: MET_Broker: Cloudlet #4627 return received
85706.63560000017: MET_Broker: The number of finished Cloudlets is:4630
85724.46240000016: MET_Broker: Cloudlet #4630 return received
85724.46240000016: MET_Broker: The number of finished Cloudlets is:4631
85726.63800000017: MET_Broker: Cloudlet #4632 return received
85726.63800000017: MET_Broker: The number of finished Cloudlets is:4632
85759.96280000017: MET_Broker: Cloudlet #4634 return received
85759.96280000017: MET_Broker: The number of finished Cloudlets is:4633
85773.62480000017: MET_Broker: Cloudlet #4635 return received
85773.62480000017: MET_Broker: The number of finished Cloudlets is:4634
85803.73600000016: MET_Broker: Cloudlet #4636 return received
85803.73600000016: MET_Broker: The number of finished Cloudlets is:4635
85806.31400000016: MET_Broker: Cloudlet #4637 return received
85806.31400000016: MET_Broker: The number of finished Cloudlets is:4636
85845.92040000016: MET_Broker: Cloudlet #4638 return received
85845.92040000016: MET_Broker: The number of finished Cloudlets is:4637
85877.66560000017: MET_Broker: Cloudlet #4633 return received
85877.66560000017: MET_Broker: The number of finished Cloudlets is:4638
85894.46520000017: MET_Broker: Cloudlet #4640 return received
85894.46520000017: MET_Broker: The number of finished Cloudlets is:4639
85897.48040000016: MET_Broker: Cloudlet #4625 return received
85897.48040000016: MET_Broker: The number of finished Cloudlets is:4640
85904.19360000016: MET_Broker: Cloudlet #4642 return received
85904.19360000016: MET_Broker: The number of finished Cloudlets is:4641
85906.48280000016: MET_Broker: Cloudlet #4643 return received
85906.48280000016: MET_Broker: The number of finished Cloudlets is:4642
85919.99520000016: MET_Broker: Cloudlet #4644 return received
85919.99520000016: MET_Broker: The number of finished Cloudlets is:4643
85959.44480000017: MET_Broker: Cloudlet #4646 return received
85959.44480000017: MET_Broker: The number of finished Cloudlets is:4644
86028.15000000017: MET_Broker: Cloudlet #4645 return received
86028.15000000017: MET_Broker: The number of finished Cloudlets is:4645
86082.98960000018: MET_Broker: Cloudlet #4648 return received
86082.98960000018: MET_Broker: The number of finished Cloudlets is:4646
86086.42640000017: MET_Broker: Cloudlet #4641 return received
86086.42640000017: MET_Broker: The number of finished Cloudlets is:4647
86110.14000000017: MET_Broker: Cloudlet #4650 return received
86110.14000000017: MET_Broker: The number of finished Cloudlets is:4648
86114.62920000017: MET_Broker: Cloudlet #4649 return received
86114.62920000017: MET_Broker: The number of finished Cloudlets is:4649
86126.16080000017: MET_Broker: Cloudlet #4652 return received
86126.16080000017: MET_Broker: The number of finished Cloudlets is:4650
86155.23800000017: MET_Broker: Cloudlet #4639 return received
86155.23800000017: MET_Broker: The number of finished Cloudlets is:4651
86155.76880000017: MET_Broker: Cloudlet #4651 return received
86155.76880000017: MET_Broker: The number of finished Cloudlets is:4652
86168.44760000016: MET_Broker: Cloudlet #4654 return received
86168.44760000016: MET_Broker: The number of finished Cloudlets is:4653
86211.84240000015: MET_Broker: Cloudlet #4655 return received
86211.84240000015: MET_Broker: The number of finished Cloudlets is:4654
86224.98160000016: MET_Broker: Cloudlet #4657 return received
86224.98160000016: MET_Broker: The number of finished Cloudlets is:4655
86227.27080000016: MET_Broker: Cloudlet #4656 return received
86227.27080000016: MET_Broker: The number of finished Cloudlets is:4656
86228.76920000016: MET_Broker: Cloudlet #4647 return received
86228.76920000016: MET_Broker: The number of finished Cloudlets is:4657
86231.97080000016: MET_Broker: Cloudlet #4658 return received
86231.97080000016: MET_Broker: The number of finished Cloudlets is:4658
86273.70840000015: MET_Broker: Cloudlet #4659 return received
86273.70840000015: MET_Broker: The number of finished Cloudlets is:4659
86292.96960000014: MET_Broker: Cloudlet #4662 return received
86292.96960000014: MET_Broker: The number of finished Cloudlets is:4660
86315.60120000014: MET_Broker: Cloudlet #4660 return received
86315.60120000014: MET_Broker: The number of finished Cloudlets is:4661
86336.34880000014: MET_Broker: Cloudlet #4663 return received
86336.34880000014: MET_Broker: The number of finished Cloudlets is:4662
86341.51760000014: MET_Broker: Cloudlet #4664 return received
86341.51760000014: MET_Broker: The number of finished Cloudlets is:4663
86360.15720000013: MET_Broker: Cloudlet #4661 return received
86360.15720000013: MET_Broker: The number of finished Cloudlets is:4664
86374.60480000013: MET_Broker: Cloudlet #4666 return received
86374.60480000013: MET_Broker: The number of finished Cloudlets is:4665
86377.38800000014: MET_Broker: Cloudlet #4667 return received
86377.38800000014: MET_Broker: The number of finished Cloudlets is:4666
86438.78560000013: MET_Broker: Cloudlet #4653 return received
86438.78560000013: MET_Broker: The number of finished Cloudlets is:4667
86445.52160000014: MET_Broker: Cloudlet #4669 return received
86445.52160000014: MET_Broker: The number of finished Cloudlets is:4668
86456.25360000014: MET_Broker: Cloudlet #4670 return received
86456.25360000014: MET_Broker: The number of finished Cloudlets is:4669
86456.76320000015: MET_Broker: Cloudlet #4668 return received
86456.76320000015: MET_Broker: The number of finished Cloudlets is:4670
86458.79080000015: MET_Broker: Cloudlet #4671 return received
86458.79080000015: MET_Broker: The number of finished Cloudlets is:4671
86485.98040000015: MET_Broker: Cloudlet #4674 return received
86485.98040000015: MET_Broker: The number of finished Cloudlets is:4672
86495.02760000015: MET_Broker: Cloudlet #4665 return received
86495.02760000015: MET_Broker: The number of finished Cloudlets is:4673
86501.12040000015: MET_Broker: Cloudlet #4676 return received
86501.12040000015: MET_Broker: The number of finished Cloudlets is:4674
86508.49360000015: MET_Broker: Cloudlet #4672 return received
86508.49360000015: MET_Broker: The number of finished Cloudlets is:4675
86509.08880000014: MET_Broker: Cloudlet #4675 return received
86509.08880000014: MET_Broker: The number of finished Cloudlets is:4676
86512.14120000014: MET_Broker: Cloudlet #4677 return received
86512.14120000014: MET_Broker: The number of finished Cloudlets is:4677
86560.89560000015: MET_Broker: Cloudlet #4679 return received
86560.89560000015: MET_Broker: The number of finished Cloudlets is:4678
86562.32400000015: MET_Broker: Cloudlet #4678 return received
86562.32400000015: MET_Broker: The number of finished Cloudlets is:4679
86570.76120000015: MET_Broker: Cloudlet #4680 return received
86570.76120000015: MET_Broker: The number of finished Cloudlets is:4680
86578.13120000015: MET_Broker: Cloudlet #4681 return received
86578.13120000015: MET_Broker: The number of finished Cloudlets is:4681
86580.64240000014: MET_Broker: Cloudlet #4682 return received
86580.64240000014: MET_Broker: The number of finished Cloudlets is:4682
86583.11400000015: MET_Broker: Cloudlet #4673 return received
86583.11400000015: MET_Broker: The number of finished Cloudlets is:4683
86590.76840000015: MET_Broker: Cloudlet #4685 return received
86590.76840000015: MET_Broker: The number of finished Cloudlets is:4684
86601.40040000014: MET_Broker: Cloudlet #4686 return received
86601.40040000014: MET_Broker: The number of finished Cloudlets is:4685
86601.80880000014: MET_Broker: Cloudlet #4687 return received
86601.80880000014: MET_Broker: The number of finished Cloudlets is:4686
86621.10120000015: MET_Broker: Cloudlet #4689 return received
86621.10120000015: MET_Broker: The number of finished Cloudlets is:4687
86635.88760000015: MET_Broker: Cloudlet #4690 return received
86635.88760000015: MET_Broker: The number of finished Cloudlets is:4688
86648.56680000015: MET_Broker: Cloudlet #4683 return received
86648.56680000015: MET_Broker: The number of finished Cloudlets is:4689
86659.72240000014: MET_Broker: Cloudlet #4688 return received
86659.72240000014: MET_Broker: The number of finished Cloudlets is:4690
86690.64480000014: MET_Broker: Cloudlet #4692 return received
86690.64480000014: MET_Broker: The number of finished Cloudlets is:4691
86695.41200000014: MET_Broker: Cloudlet #4693 return received
86695.41200000014: MET_Broker: The number of finished Cloudlets is:4692
86728.55120000015: MET_Broker: Cloudlet #4695 return received
86728.55120000015: MET_Broker: The number of finished Cloudlets is:4693
86737.63040000014: MET_Broker: Cloudlet #4696 return received
86737.63040000014: MET_Broker: The number of finished Cloudlets is:4694
86747.58480000014: MET_Broker: Cloudlet #4697 return received
86747.58480000014: MET_Broker: The number of finished Cloudlets is:4695
86774.64960000014: MET_Broker: Cloudlet #4684 return received
86774.64960000014: MET_Broker: The number of finished Cloudlets is:4696
86834.59440000013: MET_Broker: Cloudlet #4698 return received
86834.59440000013: MET_Broker: The number of finished Cloudlets is:4697
86844.05880000013: MET_Broker: Cloudlet #4700 return received
86844.05880000013: MET_Broker: The number of finished Cloudlets is:4698
86861.24600000013: MET_Broker: Cloudlet #4701 return received
86861.24600000013: MET_Broker: The number of finished Cloudlets is:4699
86867.06280000013: MET_Broker: Cloudlet #4691 return received
86867.06280000013: MET_Broker: The number of finished Cloudlets is:4700
86873.22080000013: MET_Broker: Cloudlet #4694 return received
86873.22080000013: MET_Broker: The number of finished Cloudlets is:4701
86901.21160000013: MET_Broker: Cloudlet #4704 return received
86901.21160000013: MET_Broker: The number of finished Cloudlets is:4702
86901.75880000013: MET_Broker: Cloudlet #4703 return received
86901.75880000013: MET_Broker: The number of finished Cloudlets is:4703
86916.89680000013: MET_Broker: Cloudlet #4702 return received
86916.89680000013: MET_Broker: The number of finished Cloudlets is:4704
86933.75720000014: MET_Broker: Cloudlet #4705 return received
86933.75720000014: MET_Broker: The number of finished Cloudlets is:4705
86981.11320000014: MET_Broker: Cloudlet #4699 return received
86981.11320000014: MET_Broker: The number of finished Cloudlets is:4706
87010.85240000013: MET_Broker: Cloudlet #4709 return received
87010.85240000013: MET_Broker: The number of finished Cloudlets is:4707
87018.92920000013: MET_Broker: Cloudlet #4710 return received
87018.92920000013: MET_Broker: The number of finished Cloudlets is:4708
87033.85720000013: MET_Broker: Cloudlet #4706 return received
87033.85720000013: MET_Broker: The number of finished Cloudlets is:4709
87141.79160000013: MET_Broker: Cloudlet #4707 return received
87141.79160000013: MET_Broker: The number of finished Cloudlets is:4710
87176.45920000013: MET_Broker: Cloudlet #4711 return received
87176.45920000013: MET_Broker: The number of finished Cloudlets is:4711
87209.94560000012: MET_Broker: Cloudlet #4708 return received
87209.94560000012: MET_Broker: The number of finished Cloudlets is:4712
87233.25440000012: MET_Broker: Cloudlet #4714 return received
87233.25440000012: MET_Broker: The number of finished Cloudlets is:4713
87244.91840000013: MET_Broker: Cloudlet #4715 return received
87244.91840000013: MET_Broker: The number of finished Cloudlets is:4714
87275.68760000012: MET_Broker: Cloudlet #4717 return received
87275.68760000012: MET_Broker: The number of finished Cloudlets is:4715
87278.25320000012: MET_Broker: Cloudlet #4716 return received
87278.25320000012: MET_Broker: The number of finished Cloudlets is:4716
87312.11920000012: MET_Broker: Cloudlet #4718 return received
87312.11920000012: MET_Broker: The number of finished Cloudlets is:4717
87329.53120000011: MET_Broker: Cloudlet #4712 return received
87329.53120000011: MET_Broker: The number of finished Cloudlets is:4718
87340.36680000012: MET_Broker: Cloudlet #4720 return received
87340.36680000012: MET_Broker: The number of finished Cloudlets is:4719
87367.40280000011: MET_Broker: Cloudlet #4722 return received
87367.40280000011: MET_Broker: The number of finished Cloudlets is:4720
87411.81640000011: MET_Broker: Cloudlet #4721 return received
87411.81640000011: MET_Broker: The number of finished Cloudlets is:4721
87418.17000000011: MET_Broker: Cloudlet #4723 return received
87418.17000000011: MET_Broker: The number of finished Cloudlets is:4722
87434.54440000012: MET_Broker: Cloudlet #4725 return received
87434.54440000012: MET_Broker: The number of finished Cloudlets is:4723
87443.15800000011: MET_Broker: Cloudlet #4726 return received
87443.15800000011: MET_Broker: The number of finished Cloudlets is:4724
87460.8028000001: MET_Broker: Cloudlet #4724 return received
87460.8028000001: MET_Broker: The number of finished Cloudlets is:4725
87493.4428000001: MET_Broker: Cloudlet #4728 return received
87493.4428000001: MET_Broker: The number of finished Cloudlets is:4726
87499.37800000011: MET_Broker: Cloudlet #4713 return received
87499.37800000011: MET_Broker: The number of finished Cloudlets is:4727
87504.09440000012: MET_Broker: Cloudlet #4719 return received
87504.09440000012: MET_Broker: The number of finished Cloudlets is:4728
87519.05360000012: MET_Broker: Cloudlet #4729 return received
87519.05360000012: MET_Broker: The number of finished Cloudlets is:4729
87539.40840000012: MET_Broker: Cloudlet #4731 return received
87539.40840000012: MET_Broker: The number of finished Cloudlets is:4730
87554.39240000011: MET_Broker: Cloudlet #4730 return received
87554.39240000011: MET_Broker: The number of finished Cloudlets is:4731
87571.94800000012: MET_Broker: Cloudlet #4734 return received
87571.94800000012: MET_Broker: The number of finished Cloudlets is:4732
87661.97840000012: MET_Broker: Cloudlet #4733 return received
87661.97840000012: MET_Broker: The number of finished Cloudlets is:4733
87689.31120000013: MET_Broker: Cloudlet #4735 return received
87689.31120000013: MET_Broker: The number of finished Cloudlets is:4734
87700.80320000013: MET_Broker: Cloudlet #4737 return received
87700.80320000013: MET_Broker: The number of finished Cloudlets is:4735
87708.62640000012: MET_Broker: Cloudlet #4738 return received
87708.62640000012: MET_Broker: The number of finished Cloudlets is:4736
87744.88360000012: MET_Broker: Cloudlet #4739 return received
87744.88360000012: MET_Broker: The number of finished Cloudlets is:4737
87757.05040000012: MET_Broker: Cloudlet #4727 return received
87757.05040000012: MET_Broker: The number of finished Cloudlets is:4738
87797.28200000012: MET_Broker: Cloudlet #4741 return received
87797.28200000012: MET_Broker: The number of finished Cloudlets is:4739
87799.08320000012: MET_Broker: Cloudlet #4740 return received
87799.08320000012: MET_Broker: The number of finished Cloudlets is:4740
87825.76000000013: MET_Broker: Cloudlet #4743 return received
87825.76000000013: MET_Broker: The number of finished Cloudlets is:4741
87832.54600000012: MET_Broker: Cloudlet #4732 return received
87832.54600000012: MET_Broker: The number of finished Cloudlets is:4742
87844.28320000012: MET_Broker: Cloudlet #4744 return received
87844.28320000012: MET_Broker: The number of finished Cloudlets is:4743
87858.77520000012: MET_Broker: Cloudlet #4745 return received
87858.77520000012: MET_Broker: The number of finished Cloudlets is:4744
87890.98280000011: MET_Broker: Cloudlet #4747 return received
87890.98280000011: MET_Broker: The number of finished Cloudlets is:4745
87923.87400000011: MET_Broker: Cloudlet #4736 return received
87923.87400000011: MET_Broker: The number of finished Cloudlets is:4746
87941.33120000012: MET_Broker: Cloudlet #4742 return received
87941.33120000012: MET_Broker: The number of finished Cloudlets is:4747
87956.81480000012: MET_Broker: Cloudlet #4750 return received
87956.81480000012: MET_Broker: The number of finished Cloudlets is:4748
87962.95720000012: MET_Broker: Cloudlet #4749 return received
87962.95720000012: MET_Broker: The number of finished Cloudlets is:4749
87986.68080000012: MET_Broker: Cloudlet #4746 return received
87986.68080000012: MET_Broker: The number of finished Cloudlets is:4750
87988.69160000012: MET_Broker: Cloudlet #4752 return received
87988.69160000012: MET_Broker: The number of finished Cloudlets is:4751
88015.38320000013: MET_Broker: Cloudlet #4753 return received
88015.38320000013: MET_Broker: The number of finished Cloudlets is:4752
88057.97640000013: MET_Broker: Cloudlet #4755 return received
88057.97640000013: MET_Broker: The number of finished Cloudlets is:4753
88215.51400000013: MET_Broker: Cloudlet #4756 return received
88215.51400000013: MET_Broker: The number of finished Cloudlets is:4754
88236.68920000012: MET_Broker: Cloudlet #4751 return received
88236.68920000012: MET_Broker: The number of finished Cloudlets is:4755
88247.61720000012: MET_Broker: Cloudlet #4748 return received
88247.61720000012: MET_Broker: The number of finished Cloudlets is:4756
88250.68920000012: MET_Broker: Cloudlet #4758 return received
88250.68920000012: MET_Broker: The number of finished Cloudlets is:4757
88284.78040000012: MET_Broker: Cloudlet #4760 return received
88284.78040000012: MET_Broker: The number of finished Cloudlets is:4758
88300.93600000012: MET_Broker: Cloudlet #4759 return received
88300.93600000012: MET_Broker: The number of finished Cloudlets is:4759
88318.35480000012: MET_Broker: Cloudlet #4754 return received
88318.35480000012: MET_Broker: The number of finished Cloudlets is:4760
88319.80400000012: MET_Broker: Cloudlet #4757 return received
88319.80400000012: MET_Broker: The number of finished Cloudlets is:4761
88325.18760000012: MET_Broker: Cloudlet #4763 return received
88325.18760000012: MET_Broker: The number of finished Cloudlets is:4762
88335.76160000011: MET_Broker: Cloudlet #4765 return received
88335.76160000011: MET_Broker: The number of finished Cloudlets is:4763
88398.69600000011: MET_Broker: Cloudlet #4764 return received
88398.69600000011: MET_Broker: The number of finished Cloudlets is:4764
88405.7504000001: MET_Broker: Cloudlet #4767 return received
88405.7504000001: MET_Broker: The number of finished Cloudlets is:4765
88414.2972000001: MET_Broker: Cloudlet #4768 return received
88414.2972000001: MET_Broker: The number of finished Cloudlets is:4766
88450.9788000001: MET_Broker: Cloudlet #4766 return received
88450.9788000001: MET_Broker: The number of finished Cloudlets is:4767
88475.55800000009: MET_Broker: Cloudlet #4762 return received
88475.55800000009: MET_Broker: The number of finished Cloudlets is:4768
88477.8448000001: MET_Broker: Cloudlet #4761 return received
88477.8448000001: MET_Broker: The number of finished Cloudlets is:4769
88485.4652000001: MET_Broker: Cloudlet #4771 return received
88485.4652000001: MET_Broker: The number of finished Cloudlets is:4770
88493.25400000009: MET_Broker: Cloudlet #4769 return received
88493.25400000009: MET_Broker: The number of finished Cloudlets is:4771
88494.06240000008: MET_Broker: Cloudlet #4773 return received
88494.06240000008: MET_Broker: The number of finished Cloudlets is:4772
88503.65960000009: MET_Broker: Cloudlet #4775 return received
88503.65960000009: MET_Broker: The number of finished Cloudlets is:4773
88507.49880000009: MET_Broker: Cloudlet #4774 return received
88507.49880000009: MET_Broker: The number of finished Cloudlets is:4774
88551.0804000001: MET_Broker: Cloudlet #4776 return received
88551.0804000001: MET_Broker: The number of finished Cloudlets is:4775
88613.9196000001: MET_Broker: Cloudlet #4777 return received
88613.9196000001: MET_Broker: The number of finished Cloudlets is:4776
88623.6772000001: MET_Broker: Cloudlet #4772 return received
88623.6772000001: MET_Broker: The number of finished Cloudlets is:4777
88635.9540000001: MET_Broker: Cloudlet #4780 return received
88635.9540000001: MET_Broker: The number of finished Cloudlets is:4778
88641.6600000001: MET_Broker: Cloudlet #4770 return received
88641.6600000001: MET_Broker: The number of finished Cloudlets is:4779
88646.4396000001: MET_Broker: Cloudlet #4778 return received
88646.4396000001: MET_Broker: The number of finished Cloudlets is:4780
88649.3260000001: MET_Broker: Cloudlet #4782 return received
88649.3260000001: MET_Broker: The number of finished Cloudlets is:4781
88650.2548000001: MET_Broker: Cloudlet #4781 return received
88650.2548000001: MET_Broker: The number of finished Cloudlets is:4782
88660.08400000009: MET_Broker: Cloudlet #4779 return received
88660.08400000009: MET_Broker: The number of finished Cloudlets is:4783
88670.37680000009: MET_Broker: Cloudlet #4786 return received
88670.37680000009: MET_Broker: The number of finished Cloudlets is:4784
88680.78400000009: MET_Broker: Cloudlet #4784 return received
88680.78400000009: MET_Broker: The number of finished Cloudlets is:4785
88683.32680000008: MET_Broker: Cloudlet #4783 return received
88683.32680000008: MET_Broker: The number of finished Cloudlets is:4786
88698.83200000008: MET_Broker: Cloudlet #4789 return received
88698.83200000008: MET_Broker: The number of finished Cloudlets is:4787
88708.39720000008: MET_Broker: Cloudlet #4785 return received
88708.39720000008: MET_Broker: The number of finished Cloudlets is:4788
88717.25640000009: MET_Broker: Cloudlet #4788 return received
88717.25640000009: MET_Broker: The number of finished Cloudlets is:4789
88723.29720000009: MET_Broker: Cloudlet #4792 return received
88723.29720000009: MET_Broker: The number of finished Cloudlets is:4790
88741.25600000008: MET_Broker: Cloudlet #4790 return received
88741.25600000008: MET_Broker: The number of finished Cloudlets is:4791
88754.26680000008: MET_Broker: Cloudlet #4794 return received
88754.26680000008: MET_Broker: The number of finished Cloudlets is:4792
88783.32520000008: MET_Broker: Cloudlet #4795 return received
88783.32520000008: MET_Broker: The number of finished Cloudlets is:4793
88811.82640000008: MET_Broker: Cloudlet #4787 return received
88811.82640000008: MET_Broker: The number of finished Cloudlets is:4794
88818.51240000008: MET_Broker: Cloudlet #4796 return received
88818.51240000008: MET_Broker: The number of finished Cloudlets is:4795
88818.97160000008: MET_Broker: Cloudlet #4797 return received
88818.97160000008: MET_Broker: The number of finished Cloudlets is:4796
88823.16400000008: MET_Broker: Cloudlet #4791 return received
88823.16400000008: MET_Broker: The number of finished Cloudlets is:4797
88958.50760000007: MET_Broker: Cloudlet #4798 return received
88958.50760000007: MET_Broker: The number of finished Cloudlets is:4798
88976.69960000007: MET_Broker: Cloudlet #4800 return received
88976.69960000007: MET_Broker: The number of finished Cloudlets is:4799
88979.52800000006: MET_Broker: Cloudlet #4799 return received
88979.52800000006: MET_Broker: The number of finished Cloudlets is:4800
88992.67080000007: MET_Broker: Cloudlet #4802 return received
88992.67080000007: MET_Broker: The number of finished Cloudlets is:4801
89011.20360000007: MET_Broker: Cloudlet #4803 return received
89011.20360000007: MET_Broker: The number of finished Cloudlets is:4802
89013.04440000007: MET_Broker: Cloudlet #4801 return received
89013.04440000007: MET_Broker: The number of finished Cloudlets is:4803
89047.56560000007: MET_Broker: Cloudlet #4806 return received
89047.56560000007: MET_Broker: The number of finished Cloudlets is:4804
89071.06880000008: MET_Broker: Cloudlet #4793 return received
89071.06880000008: MET_Broker: The number of finished Cloudlets is:4805
89084.96320000009: MET_Broker: Cloudlet #4808 return received
89084.96320000009: MET_Broker: The number of finished Cloudlets is:4806
89143.69200000008: MET_Broker: Cloudlet #4809 return received
89143.69200000008: MET_Broker: The number of finished Cloudlets is:4807
89151.91280000008: MET_Broker: Cloudlet #4810 return received
89151.91280000008: MET_Broker: The number of finished Cloudlets is:4808
89170.09280000007: MET_Broker: Cloudlet #4811 return received
89170.09280000007: MET_Broker: The number of finished Cloudlets is:4809
89188.82400000007: MET_Broker: Cloudlet #4812 return received
89188.82400000007: MET_Broker: The number of finished Cloudlets is:4810
89282.07360000006: MET_Broker: Cloudlet #4805 return received
89282.07360000006: MET_Broker: The number of finished Cloudlets is:4811
89287.27880000006: MET_Broker: Cloudlet #4804 return received
89287.27880000006: MET_Broker: The number of finished Cloudlets is:4812
89297.75200000005: MET_Broker: Cloudlet #4814 return received
89297.75200000005: MET_Broker: The number of finished Cloudlets is:4813
89315.37960000006: MET_Broker: Cloudlet #4816 return received
89315.37960000006: MET_Broker: The number of finished Cloudlets is:4814
89320.12880000006: MET_Broker: Cloudlet #4807 return received
89320.12880000006: MET_Broker: The number of finished Cloudlets is:4815
89322.45480000007: MET_Broker: Cloudlet #4817 return received
89322.45480000007: MET_Broker: The number of finished Cloudlets is:4816
89340.37480000006: MET_Broker: Cloudlet #4819 return received
89340.37480000006: MET_Broker: The number of finished Cloudlets is:4817
89358.44120000006: MET_Broker: Cloudlet #4820 return received
89358.44120000006: MET_Broker: The number of finished Cloudlets is:4818
89404.75120000006: MET_Broker: Cloudlet #4821 return received
89404.75120000006: MET_Broker: The number of finished Cloudlets is:4819
89421.42200000006: MET_Broker: Cloudlet #4822 return received
89421.42200000006: MET_Broker: The number of finished Cloudlets is:4820
89461.23760000007: MET_Broker: Cloudlet #4813 return received
89461.23760000007: MET_Broker: The number of finished Cloudlets is:4821
89479.02680000007: MET_Broker: Cloudlet #4824 return received
89479.02680000007: MET_Broker: The number of finished Cloudlets is:4822
89481.41120000006: MET_Broker: Cloudlet #4823 return received
89481.41120000006: MET_Broker: The number of finished Cloudlets is:4823
89484.72640000006: MET_Broker: Cloudlet #4815 return received
89484.72640000006: MET_Broker: The number of finished Cloudlets is:4824
89515.64840000006: MET_Broker: Cloudlet #4825 return received
89515.64840000006: MET_Broker: The number of finished Cloudlets is:4825
89561.75120000006: MET_Broker: Cloudlet #4826 return received
89561.75120000006: MET_Broker: The number of finished Cloudlets is:4826
89567.99720000006: MET_Broker: Cloudlet #4829 return received
89567.99720000006: MET_Broker: The number of finished Cloudlets is:4827
89587.73720000006: MET_Broker: Cloudlet #4818 return received
89587.73720000006: MET_Broker: The number of finished Cloudlets is:4828
89603.48360000007: MET_Broker: Cloudlet #4830 return received
89603.48360000007: MET_Broker: The number of finished Cloudlets is:4829
89611.88040000007: MET_Broker: Cloudlet #4831 return received
89611.88040000007: MET_Broker: The number of finished Cloudlets is:4830
89620.24280000007: MET_Broker: Cloudlet #4833 return received
89620.24280000007: MET_Broker: The number of finished Cloudlets is:4831
89625.85600000007: MET_Broker: Cloudlet #4832 return received
89625.85600000007: MET_Broker: The number of finished Cloudlets is:4832
89633.83120000007: MET_Broker: Cloudlet #4835 return received
89633.83120000007: MET_Broker: The number of finished Cloudlets is:4833
89645.45880000008: MET_Broker: Cloudlet #4827 return received
89645.45880000008: MET_Broker: The number of finished Cloudlets is:4834
89651.66120000008: MET_Broker: Cloudlet #4837 return received
89651.66120000008: MET_Broker: The number of finished Cloudlets is:4835
89653.45720000008: MET_Broker: Cloudlet #4828 return received
89653.45720000008: MET_Broker: The number of finished Cloudlets is:4836
89672.44000000008: MET_Broker: Cloudlet #4834 return received
89672.44000000008: MET_Broker: The number of finished Cloudlets is:4837
89689.72840000008: MET_Broker: Cloudlet #4836 return received
89689.72840000008: MET_Broker: The number of finished Cloudlets is:4838
89696.18040000008: MET_Broker: Cloudlet #4841 return received
89696.18040000008: MET_Broker: The number of finished Cloudlets is:4839
89698.78600000008: MET_Broker: Cloudlet #4838 return received
89698.78600000008: MET_Broker: The number of finished Cloudlets is:4840
89706.92240000008: MET_Broker: Cloudlet #4843 return received
89706.92240000008: MET_Broker: The number of finished Cloudlets is:4841
89711.69320000008: MET_Broker: Cloudlet #4839 return received
89711.69320000008: MET_Broker: The number of finished Cloudlets is:4842
89720.08440000008: MET_Broker: Cloudlet #4845 return received
89720.08440000008: MET_Broker: The number of finished Cloudlets is:4843
89737.32280000008: MET_Broker: Cloudlet #4842 return received
89737.32280000008: MET_Broker: The number of finished Cloudlets is:4844
89752.88640000008: MET_Broker: Cloudlet #4847 return received
89752.88640000008: MET_Broker: The number of finished Cloudlets is:4845
89807.62240000008: MET_Broker: Cloudlet #4840 return received
89807.62240000008: MET_Broker: The number of finished Cloudlets is:4846
89822.24360000007: MET_Broker: Cloudlet #4848 return received
89822.24360000007: MET_Broker: The number of finished Cloudlets is:4847
89858.19640000007: MET_Broker: Cloudlet #4846 return received
89858.19640000007: MET_Broker: The number of finished Cloudlets is:4848
89873.29360000008: MET_Broker: Cloudlet #4850 return received
89873.29360000008: MET_Broker: The number of finished Cloudlets is:4849
89879.31400000007: MET_Broker: Cloudlet #4844 return received
89879.31400000007: MET_Broker: The number of finished Cloudlets is:4850
89883.36640000007: MET_Broker: Cloudlet #4851 return received
89883.36640000007: MET_Broker: The number of finished Cloudlets is:4851
89906.30480000007: MET_Broker: Cloudlet #4852 return received
89906.30480000007: MET_Broker: The number of finished Cloudlets is:4852
89943.24720000007: MET_Broker: Cloudlet #4854 return received
89943.24720000007: MET_Broker: The number of finished Cloudlets is:4853
89952.27360000007: MET_Broker: Cloudlet #4855 return received
89952.27360000007: MET_Broker: The number of finished Cloudlets is:4854
89961.79320000007: MET_Broker: Cloudlet #4849 return received
89961.79320000007: MET_Broker: The number of finished Cloudlets is:4855
89975.82000000008: MET_Broker: Cloudlet #4858 return received
89975.82000000008: MET_Broker: The number of finished Cloudlets is:4856
89981.40680000008: MET_Broker: Cloudlet #4856 return received
89981.40680000008: MET_Broker: The number of finished Cloudlets is:4857
90027.07000000008: MET_Broker: Cloudlet #4860 return received
90027.07000000008: MET_Broker: The number of finished Cloudlets is:4858
90052.43960000009: MET_Broker: Cloudlet #4861 return received
90052.43960000009: MET_Broker: The number of finished Cloudlets is:4859
90058.88360000009: MET_Broker: Cloudlet #4857 return received
90058.88360000009: MET_Broker: The number of finished Cloudlets is:4860
90074.6144000001: MET_Broker: Cloudlet #4863 return received
90074.6144000001: MET_Broker: The number of finished Cloudlets is:4861
90076.55920000009: MET_Broker: Cloudlet #4853 return received
90076.55920000009: MET_Broker: The number of finished Cloudlets is:4862
90078.3752000001: MET_Broker: Cloudlet #4862 return received
90078.3752000001: MET_Broker: The number of finished Cloudlets is:4863
90186.4852000001: MET_Broker: Cloudlet #4859 return received
90186.4852000001: MET_Broker: The number of finished Cloudlets is:4864
90221.95320000009: MET_Broker: Cloudlet #4867 return received
90221.95320000009: MET_Broker: The number of finished Cloudlets is:4865
90236.85480000009: MET_Broker: Cloudlet #4865 return received
90236.85480000009: MET_Broker: The number of finished Cloudlets is:4866
90260.92120000008: MET_Broker: Cloudlet #4868 return received
90260.92120000008: MET_Broker: The number of finished Cloudlets is:4867
90274.74760000009: MET_Broker: Cloudlet #4870 return received
90274.74760000009: MET_Broker: The number of finished Cloudlets is:4868
90334.18760000009: MET_Broker: Cloudlet #4871 return received
90334.18760000009: MET_Broker: The number of finished Cloudlets is:4869
90348.26840000009: MET_Broker: Cloudlet #4872 return received
90348.26840000009: MET_Broker: The number of finished Cloudlets is:4870
90367.6748000001: MET_Broker: Cloudlet #4873 return received
90367.6748000001: MET_Broker: The number of finished Cloudlets is:4871
90373.2912000001: MET_Broker: Cloudlet #4866 return received
90373.2912000001: MET_Broker: The number of finished Cloudlets is:4872
90399.1080000001: MET_Broker: Cloudlet #4869 return received
90399.1080000001: MET_Broker: The number of finished Cloudlets is:4873
90421.4184000001: MET_Broker: Cloudlet #4864 return received
90421.4184000001: MET_Broker: The number of finished Cloudlets is:4874
90438.4580000001: MET_Broker: Cloudlet #4876 return received
90438.4580000001: MET_Broker: The number of finished Cloudlets is:4875
90451.0892000001: MET_Broker: Cloudlet #4877 return received
90451.0892000001: MET_Broker: The number of finished Cloudlets is:4876
90455.9480000001: MET_Broker: Cloudlet #4875 return received
90455.9480000001: MET_Broker: The number of finished Cloudlets is:4877
90474.2868000001: MET_Broker: Cloudlet #4880 return received
90474.2868000001: MET_Broker: The number of finished Cloudlets is:4878
90507.8012000001: MET_Broker: Cloudlet #4879 return received
90507.8012000001: MET_Broker: The number of finished Cloudlets is:4879
90515.3312000001: MET_Broker: Cloudlet #4881 return received
90515.3312000001: MET_Broker: The number of finished Cloudlets is:4880
90526.5944000001: MET_Broker: Cloudlet #4874 return received
90526.5944000001: MET_Broker: The number of finished Cloudlets is:4881
90542.7880000001: MET_Broker: Cloudlet #4884 return received
90542.7880000001: MET_Broker: The number of finished Cloudlets is:4882
90549.7292000001: MET_Broker: Cloudlet #4882 return received
90549.7292000001: MET_Broker: The number of finished Cloudlets is:4883
90556.5908000001: MET_Broker: Cloudlet #4883 return received
90556.5908000001: MET_Broker: The number of finished Cloudlets is:4884
90586.3996000001: MET_Broker: Cloudlet #4885 return received
90586.3996000001: MET_Broker: The number of finished Cloudlets is:4885
90595.7160000001: MET_Broker: Cloudlet #4878 return received
90595.7160000001: MET_Broker: The number of finished Cloudlets is:4886
90598.9408000001: MET_Broker: Cloudlet #4888 return received
90598.9408000001: MET_Broker: The number of finished Cloudlets is:4887
90610.0924000001: MET_Broker: Cloudlet #4887 return received
90610.0924000001: MET_Broker: The number of finished Cloudlets is:4888
90618.6792000001: MET_Broker: Cloudlet #4886 return received
90618.6792000001: MET_Broker: The number of finished Cloudlets is:4889
90620.2188000001: MET_Broker: Cloudlet #4891 return received
90620.2188000001: MET_Broker: The number of finished Cloudlets is:4890
90621.7500000001: MET_Broker: Cloudlet #4889 return received
90621.7500000001: MET_Broker: The number of finished Cloudlets is:4891
90633.4032000001: MET_Broker: Cloudlet #4894 return received
90633.4032000001: MET_Broker: The number of finished Cloudlets is:4892
90648.62880000011: MET_Broker: Cloudlet #4895 return received
90648.62880000011: MET_Broker: The number of finished Cloudlets is:4893
90679.2212000001: MET_Broker: Cloudlet #4890 return received
90679.2212000001: MET_Broker: The number of finished Cloudlets is:4894
90694.4904000001: MET_Broker: Cloudlet #4897 return received
90694.4904000001: MET_Broker: The number of finished Cloudlets is:4895
90750.1004000001: MET_Broker: Cloudlet #4896 return received
90750.1004000001: MET_Broker: The number of finished Cloudlets is:4896
90765.2704000001: MET_Broker: Cloudlet #4899 return received
90765.2704000001: MET_Broker: The number of finished Cloudlets is:4897
90801.1236000001: MET_Broker: Cloudlet #4898 return received
90801.1236000001: MET_Broker: The number of finished Cloudlets is:4898
90814.0112000001: MET_Broker: Cloudlet #4901 return received
90814.0112000001: MET_Broker: The number of finished Cloudlets is:4899
90815.8736000001: MET_Broker: Cloudlet #4900 return received
90815.8736000001: MET_Broker: The number of finished Cloudlets is:4900
90839.1540000001: MET_Broker: Cloudlet #4903 return received
90839.1540000001: MET_Broker: The number of finished Cloudlets is:4901
90863.9356000001: MET_Broker: Cloudlet #4904 return received
90863.9356000001: MET_Broker: The number of finished Cloudlets is:4902
90874.2848000001: MET_Broker: Cloudlet #4905 return received
90874.2848000001: MET_Broker: The number of finished Cloudlets is:4903
90942.9276000001: MET_Broker: Cloudlet #4893 return received
90942.9276000001: MET_Broker: The number of finished Cloudlets is:4904
90973.0748000001: MET_Broker: Cloudlet #4892 return received
90973.0748000001: MET_Broker: The number of finished Cloudlets is:4905
90998.5912000001: MET_Broker: Cloudlet #4902 return received
90998.5912000001: MET_Broker: The number of finished Cloudlets is:4906
91005.4076000001: MET_Broker: Cloudlet #4909 return received
91005.4076000001: MET_Broker: The number of finished Cloudlets is:4907
91060.0220000001: MET_Broker: Cloudlet #4910 return received
91060.0220000001: MET_Broker: The number of finished Cloudlets is:4908
91068.6276000001: MET_Broker: Cloudlet #4906 return received
91068.6276000001: MET_Broker: The number of finished Cloudlets is:4909
91094.1948000001: MET_Broker: Cloudlet #4912 return received
91094.1948000001: MET_Broker: The number of finished Cloudlets is:4910
91108.86040000009: MET_Broker: Cloudlet #4907 return received
91108.86040000009: MET_Broker: The number of finished Cloudlets is:4911
91147.02480000009: MET_Broker: Cloudlet #4913 return received
91147.02480000009: MET_Broker: The number of finished Cloudlets is:4912
91154.2152000001: MET_Broker: Cloudlet #4915 return received
91154.2152000001: MET_Broker: The number of finished Cloudlets is:4913
91160.1592000001: MET_Broker: Cloudlet #4914 return received
91160.1592000001: MET_Broker: The number of finished Cloudlets is:4914
91172.6472000001: MET_Broker: Cloudlet #4908 return received
91172.6472000001: MET_Broker: The number of finished Cloudlets is:4915
91229.67320000009: MET_Broker: Cloudlet #4916 return received
91229.67320000009: MET_Broker: The number of finished Cloudlets is:4916
91264.59280000009: MET_Broker: Cloudlet #4919 return received
91264.59280000009: MET_Broker: The number of finished Cloudlets is:4917
91270.99800000008: MET_Broker: Cloudlet #4918 return received
91270.99800000008: MET_Broker: The number of finished Cloudlets is:4918
91273.82400000008: MET_Broker: Cloudlet #4917 return received
91273.82400000008: MET_Broker: The number of finished Cloudlets is:4919
91274.32000000008: MET_Broker: Cloudlet #4911 return received
91274.32000000008: MET_Broker: The number of finished Cloudlets is:4920
91283.91800000008: MET_Broker: Cloudlet #4921 return received
91283.91800000008: MET_Broker: The number of finished Cloudlets is:4921
91296.72960000008: MET_Broker: Cloudlet #4922 return received
91296.72960000008: MET_Broker: The number of finished Cloudlets is:4922
91320.40720000007: MET_Broker: Cloudlet #4924 return received
91320.40720000007: MET_Broker: The number of finished Cloudlets is:4923
91561.54720000007: MET_Broker: Cloudlet #4923 return received
91561.54720000007: MET_Broker: The number of finished Cloudlets is:4924
91563.01000000007: MET_Broker: Cloudlet #4920 return received
91563.01000000007: MET_Broker: The number of finished Cloudlets is:4925
91569.69600000007: MET_Broker: Cloudlet #4927 return received
91569.69600000007: MET_Broker: The number of finished Cloudlets is:4926
91583.86720000007: MET_Broker: Cloudlet #4929 return received
91583.86720000007: MET_Broker: The number of finished Cloudlets is:4927
91598.78880000007: MET_Broker: Cloudlet #4930 return received
91598.78880000007: MET_Broker: The number of finished Cloudlets is:4928
91617.59640000007: MET_Broker: Cloudlet #4931 return received
91617.59640000007: MET_Broker: The number of finished Cloudlets is:4929
91625.93720000007: MET_Broker: Cloudlet #4925 return received
91625.93720000007: MET_Broker: The number of finished Cloudlets is:4930
91655.27080000007: MET_Broker: Cloudlet #4932 return received
91655.27080000007: MET_Broker: The number of finished Cloudlets is:4931
91660.33200000007: MET_Broker: Cloudlet #4933 return received
91660.33200000007: MET_Broker: The number of finished Cloudlets is:4932
91674.97320000007: MET_Broker: Cloudlet #4935 return received
91674.97320000007: MET_Broker: The number of finished Cloudlets is:4933
91676.36640000007: MET_Broker: Cloudlet #4926 return received
91676.36640000007: MET_Broker: The number of finished Cloudlets is:4934
91683.55920000008: MET_Broker: Cloudlet #4937 return received
91683.55920000008: MET_Broker: The number of finished Cloudlets is:4935
91698.72320000008: MET_Broker: Cloudlet #4938 return received
91698.72320000008: MET_Broker: The number of finished Cloudlets is:4936
91701.96280000008: MET_Broker: Cloudlet #4928 return received
91701.96280000008: MET_Broker: The number of finished Cloudlets is:4937
91702.07360000008: MET_Broker: Cloudlet #4936 return received
91702.07360000008: MET_Broker: The number of finished Cloudlets is:4938
91705.66400000008: MET_Broker: Cloudlet #4939 return received
91705.66400000008: MET_Broker: The number of finished Cloudlets is:4939
91733.93640000008: MET_Broker: Cloudlet #4934 return received
91733.93640000008: MET_Broker: The number of finished Cloudlets is:4940
91764.52720000008: MET_Broker: Cloudlet #4942 return received
91764.52720000008: MET_Broker: The number of finished Cloudlets is:4941
91791.20200000008: MET_Broker: Cloudlet #4943 return received
91791.20200000008: MET_Broker: The number of finished Cloudlets is:4942
91798.32920000008: MET_Broker: Cloudlet #4941 return received
91798.32920000008: MET_Broker: The number of finished Cloudlets is:4943
91842.15160000008: MET_Broker: Cloudlet #4944 return received
91842.15160000008: MET_Broker: The number of finished Cloudlets is:4944
91900.93120000008: MET_Broker: Cloudlet #4947 return received
91900.93120000008: MET_Broker: The number of finished Cloudlets is:4945
91918.10560000008: MET_Broker: Cloudlet #4948 return received
91918.10560000008: MET_Broker: The number of finished Cloudlets is:4946
91921.78400000009: MET_Broker: Cloudlet #4945 return received
91921.78400000009: MET_Broker: The number of finished Cloudlets is:4947
91948.70200000009: MET_Broker: Cloudlet #4950 return received
91948.70200000009: MET_Broker: The number of finished Cloudlets is:4948
91957.64440000009: MET_Broker: Cloudlet #4946 return received
91957.64440000009: MET_Broker: The number of finished Cloudlets is:4949
91973.60760000009: MET_Broker: Cloudlet #4949 return received
91973.60760000009: MET_Broker: The number of finished Cloudlets is:4950
91988.3412000001: MET_Broker: Cloudlet #4952 return received
91988.3412000001: MET_Broker: The number of finished Cloudlets is:4951
92005.9472000001: MET_Broker: Cloudlet #4940 return received
92005.9472000001: MET_Broker: The number of finished Cloudlets is:4952
92011.5556000001: MET_Broker: Cloudlet #4953 return received
92011.5556000001: MET_Broker: The number of finished Cloudlets is:4953
92021.1616000001: MET_Broker: Cloudlet #4956 return received
92021.1616000001: MET_Broker: The number of finished Cloudlets is:4954
92021.8700000001: MET_Broker: Cloudlet #4955 return received
92021.8700000001: MET_Broker: The number of finished Cloudlets is:4955
92040.6648000001: MET_Broker: Cloudlet #4954 return received
92040.6648000001: MET_Broker: The number of finished Cloudlets is:4956
92054.5040000001: MET_Broker: Cloudlet #4958 return received
92054.5040000001: MET_Broker: The number of finished Cloudlets is:4957
92079.8432000001: MET_Broker: Cloudlet #4959 return received
92079.8432000001: MET_Broker: The number of finished Cloudlets is:4958
92091.4036000001: MET_Broker: Cloudlet #4951 return received
92091.4036000001: MET_Broker: The number of finished Cloudlets is:4959
92108.65680000011: MET_Broker: Cloudlet #4962 return received
92108.65680000011: MET_Broker: The number of finished Cloudlets is:4960
92118.77320000011: MET_Broker: Cloudlet #4957 return received
92118.77320000011: MET_Broker: The number of finished Cloudlets is:4961
92139.62360000011: MET_Broker: Cloudlet #4964 return received
92139.62360000011: MET_Broker: The number of finished Cloudlets is:4962
92192.87000000011: MET_Broker: Cloudlet #4965 return received
92192.87000000011: MET_Broker: The number of finished Cloudlets is:4963
92280.75320000011: MET_Broker: Cloudlet #4961 return received
92280.75320000011: MET_Broker: The number of finished Cloudlets is:4964
92348.03640000011: MET_Broker: Cloudlet #4967 return received
92348.03640000011: MET_Broker: The number of finished Cloudlets is:4965
92353.33040000011: MET_Broker: Cloudlet #4966 return received
92353.33040000011: MET_Broker: The number of finished Cloudlets is:4966
92370.35040000011: MET_Broker: Cloudlet #4963 return received
92370.35040000011: MET_Broker: The number of finished Cloudlets is:4967
92378.34240000011: MET_Broker: Cloudlet #4970 return received
92378.34240000011: MET_Broker: The number of finished Cloudlets is:4968
92382.79160000011: MET_Broker: Cloudlet #4969 return received
92382.79160000011: MET_Broker: The number of finished Cloudlets is:4969
92391.76560000012: MET_Broker: Cloudlet #4972 return received
92391.76560000012: MET_Broker: The number of finished Cloudlets is:4970
92397.65880000012: MET_Broker: Cloudlet #4968 return received
92397.65880000012: MET_Broker: The number of finished Cloudlets is:4971
92399.58880000011: MET_Broker: Cloudlet #4960 return received
92399.58880000011: MET_Broker: The number of finished Cloudlets is:4972
92404.21840000011: MET_Broker: Cloudlet #4974 return received
92404.21840000011: MET_Broker: The number of finished Cloudlets is:4973
92411.31920000011: MET_Broker: Cloudlet #4971 return received
92411.31920000011: MET_Broker: The number of finished Cloudlets is:4974
92413.80600000011: MET_Broker: Cloudlet #4973 return received
92413.80600000011: MET_Broker: The number of finished Cloudlets is:4975
92438.26800000011: MET_Broker: Cloudlet #4976 return received
92438.26800000011: MET_Broker: The number of finished Cloudlets is:4976
92446.91040000011: MET_Broker: Cloudlet #4975 return received
92446.91040000011: MET_Broker: The number of finished Cloudlets is:4977
92458.2464000001: MET_Broker: Cloudlet #4980 return received
92458.2464000001: MET_Broker: The number of finished Cloudlets is:4978
92485.1688000001: MET_Broker: Cloudlet #4979 return received
92485.1688000001: MET_Broker: The number of finished Cloudlets is:4979
92491.7028000001: MET_Broker: Cloudlet #4982 return received
92491.7028000001: MET_Broker: The number of finished Cloudlets is:4980
92496.3416000001: MET_Broker: Cloudlet #4981 return received
92496.3416000001: MET_Broker: The number of finished Cloudlets is:4981
92509.3772000001: MET_Broker: Cloudlet #4984 return received
92509.3772000001: MET_Broker: The number of finished Cloudlets is:4982
92515.75600000011: MET_Broker: Cloudlet #4977 return received
92515.75600000011: MET_Broker: The number of finished Cloudlets is:4983
92527.5240000001: MET_Broker: Cloudlet #4983 return received
92527.5240000001: MET_Broker: The number of finished Cloudlets is:4984
92580.35160000011: MET_Broker: Cloudlet #4986 return received
92580.35160000011: MET_Broker: The number of finished Cloudlets is:4985
92590.22000000012: MET_Broker: Cloudlet #4988 return received
92590.22000000012: MET_Broker: The number of finished Cloudlets is:4986
92696.38720000011: MET_Broker: Cloudlet #4987 return received
92696.38720000011: MET_Broker: The number of finished Cloudlets is:4987
92708.72920000012: MET_Broker: Cloudlet #4990 return received
92708.72920000012: MET_Broker: The number of finished Cloudlets is:4988
92726.70480000012: MET_Broker: Cloudlet #4991 return received
92726.70480000012: MET_Broker: The number of finished Cloudlets is:4989
92753.16080000013: MET_Broker: Cloudlet #4978 return received
92753.16080000013: MET_Broker: The number of finished Cloudlets is:4990
92763.89760000013: MET_Broker: Cloudlet #4992 return received
92763.89760000013: MET_Broker: The number of finished Cloudlets is:4991
92787.03880000013: MET_Broker: Cloudlet #4994 return received
92787.03880000013: MET_Broker: The number of finished Cloudlets is:4992
92802.62680000013: MET_Broker: Cloudlet #4993 return received
92802.62680000013: MET_Broker: The number of finished Cloudlets is:4993
92817.14400000013: MET_Broker: Cloudlet #4989 return received
92817.14400000013: MET_Broker: The number of finished Cloudlets is:4994
92820.75640000013: MET_Broker: Cloudlet #4996 return received
92820.75640000013: MET_Broker: The number of finished Cloudlets is:4995
92827.32280000013: MET_Broker: Cloudlet #4995 return received
92827.32280000013: MET_Broker: The number of finished Cloudlets is:4996
92829.07240000012: MET_Broker: Cloudlet #4997 return received
92829.07240000012: MET_Broker: The number of finished Cloudlets is:4997
92861.76720000012: MET_Broker: Cloudlet #4985 return received
92861.76720000012: MET_Broker: The number of finished Cloudlets is:4998
92880.27840000011: MET_Broker: Cloudlet #4999 return received
92880.27840000011: MET_Broker: The number of finished Cloudlets is:4999
92886.09480000011: MET_Broker: Cloudlet #4998 return received
92886.09480000011: MET_Broker: The number of finished Cloudlets is:5000
92886.09480000011: MET_Broker: All Cloudlets executed. Finishing...
92886.09480000011: MET_Broker: Destroying Vm #0
92886.09480000011: MET_Broker: Destroying Vm #1
92886.09480000011: MET_Broker: Destroying Vm #2
92886.09480000011: MET_Broker: Destroying Vm #3
92886.09480000011: MET_Broker: Destroying Vm #4
92886.09480000011: MET_Broker: Destroying Vm #5
92886.09480000011: MET_Broker: Destroying Vm #6
92886.09480000011: MET_Broker: Destroying Vm #7
92886.09480000011: MET_Broker: Destroying Vm #8
92886.09480000011: MET_Broker: Destroying Vm #9
92886.09480000011: MET_Broker: Destroying Vm #10
92886.09480000011: MET_Broker: Destroying Vm #11
92886.09480000011: MET_Broker: Destroying Vm #12
92886.09480000011: MET_Broker: Destroying Vm #13
92886.09480000011: MET_Broker: Destroying Vm #14
92886.09480000011: MET_Broker: Destroying Vm #15
92886.09480000011: MET_Broker: Destroying Vm #16
92886.09480000011: MET_Broker: Destroying Vm #17
92886.09480000011: MET_Broker: Destroying Vm #18
92886.09480000011: MET_Broker: Destroying Vm #19
92886.09480000011: MET_Broker is shutting down...
92886.09480000011: Simulation: No more future events
92886.09480000011: CloudInformationService is shutting down...
92886.09480000011: CloudInformationService: Notify all CloudSim entities for shutting down.
92886.09480000011: Datacenter_0 is shutting down...
92886.09480000011: MET_Broker is shutting down...
Simulation completed.
Simulation completed.

========== CLOUDLET RESULTS ==========
(only the first 20 successful Cloudlets are shown; METRICS below are still computed from all 5000 results)
Cloudlet ID	Status	VM ID	Exec Time	Start Time	Finish Time
1	SUCCESS	15	13.294	0.01	13.304
2	SUCCESS	15	21.7252	0.01	21.7352
5	SUCCESS	15	15.6868	21.7352	37.422
4	SUCCESS	15	28.3352	13.304	41.6392
6	SUCCESS	15	34.964	37.422	72.386
7	SUCCESS	15	48.1864	41.6392	89.8256
3	SUCCESS	15	112.848	0.01	112.858
9	SUCCESS	15	29.18	89.8256	119.0056
10	SUCCESS	15	27.8236	112.858	140.6816
12	SUCCESS	15	66.0712	140.6816	206.7528
13	SUCCESS	15	13.1676	206.7528	219.9204
8	SUCCESS	15	151.3088	72.386	223.6948
14	SUCCESS	15	39.5664	219.9204	259.4868
16	SUCCESS	15	22.5064	259.4868	281.9932
0	SUCCESS	15	317.7072	0.01	317.7172
17	SUCCESS	15	47.1176	281.9932	329.1108
19	SUCCESS	15	12.2264	329.1108	341.3372
20	SUCCESS	15	9.4448	341.3372	350.782
18	SUCCESS	15	74.0536	317.7172	391.7708
21	SUCCESS	15	51.2928	350.782	402.0748

========== METRICS ==========
Completed Cloudlets      : 5000
Makespan                 : 92886.0948 s
Degree of Imbalance      : 20
Average Waiting Time     : 46383.4689 s
Throughput               : 0.0538 cloudlets/s
Average VM Utilization*  : 19.9953 %

* Utilization is calculated from aggregate Cloudlet CPU time
  over the available VM time in this simplified model.
Week4_MET_TaskScheduling finished!
[INFO] ------------------------------------------------------------------------
[INFO] BUILD SUCCESS
[INFO] ------------------------------------------------------------------------
[INFO] Total time:  16.058 s
[INFO] Finished at: 2026-10-05T12:11:28+07:00
[INFO] ------------------------------------------------------------------------
