[INFO] Scanning for projects...
[INFO] 
[INFO] --------------< org.cloudbus.cloudsim:cloudsim-examples >---------------
[INFO] Building cloudsim-examples 7.0.1
[INFO]   from pom.xml
[INFO] --------------------------------[ jar ]---------------------------------
[INFO] 
[INFO] --- exec:3.6.4:java (default-cli) @ cloudsim-examples ---
Starting Week4_MET_TaskScheduling...
Initialising...
Dataset loaded: dataset/synthetic/Synthetic_2000.txt

========== CONFIGURATION ==========
Datacenters : 1
Hosts       : 10 (5 Class A + 5 Class B)
VMs         : 20
Cloudlets   : 2000
Algorithm   : Minimum Execution Time (MET)

VM assignment distribution:
VM 0 -> 0 cloudlets
VM 1 -> 0 cloudlets
VM 2 -> 0 cloudlets
VM 3 -> 0 cloudlets
VM 4 -> 0 cloudlets
VM 5 -> 0 cloudlets
VM 6 -> 0 cloudlets
VM 7 -> 0 cloudlets
VM 8 -> 0 cloudlets
VM 9 -> 0 cloudlets
VM 10 -> 0 cloudlets
VM 11 -> 0 cloudlets
VM 12 -> 0 cloudlets
VM 13 -> 0 cloudlets
VM 14 -> 0 cloudlets
VM 15 -> 2000 cloudlets
VM 16 -> 0 cloudlets
VM 17 -> 0 cloudlets
VM 18 -> 0 cloudlets
VM 19 -> 0 cloudlets

First 20 MET assignments:
Cloudlet 0 -> VM 15
Cloudlet 1 -> VM 15
Cloudlet 2 -> VM 15
Cloudlet 3 -> VM 15
Cloudlet 4 -> VM 15
Cloudlet 5 -> VM 15
Cloudlet 6 -> VM 15
Cloudlet 7 -> VM 15
Cloudlet 8 -> VM 15
Cloudlet 9 -> VM 15
Cloudlet 10 -> VM 15
Cloudlet 11 -> VM 15
Cloudlet 12 -> VM 15
Cloudlet 13 -> VM 15
Cloudlet 14 -> VM 15
Cloudlet 15 -> VM 15
Cloudlet 16 -> VM 15
Cloudlet 17 -> VM 15
Cloudlet 18 -> VM 15
Cloudlet 19 -> VM 15
Starting CloudSim version 7.0
0.0: Datacenter_0 is starting...
0.0: MET_Broker is starting...
Entities started.
0.0: MET_Broker: Cloud Resource List received with 1 datacenter(s)
0.0: MET_Broker: Trying to Create Vm #0 in Datacenter_0
0.0: MET_Broker: Trying to Create Vm #1 in Datacenter_0
0.0: MET_Broker: Trying to Create Vm #2 in Datacenter_0
0.0: MET_Broker: Trying to Create Vm #3 in Datacenter_0
0.0: MET_Broker: Trying to Create Vm #4 in Datacenter_0
0.0: MET_Broker: Trying to Create Vm #5 in Datacenter_0
0.0: MET_Broker: Trying to Create Vm #6 in Datacenter_0
0.0: MET_Broker: Trying to Create Vm #7 in Datacenter_0
0.0: MET_Broker: Trying to Create Vm #8 in Datacenter_0
0.0: MET_Broker: Trying to Create Vm #9 in Datacenter_0
0.0: MET_Broker: Trying to Create Vm #10 in Datacenter_0
0.0: MET_Broker: Trying to Create Vm #11 in Datacenter_0
0.0: MET_Broker: Trying to Create Vm #12 in Datacenter_0
0.0: MET_Broker: Trying to Create Vm #13 in Datacenter_0
0.0: MET_Broker: Trying to Create Vm #14 in Datacenter_0
0.0: MET_Broker: Trying to Create Vm #15 in Datacenter_0
0.0: MET_Broker: Trying to Create Vm #16 in Datacenter_0
0.0: MET_Broker: Trying to Create Vm #17 in Datacenter_0
0.0: MET_Broker: Trying to Create Vm #18 in Datacenter_0
0.0: MET_Broker: Trying to Create Vm #19 in Datacenter_0
0.0: Datacenter_0.guestAllocator: Vm #0 has been allocated to Host #5
0.0: Datacenter_0.guestAllocator: Vm #1 has been allocated to Host #6
0.0: Datacenter_0.guestAllocator: Vm #2 has been allocated to Host #7
0.0: Datacenter_0.guestAllocator: Vm #3 has been allocated to Host #8
0.0: Datacenter_0.guestAllocator: Vm #4 has been allocated to Host #9
0.0: Datacenter_0.guestAllocator: Vm #5 has been allocated to Host #5
0.0: Datacenter_0.guestAllocator: Vm #6 has been allocated to Host #6
0.0: Datacenter_0.guestAllocator: Vm #7 has been allocated to Host #7
0.0: Datacenter_0.guestAllocator: Vm #8 has been allocated to Host #8
0.0: Datacenter_0.guestAllocator: Vm #9 has been allocated to Host #9
0.0: Datacenter_0.guestAllocator: Vm #10 has been allocated to Host #5
0.0: Datacenter_0.guestAllocator: Vm #11 has been allocated to Host #6
0.0: Datacenter_0.guestAllocator: Vm #12 has been allocated to Host #7
0.0: Datacenter_0.guestAllocator: Vm #13 has been allocated to Host #8
0.0: Datacenter_0.guestAllocator: Vm #14 has been allocated to Host #9
0.0: Datacenter_0.guestAllocator: Vm #15 has been allocated to Host #5
0.0: Datacenter_0.guestAllocator: Vm #16 has been allocated to Host #6
0.0: Datacenter_0.guestAllocator: Vm #17 has been allocated to Host #7
0.0: Datacenter_0.guestAllocator: Vm #18 has been allocated to Host #8
0.0: Datacenter_0.guestAllocator: Vm #19 has been allocated to Host #9
0.01: MET_Broker: Vm #0 has been created in Datacenter #2, Host #5
0.01: MET_Broker: Vm #1 has been created in Datacenter #2, Host #6
0.01: MET_Broker: Vm #2 has been created in Datacenter #2, Host #7
0.01: MET_Broker: Vm #3 has been created in Datacenter #2, Host #8
0.01: MET_Broker: Vm #4 has been created in Datacenter #2, Host #9
0.01: MET_Broker: Vm #5 has been created in Datacenter #2, Host #5
0.01: MET_Broker: Vm #6 has been created in Datacenter #2, Host #6
0.01: MET_Broker: Vm #7 has been created in Datacenter #2, Host #7
0.01: MET_Broker: Vm #8 has been created in Datacenter #2, Host #8
0.01: MET_Broker: Vm #9 has been created in Datacenter #2, Host #9
0.01: MET_Broker: Vm #10 has been created in Datacenter #2, Host #5
0.01: MET_Broker: Vm #11 has been created in Datacenter #2, Host #6
0.01: MET_Broker: Vm #12 has been created in Datacenter #2, Host #7
0.01: MET_Broker: Vm #13 has been created in Datacenter #2, Host #8
0.01: MET_Broker: Vm #14 has been created in Datacenter #2, Host #9
0.01: MET_Broker: Vm #15 has been created in Datacenter #2, Host #5
0.01: MET_Broker: Vm #16 has been created in Datacenter #2, Host #6
0.01: MET_Broker: Vm #17 has been created in Datacenter #2, Host #7
0.01: MET_Broker: Vm #18 has been created in Datacenter #2, Host #8
0.01: MET_Broker: Vm #19 has been created in Datacenter #2, Host #9
0.01: MET_Broker: Sending Cloudlet #0 to Vm #15
0.01: MET_Broker: Sending Cloudlet #1 to Vm #15
0.01: MET_Broker: Sending Cloudlet #2 to Vm #15
0.01: MET_Broker: Sending Cloudlet #3 to Vm #15
0.01: MET_Broker: Sending Cloudlet #4 to Vm #15
0.01: MET_Broker: Sending Cloudlet #5 to Vm #15
0.01: MET_Broker: Sending Cloudlet #6 to Vm #15
0.01: MET_Broker: Sending Cloudlet #7 to Vm #15
0.01: MET_Broker: Sending Cloudlet #8 to Vm #15
0.01: MET_Broker: Sending Cloudlet #9 to Vm #15
0.01: MET_Broker: Sending Cloudlet #10 to Vm #15
0.01: MET_Broker: Sending Cloudlet #11 to Vm #15
0.01: MET_Broker: Sending Cloudlet #12 to Vm #15
0.01: MET_Broker: Sending Cloudlet #13 to Vm #15
0.01: MET_Broker: Sending Cloudlet #14 to Vm #15
0.01: MET_Broker: Sending Cloudlet #15 to Vm #15
0.01: MET_Broker: Sending Cloudlet #16 to Vm #15
0.01: MET_Broker: Sending Cloudlet #17 to Vm #15
0.01: MET_Broker: Sending Cloudlet #18 to Vm #15
0.01: MET_Broker: Sending Cloudlet #19 to Vm #15
0.01: MET_Broker: Sending Cloudlet #20 to Vm #15
0.01: MET_Broker: Sending Cloudlet #21 to Vm #15
0.01: MET_Broker: Sending Cloudlet #22 to Vm #15
0.01: MET_Broker: Sending Cloudlet #23 to Vm #15
0.01: MET_Broker: Sending Cloudlet #24 to Vm #15
0.01: MET_Broker: Sending Cloudlet #25 to Vm #15
0.01: MET_Broker: Sending Cloudlet #26 to Vm #15
0.01: MET_Broker: Sending Cloudlet #27 to Vm #15
0.01: MET_Broker: Sending Cloudlet #28 to Vm #15
0.01: MET_Broker: Sending Cloudlet #29 to Vm #15
0.01: MET_Broker: Sending Cloudlet #30 to Vm #15
0.01: MET_Broker: Sending Cloudlet #31 to Vm #15
0.01: MET_Broker: Sending Cloudlet #32 to Vm #15
0.01: MET_Broker: Sending Cloudlet #33 to Vm #15
0.01: MET_Broker: Sending Cloudlet #34 to Vm #15
0.01: MET_Broker: Sending Cloudlet #35 to Vm #15
0.01: MET_Broker: Sending Cloudlet #36 to Vm #15
0.01: MET_Broker: Sending Cloudlet #37 to Vm #15
0.01: MET_Broker: Sending Cloudlet #38 to Vm #15
0.01: MET_Broker: Sending Cloudlet #39 to Vm #15
0.01: MET_Broker: Sending Cloudlet #40 to Vm #15
0.01: MET_Broker: Sending Cloudlet #41 to Vm #15
0.01: MET_Broker: Sending Cloudlet #42 to Vm #15
0.01: MET_Broker: Sending Cloudlet #43 to Vm #15
0.01: MET_Broker: Sending Cloudlet #44 to Vm #15
0.01: MET_Broker: Sending Cloudlet #45 to Vm #15
0.01: MET_Broker: Sending Cloudlet #46 to Vm #15
0.01: MET_Broker: Sending Cloudlet #47 to Vm #15
0.01: MET_Broker: Sending Cloudlet #48 to Vm #15
0.01: MET_Broker: Sending Cloudlet #49 to Vm #15
0.01: MET_Broker: Sending Cloudlet #50 to Vm #15
0.01: MET_Broker: Sending Cloudlet #51 to Vm #15
0.01: MET_Broker: Sending Cloudlet #52 to Vm #15
0.01: MET_Broker: Sending Cloudlet #53 to Vm #15
0.01: MET_Broker: Sending Cloudlet #54 to Vm #15
0.01: MET_Broker: Sending Cloudlet #55 to Vm #15
0.01: MET_Broker: Sending Cloudlet #56 to Vm #15
0.01: MET_Broker: Sending Cloudlet #57 to Vm #15
0.01: MET_Broker: Sending Cloudlet #58 to Vm #15
0.01: MET_Broker: Sending Cloudlet #59 to Vm #15
0.01: MET_Broker: Sending Cloudlet #60 to Vm #15
0.01: MET_Broker: Sending Cloudlet #61 to Vm #15
0.01: MET_Broker: Sending Cloudlet #62 to Vm #15
0.01: MET_Broker: Sending Cloudlet #63 to Vm #15
0.01: MET_Broker: Sending Cloudlet #64 to Vm #15
0.01: MET_Broker: Sending Cloudlet #65 to Vm #15
0.01: MET_Broker: Sending Cloudlet #66 to Vm #15
0.01: MET_Broker: Sending Cloudlet #67 to Vm #15
0.01: MET_Broker: Sending Cloudlet #68 to Vm #15
0.01: MET_Broker: Sending Cloudlet #69 to Vm #15
0.01: MET_Broker: Sending Cloudlet #70 to Vm #15
0.01: MET_Broker: Sending Cloudlet #71 to Vm #15
0.01: MET_Broker: Sending Cloudlet #72 to Vm #15
0.01: MET_Broker: Sending Cloudlet #73 to Vm #15
0.01: MET_Broker: Sending Cloudlet #74 to Vm #15
0.01: MET_Broker: Sending Cloudlet #75 to Vm #15
0.01: MET_Broker: Sending Cloudlet #76 to Vm #15
0.01: MET_Broker: Sending Cloudlet #77 to Vm #15
0.01: MET_Broker: Sending Cloudlet #78 to Vm #15
0.01: MET_Broker: Sending Cloudlet #79 to Vm #15
0.01: MET_Broker: Sending Cloudlet #80 to Vm #15
0.01: MET_Broker: Sending Cloudlet #81 to Vm #15
0.01: MET_Broker: Sending Cloudlet #82 to Vm #15
0.01: MET_Broker: Sending Cloudlet #83 to Vm #15
0.01: MET_Broker: Sending Cloudlet #84 to Vm #15
0.01: MET_Broker: Sending Cloudlet #85 to Vm #15
0.01: MET_Broker: Sending Cloudlet #86 to Vm #15
0.01: MET_Broker: Sending Cloudlet #87 to Vm #15
0.01: MET_Broker: Sending Cloudlet #88 to Vm #15
0.01: MET_Broker: Sending Cloudlet #89 to Vm #15
0.01: MET_Broker: Sending Cloudlet #90 to Vm #15
0.01: MET_Broker: Sending Cloudlet #91 to Vm #15
0.01: MET_Broker: Sending Cloudlet #92 to Vm #15
0.01: MET_Broker: Sending Cloudlet #93 to Vm #15
0.01: MET_Broker: Sending Cloudlet #94 to Vm #15
0.01: MET_Broker: Sending Cloudlet #95 to Vm #15
0.01: MET_Broker: Sending Cloudlet #96 to Vm #15
0.01: MET_Broker: Sending Cloudlet #97 to Vm #15
0.01: MET_Broker: Sending Cloudlet #98 to Vm #15
0.01: MET_Broker: Sending Cloudlet #99 to Vm #15
0.01: MET_Broker: Sending Cloudlet #100 to Vm #15
0.01: MET_Broker: Sending Cloudlet #101 to Vm #15
0.01: MET_Broker: Sending Cloudlet #102 to Vm #15
0.01: MET_Broker: Sending Cloudlet #103 to Vm #15
0.01: MET_Broker: Sending Cloudlet #104 to Vm #15
0.01: MET_Broker: Sending Cloudlet #105 to Vm #15
0.01: MET_Broker: Sending Cloudlet #106 to Vm #15
0.01: MET_Broker: Sending Cloudlet #107 to Vm #15
0.01: MET_Broker: Sending Cloudlet #108 to Vm #15
0.01: MET_Broker: Sending Cloudlet #109 to Vm #15
0.01: MET_Broker: Sending Cloudlet #110 to Vm #15
0.01: MET_Broker: Sending Cloudlet #111 to Vm #15
0.01: MET_Broker: Sending Cloudlet #112 to Vm #15
0.01: MET_Broker: Sending Cloudlet #113 to Vm #15
0.01: MET_Broker: Sending Cloudlet #114 to Vm #15
0.01: MET_Broker: Sending Cloudlet #115 to Vm #15
0.01: MET_Broker: Sending Cloudlet #116 to Vm #15
0.01: MET_Broker: Sending Cloudlet #117 to Vm #15
0.01: MET_Broker: Sending Cloudlet #118 to Vm #15
0.01: MET_Broker: Sending Cloudlet #119 to Vm #15
0.01: MET_Broker: Sending Cloudlet #120 to Vm #15
0.01: MET_Broker: Sending Cloudlet #121 to Vm #15
0.01: MET_Broker: Sending Cloudlet #122 to Vm #15
0.01: MET_Broker: Sending Cloudlet #123 to Vm #15
0.01: MET_Broker: Sending Cloudlet #124 to Vm #15
0.01: MET_Broker: Sending Cloudlet #125 to Vm #15
0.01: MET_Broker: Sending Cloudlet #126 to Vm #15
0.01: MET_Broker: Sending Cloudlet #127 to Vm #15
0.01: MET_Broker: Sending Cloudlet #128 to Vm #15
0.01: MET_Broker: Sending Cloudlet #129 to Vm #15
0.01: MET_Broker: Sending Cloudlet #130 to Vm #15
0.01: MET_Broker: Sending Cloudlet #131 to Vm #15
0.01: MET_Broker: Sending Cloudlet #132 to Vm #15
0.01: MET_Broker: Sending Cloudlet #133 to Vm #15
0.01: MET_Broker: Sending Cloudlet #134 to Vm #15
0.01: MET_Broker: Sending Cloudlet #135 to Vm #15
0.01: MET_Broker: Sending Cloudlet #136 to Vm #15
0.01: MET_Broker: Sending Cloudlet #137 to Vm #15
0.01: MET_Broker: Sending Cloudlet #138 to Vm #15
0.01: MET_Broker: Sending Cloudlet #139 to Vm #15
0.01: MET_Broker: Sending Cloudlet #140 to Vm #15
0.01: MET_Broker: Sending Cloudlet #141 to Vm #15
0.01: MET_Broker: Sending Cloudlet #142 to Vm #15
0.01: MET_Broker: Sending Cloudlet #143 to Vm #15
0.01: MET_Broker: Sending Cloudlet #144 to Vm #15
0.01: MET_Broker: Sending Cloudlet #145 to Vm #15
0.01: MET_Broker: Sending Cloudlet #146 to Vm #15
0.01: MET_Broker: Sending Cloudlet #147 to Vm #15
0.01: MET_Broker: Sending Cloudlet #148 to Vm #15
0.01: MET_Broker: Sending Cloudlet #149 to Vm #15
0.01: MET_Broker: Sending Cloudlet #150 to Vm #15
0.01: MET_Broker: Sending Cloudlet #151 to Vm #15
0.01: MET_Broker: Sending Cloudlet #152 to Vm #15
0.01: MET_Broker: Sending Cloudlet #153 to Vm #15
0.01: MET_Broker: Sending Cloudlet #154 to Vm #15
0.01: MET_Broker: Sending Cloudlet #155 to Vm #15
0.01: MET_Broker: Sending Cloudlet #156 to Vm #15
0.01: MET_Broker: Sending Cloudlet #157 to Vm #15
0.01: MET_Broker: Sending Cloudlet #158 to Vm #15
0.01: MET_Broker: Sending Cloudlet #159 to Vm #15
0.01: MET_Broker: Sending Cloudlet #160 to Vm #15
0.01: MET_Broker: Sending Cloudlet #161 to Vm #15
0.01: MET_Broker: Sending Cloudlet #162 to Vm #15
0.01: MET_Broker: Sending Cloudlet #163 to Vm #15
0.01: MET_Broker: Sending Cloudlet #164 to Vm #15
0.01: MET_Broker: Sending Cloudlet #165 to Vm #15
0.01: MET_Broker: Sending Cloudlet #166 to Vm #15
0.01: MET_Broker: Sending Cloudlet #167 to Vm #15
0.01: MET_Broker: Sending Cloudlet #168 to Vm #15
0.01: MET_Broker: Sending Cloudlet #169 to Vm #15
0.01: MET_Broker: Sending Cloudlet #170 to Vm #15
0.01: MET_Broker: Sending Cloudlet #171 to Vm #15
0.01: MET_Broker: Sending Cloudlet #172 to Vm #15
0.01: MET_Broker: Sending Cloudlet #173 to Vm #15
0.01: MET_Broker: Sending Cloudlet #174 to Vm #15
0.01: MET_Broker: Sending Cloudlet #175 to Vm #15
0.01: MET_Broker: Sending Cloudlet #176 to Vm #15
0.01: MET_Broker: Sending Cloudlet #177 to Vm #15
0.01: MET_Broker: Sending Cloudlet #178 to Vm #15
0.01: MET_Broker: Sending Cloudlet #179 to Vm #15
0.01: MET_Broker: Sending Cloudlet #180 to Vm #15
0.01: MET_Broker: Sending Cloudlet #181 to Vm #15
0.01: MET_Broker: Sending Cloudlet #182 to Vm #15
0.01: MET_Broker: Sending Cloudlet #183 to Vm #15
0.01: MET_Broker: Sending Cloudlet #184 to Vm #15
0.01: MET_Broker: Sending Cloudlet #185 to Vm #15
0.01: MET_Broker: Sending Cloudlet #186 to Vm #15
0.01: MET_Broker: Sending Cloudlet #187 to Vm #15
0.01: MET_Broker: Sending Cloudlet #188 to Vm #15
0.01: MET_Broker: Sending Cloudlet #189 to Vm #15
0.01: MET_Broker: Sending Cloudlet #190 to Vm #15
0.01: MET_Broker: Sending Cloudlet #191 to Vm #15
0.01: MET_Broker: Sending Cloudlet #192 to Vm #15
0.01: MET_Broker: Sending Cloudlet #193 to Vm #15
0.01: MET_Broker: Sending Cloudlet #194 to Vm #15
0.01: MET_Broker: Sending Cloudlet #195 to Vm #15
0.01: MET_Broker: Sending Cloudlet #196 to Vm #15
0.01: MET_Broker: Sending Cloudlet #197 to Vm #15
0.01: MET_Broker: Sending Cloudlet #198 to Vm #15
0.01: MET_Broker: Sending Cloudlet #199 to Vm #15
0.01: MET_Broker: Sending Cloudlet #200 to Vm #15
0.01: MET_Broker: Sending Cloudlet #201 to Vm #15
0.01: MET_Broker: Sending Cloudlet #202 to Vm #15
0.01: MET_Broker: Sending Cloudlet #203 to Vm #15
0.01: MET_Broker: Sending Cloudlet #204 to Vm #15
0.01: MET_Broker: Sending Cloudlet #205 to Vm #15
0.01: MET_Broker: Sending Cloudlet #206 to Vm #15
0.01: MET_Broker: Sending Cloudlet #207 to Vm #15
0.01: MET_Broker: Sending Cloudlet #208 to Vm #15
0.01: MET_Broker: Sending Cloudlet #209 to Vm #15
0.01: MET_Broker: Sending Cloudlet #210 to Vm #15
0.01: MET_Broker: Sending Cloudlet #211 to Vm #15
0.01: MET_Broker: Sending Cloudlet #212 to Vm #15
0.01: MET_Broker: Sending Cloudlet #213 to Vm #15
0.01: MET_Broker: Sending Cloudlet #214 to Vm #15
0.01: MET_Broker: Sending Cloudlet #215 to Vm #15
0.01: MET_Broker: Sending Cloudlet #216 to Vm #15
0.01: MET_Broker: Sending Cloudlet #217 to Vm #15
0.01: MET_Broker: Sending Cloudlet #218 to Vm #15
0.01: MET_Broker: Sending Cloudlet #219 to Vm #15
0.01: MET_Broker: Sending Cloudlet #220 to Vm #15
0.01: MET_Broker: Sending Cloudlet #221 to Vm #15
0.01: MET_Broker: Sending Cloudlet #222 to Vm #15
0.01: MET_Broker: Sending Cloudlet #223 to Vm #15
0.01: MET_Broker: Sending Cloudlet #224 to Vm #15
0.01: MET_Broker: Sending Cloudlet #225 to Vm #15
0.01: MET_Broker: Sending Cloudlet #226 to Vm #15
0.01: MET_Broker: Sending Cloudlet #227 to Vm #15
0.01: MET_Broker: Sending Cloudlet #228 to Vm #15
0.01: MET_Broker: Sending Cloudlet #229 to Vm #15
0.01: MET_Broker: Sending Cloudlet #230 to Vm #15
0.01: MET_Broker: Sending Cloudlet #231 to Vm #15
0.01: MET_Broker: Sending Cloudlet #232 to Vm #15
0.01: MET_Broker: Sending Cloudlet #233 to Vm #15
0.01: MET_Broker: Sending Cloudlet #234 to Vm #15
0.01: MET_Broker: Sending Cloudlet #235 to Vm #15
0.01: MET_Broker: Sending Cloudlet #236 to Vm #15
0.01: MET_Broker: Sending Cloudlet #237 to Vm #15
0.01: MET_Broker: Sending Cloudlet #238 to Vm #15
0.01: MET_Broker: Sending Cloudlet #239 to Vm #15
0.01: MET_Broker: Sending Cloudlet #240 to Vm #15
0.01: MET_Broker: Sending Cloudlet #241 to Vm #15
0.01: MET_Broker: Sending Cloudlet #242 to Vm #15
0.01: MET_Broker: Sending Cloudlet #243 to Vm #15
0.01: MET_Broker: Sending Cloudlet #244 to Vm #15
0.01: MET_Broker: Sending Cloudlet #245 to Vm #15
0.01: MET_Broker: Sending Cloudlet #246 to Vm #15
0.01: MET_Broker: Sending Cloudlet #247 to Vm #15
0.01: MET_Broker: Sending Cloudlet #248 to Vm #15
0.01: MET_Broker: Sending Cloudlet #249 to Vm #15
0.01: MET_Broker: Sending Cloudlet #250 to Vm #15
0.01: MET_Broker: Sending Cloudlet #251 to Vm #15
0.01: MET_Broker: Sending Cloudlet #252 to Vm #15
0.01: MET_Broker: Sending Cloudlet #253 to Vm #15
0.01: MET_Broker: Sending Cloudlet #254 to Vm #15
0.01: MET_Broker: Sending Cloudlet #255 to Vm #15
0.01: MET_Broker: Sending Cloudlet #256 to Vm #15
0.01: MET_Broker: Sending Cloudlet #257 to Vm #15
0.01: MET_Broker: Sending Cloudlet #258 to Vm #15
0.01: MET_Broker: Sending Cloudlet #259 to Vm #15
0.01: MET_Broker: Sending Cloudlet #260 to Vm #15
0.01: MET_Broker: Sending Cloudlet #261 to Vm #15
0.01: MET_Broker: Sending Cloudlet #262 to Vm #15
0.01: MET_Broker: Sending Cloudlet #263 to Vm #15
0.01: MET_Broker: Sending Cloudlet #264 to Vm #15
0.01: MET_Broker: Sending Cloudlet #265 to Vm #15
0.01: MET_Broker: Sending Cloudlet #266 to Vm #15
0.01: MET_Broker: Sending Cloudlet #267 to Vm #15
0.01: MET_Broker: Sending Cloudlet #268 to Vm #15
0.01: MET_Broker: Sending Cloudlet #269 to Vm #15
0.01: MET_Broker: Sending Cloudlet #270 to Vm #15
0.01: MET_Broker: Sending Cloudlet #271 to Vm #15
0.01: MET_Broker: Sending Cloudlet #272 to Vm #15
0.01: MET_Broker: Sending Cloudlet #273 to Vm #15
0.01: MET_Broker: Sending Cloudlet #274 to Vm #15
0.01: MET_Broker: Sending Cloudlet #275 to Vm #15
0.01: MET_Broker: Sending Cloudlet #276 to Vm #15
0.01: MET_Broker: Sending Cloudlet #277 to Vm #15
0.01: MET_Broker: Sending Cloudlet #278 to Vm #15
0.01: MET_Broker: Sending Cloudlet #279 to Vm #15
0.01: MET_Broker: Sending Cloudlet #280 to Vm #15
0.01: MET_Broker: Sending Cloudlet #281 to Vm #15
0.01: MET_Broker: Sending Cloudlet #282 to Vm #15
0.01: MET_Broker: Sending Cloudlet #283 to Vm #15
0.01: MET_Broker: Sending Cloudlet #284 to Vm #15
0.01: MET_Broker: Sending Cloudlet #285 to Vm #15
0.01: MET_Broker: Sending Cloudlet #286 to Vm #15
0.01: MET_Broker: Sending Cloudlet #287 to Vm #15
0.01: MET_Broker: Sending Cloudlet #288 to Vm #15
0.01: MET_Broker: Sending Cloudlet #289 to Vm #15
0.01: MET_Broker: Sending Cloudlet #290 to Vm #15
0.01: MET_Broker: Sending Cloudlet #291 to Vm #15
0.01: MET_Broker: Sending Cloudlet #292 to Vm #15
0.01: MET_Broker: Sending Cloudlet #293 to Vm #15
0.01: MET_Broker: Sending Cloudlet #294 to Vm #15
0.01: MET_Broker: Sending Cloudlet #295 to Vm #15
0.01: MET_Broker: Sending Cloudlet #296 to Vm #15
0.01: MET_Broker: Sending Cloudlet #297 to Vm #15
0.01: MET_Broker: Sending Cloudlet #298 to Vm #15
0.01: MET_Broker: Sending Cloudlet #299 to Vm #15
0.01: MET_Broker: Sending Cloudlet #300 to Vm #15
0.01: MET_Broker: Sending Cloudlet #301 to Vm #15
0.01: MET_Broker: Sending Cloudlet #302 to Vm #15
0.01: MET_Broker: Sending Cloudlet #303 to Vm #15
0.01: MET_Broker: Sending Cloudlet #304 to Vm #15
0.01: MET_Broker: Sending Cloudlet #305 to Vm #15
0.01: MET_Broker: Sending Cloudlet #306 to Vm #15
0.01: MET_Broker: Sending Cloudlet #307 to Vm #15
0.01: MET_Broker: Sending Cloudlet #308 to Vm #15
0.01: MET_Broker: Sending Cloudlet #309 to Vm #15
0.01: MET_Broker: Sending Cloudlet #310 to Vm #15
0.01: MET_Broker: Sending Cloudlet #311 to Vm #15
0.01: MET_Broker: Sending Cloudlet #312 to Vm #15
0.01: MET_Broker: Sending Cloudlet #313 to Vm #15
0.01: MET_Broker: Sending Cloudlet #314 to Vm #15
0.01: MET_Broker: Sending Cloudlet #315 to Vm #15
0.01: MET_Broker: Sending Cloudlet #316 to Vm #15
0.01: MET_Broker: Sending Cloudlet #317 to Vm #15
0.01: MET_Broker: Sending Cloudlet #318 to Vm #15
0.01: MET_Broker: Sending Cloudlet #319 to Vm #15
0.01: MET_Broker: Sending Cloudlet #320 to Vm #15
0.01: MET_Broker: Sending Cloudlet #321 to Vm #15
0.01: MET_Broker: Sending Cloudlet #322 to Vm #15
0.01: MET_Broker: Sending Cloudlet #323 to Vm #15
0.01: MET_Broker: Sending Cloudlet #324 to Vm #15
0.01: MET_Broker: Sending Cloudlet #325 to Vm #15
0.01: MET_Broker: Sending Cloudlet #326 to Vm #15
0.01: MET_Broker: Sending Cloudlet #327 to Vm #15
0.01: MET_Broker: Sending Cloudlet #328 to Vm #15
0.01: MET_Broker: Sending Cloudlet #329 to Vm #15
0.01: MET_Broker: Sending Cloudlet #330 to Vm #15
0.01: MET_Broker: Sending Cloudlet #331 to Vm #15
0.01: MET_Broker: Sending Cloudlet #332 to Vm #15
0.01: MET_Broker: Sending Cloudlet #333 to Vm #15
0.01: MET_Broker: Sending Cloudlet #334 to Vm #15
0.01: MET_Broker: Sending Cloudlet #335 to Vm #15
0.01: MET_Broker: Sending Cloudlet #336 to Vm #15
0.01: MET_Broker: Sending Cloudlet #337 to Vm #15
0.01: MET_Broker: Sending Cloudlet #338 to Vm #15
0.01: MET_Broker: Sending Cloudlet #339 to Vm #15
0.01: MET_Broker: Sending Cloudlet #340 to Vm #15
0.01: MET_Broker: Sending Cloudlet #341 to Vm #15
0.01: MET_Broker: Sending Cloudlet #342 to Vm #15
0.01: MET_Broker: Sending Cloudlet #343 to Vm #15
0.01: MET_Broker: Sending Cloudlet #344 to Vm #15
0.01: MET_Broker: Sending Cloudlet #345 to Vm #15
0.01: MET_Broker: Sending Cloudlet #346 to Vm #15
0.01: MET_Broker: Sending Cloudlet #347 to Vm #15
0.01: MET_Broker: Sending Cloudlet #348 to Vm #15
0.01: MET_Broker: Sending Cloudlet #349 to Vm #15
0.01: MET_Broker: Sending Cloudlet #350 to Vm #15
0.01: MET_Broker: Sending Cloudlet #351 to Vm #15
0.01: MET_Broker: Sending Cloudlet #352 to Vm #15
0.01: MET_Broker: Sending Cloudlet #353 to Vm #15
0.01: MET_Broker: Sending Cloudlet #354 to Vm #15
0.01: MET_Broker: Sending Cloudlet #355 to Vm #15
0.01: MET_Broker: Sending Cloudlet #356 to Vm #15
0.01: MET_Broker: Sending Cloudlet #357 to Vm #15
0.01: MET_Broker: Sending Cloudlet #358 to Vm #15
0.01: MET_Broker: Sending Cloudlet #359 to Vm #15
0.01: MET_Broker: Sending Cloudlet #360 to Vm #15
0.01: MET_Broker: Sending Cloudlet #361 to Vm #15
0.01: MET_Broker: Sending Cloudlet #362 to Vm #15
0.01: MET_Broker: Sending Cloudlet #363 to Vm #15
0.01: MET_Broker: Sending Cloudlet #364 to Vm #15
0.01: MET_Broker: Sending Cloudlet #365 to Vm #15
0.01: MET_Broker: Sending Cloudlet #366 to Vm #15
0.01: MET_Broker: Sending Cloudlet #367 to Vm #15
0.01: MET_Broker: Sending Cloudlet #368 to Vm #15
0.01: MET_Broker: Sending Cloudlet #369 to Vm #15
0.01: MET_Broker: Sending Cloudlet #370 to Vm #15
0.01: MET_Broker: Sending Cloudlet #371 to Vm #15
0.01: MET_Broker: Sending Cloudlet #372 to Vm #15
0.01: MET_Broker: Sending Cloudlet #373 to Vm #15
0.01: MET_Broker: Sending Cloudlet #374 to Vm #15
0.01: MET_Broker: Sending Cloudlet #375 to Vm #15
0.01: MET_Broker: Sending Cloudlet #376 to Vm #15
0.01: MET_Broker: Sending Cloudlet #377 to Vm #15
0.01: MET_Broker: Sending Cloudlet #378 to Vm #15
0.01: MET_Broker: Sending Cloudlet #379 to Vm #15
0.01: MET_Broker: Sending Cloudlet #380 to Vm #15
0.01: MET_Broker: Sending Cloudlet #381 to Vm #15
0.01: MET_Broker: Sending Cloudlet #382 to Vm #15
0.01: MET_Broker: Sending Cloudlet #383 to Vm #15
0.01: MET_Broker: Sending Cloudlet #384 to Vm #15
0.01: MET_Broker: Sending Cloudlet #385 to Vm #15
0.01: MET_Broker: Sending Cloudlet #386 to Vm #15
0.01: MET_Broker: Sending Cloudlet #387 to Vm #15
0.01: MET_Broker: Sending Cloudlet #388 to Vm #15
0.01: MET_Broker: Sending Cloudlet #389 to Vm #15
0.01: MET_Broker: Sending Cloudlet #390 to Vm #15
0.01: MET_Broker: Sending Cloudlet #391 to Vm #15
0.01: MET_Broker: Sending Cloudlet #392 to Vm #15
0.01: MET_Broker: Sending Cloudlet #393 to Vm #15
0.01: MET_Broker: Sending Cloudlet #394 to Vm #15
0.01: MET_Broker: Sending Cloudlet #395 to Vm #15
0.01: MET_Broker: Sending Cloudlet #396 to Vm #15
0.01: MET_Broker: Sending Cloudlet #397 to Vm #15
0.01: MET_Broker: Sending Cloudlet #398 to Vm #15
0.01: MET_Broker: Sending Cloudlet #399 to Vm #15
0.01: MET_Broker: Sending Cloudlet #400 to Vm #15
0.01: MET_Broker: Sending Cloudlet #401 to Vm #15
0.01: MET_Broker: Sending Cloudlet #402 to Vm #15
0.01: MET_Broker: Sending Cloudlet #403 to Vm #15
0.01: MET_Broker: Sending Cloudlet #404 to Vm #15
0.01: MET_Broker: Sending Cloudlet #405 to Vm #15
0.01: MET_Broker: Sending Cloudlet #406 to Vm #15
0.01: MET_Broker: Sending Cloudlet #407 to Vm #15
0.01: MET_Broker: Sending Cloudlet #408 to Vm #15
0.01: MET_Broker: Sending Cloudlet #409 to Vm #15
0.01: MET_Broker: Sending Cloudlet #410 to Vm #15
0.01: MET_Broker: Sending Cloudlet #411 to Vm #15
0.01: MET_Broker: Sending Cloudlet #412 to Vm #15
0.01: MET_Broker: Sending Cloudlet #413 to Vm #15
0.01: MET_Broker: Sending Cloudlet #414 to Vm #15
0.01: MET_Broker: Sending Cloudlet #415 to Vm #15
0.01: MET_Broker: Sending Cloudlet #416 to Vm #15
0.01: MET_Broker: Sending Cloudlet #417 to Vm #15
0.01: MET_Broker: Sending Cloudlet #418 to Vm #15
0.01: MET_Broker: Sending Cloudlet #419 to Vm #15
0.01: MET_Broker: Sending Cloudlet #420 to Vm #15
0.01: MET_Broker: Sending Cloudlet #421 to Vm #15
0.01: MET_Broker: Sending Cloudlet #422 to Vm #15
0.01: MET_Broker: Sending Cloudlet #423 to Vm #15
0.01: MET_Broker: Sending Cloudlet #424 to Vm #15
0.01: MET_Broker: Sending Cloudlet #425 to Vm #15
0.01: MET_Broker: Sending Cloudlet #426 to Vm #15
0.01: MET_Broker: Sending Cloudlet #427 to Vm #15
0.01: MET_Broker: Sending Cloudlet #428 to Vm #15
0.01: MET_Broker: Sending Cloudlet #429 to Vm #15
0.01: MET_Broker: Sending Cloudlet #430 to Vm #15
0.01: MET_Broker: Sending Cloudlet #431 to Vm #15
0.01: MET_Broker: Sending Cloudlet #432 to Vm #15
0.01: MET_Broker: Sending Cloudlet #433 to Vm #15
0.01: MET_Broker: Sending Cloudlet #434 to Vm #15
0.01: MET_Broker: Sending Cloudlet #435 to Vm #15
0.01: MET_Broker: Sending Cloudlet #436 to Vm #15
0.01: MET_Broker: Sending Cloudlet #437 to Vm #15
0.01: MET_Broker: Sending Cloudlet #438 to Vm #15
0.01: MET_Broker: Sending Cloudlet #439 to Vm #15
0.01: MET_Broker: Sending Cloudlet #440 to Vm #15
0.01: MET_Broker: Sending Cloudlet #441 to Vm #15
0.01: MET_Broker: Sending Cloudlet #442 to Vm #15
0.01: MET_Broker: Sending Cloudlet #443 to Vm #15
0.01: MET_Broker: Sending Cloudlet #444 to Vm #15
0.01: MET_Broker: Sending Cloudlet #445 to Vm #15
0.01: MET_Broker: Sending Cloudlet #446 to Vm #15
0.01: MET_Broker: Sending Cloudlet #447 to Vm #15
0.01: MET_Broker: Sending Cloudlet #448 to Vm #15
0.01: MET_Broker: Sending Cloudlet #449 to Vm #15
0.01: MET_Broker: Sending Cloudlet #450 to Vm #15
0.01: MET_Broker: Sending Cloudlet #451 to Vm #15
0.01: MET_Broker: Sending Cloudlet #452 to Vm #15
0.01: MET_Broker: Sending Cloudlet #453 to Vm #15
0.01: MET_Broker: Sending Cloudlet #454 to Vm #15
0.01: MET_Broker: Sending Cloudlet #455 to Vm #15
0.01: MET_Broker: Sending Cloudlet #456 to Vm #15
0.01: MET_Broker: Sending Cloudlet #457 to Vm #15
0.01: MET_Broker: Sending Cloudlet #458 to Vm #15
0.01: MET_Broker: Sending Cloudlet #459 to Vm #15
0.01: MET_Broker: Sending Cloudlet #460 to Vm #15
0.01: MET_Broker: Sending Cloudlet #461 to Vm #15
0.01: MET_Broker: Sending Cloudlet #462 to Vm #15
0.01: MET_Broker: Sending Cloudlet #463 to Vm #15
0.01: MET_Broker: Sending Cloudlet #464 to Vm #15
0.01: MET_Broker: Sending Cloudlet #465 to Vm #15
0.01: MET_Broker: Sending Cloudlet #466 to Vm #15
0.01: MET_Broker: Sending Cloudlet #467 to Vm #15
0.01: MET_Broker: Sending Cloudlet #468 to Vm #15
0.01: MET_Broker: Sending Cloudlet #469 to Vm #15
0.01: MET_Broker: Sending Cloudlet #470 to Vm #15
0.01: MET_Broker: Sending Cloudlet #471 to Vm #15
0.01: MET_Broker: Sending Cloudlet #472 to Vm #15
0.01: MET_Broker: Sending Cloudlet #473 to Vm #15
0.01: MET_Broker: Sending Cloudlet #474 to Vm #15
0.01: MET_Broker: Sending Cloudlet #475 to Vm #15
0.01: MET_Broker: Sending Cloudlet #476 to Vm #15
0.01: MET_Broker: Sending Cloudlet #477 to Vm #15
0.01: MET_Broker: Sending Cloudlet #478 to Vm #15
0.01: MET_Broker: Sending Cloudlet #479 to Vm #15
0.01: MET_Broker: Sending Cloudlet #480 to Vm #15
0.01: MET_Broker: Sending Cloudlet #481 to Vm #15
0.01: MET_Broker: Sending Cloudlet #482 to Vm #15
0.01: MET_Broker: Sending Cloudlet #483 to Vm #15
0.01: MET_Broker: Sending Cloudlet #484 to Vm #15
0.01: MET_Broker: Sending Cloudlet #485 to Vm #15
0.01: MET_Broker: Sending Cloudlet #486 to Vm #15
0.01: MET_Broker: Sending Cloudlet #487 to Vm #15
0.01: MET_Broker: Sending Cloudlet #488 to Vm #15
0.01: MET_Broker: Sending Cloudlet #489 to Vm #15
0.01: MET_Broker: Sending Cloudlet #490 to Vm #15
0.01: MET_Broker: Sending Cloudlet #491 to Vm #15
0.01: MET_Broker: Sending Cloudlet #492 to Vm #15
0.01: MET_Broker: Sending Cloudlet #493 to Vm #15
0.01: MET_Broker: Sending Cloudlet #494 to Vm #15
0.01: MET_Broker: Sending Cloudlet #495 to Vm #15
0.01: MET_Broker: Sending Cloudlet #496 to Vm #15
0.01: MET_Broker: Sending Cloudlet #497 to Vm #15
0.01: MET_Broker: Sending Cloudlet #498 to Vm #15
0.01: MET_Broker: Sending Cloudlet #499 to Vm #15
0.01: MET_Broker: Sending Cloudlet #500 to Vm #15
0.01: MET_Broker: Sending Cloudlet #501 to Vm #15
0.01: MET_Broker: Sending Cloudlet #502 to Vm #15
0.01: MET_Broker: Sending Cloudlet #503 to Vm #15
0.01: MET_Broker: Sending Cloudlet #504 to Vm #15
0.01: MET_Broker: Sending Cloudlet #505 to Vm #15
0.01: MET_Broker: Sending Cloudlet #506 to Vm #15
0.01: MET_Broker: Sending Cloudlet #507 to Vm #15
0.01: MET_Broker: Sending Cloudlet #508 to Vm #15
0.01: MET_Broker: Sending Cloudlet #509 to Vm #15
0.01: MET_Broker: Sending Cloudlet #510 to Vm #15
0.01: MET_Broker: Sending Cloudlet #511 to Vm #15
0.01: MET_Broker: Sending Cloudlet #512 to Vm #15
0.01: MET_Broker: Sending Cloudlet #513 to Vm #15
0.01: MET_Broker: Sending Cloudlet #514 to Vm #15
0.01: MET_Broker: Sending Cloudlet #515 to Vm #15
0.01: MET_Broker: Sending Cloudlet #516 to Vm #15
0.01: MET_Broker: Sending Cloudlet #517 to Vm #15
0.01: MET_Broker: Sending Cloudlet #518 to Vm #15
0.01: MET_Broker: Sending Cloudlet #519 to Vm #15
0.01: MET_Broker: Sending Cloudlet #520 to Vm #15
0.01: MET_Broker: Sending Cloudlet #521 to Vm #15
0.01: MET_Broker: Sending Cloudlet #522 to Vm #15
0.01: MET_Broker: Sending Cloudlet #523 to Vm #15
0.01: MET_Broker: Sending Cloudlet #524 to Vm #15
0.01: MET_Broker: Sending Cloudlet #525 to Vm #15
0.01: MET_Broker: Sending Cloudlet #526 to Vm #15
0.01: MET_Broker: Sending Cloudlet #527 to Vm #15
0.01: MET_Broker: Sending Cloudlet #528 to Vm #15
0.01: MET_Broker: Sending Cloudlet #529 to Vm #15
0.01: MET_Broker: Sending Cloudlet #530 to Vm #15
0.01: MET_Broker: Sending Cloudlet #531 to Vm #15
0.01: MET_Broker: Sending Cloudlet #532 to Vm #15
0.01: MET_Broker: Sending Cloudlet #533 to Vm #15
0.01: MET_Broker: Sending Cloudlet #534 to Vm #15
0.01: MET_Broker: Sending Cloudlet #535 to Vm #15
0.01: MET_Broker: Sending Cloudlet #536 to Vm #15
0.01: MET_Broker: Sending Cloudlet #537 to Vm #15
0.01: MET_Broker: Sending Cloudlet #538 to Vm #15
0.01: MET_Broker: Sending Cloudlet #539 to Vm #15
0.01: MET_Broker: Sending Cloudlet #540 to Vm #15
0.01: MET_Broker: Sending Cloudlet #541 to Vm #15
0.01: MET_Broker: Sending Cloudlet #542 to Vm #15
0.01: MET_Broker: Sending Cloudlet #543 to Vm #15
0.01: MET_Broker: Sending Cloudlet #544 to Vm #15
0.01: MET_Broker: Sending Cloudlet #545 to Vm #15
0.01: MET_Broker: Sending Cloudlet #546 to Vm #15
0.01: MET_Broker: Sending Cloudlet #547 to Vm #15
0.01: MET_Broker: Sending Cloudlet #548 to Vm #15
0.01: MET_Broker: Sending Cloudlet #549 to Vm #15
0.01: MET_Broker: Sending Cloudlet #550 to Vm #15
0.01: MET_Broker: Sending Cloudlet #551 to Vm #15
0.01: MET_Broker: Sending Cloudlet #552 to Vm #15
0.01: MET_Broker: Sending Cloudlet #553 to Vm #15
0.01: MET_Broker: Sending Cloudlet #554 to Vm #15
0.01: MET_Broker: Sending Cloudlet #555 to Vm #15
0.01: MET_Broker: Sending Cloudlet #556 to Vm #15
0.01: MET_Broker: Sending Cloudlet #557 to Vm #15
0.01: MET_Broker: Sending Cloudlet #558 to Vm #15
0.01: MET_Broker: Sending Cloudlet #559 to Vm #15
0.01: MET_Broker: Sending Cloudlet #560 to Vm #15
0.01: MET_Broker: Sending Cloudlet #561 to Vm #15
0.01: MET_Broker: Sending Cloudlet #562 to Vm #15
0.01: MET_Broker: Sending Cloudlet #563 to Vm #15
0.01: MET_Broker: Sending Cloudlet #564 to Vm #15
0.01: MET_Broker: Sending Cloudlet #565 to Vm #15
0.01: MET_Broker: Sending Cloudlet #566 to Vm #15
0.01: MET_Broker: Sending Cloudlet #567 to Vm #15
0.01: MET_Broker: Sending Cloudlet #568 to Vm #15
0.01: MET_Broker: Sending Cloudlet #569 to Vm #15
0.01: MET_Broker: Sending Cloudlet #570 to Vm #15
0.01: MET_Broker: Sending Cloudlet #571 to Vm #15
0.01: MET_Broker: Sending Cloudlet #572 to Vm #15
0.01: MET_Broker: Sending Cloudlet #573 to Vm #15
0.01: MET_Broker: Sending Cloudlet #574 to Vm #15
0.01: MET_Broker: Sending Cloudlet #575 to Vm #15
0.01: MET_Broker: Sending Cloudlet #576 to Vm #15
0.01: MET_Broker: Sending Cloudlet #577 to Vm #15
0.01: MET_Broker: Sending Cloudlet #578 to Vm #15
0.01: MET_Broker: Sending Cloudlet #579 to Vm #15
0.01: MET_Broker: Sending Cloudlet #580 to Vm #15
0.01: MET_Broker: Sending Cloudlet #581 to Vm #15
0.01: MET_Broker: Sending Cloudlet #582 to Vm #15
0.01: MET_Broker: Sending Cloudlet #583 to Vm #15
0.01: MET_Broker: Sending Cloudlet #584 to Vm #15
0.01: MET_Broker: Sending Cloudlet #585 to Vm #15
0.01: MET_Broker: Sending Cloudlet #586 to Vm #15
0.01: MET_Broker: Sending Cloudlet #587 to Vm #15
0.01: MET_Broker: Sending Cloudlet #588 to Vm #15
0.01: MET_Broker: Sending Cloudlet #589 to Vm #15
0.01: MET_Broker: Sending Cloudlet #590 to Vm #15
0.01: MET_Broker: Sending Cloudlet #591 to Vm #15
0.01: MET_Broker: Sending Cloudlet #592 to Vm #15
0.01: MET_Broker: Sending Cloudlet #593 to Vm #15
0.01: MET_Broker: Sending Cloudlet #594 to Vm #15
0.01: MET_Broker: Sending Cloudlet #595 to Vm #15
0.01: MET_Broker: Sending Cloudlet #596 to Vm #15
0.01: MET_Broker: Sending Cloudlet #597 to Vm #15
0.01: MET_Broker: Sending Cloudlet #598 to Vm #15
0.01: MET_Broker: Sending Cloudlet #599 to Vm #15
0.01: MET_Broker: Sending Cloudlet #600 to Vm #15
0.01: MET_Broker: Sending Cloudlet #601 to Vm #15
0.01: MET_Broker: Sending Cloudlet #602 to Vm #15
0.01: MET_Broker: Sending Cloudlet #603 to Vm #15
0.01: MET_Broker: Sending Cloudlet #604 to Vm #15
0.01: MET_Broker: Sending Cloudlet #605 to Vm #15
0.01: MET_Broker: Sending Cloudlet #606 to Vm #15
0.01: MET_Broker: Sending Cloudlet #607 to Vm #15
0.01: MET_Broker: Sending Cloudlet #608 to Vm #15
0.01: MET_Broker: Sending Cloudlet #609 to Vm #15
0.01: MET_Broker: Sending Cloudlet #610 to Vm #15
0.01: MET_Broker: Sending Cloudlet #611 to Vm #15
0.01: MET_Broker: Sending Cloudlet #612 to Vm #15
0.01: MET_Broker: Sending Cloudlet #613 to Vm #15
0.01: MET_Broker: Sending Cloudlet #614 to Vm #15
0.01: MET_Broker: Sending Cloudlet #615 to Vm #15
0.01: MET_Broker: Sending Cloudlet #616 to Vm #15
0.01: MET_Broker: Sending Cloudlet #617 to Vm #15
0.01: MET_Broker: Sending Cloudlet #618 to Vm #15
0.01: MET_Broker: Sending Cloudlet #619 to Vm #15
0.01: MET_Broker: Sending Cloudlet #620 to Vm #15
0.01: MET_Broker: Sending Cloudlet #621 to Vm #15
0.01: MET_Broker: Sending Cloudlet #622 to Vm #15
0.01: MET_Broker: Sending Cloudlet #623 to Vm #15
0.01: MET_Broker: Sending Cloudlet #624 to Vm #15
0.01: MET_Broker: Sending Cloudlet #625 to Vm #15
0.01: MET_Broker: Sending Cloudlet #626 to Vm #15
0.01: MET_Broker: Sending Cloudlet #627 to Vm #15
0.01: MET_Broker: Sending Cloudlet #628 to Vm #15
0.01: MET_Broker: Sending Cloudlet #629 to Vm #15
0.01: MET_Broker: Sending Cloudlet #630 to Vm #15
0.01: MET_Broker: Sending Cloudlet #631 to Vm #15
0.01: MET_Broker: Sending Cloudlet #632 to Vm #15
0.01: MET_Broker: Sending Cloudlet #633 to Vm #15
0.01: MET_Broker: Sending Cloudlet #634 to Vm #15
0.01: MET_Broker: Sending Cloudlet #635 to Vm #15
0.01: MET_Broker: Sending Cloudlet #636 to Vm #15
0.01: MET_Broker: Sending Cloudlet #637 to Vm #15
0.01: MET_Broker: Sending Cloudlet #638 to Vm #15
0.01: MET_Broker: Sending Cloudlet #639 to Vm #15
0.01: MET_Broker: Sending Cloudlet #640 to Vm #15
0.01: MET_Broker: Sending Cloudlet #641 to Vm #15
0.01: MET_Broker: Sending Cloudlet #642 to Vm #15
0.01: MET_Broker: Sending Cloudlet #643 to Vm #15
0.01: MET_Broker: Sending Cloudlet #644 to Vm #15
0.01: MET_Broker: Sending Cloudlet #645 to Vm #15
0.01: MET_Broker: Sending Cloudlet #646 to Vm #15
0.01: MET_Broker: Sending Cloudlet #647 to Vm #15
0.01: MET_Broker: Sending Cloudlet #648 to Vm #15
0.01: MET_Broker: Sending Cloudlet #649 to Vm #15
0.01: MET_Broker: Sending Cloudlet #650 to Vm #15
0.01: MET_Broker: Sending Cloudlet #651 to Vm #15
0.01: MET_Broker: Sending Cloudlet #652 to Vm #15
0.01: MET_Broker: Sending Cloudlet #653 to Vm #15
0.01: MET_Broker: Sending Cloudlet #654 to Vm #15
0.01: MET_Broker: Sending Cloudlet #655 to Vm #15
0.01: MET_Broker: Sending Cloudlet #656 to Vm #15
0.01: MET_Broker: Sending Cloudlet #657 to Vm #15
0.01: MET_Broker: Sending Cloudlet #658 to Vm #15
0.01: MET_Broker: Sending Cloudlet #659 to Vm #15
0.01: MET_Broker: Sending Cloudlet #660 to Vm #15
0.01: MET_Broker: Sending Cloudlet #661 to Vm #15
0.01: MET_Broker: Sending Cloudlet #662 to Vm #15
0.01: MET_Broker: Sending Cloudlet #663 to Vm #15
0.01: MET_Broker: Sending Cloudlet #664 to Vm #15
0.01: MET_Broker: Sending Cloudlet #665 to Vm #15
0.01: MET_Broker: Sending Cloudlet #666 to Vm #15
0.01: MET_Broker: Sending Cloudlet #667 to Vm #15
0.01: MET_Broker: Sending Cloudlet #668 to Vm #15
0.01: MET_Broker: Sending Cloudlet #669 to Vm #15
0.01: MET_Broker: Sending Cloudlet #670 to Vm #15
0.01: MET_Broker: Sending Cloudlet #671 to Vm #15
0.01: MET_Broker: Sending Cloudlet #672 to Vm #15
0.01: MET_Broker: Sending Cloudlet #673 to Vm #15
0.01: MET_Broker: Sending Cloudlet #674 to Vm #15
0.01: MET_Broker: Sending Cloudlet #675 to Vm #15
0.01: MET_Broker: Sending Cloudlet #676 to Vm #15
0.01: MET_Broker: Sending Cloudlet #677 to Vm #15
0.01: MET_Broker: Sending Cloudlet #678 to Vm #15
0.01: MET_Broker: Sending Cloudlet #679 to Vm #15
0.01: MET_Broker: Sending Cloudlet #680 to Vm #15
0.01: MET_Broker: Sending Cloudlet #681 to Vm #15
0.01: MET_Broker: Sending Cloudlet #682 to Vm #15
0.01: MET_Broker: Sending Cloudlet #683 to Vm #15
0.01: MET_Broker: Sending Cloudlet #684 to Vm #15
0.01: MET_Broker: Sending Cloudlet #685 to Vm #15
0.01: MET_Broker: Sending Cloudlet #686 to Vm #15
0.01: MET_Broker: Sending Cloudlet #687 to Vm #15
0.01: MET_Broker: Sending Cloudlet #688 to Vm #15
0.01: MET_Broker: Sending Cloudlet #689 to Vm #15
0.01: MET_Broker: Sending Cloudlet #690 to Vm #15
0.01: MET_Broker: Sending Cloudlet #691 to Vm #15
0.01: MET_Broker: Sending Cloudlet #692 to Vm #15
0.01: MET_Broker: Sending Cloudlet #693 to Vm #15
0.01: MET_Broker: Sending Cloudlet #694 to Vm #15
0.01: MET_Broker: Sending Cloudlet #695 to Vm #15
0.01: MET_Broker: Sending Cloudlet #696 to Vm #15
0.01: MET_Broker: Sending Cloudlet #697 to Vm #15
0.01: MET_Broker: Sending Cloudlet #698 to Vm #15
0.01: MET_Broker: Sending Cloudlet #699 to Vm #15
0.01: MET_Broker: Sending Cloudlet #700 to Vm #15
0.01: MET_Broker: Sending Cloudlet #701 to Vm #15
0.01: MET_Broker: Sending Cloudlet #702 to Vm #15
0.01: MET_Broker: Sending Cloudlet #703 to Vm #15
0.01: MET_Broker: Sending Cloudlet #704 to Vm #15
0.01: MET_Broker: Sending Cloudlet #705 to Vm #15
0.01: MET_Broker: Sending Cloudlet #706 to Vm #15
0.01: MET_Broker: Sending Cloudlet #707 to Vm #15
0.01: MET_Broker: Sending Cloudlet #708 to Vm #15
0.01: MET_Broker: Sending Cloudlet #709 to Vm #15
0.01: MET_Broker: Sending Cloudlet #710 to Vm #15
0.01: MET_Broker: Sending Cloudlet #711 to Vm #15
0.01: MET_Broker: Sending Cloudlet #712 to Vm #15
0.01: MET_Broker: Sending Cloudlet #713 to Vm #15
0.01: MET_Broker: Sending Cloudlet #714 to Vm #15
0.01: MET_Broker: Sending Cloudlet #715 to Vm #15
0.01: MET_Broker: Sending Cloudlet #716 to Vm #15
0.01: MET_Broker: Sending Cloudlet #717 to Vm #15
0.01: MET_Broker: Sending Cloudlet #718 to Vm #15
0.01: MET_Broker: Sending Cloudlet #719 to Vm #15
0.01: MET_Broker: Sending Cloudlet #720 to Vm #15
0.01: MET_Broker: Sending Cloudlet #721 to Vm #15
0.01: MET_Broker: Sending Cloudlet #722 to Vm #15
0.01: MET_Broker: Sending Cloudlet #723 to Vm #15
0.01: MET_Broker: Sending Cloudlet #724 to Vm #15
0.01: MET_Broker: Sending Cloudlet #725 to Vm #15
0.01: MET_Broker: Sending Cloudlet #726 to Vm #15
0.01: MET_Broker: Sending Cloudlet #727 to Vm #15
0.01: MET_Broker: Sending Cloudlet #728 to Vm #15
0.01: MET_Broker: Sending Cloudlet #729 to Vm #15
0.01: MET_Broker: Sending Cloudlet #730 to Vm #15
0.01: MET_Broker: Sending Cloudlet #731 to Vm #15
0.01: MET_Broker: Sending Cloudlet #732 to Vm #15
0.01: MET_Broker: Sending Cloudlet #733 to Vm #15
0.01: MET_Broker: Sending Cloudlet #734 to Vm #15
0.01: MET_Broker: Sending Cloudlet #735 to Vm #15
0.01: MET_Broker: Sending Cloudlet #736 to Vm #15
0.01: MET_Broker: Sending Cloudlet #737 to Vm #15
0.01: MET_Broker: Sending Cloudlet #738 to Vm #15
0.01: MET_Broker: Sending Cloudlet #739 to Vm #15
0.01: MET_Broker: Sending Cloudlet #740 to Vm #15
0.01: MET_Broker: Sending Cloudlet #741 to Vm #15
0.01: MET_Broker: Sending Cloudlet #742 to Vm #15
0.01: MET_Broker: Sending Cloudlet #743 to Vm #15
0.01: MET_Broker: Sending Cloudlet #744 to Vm #15
0.01: MET_Broker: Sending Cloudlet #745 to Vm #15
0.01: MET_Broker: Sending Cloudlet #746 to Vm #15
0.01: MET_Broker: Sending Cloudlet #747 to Vm #15
0.01: MET_Broker: Sending Cloudlet #748 to Vm #15
0.01: MET_Broker: Sending Cloudlet #749 to Vm #15
0.01: MET_Broker: Sending Cloudlet #750 to Vm #15
0.01: MET_Broker: Sending Cloudlet #751 to Vm #15
0.01: MET_Broker: Sending Cloudlet #752 to Vm #15
0.01: MET_Broker: Sending Cloudlet #753 to Vm #15
0.01: MET_Broker: Sending Cloudlet #754 to Vm #15
0.01: MET_Broker: Sending Cloudlet #755 to Vm #15
0.01: MET_Broker: Sending Cloudlet #756 to Vm #15
0.01: MET_Broker: Sending Cloudlet #757 to Vm #15
0.01: MET_Broker: Sending Cloudlet #758 to Vm #15
0.01: MET_Broker: Sending Cloudlet #759 to Vm #15
0.01: MET_Broker: Sending Cloudlet #760 to Vm #15
0.01: MET_Broker: Sending Cloudlet #761 to Vm #15
0.01: MET_Broker: Sending Cloudlet #762 to Vm #15
0.01: MET_Broker: Sending Cloudlet #763 to Vm #15
0.01: MET_Broker: Sending Cloudlet #764 to Vm #15
0.01: MET_Broker: Sending Cloudlet #765 to Vm #15
0.01: MET_Broker: Sending Cloudlet #766 to Vm #15
0.01: MET_Broker: Sending Cloudlet #767 to Vm #15
0.01: MET_Broker: Sending Cloudlet #768 to Vm #15
0.01: MET_Broker: Sending Cloudlet #769 to Vm #15
0.01: MET_Broker: Sending Cloudlet #770 to Vm #15
0.01: MET_Broker: Sending Cloudlet #771 to Vm #15
0.01: MET_Broker: Sending Cloudlet #772 to Vm #15
0.01: MET_Broker: Sending Cloudlet #773 to Vm #15
0.01: MET_Broker: Sending Cloudlet #774 to Vm #15
0.01: MET_Broker: Sending Cloudlet #775 to Vm #15
0.01: MET_Broker: Sending Cloudlet #776 to Vm #15
0.01: MET_Broker: Sending Cloudlet #777 to Vm #15
0.01: MET_Broker: Sending Cloudlet #778 to Vm #15
0.01: MET_Broker: Sending Cloudlet #779 to Vm #15
0.01: MET_Broker: Sending Cloudlet #780 to Vm #15
0.01: MET_Broker: Sending Cloudlet #781 to Vm #15
0.01: MET_Broker: Sending Cloudlet #782 to Vm #15
0.01: MET_Broker: Sending Cloudlet #783 to Vm #15
0.01: MET_Broker: Sending Cloudlet #784 to Vm #15
0.01: MET_Broker: Sending Cloudlet #785 to Vm #15
0.01: MET_Broker: Sending Cloudlet #786 to Vm #15
0.01: MET_Broker: Sending Cloudlet #787 to Vm #15
0.01: MET_Broker: Sending Cloudlet #788 to Vm #15
0.01: MET_Broker: Sending Cloudlet #789 to Vm #15
0.01: MET_Broker: Sending Cloudlet #790 to Vm #15
0.01: MET_Broker: Sending Cloudlet #791 to Vm #15
0.01: MET_Broker: Sending Cloudlet #792 to Vm #15
0.01: MET_Broker: Sending Cloudlet #793 to Vm #15
0.01: MET_Broker: Sending Cloudlet #794 to Vm #15
0.01: MET_Broker: Sending Cloudlet #795 to Vm #15
0.01: MET_Broker: Sending Cloudlet #796 to Vm #15
0.01: MET_Broker: Sending Cloudlet #797 to Vm #15
0.01: MET_Broker: Sending Cloudlet #798 to Vm #15
0.01: MET_Broker: Sending Cloudlet #799 to Vm #15
0.01: MET_Broker: Sending Cloudlet #800 to Vm #15
0.01: MET_Broker: Sending Cloudlet #801 to Vm #15
0.01: MET_Broker: Sending Cloudlet #802 to Vm #15
0.01: MET_Broker: Sending Cloudlet #803 to Vm #15
0.01: MET_Broker: Sending Cloudlet #804 to Vm #15
0.01: MET_Broker: Sending Cloudlet #805 to Vm #15
0.01: MET_Broker: Sending Cloudlet #806 to Vm #15
0.01: MET_Broker: Sending Cloudlet #807 to Vm #15
0.01: MET_Broker: Sending Cloudlet #808 to Vm #15
0.01: MET_Broker: Sending Cloudlet #809 to Vm #15
0.01: MET_Broker: Sending Cloudlet #810 to Vm #15
0.01: MET_Broker: Sending Cloudlet #811 to Vm #15
0.01: MET_Broker: Sending Cloudlet #812 to Vm #15
0.01: MET_Broker: Sending Cloudlet #813 to Vm #15
0.01: MET_Broker: Sending Cloudlet #814 to Vm #15
0.01: MET_Broker: Sending Cloudlet #815 to Vm #15
0.01: MET_Broker: Sending Cloudlet #816 to Vm #15
0.01: MET_Broker: Sending Cloudlet #817 to Vm #15
0.01: MET_Broker: Sending Cloudlet #818 to Vm #15
0.01: MET_Broker: Sending Cloudlet #819 to Vm #15
0.01: MET_Broker: Sending Cloudlet #820 to Vm #15
0.01: MET_Broker: Sending Cloudlet #821 to Vm #15
0.01: MET_Broker: Sending Cloudlet #822 to Vm #15
0.01: MET_Broker: Sending Cloudlet #823 to Vm #15
0.01: MET_Broker: Sending Cloudlet #824 to Vm #15
0.01: MET_Broker: Sending Cloudlet #825 to Vm #15
0.01: MET_Broker: Sending Cloudlet #826 to Vm #15
0.01: MET_Broker: Sending Cloudlet #827 to Vm #15
0.01: MET_Broker: Sending Cloudlet #828 to Vm #15
0.01: MET_Broker: Sending Cloudlet #829 to Vm #15
0.01: MET_Broker: Sending Cloudlet #830 to Vm #15
0.01: MET_Broker: Sending Cloudlet #831 to Vm #15
0.01: MET_Broker: Sending Cloudlet #832 to Vm #15
0.01: MET_Broker: Sending Cloudlet #833 to Vm #15
0.01: MET_Broker: Sending Cloudlet #834 to Vm #15
0.01: MET_Broker: Sending Cloudlet #835 to Vm #15
0.01: MET_Broker: Sending Cloudlet #836 to Vm #15
0.01: MET_Broker: Sending Cloudlet #837 to Vm #15
0.01: MET_Broker: Sending Cloudlet #838 to Vm #15
0.01: MET_Broker: Sending Cloudlet #839 to Vm #15
0.01: MET_Broker: Sending Cloudlet #840 to Vm #15
0.01: MET_Broker: Sending Cloudlet #841 to Vm #15
0.01: MET_Broker: Sending Cloudlet #842 to Vm #15
0.01: MET_Broker: Sending Cloudlet #843 to Vm #15
0.01: MET_Broker: Sending Cloudlet #844 to Vm #15
0.01: MET_Broker: Sending Cloudlet #845 to Vm #15
0.01: MET_Broker: Sending Cloudlet #846 to Vm #15
0.01: MET_Broker: Sending Cloudlet #847 to Vm #15
0.01: MET_Broker: Sending Cloudlet #848 to Vm #15
0.01: MET_Broker: Sending Cloudlet #849 to Vm #15
0.01: MET_Broker: Sending Cloudlet #850 to Vm #15
0.01: MET_Broker: Sending Cloudlet #851 to Vm #15
0.01: MET_Broker: Sending Cloudlet #852 to Vm #15
0.01: MET_Broker: Sending Cloudlet #853 to Vm #15
0.01: MET_Broker: Sending Cloudlet #854 to Vm #15
0.01: MET_Broker: Sending Cloudlet #855 to Vm #15
0.01: MET_Broker: Sending Cloudlet #856 to Vm #15
0.01: MET_Broker: Sending Cloudlet #857 to Vm #15
0.01: MET_Broker: Sending Cloudlet #858 to Vm #15
0.01: MET_Broker: Sending Cloudlet #859 to Vm #15
0.01: MET_Broker: Sending Cloudlet #860 to Vm #15
0.01: MET_Broker: Sending Cloudlet #861 to Vm #15
0.01: MET_Broker: Sending Cloudlet #862 to Vm #15
0.01: MET_Broker: Sending Cloudlet #863 to Vm #15
0.01: MET_Broker: Sending Cloudlet #864 to Vm #15
0.01: MET_Broker: Sending Cloudlet #865 to Vm #15
0.01: MET_Broker: Sending Cloudlet #866 to Vm #15
0.01: MET_Broker: Sending Cloudlet #867 to Vm #15
0.01: MET_Broker: Sending Cloudlet #868 to Vm #15
0.01: MET_Broker: Sending Cloudlet #869 to Vm #15
0.01: MET_Broker: Sending Cloudlet #870 to Vm #15
0.01: MET_Broker: Sending Cloudlet #871 to Vm #15
0.01: MET_Broker: Sending Cloudlet #872 to Vm #15
0.01: MET_Broker: Sending Cloudlet #873 to Vm #15
0.01: MET_Broker: Sending Cloudlet #874 to Vm #15
0.01: MET_Broker: Sending Cloudlet #875 to Vm #15
0.01: MET_Broker: Sending Cloudlet #876 to Vm #15
0.01: MET_Broker: Sending Cloudlet #877 to Vm #15
0.01: MET_Broker: Sending Cloudlet #878 to Vm #15
0.01: MET_Broker: Sending Cloudlet #879 to Vm #15
0.01: MET_Broker: Sending Cloudlet #880 to Vm #15
0.01: MET_Broker: Sending Cloudlet #881 to Vm #15
0.01: MET_Broker: Sending Cloudlet #882 to Vm #15
0.01: MET_Broker: Sending Cloudlet #883 to Vm #15
0.01: MET_Broker: Sending Cloudlet #884 to Vm #15
0.01: MET_Broker: Sending Cloudlet #885 to Vm #15
0.01: MET_Broker: Sending Cloudlet #886 to Vm #15
0.01: MET_Broker: Sending Cloudlet #887 to Vm #15
0.01: MET_Broker: Sending Cloudlet #888 to Vm #15
0.01: MET_Broker: Sending Cloudlet #889 to Vm #15
0.01: MET_Broker: Sending Cloudlet #890 to Vm #15
0.01: MET_Broker: Sending Cloudlet #891 to Vm #15
0.01: MET_Broker: Sending Cloudlet #892 to Vm #15
0.01: MET_Broker: Sending Cloudlet #893 to Vm #15
0.01: MET_Broker: Sending Cloudlet #894 to Vm #15
0.01: MET_Broker: Sending Cloudlet #895 to Vm #15
0.01: MET_Broker: Sending Cloudlet #896 to Vm #15
0.01: MET_Broker: Sending Cloudlet #897 to Vm #15
0.01: MET_Broker: Sending Cloudlet #898 to Vm #15
0.01: MET_Broker: Sending Cloudlet #899 to Vm #15
0.01: MET_Broker: Sending Cloudlet #900 to Vm #15
0.01: MET_Broker: Sending Cloudlet #901 to Vm #15
0.01: MET_Broker: Sending Cloudlet #902 to Vm #15
0.01: MET_Broker: Sending Cloudlet #903 to Vm #15
0.01: MET_Broker: Sending Cloudlet #904 to Vm #15
0.01: MET_Broker: Sending Cloudlet #905 to Vm #15
0.01: MET_Broker: Sending Cloudlet #906 to Vm #15
0.01: MET_Broker: Sending Cloudlet #907 to Vm #15
0.01: MET_Broker: Sending Cloudlet #908 to Vm #15
0.01: MET_Broker: Sending Cloudlet #909 to Vm #15
0.01: MET_Broker: Sending Cloudlet #910 to Vm #15
0.01: MET_Broker: Sending Cloudlet #911 to Vm #15
0.01: MET_Broker: Sending Cloudlet #912 to Vm #15
0.01: MET_Broker: Sending Cloudlet #913 to Vm #15
0.01: MET_Broker: Sending Cloudlet #914 to Vm #15
0.01: MET_Broker: Sending Cloudlet #915 to Vm #15
0.01: MET_Broker: Sending Cloudlet #916 to Vm #15
0.01: MET_Broker: Sending Cloudlet #917 to Vm #15
0.01: MET_Broker: Sending Cloudlet #918 to Vm #15
0.01: MET_Broker: Sending Cloudlet #919 to Vm #15
0.01: MET_Broker: Sending Cloudlet #920 to Vm #15
0.01: MET_Broker: Sending Cloudlet #921 to Vm #15
0.01: MET_Broker: Sending Cloudlet #922 to Vm #15
0.01: MET_Broker: Sending Cloudlet #923 to Vm #15
0.01: MET_Broker: Sending Cloudlet #924 to Vm #15
0.01: MET_Broker: Sending Cloudlet #925 to Vm #15
0.01: MET_Broker: Sending Cloudlet #926 to Vm #15
0.01: MET_Broker: Sending Cloudlet #927 to Vm #15
0.01: MET_Broker: Sending Cloudlet #928 to Vm #15
0.01: MET_Broker: Sending Cloudlet #929 to Vm #15
0.01: MET_Broker: Sending Cloudlet #930 to Vm #15
0.01: MET_Broker: Sending Cloudlet #931 to Vm #15
0.01: MET_Broker: Sending Cloudlet #932 to Vm #15
0.01: MET_Broker: Sending Cloudlet #933 to Vm #15
0.01: MET_Broker: Sending Cloudlet #934 to Vm #15
0.01: MET_Broker: Sending Cloudlet #935 to Vm #15
0.01: MET_Broker: Sending Cloudlet #936 to Vm #15
0.01: MET_Broker: Sending Cloudlet #937 to Vm #15
0.01: MET_Broker: Sending Cloudlet #938 to Vm #15
0.01: MET_Broker: Sending Cloudlet #939 to Vm #15
0.01: MET_Broker: Sending Cloudlet #940 to Vm #15
0.01: MET_Broker: Sending Cloudlet #941 to Vm #15
0.01: MET_Broker: Sending Cloudlet #942 to Vm #15
0.01: MET_Broker: Sending Cloudlet #943 to Vm #15
0.01: MET_Broker: Sending Cloudlet #944 to Vm #15
0.01: MET_Broker: Sending Cloudlet #945 to Vm #15
0.01: MET_Broker: Sending Cloudlet #946 to Vm #15
0.01: MET_Broker: Sending Cloudlet #947 to Vm #15
0.01: MET_Broker: Sending Cloudlet #948 to Vm #15
0.01: MET_Broker: Sending Cloudlet #949 to Vm #15
0.01: MET_Broker: Sending Cloudlet #950 to Vm #15
0.01: MET_Broker: Sending Cloudlet #951 to Vm #15
0.01: MET_Broker: Sending Cloudlet #952 to Vm #15
0.01: MET_Broker: Sending Cloudlet #953 to Vm #15
0.01: MET_Broker: Sending Cloudlet #954 to Vm #15
0.01: MET_Broker: Sending Cloudlet #955 to Vm #15
0.01: MET_Broker: Sending Cloudlet #956 to Vm #15
0.01: MET_Broker: Sending Cloudlet #957 to Vm #15
0.01: MET_Broker: Sending Cloudlet #958 to Vm #15
0.01: MET_Broker: Sending Cloudlet #959 to Vm #15
0.01: MET_Broker: Sending Cloudlet #960 to Vm #15
0.01: MET_Broker: Sending Cloudlet #961 to Vm #15
0.01: MET_Broker: Sending Cloudlet #962 to Vm #15
0.01: MET_Broker: Sending Cloudlet #963 to Vm #15
0.01: MET_Broker: Sending Cloudlet #964 to Vm #15
0.01: MET_Broker: Sending Cloudlet #965 to Vm #15
0.01: MET_Broker: Sending Cloudlet #966 to Vm #15
0.01: MET_Broker: Sending Cloudlet #967 to Vm #15
0.01: MET_Broker: Sending Cloudlet #968 to Vm #15
0.01: MET_Broker: Sending Cloudlet #969 to Vm #15
0.01: MET_Broker: Sending Cloudlet #970 to Vm #15
0.01: MET_Broker: Sending Cloudlet #971 to Vm #15
0.01: MET_Broker: Sending Cloudlet #972 to Vm #15
0.01: MET_Broker: Sending Cloudlet #973 to Vm #15
0.01: MET_Broker: Sending Cloudlet #974 to Vm #15
0.01: MET_Broker: Sending Cloudlet #975 to Vm #15
0.01: MET_Broker: Sending Cloudlet #976 to Vm #15
0.01: MET_Broker: Sending Cloudlet #977 to Vm #15
0.01: MET_Broker: Sending Cloudlet #978 to Vm #15
0.01: MET_Broker: Sending Cloudlet #979 to Vm #15
0.01: MET_Broker: Sending Cloudlet #980 to Vm #15
0.01: MET_Broker: Sending Cloudlet #981 to Vm #15
0.01: MET_Broker: Sending Cloudlet #982 to Vm #15
0.01: MET_Broker: Sending Cloudlet #983 to Vm #15
0.01: MET_Broker: Sending Cloudlet #984 to Vm #15
0.01: MET_Broker: Sending Cloudlet #985 to Vm #15
0.01: MET_Broker: Sending Cloudlet #986 to Vm #15
0.01: MET_Broker: Sending Cloudlet #987 to Vm #15
0.01: MET_Broker: Sending Cloudlet #988 to Vm #15
0.01: MET_Broker: Sending Cloudlet #989 to Vm #15
0.01: MET_Broker: Sending Cloudlet #990 to Vm #15
0.01: MET_Broker: Sending Cloudlet #991 to Vm #15
0.01: MET_Broker: Sending Cloudlet #992 to Vm #15
0.01: MET_Broker: Sending Cloudlet #993 to Vm #15
0.01: MET_Broker: Sending Cloudlet #994 to Vm #15
0.01: MET_Broker: Sending Cloudlet #995 to Vm #15
0.01: MET_Broker: Sending Cloudlet #996 to Vm #15
0.01: MET_Broker: Sending Cloudlet #997 to Vm #15
0.01: MET_Broker: Sending Cloudlet #998 to Vm #15
0.01: MET_Broker: Sending Cloudlet #999 to Vm #15
0.01: MET_Broker: Sending Cloudlet #1000 to Vm #15
0.01: MET_Broker: Sending Cloudlet #1001 to Vm #15
0.01: MET_Broker: Sending Cloudlet #1002 to Vm #15
0.01: MET_Broker: Sending Cloudlet #1003 to Vm #15
0.01: MET_Broker: Sending Cloudlet #1004 to Vm #15
0.01: MET_Broker: Sending Cloudlet #1005 to Vm #15
0.01: MET_Broker: Sending Cloudlet #1006 to Vm #15
0.01: MET_Broker: Sending Cloudlet #1007 to Vm #15
0.01: MET_Broker: Sending Cloudlet #1008 to Vm #15
0.01: MET_Broker: Sending Cloudlet #1009 to Vm #15
0.01: MET_Broker: Sending Cloudlet #1010 to Vm #15
0.01: MET_Broker: Sending Cloudlet #1011 to Vm #15
0.01: MET_Broker: Sending Cloudlet #1012 to Vm #15
0.01: MET_Broker: Sending Cloudlet #1013 to Vm #15
0.01: MET_Broker: Sending Cloudlet #1014 to Vm #15
0.01: MET_Broker: Sending Cloudlet #1015 to Vm #15
0.01: MET_Broker: Sending Cloudlet #1016 to Vm #15
0.01: MET_Broker: Sending Cloudlet #1017 to Vm #15
0.01: MET_Broker: Sending Cloudlet #1018 to Vm #15
0.01: MET_Broker: Sending Cloudlet #1019 to Vm #15
0.01: MET_Broker: Sending Cloudlet #1020 to Vm #15
0.01: MET_Broker: Sending Cloudlet #1021 to Vm #15
0.01: MET_Broker: Sending Cloudlet #1022 to Vm #15
0.01: MET_Broker: Sending Cloudlet #1023 to Vm #15
0.01: MET_Broker: Sending Cloudlet #1024 to Vm #15
0.01: MET_Broker: Sending Cloudlet #1025 to Vm #15
0.01: MET_Broker: Sending Cloudlet #1026 to Vm #15
0.01: MET_Broker: Sending Cloudlet #1027 to Vm #15
0.01: MET_Broker: Sending Cloudlet #1028 to Vm #15
0.01: MET_Broker: Sending Cloudlet #1029 to Vm #15
0.01: MET_Broker: Sending Cloudlet #1030 to Vm #15
0.01: MET_Broker: Sending Cloudlet #1031 to Vm #15
0.01: MET_Broker: Sending Cloudlet #1032 to Vm #15
0.01: MET_Broker: Sending Cloudlet #1033 to Vm #15
0.01: MET_Broker: Sending Cloudlet #1034 to Vm #15
0.01: MET_Broker: Sending Cloudlet #1035 to Vm #15
0.01: MET_Broker: Sending Cloudlet #1036 to Vm #15
0.01: MET_Broker: Sending Cloudlet #1037 to Vm #15
0.01: MET_Broker: Sending Cloudlet #1038 to Vm #15
0.01: MET_Broker: Sending Cloudlet #1039 to Vm #15
0.01: MET_Broker: Sending Cloudlet #1040 to Vm #15
0.01: MET_Broker: Sending Cloudlet #1041 to Vm #15
0.01: MET_Broker: Sending Cloudlet #1042 to Vm #15
0.01: MET_Broker: Sending Cloudlet #1043 to Vm #15
0.01: MET_Broker: Sending Cloudlet #1044 to Vm #15
0.01: MET_Broker: Sending Cloudlet #1045 to Vm #15
0.01: MET_Broker: Sending Cloudlet #1046 to Vm #15
0.01: MET_Broker: Sending Cloudlet #1047 to Vm #15
0.01: MET_Broker: Sending Cloudlet #1048 to Vm #15
0.01: MET_Broker: Sending Cloudlet #1049 to Vm #15
0.01: MET_Broker: Sending Cloudlet #1050 to Vm #15
0.01: MET_Broker: Sending Cloudlet #1051 to Vm #15
0.01: MET_Broker: Sending Cloudlet #1052 to Vm #15
0.01: MET_Broker: Sending Cloudlet #1053 to Vm #15
0.01: MET_Broker: Sending Cloudlet #1054 to Vm #15
0.01: MET_Broker: Sending Cloudlet #1055 to Vm #15
0.01: MET_Broker: Sending Cloudlet #1056 to Vm #15
0.01: MET_Broker: Sending Cloudlet #1057 to Vm #15
0.01: MET_Broker: Sending Cloudlet #1058 to Vm #15
0.01: MET_Broker: Sending Cloudlet #1059 to Vm #15
0.01: MET_Broker: Sending Cloudlet #1060 to Vm #15
0.01: MET_Broker: Sending Cloudlet #1061 to Vm #15
0.01: MET_Broker: Sending Cloudlet #1062 to Vm #15
0.01: MET_Broker: Sending Cloudlet #1063 to Vm #15
0.01: MET_Broker: Sending Cloudlet #1064 to Vm #15
0.01: MET_Broker: Sending Cloudlet #1065 to Vm #15
0.01: MET_Broker: Sending Cloudlet #1066 to Vm #15
0.01: MET_Broker: Sending Cloudlet #1067 to Vm #15
0.01: MET_Broker: Sending Cloudlet #1068 to Vm #15
0.01: MET_Broker: Sending Cloudlet #1069 to Vm #15
0.01: MET_Broker: Sending Cloudlet #1070 to Vm #15
0.01: MET_Broker: Sending Cloudlet #1071 to Vm #15
0.01: MET_Broker: Sending Cloudlet #1072 to Vm #15
0.01: MET_Broker: Sending Cloudlet #1073 to Vm #15
0.01: MET_Broker: Sending Cloudlet #1074 to Vm #15
0.01: MET_Broker: Sending Cloudlet #1075 to Vm #15
0.01: MET_Broker: Sending Cloudlet #1076 to Vm #15
0.01: MET_Broker: Sending Cloudlet #1077 to Vm #15
0.01: MET_Broker: Sending Cloudlet #1078 to Vm #15
0.01: MET_Broker: Sending Cloudlet #1079 to Vm #15
0.01: MET_Broker: Sending Cloudlet #1080 to Vm #15
0.01: MET_Broker: Sending Cloudlet #1081 to Vm #15
0.01: MET_Broker: Sending Cloudlet #1082 to Vm #15
0.01: MET_Broker: Sending Cloudlet #1083 to Vm #15
0.01: MET_Broker: Sending Cloudlet #1084 to Vm #15
0.01: MET_Broker: Sending Cloudlet #1085 to Vm #15
0.01: MET_Broker: Sending Cloudlet #1086 to Vm #15
0.01: MET_Broker: Sending Cloudlet #1087 to Vm #15
0.01: MET_Broker: Sending Cloudlet #1088 to Vm #15
0.01: MET_Broker: Sending Cloudlet #1089 to Vm #15
0.01: MET_Broker: Sending Cloudlet #1090 to Vm #15
0.01: MET_Broker: Sending Cloudlet #1091 to Vm #15
0.01: MET_Broker: Sending Cloudlet #1092 to Vm #15
0.01: MET_Broker: Sending Cloudlet #1093 to Vm #15
0.01: MET_Broker: Sending Cloudlet #1094 to Vm #15
0.01: MET_Broker: Sending Cloudlet #1095 to Vm #15
0.01: MET_Broker: Sending Cloudlet #1096 to Vm #15
0.01: MET_Broker: Sending Cloudlet #1097 to Vm #15
0.01: MET_Broker: Sending Cloudlet #1098 to Vm #15
0.01: MET_Broker: Sending Cloudlet #1099 to Vm #15
0.01: MET_Broker: Sending Cloudlet #1100 to Vm #15
0.01: MET_Broker: Sending Cloudlet #1101 to Vm #15
0.01: MET_Broker: Sending Cloudlet #1102 to Vm #15
0.01: MET_Broker: Sending Cloudlet #1103 to Vm #15
0.01: MET_Broker: Sending Cloudlet #1104 to Vm #15
0.01: MET_Broker: Sending Cloudlet #1105 to Vm #15
0.01: MET_Broker: Sending Cloudlet #1106 to Vm #15
0.01: MET_Broker: Sending Cloudlet #1107 to Vm #15
0.01: MET_Broker: Sending Cloudlet #1108 to Vm #15
0.01: MET_Broker: Sending Cloudlet #1109 to Vm #15
0.01: MET_Broker: Sending Cloudlet #1110 to Vm #15
0.01: MET_Broker: Sending Cloudlet #1111 to Vm #15
0.01: MET_Broker: Sending Cloudlet #1112 to Vm #15
0.01: MET_Broker: Sending Cloudlet #1113 to Vm #15
0.01: MET_Broker: Sending Cloudlet #1114 to Vm #15
0.01: MET_Broker: Sending Cloudlet #1115 to Vm #15
0.01: MET_Broker: Sending Cloudlet #1116 to Vm #15
0.01: MET_Broker: Sending Cloudlet #1117 to Vm #15
0.01: MET_Broker: Sending Cloudlet #1118 to Vm #15
0.01: MET_Broker: Sending Cloudlet #1119 to Vm #15
0.01: MET_Broker: Sending Cloudlet #1120 to Vm #15
0.01: MET_Broker: Sending Cloudlet #1121 to Vm #15
0.01: MET_Broker: Sending Cloudlet #1122 to Vm #15
0.01: MET_Broker: Sending Cloudlet #1123 to Vm #15
0.01: MET_Broker: Sending Cloudlet #1124 to Vm #15
0.01: MET_Broker: Sending Cloudlet #1125 to Vm #15
0.01: MET_Broker: Sending Cloudlet #1126 to Vm #15
0.01: MET_Broker: Sending Cloudlet #1127 to Vm #15
0.01: MET_Broker: Sending Cloudlet #1128 to Vm #15
0.01: MET_Broker: Sending Cloudlet #1129 to Vm #15
0.01: MET_Broker: Sending Cloudlet #1130 to Vm #15
0.01: MET_Broker: Sending Cloudlet #1131 to Vm #15
0.01: MET_Broker: Sending Cloudlet #1132 to Vm #15
0.01: MET_Broker: Sending Cloudlet #1133 to Vm #15
0.01: MET_Broker: Sending Cloudlet #1134 to Vm #15
0.01: MET_Broker: Sending Cloudlet #1135 to Vm #15
0.01: MET_Broker: Sending Cloudlet #1136 to Vm #15
0.01: MET_Broker: Sending Cloudlet #1137 to Vm #15
0.01: MET_Broker: Sending Cloudlet #1138 to Vm #15
0.01: MET_Broker: Sending Cloudlet #1139 to Vm #15
0.01: MET_Broker: Sending Cloudlet #1140 to Vm #15
0.01: MET_Broker: Sending Cloudlet #1141 to Vm #15
0.01: MET_Broker: Sending Cloudlet #1142 to Vm #15
0.01: MET_Broker: Sending Cloudlet #1143 to Vm #15
0.01: MET_Broker: Sending Cloudlet #1144 to Vm #15
0.01: MET_Broker: Sending Cloudlet #1145 to Vm #15
0.01: MET_Broker: Sending Cloudlet #1146 to Vm #15
0.01: MET_Broker: Sending Cloudlet #1147 to Vm #15
0.01: MET_Broker: Sending Cloudlet #1148 to Vm #15
0.01: MET_Broker: Sending Cloudlet #1149 to Vm #15
0.01: MET_Broker: Sending Cloudlet #1150 to Vm #15
0.01: MET_Broker: Sending Cloudlet #1151 to Vm #15
0.01: MET_Broker: Sending Cloudlet #1152 to Vm #15
0.01: MET_Broker: Sending Cloudlet #1153 to Vm #15
0.01: MET_Broker: Sending Cloudlet #1154 to Vm #15
0.01: MET_Broker: Sending Cloudlet #1155 to Vm #15
0.01: MET_Broker: Sending Cloudlet #1156 to Vm #15
0.01: MET_Broker: Sending Cloudlet #1157 to Vm #15
0.01: MET_Broker: Sending Cloudlet #1158 to Vm #15
0.01: MET_Broker: Sending Cloudlet #1159 to Vm #15
0.01: MET_Broker: Sending Cloudlet #1160 to Vm #15
0.01: MET_Broker: Sending Cloudlet #1161 to Vm #15
0.01: MET_Broker: Sending Cloudlet #1162 to Vm #15
0.01: MET_Broker: Sending Cloudlet #1163 to Vm #15
0.01: MET_Broker: Sending Cloudlet #1164 to Vm #15
0.01: MET_Broker: Sending Cloudlet #1165 to Vm #15
0.01: MET_Broker: Sending Cloudlet #1166 to Vm #15
0.01: MET_Broker: Sending Cloudlet #1167 to Vm #15
0.01: MET_Broker: Sending Cloudlet #1168 to Vm #15
0.01: MET_Broker: Sending Cloudlet #1169 to Vm #15
0.01: MET_Broker: Sending Cloudlet #1170 to Vm #15
0.01: MET_Broker: Sending Cloudlet #1171 to Vm #15
0.01: MET_Broker: Sending Cloudlet #1172 to Vm #15
0.01: MET_Broker: Sending Cloudlet #1173 to Vm #15
0.01: MET_Broker: Sending Cloudlet #1174 to Vm #15
0.01: MET_Broker: Sending Cloudlet #1175 to Vm #15
0.01: MET_Broker: Sending Cloudlet #1176 to Vm #15
0.01: MET_Broker: Sending Cloudlet #1177 to Vm #15
0.01: MET_Broker: Sending Cloudlet #1178 to Vm #15
0.01: MET_Broker: Sending Cloudlet #1179 to Vm #15
0.01: MET_Broker: Sending Cloudlet #1180 to Vm #15
0.01: MET_Broker: Sending Cloudlet #1181 to Vm #15
0.01: MET_Broker: Sending Cloudlet #1182 to Vm #15
0.01: MET_Broker: Sending Cloudlet #1183 to Vm #15
0.01: MET_Broker: Sending Cloudlet #1184 to Vm #15
0.01: MET_Broker: Sending Cloudlet #1185 to Vm #15
0.01: MET_Broker: Sending Cloudlet #1186 to Vm #15
0.01: MET_Broker: Sending Cloudlet #1187 to Vm #15
0.01: MET_Broker: Sending Cloudlet #1188 to Vm #15
0.01: MET_Broker: Sending Cloudlet #1189 to Vm #15
0.01: MET_Broker: Sending Cloudlet #1190 to Vm #15
0.01: MET_Broker: Sending Cloudlet #1191 to Vm #15
0.01: MET_Broker: Sending Cloudlet #1192 to Vm #15
0.01: MET_Broker: Sending Cloudlet #1193 to Vm #15
0.01: MET_Broker: Sending Cloudlet #1194 to Vm #15
0.01: MET_Broker: Sending Cloudlet #1195 to Vm #15
0.01: MET_Broker: Sending Cloudlet #1196 to Vm #15
0.01: MET_Broker: Sending Cloudlet #1197 to Vm #15
0.01: MET_Broker: Sending Cloudlet #1198 to Vm #15
0.01: MET_Broker: Sending Cloudlet #1199 to Vm #15
0.01: MET_Broker: Sending Cloudlet #1200 to Vm #15
0.01: MET_Broker: Sending Cloudlet #1201 to Vm #15
0.01: MET_Broker: Sending Cloudlet #1202 to Vm #15
0.01: MET_Broker: Sending Cloudlet #1203 to Vm #15
0.01: MET_Broker: Sending Cloudlet #1204 to Vm #15
0.01: MET_Broker: Sending Cloudlet #1205 to Vm #15
0.01: MET_Broker: Sending Cloudlet #1206 to Vm #15
0.01: MET_Broker: Sending Cloudlet #1207 to Vm #15
0.01: MET_Broker: Sending Cloudlet #1208 to Vm #15
0.01: MET_Broker: Sending Cloudlet #1209 to Vm #15
0.01: MET_Broker: Sending Cloudlet #1210 to Vm #15
0.01: MET_Broker: Sending Cloudlet #1211 to Vm #15
0.01: MET_Broker: Sending Cloudlet #1212 to Vm #15
0.01: MET_Broker: Sending Cloudlet #1213 to Vm #15
0.01: MET_Broker: Sending Cloudlet #1214 to Vm #15
0.01: MET_Broker: Sending Cloudlet #1215 to Vm #15
0.01: MET_Broker: Sending Cloudlet #1216 to Vm #15
0.01: MET_Broker: Sending Cloudlet #1217 to Vm #15
0.01: MET_Broker: Sending Cloudlet #1218 to Vm #15
0.01: MET_Broker: Sending Cloudlet #1219 to Vm #15
0.01: MET_Broker: Sending Cloudlet #1220 to Vm #15
0.01: MET_Broker: Sending Cloudlet #1221 to Vm #15
0.01: MET_Broker: Sending Cloudlet #1222 to Vm #15
0.01: MET_Broker: Sending Cloudlet #1223 to Vm #15
0.01: MET_Broker: Sending Cloudlet #1224 to Vm #15
0.01: MET_Broker: Sending Cloudlet #1225 to Vm #15
0.01: MET_Broker: Sending Cloudlet #1226 to Vm #15
0.01: MET_Broker: Sending Cloudlet #1227 to Vm #15
0.01: MET_Broker: Sending Cloudlet #1228 to Vm #15
0.01: MET_Broker: Sending Cloudlet #1229 to Vm #15
0.01: MET_Broker: Sending Cloudlet #1230 to Vm #15
0.01: MET_Broker: Sending Cloudlet #1231 to Vm #15
0.01: MET_Broker: Sending Cloudlet #1232 to Vm #15
0.01: MET_Broker: Sending Cloudlet #1233 to Vm #15
0.01: MET_Broker: Sending Cloudlet #1234 to Vm #15
0.01: MET_Broker: Sending Cloudlet #1235 to Vm #15
0.01: MET_Broker: Sending Cloudlet #1236 to Vm #15
0.01: MET_Broker: Sending Cloudlet #1237 to Vm #15
0.01: MET_Broker: Sending Cloudlet #1238 to Vm #15
0.01: MET_Broker: Sending Cloudlet #1239 to Vm #15
0.01: MET_Broker: Sending Cloudlet #1240 to Vm #15
0.01: MET_Broker: Sending Cloudlet #1241 to Vm #15
0.01: MET_Broker: Sending Cloudlet #1242 to Vm #15
0.01: MET_Broker: Sending Cloudlet #1243 to Vm #15
0.01: MET_Broker: Sending Cloudlet #1244 to Vm #15
0.01: MET_Broker: Sending Cloudlet #1245 to Vm #15
0.01: MET_Broker: Sending Cloudlet #1246 to Vm #15
0.01: MET_Broker: Sending Cloudlet #1247 to Vm #15
0.01: MET_Broker: Sending Cloudlet #1248 to Vm #15
0.01: MET_Broker: Sending Cloudlet #1249 to Vm #15
0.01: MET_Broker: Sending Cloudlet #1250 to Vm #15
0.01: MET_Broker: Sending Cloudlet #1251 to Vm #15
0.01: MET_Broker: Sending Cloudlet #1252 to Vm #15
0.01: MET_Broker: Sending Cloudlet #1253 to Vm #15
0.01: MET_Broker: Sending Cloudlet #1254 to Vm #15
0.01: MET_Broker: Sending Cloudlet #1255 to Vm #15
0.01: MET_Broker: Sending Cloudlet #1256 to Vm #15
0.01: MET_Broker: Sending Cloudlet #1257 to Vm #15
0.01: MET_Broker: Sending Cloudlet #1258 to Vm #15
0.01: MET_Broker: Sending Cloudlet #1259 to Vm #15
0.01: MET_Broker: Sending Cloudlet #1260 to Vm #15
0.01: MET_Broker: Sending Cloudlet #1261 to Vm #15
0.01: MET_Broker: Sending Cloudlet #1262 to Vm #15
0.01: MET_Broker: Sending Cloudlet #1263 to Vm #15
0.01: MET_Broker: Sending Cloudlet #1264 to Vm #15
0.01: MET_Broker: Sending Cloudlet #1265 to Vm #15
0.01: MET_Broker: Sending Cloudlet #1266 to Vm #15
0.01: MET_Broker: Sending Cloudlet #1267 to Vm #15
0.01: MET_Broker: Sending Cloudlet #1268 to Vm #15
0.01: MET_Broker: Sending Cloudlet #1269 to Vm #15
0.01: MET_Broker: Sending Cloudlet #1270 to Vm #15
0.01: MET_Broker: Sending Cloudlet #1271 to Vm #15
0.01: MET_Broker: Sending Cloudlet #1272 to Vm #15
0.01: MET_Broker: Sending Cloudlet #1273 to Vm #15
0.01: MET_Broker: Sending Cloudlet #1274 to Vm #15
0.01: MET_Broker: Sending Cloudlet #1275 to Vm #15
0.01: MET_Broker: Sending Cloudlet #1276 to Vm #15
0.01: MET_Broker: Sending Cloudlet #1277 to Vm #15
0.01: MET_Broker: Sending Cloudlet #1278 to Vm #15
0.01: MET_Broker: Sending Cloudlet #1279 to Vm #15
0.01: MET_Broker: Sending Cloudlet #1280 to Vm #15
0.01: MET_Broker: Sending Cloudlet #1281 to Vm #15
0.01: MET_Broker: Sending Cloudlet #1282 to Vm #15
0.01: MET_Broker: Sending Cloudlet #1283 to Vm #15
0.01: MET_Broker: Sending Cloudlet #1284 to Vm #15
0.01: MET_Broker: Sending Cloudlet #1285 to Vm #15
0.01: MET_Broker: Sending Cloudlet #1286 to Vm #15
0.01: MET_Broker: Sending Cloudlet #1287 to Vm #15
0.01: MET_Broker: Sending Cloudlet #1288 to Vm #15
0.01: MET_Broker: Sending Cloudlet #1289 to Vm #15
0.01: MET_Broker: Sending Cloudlet #1290 to Vm #15
0.01: MET_Broker: Sending Cloudlet #1291 to Vm #15
0.01: MET_Broker: Sending Cloudlet #1292 to Vm #15
0.01: MET_Broker: Sending Cloudlet #1293 to Vm #15
0.01: MET_Broker: Sending Cloudlet #1294 to Vm #15
0.01: MET_Broker: Sending Cloudlet #1295 to Vm #15
0.01: MET_Broker: Sending Cloudlet #1296 to Vm #15
0.01: MET_Broker: Sending Cloudlet #1297 to Vm #15
0.01: MET_Broker: Sending Cloudlet #1298 to Vm #15
0.01: MET_Broker: Sending Cloudlet #1299 to Vm #15
0.01: MET_Broker: Sending Cloudlet #1300 to Vm #15
0.01: MET_Broker: Sending Cloudlet #1301 to Vm #15
0.01: MET_Broker: Sending Cloudlet #1302 to Vm #15
0.01: MET_Broker: Sending Cloudlet #1303 to Vm #15
0.01: MET_Broker: Sending Cloudlet #1304 to Vm #15
0.01: MET_Broker: Sending Cloudlet #1305 to Vm #15
0.01: MET_Broker: Sending Cloudlet #1306 to Vm #15
0.01: MET_Broker: Sending Cloudlet #1307 to Vm #15
0.01: MET_Broker: Sending Cloudlet #1308 to Vm #15
0.01: MET_Broker: Sending Cloudlet #1309 to Vm #15
0.01: MET_Broker: Sending Cloudlet #1310 to Vm #15
0.01: MET_Broker: Sending Cloudlet #1311 to Vm #15
0.01: MET_Broker: Sending Cloudlet #1312 to Vm #15
0.01: MET_Broker: Sending Cloudlet #1313 to Vm #15
0.01: MET_Broker: Sending Cloudlet #1314 to Vm #15
0.01: MET_Broker: Sending Cloudlet #1315 to Vm #15
0.01: MET_Broker: Sending Cloudlet #1316 to Vm #15
0.01: MET_Broker: Sending Cloudlet #1317 to Vm #15
0.01: MET_Broker: Sending Cloudlet #1318 to Vm #15
0.01: MET_Broker: Sending Cloudlet #1319 to Vm #15
0.01: MET_Broker: Sending Cloudlet #1320 to Vm #15
0.01: MET_Broker: Sending Cloudlet #1321 to Vm #15
0.01: MET_Broker: Sending Cloudlet #1322 to Vm #15
0.01: MET_Broker: Sending Cloudlet #1323 to Vm #15
0.01: MET_Broker: Sending Cloudlet #1324 to Vm #15
0.01: MET_Broker: Sending Cloudlet #1325 to Vm #15
0.01: MET_Broker: Sending Cloudlet #1326 to Vm #15
0.01: MET_Broker: Sending Cloudlet #1327 to Vm #15
0.01: MET_Broker: Sending Cloudlet #1328 to Vm #15
0.01: MET_Broker: Sending Cloudlet #1329 to Vm #15
0.01: MET_Broker: Sending Cloudlet #1330 to Vm #15
0.01: MET_Broker: Sending Cloudlet #1331 to Vm #15
0.01: MET_Broker: Sending Cloudlet #1332 to Vm #15
0.01: MET_Broker: Sending Cloudlet #1333 to Vm #15
0.01: MET_Broker: Sending Cloudlet #1334 to Vm #15
0.01: MET_Broker: Sending Cloudlet #1335 to Vm #15
0.01: MET_Broker: Sending Cloudlet #1336 to Vm #15
0.01: MET_Broker: Sending Cloudlet #1337 to Vm #15
0.01: MET_Broker: Sending Cloudlet #1338 to Vm #15
0.01: MET_Broker: Sending Cloudlet #1339 to Vm #15
0.01: MET_Broker: Sending Cloudlet #1340 to Vm #15
0.01: MET_Broker: Sending Cloudlet #1341 to Vm #15
0.01: MET_Broker: Sending Cloudlet #1342 to Vm #15
0.01: MET_Broker: Sending Cloudlet #1343 to Vm #15
0.01: MET_Broker: Sending Cloudlet #1344 to Vm #15
0.01: MET_Broker: Sending Cloudlet #1345 to Vm #15
0.01: MET_Broker: Sending Cloudlet #1346 to Vm #15
0.01: MET_Broker: Sending Cloudlet #1347 to Vm #15
0.01: MET_Broker: Sending Cloudlet #1348 to Vm #15
0.01: MET_Broker: Sending Cloudlet #1349 to Vm #15
0.01: MET_Broker: Sending Cloudlet #1350 to Vm #15
0.01: MET_Broker: Sending Cloudlet #1351 to Vm #15
0.01: MET_Broker: Sending Cloudlet #1352 to Vm #15
0.01: MET_Broker: Sending Cloudlet #1353 to Vm #15
0.01: MET_Broker: Sending Cloudlet #1354 to Vm #15
0.01: MET_Broker: Sending Cloudlet #1355 to Vm #15
0.01: MET_Broker: Sending Cloudlet #1356 to Vm #15
0.01: MET_Broker: Sending Cloudlet #1357 to Vm #15
0.01: MET_Broker: Sending Cloudlet #1358 to Vm #15
0.01: MET_Broker: Sending Cloudlet #1359 to Vm #15
0.01: MET_Broker: Sending Cloudlet #1360 to Vm #15
0.01: MET_Broker: Sending Cloudlet #1361 to Vm #15
0.01: MET_Broker: Sending Cloudlet #1362 to Vm #15
0.01: MET_Broker: Sending Cloudlet #1363 to Vm #15
0.01: MET_Broker: Sending Cloudlet #1364 to Vm #15
0.01: MET_Broker: Sending Cloudlet #1365 to Vm #15
0.01: MET_Broker: Sending Cloudlet #1366 to Vm #15
0.01: MET_Broker: Sending Cloudlet #1367 to Vm #15
0.01: MET_Broker: Sending Cloudlet #1368 to Vm #15
0.01: MET_Broker: Sending Cloudlet #1369 to Vm #15
0.01: MET_Broker: Sending Cloudlet #1370 to Vm #15
0.01: MET_Broker: Sending Cloudlet #1371 to Vm #15
0.01: MET_Broker: Sending Cloudlet #1372 to Vm #15
0.01: MET_Broker: Sending Cloudlet #1373 to Vm #15
0.01: MET_Broker: Sending Cloudlet #1374 to Vm #15
0.01: MET_Broker: Sending Cloudlet #1375 to Vm #15
0.01: MET_Broker: Sending Cloudlet #1376 to Vm #15
0.01: MET_Broker: Sending Cloudlet #1377 to Vm #15
0.01: MET_Broker: Sending Cloudlet #1378 to Vm #15
0.01: MET_Broker: Sending Cloudlet #1379 to Vm #15
0.01: MET_Broker: Sending Cloudlet #1380 to Vm #15
0.01: MET_Broker: Sending Cloudlet #1381 to Vm #15
0.01: MET_Broker: Sending Cloudlet #1382 to Vm #15
0.01: MET_Broker: Sending Cloudlet #1383 to Vm #15
0.01: MET_Broker: Sending Cloudlet #1384 to Vm #15
0.01: MET_Broker: Sending Cloudlet #1385 to Vm #15
0.01: MET_Broker: Sending Cloudlet #1386 to Vm #15
0.01: MET_Broker: Sending Cloudlet #1387 to Vm #15
0.01: MET_Broker: Sending Cloudlet #1388 to Vm #15
0.01: MET_Broker: Sending Cloudlet #1389 to Vm #15
0.01: MET_Broker: Sending Cloudlet #1390 to Vm #15
0.01: MET_Broker: Sending Cloudlet #1391 to Vm #15
0.01: MET_Broker: Sending Cloudlet #1392 to Vm #15
0.01: MET_Broker: Sending Cloudlet #1393 to Vm #15
0.01: MET_Broker: Sending Cloudlet #1394 to Vm #15
0.01: MET_Broker: Sending Cloudlet #1395 to Vm #15
0.01: MET_Broker: Sending Cloudlet #1396 to Vm #15
0.01: MET_Broker: Sending Cloudlet #1397 to Vm #15
0.01: MET_Broker: Sending Cloudlet #1398 to Vm #15
0.01: MET_Broker: Sending Cloudlet #1399 to Vm #15
0.01: MET_Broker: Sending Cloudlet #1400 to Vm #15
0.01: MET_Broker: Sending Cloudlet #1401 to Vm #15
0.01: MET_Broker: Sending Cloudlet #1402 to Vm #15
0.01: MET_Broker: Sending Cloudlet #1403 to Vm #15
0.01: MET_Broker: Sending Cloudlet #1404 to Vm #15
0.01: MET_Broker: Sending Cloudlet #1405 to Vm #15
0.01: MET_Broker: Sending Cloudlet #1406 to Vm #15
0.01: MET_Broker: Sending Cloudlet #1407 to Vm #15
0.01: MET_Broker: Sending Cloudlet #1408 to Vm #15
0.01: MET_Broker: Sending Cloudlet #1409 to Vm #15
0.01: MET_Broker: Sending Cloudlet #1410 to Vm #15
0.01: MET_Broker: Sending Cloudlet #1411 to Vm #15
0.01: MET_Broker: Sending Cloudlet #1412 to Vm #15
0.01: MET_Broker: Sending Cloudlet #1413 to Vm #15
0.01: MET_Broker: Sending Cloudlet #1414 to Vm #15
0.01: MET_Broker: Sending Cloudlet #1415 to Vm #15
0.01: MET_Broker: Sending Cloudlet #1416 to Vm #15
0.01: MET_Broker: Sending Cloudlet #1417 to Vm #15
0.01: MET_Broker: Sending Cloudlet #1418 to Vm #15
0.01: MET_Broker: Sending Cloudlet #1419 to Vm #15
0.01: MET_Broker: Sending Cloudlet #1420 to Vm #15
0.01: MET_Broker: Sending Cloudlet #1421 to Vm #15
0.01: MET_Broker: Sending Cloudlet #1422 to Vm #15
0.01: MET_Broker: Sending Cloudlet #1423 to Vm #15
0.01: MET_Broker: Sending Cloudlet #1424 to Vm #15
0.01: MET_Broker: Sending Cloudlet #1425 to Vm #15
0.01: MET_Broker: Sending Cloudlet #1426 to Vm #15
0.01: MET_Broker: Sending Cloudlet #1427 to Vm #15
0.01: MET_Broker: Sending Cloudlet #1428 to Vm #15
0.01: MET_Broker: Sending Cloudlet #1429 to Vm #15
0.01: MET_Broker: Sending Cloudlet #1430 to Vm #15
0.01: MET_Broker: Sending Cloudlet #1431 to Vm #15
0.01: MET_Broker: Sending Cloudlet #1432 to Vm #15
0.01: MET_Broker: Sending Cloudlet #1433 to Vm #15
0.01: MET_Broker: Sending Cloudlet #1434 to Vm #15
0.01: MET_Broker: Sending Cloudlet #1435 to Vm #15
0.01: MET_Broker: Sending Cloudlet #1436 to Vm #15
0.01: MET_Broker: Sending Cloudlet #1437 to Vm #15
0.01: MET_Broker: Sending Cloudlet #1438 to Vm #15
0.01: MET_Broker: Sending Cloudlet #1439 to Vm #15
0.01: MET_Broker: Sending Cloudlet #1440 to Vm #15
0.01: MET_Broker: Sending Cloudlet #1441 to Vm #15
0.01: MET_Broker: Sending Cloudlet #1442 to Vm #15
0.01: MET_Broker: Sending Cloudlet #1443 to Vm #15
0.01: MET_Broker: Sending Cloudlet #1444 to Vm #15
0.01: MET_Broker: Sending Cloudlet #1445 to Vm #15
0.01: MET_Broker: Sending Cloudlet #1446 to Vm #15
0.01: MET_Broker: Sending Cloudlet #1447 to Vm #15
0.01: MET_Broker: Sending Cloudlet #1448 to Vm #15
0.01: MET_Broker: Sending Cloudlet #1449 to Vm #15
0.01: MET_Broker: Sending Cloudlet #1450 to Vm #15
0.01: MET_Broker: Sending Cloudlet #1451 to Vm #15
0.01: MET_Broker: Sending Cloudlet #1452 to Vm #15
0.01: MET_Broker: Sending Cloudlet #1453 to Vm #15
0.01: MET_Broker: Sending Cloudlet #1454 to Vm #15
0.01: MET_Broker: Sending Cloudlet #1455 to Vm #15
0.01: MET_Broker: Sending Cloudlet #1456 to Vm #15
0.01: MET_Broker: Sending Cloudlet #1457 to Vm #15
0.01: MET_Broker: Sending Cloudlet #1458 to Vm #15
0.01: MET_Broker: Sending Cloudlet #1459 to Vm #15
0.01: MET_Broker: Sending Cloudlet #1460 to Vm #15
0.01: MET_Broker: Sending Cloudlet #1461 to Vm #15
0.01: MET_Broker: Sending Cloudlet #1462 to Vm #15
0.01: MET_Broker: Sending Cloudlet #1463 to Vm #15
0.01: MET_Broker: Sending Cloudlet #1464 to Vm #15
0.01: MET_Broker: Sending Cloudlet #1465 to Vm #15
0.01: MET_Broker: Sending Cloudlet #1466 to Vm #15
0.01: MET_Broker: Sending Cloudlet #1467 to Vm #15
0.01: MET_Broker: Sending Cloudlet #1468 to Vm #15
0.01: MET_Broker: Sending Cloudlet #1469 to Vm #15
0.01: MET_Broker: Sending Cloudlet #1470 to Vm #15
0.01: MET_Broker: Sending Cloudlet #1471 to Vm #15
0.01: MET_Broker: Sending Cloudlet #1472 to Vm #15
0.01: MET_Broker: Sending Cloudlet #1473 to Vm #15
0.01: MET_Broker: Sending Cloudlet #1474 to Vm #15
0.01: MET_Broker: Sending Cloudlet #1475 to Vm #15
0.01: MET_Broker: Sending Cloudlet #1476 to Vm #15
0.01: MET_Broker: Sending Cloudlet #1477 to Vm #15
0.01: MET_Broker: Sending Cloudlet #1478 to Vm #15
0.01: MET_Broker: Sending Cloudlet #1479 to Vm #15
0.01: MET_Broker: Sending Cloudlet #1480 to Vm #15
0.01: MET_Broker: Sending Cloudlet #1481 to Vm #15
0.01: MET_Broker: Sending Cloudlet #1482 to Vm #15
0.01: MET_Broker: Sending Cloudlet #1483 to Vm #15
0.01: MET_Broker: Sending Cloudlet #1484 to Vm #15
0.01: MET_Broker: Sending Cloudlet #1485 to Vm #15
0.01: MET_Broker: Sending Cloudlet #1486 to Vm #15
0.01: MET_Broker: Sending Cloudlet #1487 to Vm #15
0.01: MET_Broker: Sending Cloudlet #1488 to Vm #15
0.01: MET_Broker: Sending Cloudlet #1489 to Vm #15
0.01: MET_Broker: Sending Cloudlet #1490 to Vm #15
0.01: MET_Broker: Sending Cloudlet #1491 to Vm #15
0.01: MET_Broker: Sending Cloudlet #1492 to Vm #15
0.01: MET_Broker: Sending Cloudlet #1493 to Vm #15
0.01: MET_Broker: Sending Cloudlet #1494 to Vm #15
0.01: MET_Broker: Sending Cloudlet #1495 to Vm #15
0.01: MET_Broker: Sending Cloudlet #1496 to Vm #15
0.01: MET_Broker: Sending Cloudlet #1497 to Vm #15
0.01: MET_Broker: Sending Cloudlet #1498 to Vm #15
0.01: MET_Broker: Sending Cloudlet #1499 to Vm #15
0.01: MET_Broker: Sending Cloudlet #1500 to Vm #15
0.01: MET_Broker: Sending Cloudlet #1501 to Vm #15
0.01: MET_Broker: Sending Cloudlet #1502 to Vm #15
0.01: MET_Broker: Sending Cloudlet #1503 to Vm #15
0.01: MET_Broker: Sending Cloudlet #1504 to Vm #15
0.01: MET_Broker: Sending Cloudlet #1505 to Vm #15
0.01: MET_Broker: Sending Cloudlet #1506 to Vm #15
0.01: MET_Broker: Sending Cloudlet #1507 to Vm #15
0.01: MET_Broker: Sending Cloudlet #1508 to Vm #15
0.01: MET_Broker: Sending Cloudlet #1509 to Vm #15
0.01: MET_Broker: Sending Cloudlet #1510 to Vm #15
0.01: MET_Broker: Sending Cloudlet #1511 to Vm #15
0.01: MET_Broker: Sending Cloudlet #1512 to Vm #15
0.01: MET_Broker: Sending Cloudlet #1513 to Vm #15
0.01: MET_Broker: Sending Cloudlet #1514 to Vm #15
0.01: MET_Broker: Sending Cloudlet #1515 to Vm #15
0.01: MET_Broker: Sending Cloudlet #1516 to Vm #15
0.01: MET_Broker: Sending Cloudlet #1517 to Vm #15
0.01: MET_Broker: Sending Cloudlet #1518 to Vm #15
0.01: MET_Broker: Sending Cloudlet #1519 to Vm #15
0.01: MET_Broker: Sending Cloudlet #1520 to Vm #15
0.01: MET_Broker: Sending Cloudlet #1521 to Vm #15
0.01: MET_Broker: Sending Cloudlet #1522 to Vm #15
0.01: MET_Broker: Sending Cloudlet #1523 to Vm #15
0.01: MET_Broker: Sending Cloudlet #1524 to Vm #15
0.01: MET_Broker: Sending Cloudlet #1525 to Vm #15
0.01: MET_Broker: Sending Cloudlet #1526 to Vm #15
0.01: MET_Broker: Sending Cloudlet #1527 to Vm #15
0.01: MET_Broker: Sending Cloudlet #1528 to Vm #15
0.01: MET_Broker: Sending Cloudlet #1529 to Vm #15
0.01: MET_Broker: Sending Cloudlet #1530 to Vm #15
0.01: MET_Broker: Sending Cloudlet #1531 to Vm #15
0.01: MET_Broker: Sending Cloudlet #1532 to Vm #15
0.01: MET_Broker: Sending Cloudlet #1533 to Vm #15
0.01: MET_Broker: Sending Cloudlet #1534 to Vm #15
0.01: MET_Broker: Sending Cloudlet #1535 to Vm #15
0.01: MET_Broker: Sending Cloudlet #1536 to Vm #15
0.01: MET_Broker: Sending Cloudlet #1537 to Vm #15
0.01: MET_Broker: Sending Cloudlet #1538 to Vm #15
0.01: MET_Broker: Sending Cloudlet #1539 to Vm #15
0.01: MET_Broker: Sending Cloudlet #1540 to Vm #15
0.01: MET_Broker: Sending Cloudlet #1541 to Vm #15
0.01: MET_Broker: Sending Cloudlet #1542 to Vm #15
0.01: MET_Broker: Sending Cloudlet #1543 to Vm #15
0.01: MET_Broker: Sending Cloudlet #1544 to Vm #15
0.01: MET_Broker: Sending Cloudlet #1545 to Vm #15
0.01: MET_Broker: Sending Cloudlet #1546 to Vm #15
0.01: MET_Broker: Sending Cloudlet #1547 to Vm #15
0.01: MET_Broker: Sending Cloudlet #1548 to Vm #15
0.01: MET_Broker: Sending Cloudlet #1549 to Vm #15
0.01: MET_Broker: Sending Cloudlet #1550 to Vm #15
0.01: MET_Broker: Sending Cloudlet #1551 to Vm #15
0.01: MET_Broker: Sending Cloudlet #1552 to Vm #15
0.01: MET_Broker: Sending Cloudlet #1553 to Vm #15
0.01: MET_Broker: Sending Cloudlet #1554 to Vm #15
0.01: MET_Broker: Sending Cloudlet #1555 to Vm #15
0.01: MET_Broker: Sending Cloudlet #1556 to Vm #15
0.01: MET_Broker: Sending Cloudlet #1557 to Vm #15
0.01: MET_Broker: Sending Cloudlet #1558 to Vm #15
0.01: MET_Broker: Sending Cloudlet #1559 to Vm #15
0.01: MET_Broker: Sending Cloudlet #1560 to Vm #15
0.01: MET_Broker: Sending Cloudlet #1561 to Vm #15
0.01: MET_Broker: Sending Cloudlet #1562 to Vm #15
0.01: MET_Broker: Sending Cloudlet #1563 to Vm #15
0.01: MET_Broker: Sending Cloudlet #1564 to Vm #15
0.01: MET_Broker: Sending Cloudlet #1565 to Vm #15
0.01: MET_Broker: Sending Cloudlet #1566 to Vm #15
0.01: MET_Broker: Sending Cloudlet #1567 to Vm #15
0.01: MET_Broker: Sending Cloudlet #1568 to Vm #15
0.01: MET_Broker: Sending Cloudlet #1569 to Vm #15
0.01: MET_Broker: Sending Cloudlet #1570 to Vm #15
0.01: MET_Broker: Sending Cloudlet #1571 to Vm #15
0.01: MET_Broker: Sending Cloudlet #1572 to Vm #15
0.01: MET_Broker: Sending Cloudlet #1573 to Vm #15
0.01: MET_Broker: Sending Cloudlet #1574 to Vm #15
0.01: MET_Broker: Sending Cloudlet #1575 to Vm #15
0.01: MET_Broker: Sending Cloudlet #1576 to Vm #15
0.01: MET_Broker: Sending Cloudlet #1577 to Vm #15
0.01: MET_Broker: Sending Cloudlet #1578 to Vm #15
0.01: MET_Broker: Sending Cloudlet #1579 to Vm #15
0.01: MET_Broker: Sending Cloudlet #1580 to Vm #15
0.01: MET_Broker: Sending Cloudlet #1581 to Vm #15
0.01: MET_Broker: Sending Cloudlet #1582 to Vm #15
0.01: MET_Broker: Sending Cloudlet #1583 to Vm #15
0.01: MET_Broker: Sending Cloudlet #1584 to Vm #15
0.01: MET_Broker: Sending Cloudlet #1585 to Vm #15
0.01: MET_Broker: Sending Cloudlet #1586 to Vm #15
0.01: MET_Broker: Sending Cloudlet #1587 to Vm #15
0.01: MET_Broker: Sending Cloudlet #1588 to Vm #15
0.01: MET_Broker: Sending Cloudlet #1589 to Vm #15
0.01: MET_Broker: Sending Cloudlet #1590 to Vm #15
0.01: MET_Broker: Sending Cloudlet #1591 to Vm #15
0.01: MET_Broker: Sending Cloudlet #1592 to Vm #15
0.01: MET_Broker: Sending Cloudlet #1593 to Vm #15
0.01: MET_Broker: Sending Cloudlet #1594 to Vm #15
0.01: MET_Broker: Sending Cloudlet #1595 to Vm #15
0.01: MET_Broker: Sending Cloudlet #1596 to Vm #15
0.01: MET_Broker: Sending Cloudlet #1597 to Vm #15
0.01: MET_Broker: Sending Cloudlet #1598 to Vm #15
0.01: MET_Broker: Sending Cloudlet #1599 to Vm #15
0.01: MET_Broker: Sending Cloudlet #1600 to Vm #15
0.01: MET_Broker: Sending Cloudlet #1601 to Vm #15
0.01: MET_Broker: Sending Cloudlet #1602 to Vm #15
0.01: MET_Broker: Sending Cloudlet #1603 to Vm #15
0.01: MET_Broker: Sending Cloudlet #1604 to Vm #15
0.01: MET_Broker: Sending Cloudlet #1605 to Vm #15
0.01: MET_Broker: Sending Cloudlet #1606 to Vm #15
0.01: MET_Broker: Sending Cloudlet #1607 to Vm #15
0.01: MET_Broker: Sending Cloudlet #1608 to Vm #15
0.01: MET_Broker: Sending Cloudlet #1609 to Vm #15
0.01: MET_Broker: Sending Cloudlet #1610 to Vm #15
0.01: MET_Broker: Sending Cloudlet #1611 to Vm #15
0.01: MET_Broker: Sending Cloudlet #1612 to Vm #15
0.01: MET_Broker: Sending Cloudlet #1613 to Vm #15
0.01: MET_Broker: Sending Cloudlet #1614 to Vm #15
0.01: MET_Broker: Sending Cloudlet #1615 to Vm #15
0.01: MET_Broker: Sending Cloudlet #1616 to Vm #15
0.01: MET_Broker: Sending Cloudlet #1617 to Vm #15
0.01: MET_Broker: Sending Cloudlet #1618 to Vm #15
0.01: MET_Broker: Sending Cloudlet #1619 to Vm #15
0.01: MET_Broker: Sending Cloudlet #1620 to Vm #15
0.01: MET_Broker: Sending Cloudlet #1621 to Vm #15
0.01: MET_Broker: Sending Cloudlet #1622 to Vm #15
0.01: MET_Broker: Sending Cloudlet #1623 to Vm #15
0.01: MET_Broker: Sending Cloudlet #1624 to Vm #15
0.01: MET_Broker: Sending Cloudlet #1625 to Vm #15
0.01: MET_Broker: Sending Cloudlet #1626 to Vm #15
0.01: MET_Broker: Sending Cloudlet #1627 to Vm #15
0.01: MET_Broker: Sending Cloudlet #1628 to Vm #15
0.01: MET_Broker: Sending Cloudlet #1629 to Vm #15
0.01: MET_Broker: Sending Cloudlet #1630 to Vm #15
0.01: MET_Broker: Sending Cloudlet #1631 to Vm #15
0.01: MET_Broker: Sending Cloudlet #1632 to Vm #15
0.01: MET_Broker: Sending Cloudlet #1633 to Vm #15
0.01: MET_Broker: Sending Cloudlet #1634 to Vm #15
0.01: MET_Broker: Sending Cloudlet #1635 to Vm #15
0.01: MET_Broker: Sending Cloudlet #1636 to Vm #15
0.01: MET_Broker: Sending Cloudlet #1637 to Vm #15
0.01: MET_Broker: Sending Cloudlet #1638 to Vm #15
0.01: MET_Broker: Sending Cloudlet #1639 to Vm #15
0.01: MET_Broker: Sending Cloudlet #1640 to Vm #15
0.01: MET_Broker: Sending Cloudlet #1641 to Vm #15
0.01: MET_Broker: Sending Cloudlet #1642 to Vm #15
0.01: MET_Broker: Sending Cloudlet #1643 to Vm #15
0.01: MET_Broker: Sending Cloudlet #1644 to Vm #15
0.01: MET_Broker: Sending Cloudlet #1645 to Vm #15
0.01: MET_Broker: Sending Cloudlet #1646 to Vm #15
0.01: MET_Broker: Sending Cloudlet #1647 to Vm #15
0.01: MET_Broker: Sending Cloudlet #1648 to Vm #15
0.01: MET_Broker: Sending Cloudlet #1649 to Vm #15
0.01: MET_Broker: Sending Cloudlet #1650 to Vm #15
0.01: MET_Broker: Sending Cloudlet #1651 to Vm #15
0.01: MET_Broker: Sending Cloudlet #1652 to Vm #15
0.01: MET_Broker: Sending Cloudlet #1653 to Vm #15
0.01: MET_Broker: Sending Cloudlet #1654 to Vm #15
0.01: MET_Broker: Sending Cloudlet #1655 to Vm #15
0.01: MET_Broker: Sending Cloudlet #1656 to Vm #15
0.01: MET_Broker: Sending Cloudlet #1657 to Vm #15
0.01: MET_Broker: Sending Cloudlet #1658 to Vm #15
0.01: MET_Broker: Sending Cloudlet #1659 to Vm #15
0.01: MET_Broker: Sending Cloudlet #1660 to Vm #15
0.01: MET_Broker: Sending Cloudlet #1661 to Vm #15
0.01: MET_Broker: Sending Cloudlet #1662 to Vm #15
0.01: MET_Broker: Sending Cloudlet #1663 to Vm #15
0.01: MET_Broker: Sending Cloudlet #1664 to Vm #15
0.01: MET_Broker: Sending Cloudlet #1665 to Vm #15
0.01: MET_Broker: Sending Cloudlet #1666 to Vm #15
0.01: MET_Broker: Sending Cloudlet #1667 to Vm #15
0.01: MET_Broker: Sending Cloudlet #1668 to Vm #15
0.01: MET_Broker: Sending Cloudlet #1669 to Vm #15
0.01: MET_Broker: Sending Cloudlet #1670 to Vm #15
0.01: MET_Broker: Sending Cloudlet #1671 to Vm #15
0.01: MET_Broker: Sending Cloudlet #1672 to Vm #15
0.01: MET_Broker: Sending Cloudlet #1673 to Vm #15
0.01: MET_Broker: Sending Cloudlet #1674 to Vm #15
0.01: MET_Broker: Sending Cloudlet #1675 to Vm #15
0.01: MET_Broker: Sending Cloudlet #1676 to Vm #15
0.01: MET_Broker: Sending Cloudlet #1677 to Vm #15
0.01: MET_Broker: Sending Cloudlet #1678 to Vm #15
0.01: MET_Broker: Sending Cloudlet #1679 to Vm #15
0.01: MET_Broker: Sending Cloudlet #1680 to Vm #15
0.01: MET_Broker: Sending Cloudlet #1681 to Vm #15
0.01: MET_Broker: Sending Cloudlet #1682 to Vm #15
0.01: MET_Broker: Sending Cloudlet #1683 to Vm #15
0.01: MET_Broker: Sending Cloudlet #1684 to Vm #15
0.01: MET_Broker: Sending Cloudlet #1685 to Vm #15
0.01: MET_Broker: Sending Cloudlet #1686 to Vm #15
0.01: MET_Broker: Sending Cloudlet #1687 to Vm #15
0.01: MET_Broker: Sending Cloudlet #1688 to Vm #15
0.01: MET_Broker: Sending Cloudlet #1689 to Vm #15
0.01: MET_Broker: Sending Cloudlet #1690 to Vm #15
0.01: MET_Broker: Sending Cloudlet #1691 to Vm #15
0.01: MET_Broker: Sending Cloudlet #1692 to Vm #15
0.01: MET_Broker: Sending Cloudlet #1693 to Vm #15
0.01: MET_Broker: Sending Cloudlet #1694 to Vm #15
0.01: MET_Broker: Sending Cloudlet #1695 to Vm #15
0.01: MET_Broker: Sending Cloudlet #1696 to Vm #15
0.01: MET_Broker: Sending Cloudlet #1697 to Vm #15
0.01: MET_Broker: Sending Cloudlet #1698 to Vm #15
0.01: MET_Broker: Sending Cloudlet #1699 to Vm #15
0.01: MET_Broker: Sending Cloudlet #1700 to Vm #15
0.01: MET_Broker: Sending Cloudlet #1701 to Vm #15
0.01: MET_Broker: Sending Cloudlet #1702 to Vm #15
0.01: MET_Broker: Sending Cloudlet #1703 to Vm #15
0.01: MET_Broker: Sending Cloudlet #1704 to Vm #15
0.01: MET_Broker: Sending Cloudlet #1705 to Vm #15
0.01: MET_Broker: Sending Cloudlet #1706 to Vm #15
0.01: MET_Broker: Sending Cloudlet #1707 to Vm #15
0.01: MET_Broker: Sending Cloudlet #1708 to Vm #15
0.01: MET_Broker: Sending Cloudlet #1709 to Vm #15
0.01: MET_Broker: Sending Cloudlet #1710 to Vm #15
0.01: MET_Broker: Sending Cloudlet #1711 to Vm #15
0.01: MET_Broker: Sending Cloudlet #1712 to Vm #15
0.01: MET_Broker: Sending Cloudlet #1713 to Vm #15
0.01: MET_Broker: Sending Cloudlet #1714 to Vm #15
0.01: MET_Broker: Sending Cloudlet #1715 to Vm #15
0.01: MET_Broker: Sending Cloudlet #1716 to Vm #15
0.01: MET_Broker: Sending Cloudlet #1717 to Vm #15
0.01: MET_Broker: Sending Cloudlet #1718 to Vm #15
0.01: MET_Broker: Sending Cloudlet #1719 to Vm #15
0.01: MET_Broker: Sending Cloudlet #1720 to Vm #15
0.01: MET_Broker: Sending Cloudlet #1721 to Vm #15
0.01: MET_Broker: Sending Cloudlet #1722 to Vm #15
0.01: MET_Broker: Sending Cloudlet #1723 to Vm #15
0.01: MET_Broker: Sending Cloudlet #1724 to Vm #15
0.01: MET_Broker: Sending Cloudlet #1725 to Vm #15
0.01: MET_Broker: Sending Cloudlet #1726 to Vm #15
0.01: MET_Broker: Sending Cloudlet #1727 to Vm #15
0.01: MET_Broker: Sending Cloudlet #1728 to Vm #15
0.01: MET_Broker: Sending Cloudlet #1729 to Vm #15
0.01: MET_Broker: Sending Cloudlet #1730 to Vm #15
0.01: MET_Broker: Sending Cloudlet #1731 to Vm #15
0.01: MET_Broker: Sending Cloudlet #1732 to Vm #15
0.01: MET_Broker: Sending Cloudlet #1733 to Vm #15
0.01: MET_Broker: Sending Cloudlet #1734 to Vm #15
0.01: MET_Broker: Sending Cloudlet #1735 to Vm #15
0.01: MET_Broker: Sending Cloudlet #1736 to Vm #15
0.01: MET_Broker: Sending Cloudlet #1737 to Vm #15
0.01: MET_Broker: Sending Cloudlet #1738 to Vm #15
0.01: MET_Broker: Sending Cloudlet #1739 to Vm #15
0.01: MET_Broker: Sending Cloudlet #1740 to Vm #15
0.01: MET_Broker: Sending Cloudlet #1741 to Vm #15
0.01: MET_Broker: Sending Cloudlet #1742 to Vm #15
0.01: MET_Broker: Sending Cloudlet #1743 to Vm #15
0.01: MET_Broker: Sending Cloudlet #1744 to Vm #15
0.01: MET_Broker: Sending Cloudlet #1745 to Vm #15
0.01: MET_Broker: Sending Cloudlet #1746 to Vm #15
0.01: MET_Broker: Sending Cloudlet #1747 to Vm #15
0.01: MET_Broker: Sending Cloudlet #1748 to Vm #15
0.01: MET_Broker: Sending Cloudlet #1749 to Vm #15
0.01: MET_Broker: Sending Cloudlet #1750 to Vm #15
0.01: MET_Broker: Sending Cloudlet #1751 to Vm #15
0.01: MET_Broker: Sending Cloudlet #1752 to Vm #15
0.01: MET_Broker: Sending Cloudlet #1753 to Vm #15
0.01: MET_Broker: Sending Cloudlet #1754 to Vm #15
0.01: MET_Broker: Sending Cloudlet #1755 to Vm #15
0.01: MET_Broker: Sending Cloudlet #1756 to Vm #15
0.01: MET_Broker: Sending Cloudlet #1757 to Vm #15
0.01: MET_Broker: Sending Cloudlet #1758 to Vm #15
0.01: MET_Broker: Sending Cloudlet #1759 to Vm #15
0.01: MET_Broker: Sending Cloudlet #1760 to Vm #15
0.01: MET_Broker: Sending Cloudlet #1761 to Vm #15
0.01: MET_Broker: Sending Cloudlet #1762 to Vm #15
0.01: MET_Broker: Sending Cloudlet #1763 to Vm #15
0.01: MET_Broker: Sending Cloudlet #1764 to Vm #15
0.01: MET_Broker: Sending Cloudlet #1765 to Vm #15
0.01: MET_Broker: Sending Cloudlet #1766 to Vm #15
0.01: MET_Broker: Sending Cloudlet #1767 to Vm #15
0.01: MET_Broker: Sending Cloudlet #1768 to Vm #15
0.01: MET_Broker: Sending Cloudlet #1769 to Vm #15
0.01: MET_Broker: Sending Cloudlet #1770 to Vm #15
0.01: MET_Broker: Sending Cloudlet #1771 to Vm #15
0.01: MET_Broker: Sending Cloudlet #1772 to Vm #15
0.01: MET_Broker: Sending Cloudlet #1773 to Vm #15
0.01: MET_Broker: Sending Cloudlet #1774 to Vm #15
0.01: MET_Broker: Sending Cloudlet #1775 to Vm #15
0.01: MET_Broker: Sending Cloudlet #1776 to Vm #15
0.01: MET_Broker: Sending Cloudlet #1777 to Vm #15
0.01: MET_Broker: Sending Cloudlet #1778 to Vm #15
0.01: MET_Broker: Sending Cloudlet #1779 to Vm #15
0.01: MET_Broker: Sending Cloudlet #1780 to Vm #15
0.01: MET_Broker: Sending Cloudlet #1781 to Vm #15
0.01: MET_Broker: Sending Cloudlet #1782 to Vm #15
0.01: MET_Broker: Sending Cloudlet #1783 to Vm #15
0.01: MET_Broker: Sending Cloudlet #1784 to Vm #15
0.01: MET_Broker: Sending Cloudlet #1785 to Vm #15
0.01: MET_Broker: Sending Cloudlet #1786 to Vm #15
0.01: MET_Broker: Sending Cloudlet #1787 to Vm #15
0.01: MET_Broker: Sending Cloudlet #1788 to Vm #15
0.01: MET_Broker: Sending Cloudlet #1789 to Vm #15
0.01: MET_Broker: Sending Cloudlet #1790 to Vm #15
0.01: MET_Broker: Sending Cloudlet #1791 to Vm #15
0.01: MET_Broker: Sending Cloudlet #1792 to Vm #15
0.01: MET_Broker: Sending Cloudlet #1793 to Vm #15
0.01: MET_Broker: Sending Cloudlet #1794 to Vm #15
0.01: MET_Broker: Sending Cloudlet #1795 to Vm #15
0.01: MET_Broker: Sending Cloudlet #1796 to Vm #15
0.01: MET_Broker: Sending Cloudlet #1797 to Vm #15
0.01: MET_Broker: Sending Cloudlet #1798 to Vm #15
0.01: MET_Broker: Sending Cloudlet #1799 to Vm #15
0.01: MET_Broker: Sending Cloudlet #1800 to Vm #15
0.01: MET_Broker: Sending Cloudlet #1801 to Vm #15
0.01: MET_Broker: Sending Cloudlet #1802 to Vm #15
0.01: MET_Broker: Sending Cloudlet #1803 to Vm #15
0.01: MET_Broker: Sending Cloudlet #1804 to Vm #15
0.01: MET_Broker: Sending Cloudlet #1805 to Vm #15
0.01: MET_Broker: Sending Cloudlet #1806 to Vm #15
0.01: MET_Broker: Sending Cloudlet #1807 to Vm #15
0.01: MET_Broker: Sending Cloudlet #1808 to Vm #15
0.01: MET_Broker: Sending Cloudlet #1809 to Vm #15
0.01: MET_Broker: Sending Cloudlet #1810 to Vm #15
0.01: MET_Broker: Sending Cloudlet #1811 to Vm #15
0.01: MET_Broker: Sending Cloudlet #1812 to Vm #15
0.01: MET_Broker: Sending Cloudlet #1813 to Vm #15
0.01: MET_Broker: Sending Cloudlet #1814 to Vm #15
0.01: MET_Broker: Sending Cloudlet #1815 to Vm #15
0.01: MET_Broker: Sending Cloudlet #1816 to Vm #15
0.01: MET_Broker: Sending Cloudlet #1817 to Vm #15
0.01: MET_Broker: Sending Cloudlet #1818 to Vm #15
0.01: MET_Broker: Sending Cloudlet #1819 to Vm #15
0.01: MET_Broker: Sending Cloudlet #1820 to Vm #15
0.01: MET_Broker: Sending Cloudlet #1821 to Vm #15
0.01: MET_Broker: Sending Cloudlet #1822 to Vm #15
0.01: MET_Broker: Sending Cloudlet #1823 to Vm #15
0.01: MET_Broker: Sending Cloudlet #1824 to Vm #15
0.01: MET_Broker: Sending Cloudlet #1825 to Vm #15
0.01: MET_Broker: Sending Cloudlet #1826 to Vm #15
0.01: MET_Broker: Sending Cloudlet #1827 to Vm #15
0.01: MET_Broker: Sending Cloudlet #1828 to Vm #15
0.01: MET_Broker: Sending Cloudlet #1829 to Vm #15
0.01: MET_Broker: Sending Cloudlet #1830 to Vm #15
0.01: MET_Broker: Sending Cloudlet #1831 to Vm #15
0.01: MET_Broker: Sending Cloudlet #1832 to Vm #15
0.01: MET_Broker: Sending Cloudlet #1833 to Vm #15
0.01: MET_Broker: Sending Cloudlet #1834 to Vm #15
0.01: MET_Broker: Sending Cloudlet #1835 to Vm #15
0.01: MET_Broker: Sending Cloudlet #1836 to Vm #15
0.01: MET_Broker: Sending Cloudlet #1837 to Vm #15
0.01: MET_Broker: Sending Cloudlet #1838 to Vm #15
0.01: MET_Broker: Sending Cloudlet #1839 to Vm #15
0.01: MET_Broker: Sending Cloudlet #1840 to Vm #15
0.01: MET_Broker: Sending Cloudlet #1841 to Vm #15
0.01: MET_Broker: Sending Cloudlet #1842 to Vm #15
0.01: MET_Broker: Sending Cloudlet #1843 to Vm #15
0.01: MET_Broker: Sending Cloudlet #1844 to Vm #15
0.01: MET_Broker: Sending Cloudlet #1845 to Vm #15
0.01: MET_Broker: Sending Cloudlet #1846 to Vm #15
0.01: MET_Broker: Sending Cloudlet #1847 to Vm #15
0.01: MET_Broker: Sending Cloudlet #1848 to Vm #15
0.01: MET_Broker: Sending Cloudlet #1849 to Vm #15
0.01: MET_Broker: Sending Cloudlet #1850 to Vm #15
0.01: MET_Broker: Sending Cloudlet #1851 to Vm #15
0.01: MET_Broker: Sending Cloudlet #1852 to Vm #15
0.01: MET_Broker: Sending Cloudlet #1853 to Vm #15
0.01: MET_Broker: Sending Cloudlet #1854 to Vm #15
0.01: MET_Broker: Sending Cloudlet #1855 to Vm #15
0.01: MET_Broker: Sending Cloudlet #1856 to Vm #15
0.01: MET_Broker: Sending Cloudlet #1857 to Vm #15
0.01: MET_Broker: Sending Cloudlet #1858 to Vm #15
0.01: MET_Broker: Sending Cloudlet #1859 to Vm #15
0.01: MET_Broker: Sending Cloudlet #1860 to Vm #15
0.01: MET_Broker: Sending Cloudlet #1861 to Vm #15
0.01: MET_Broker: Sending Cloudlet #1862 to Vm #15
0.01: MET_Broker: Sending Cloudlet #1863 to Vm #15
0.01: MET_Broker: Sending Cloudlet #1864 to Vm #15
0.01: MET_Broker: Sending Cloudlet #1865 to Vm #15
0.01: MET_Broker: Sending Cloudlet #1866 to Vm #15
0.01: MET_Broker: Sending Cloudlet #1867 to Vm #15
0.01: MET_Broker: Sending Cloudlet #1868 to Vm #15
0.01: MET_Broker: Sending Cloudlet #1869 to Vm #15
0.01: MET_Broker: Sending Cloudlet #1870 to Vm #15
0.01: MET_Broker: Sending Cloudlet #1871 to Vm #15
0.01: MET_Broker: Sending Cloudlet #1872 to Vm #15
0.01: MET_Broker: Sending Cloudlet #1873 to Vm #15
0.01: MET_Broker: Sending Cloudlet #1874 to Vm #15
0.01: MET_Broker: Sending Cloudlet #1875 to Vm #15
0.01: MET_Broker: Sending Cloudlet #1876 to Vm #15
0.01: MET_Broker: Sending Cloudlet #1877 to Vm #15
0.01: MET_Broker: Sending Cloudlet #1878 to Vm #15
0.01: MET_Broker: Sending Cloudlet #1879 to Vm #15
0.01: MET_Broker: Sending Cloudlet #1880 to Vm #15
0.01: MET_Broker: Sending Cloudlet #1881 to Vm #15
0.01: MET_Broker: Sending Cloudlet #1882 to Vm #15
0.01: MET_Broker: Sending Cloudlet #1883 to Vm #15
0.01: MET_Broker: Sending Cloudlet #1884 to Vm #15
0.01: MET_Broker: Sending Cloudlet #1885 to Vm #15
0.01: MET_Broker: Sending Cloudlet #1886 to Vm #15
0.01: MET_Broker: Sending Cloudlet #1887 to Vm #15
0.01: MET_Broker: Sending Cloudlet #1888 to Vm #15
0.01: MET_Broker: Sending Cloudlet #1889 to Vm #15
0.01: MET_Broker: Sending Cloudlet #1890 to Vm #15
0.01: MET_Broker: Sending Cloudlet #1891 to Vm #15
0.01: MET_Broker: Sending Cloudlet #1892 to Vm #15
0.01: MET_Broker: Sending Cloudlet #1893 to Vm #15
0.01: MET_Broker: Sending Cloudlet #1894 to Vm #15
0.01: MET_Broker: Sending Cloudlet #1895 to Vm #15
0.01: MET_Broker: Sending Cloudlet #1896 to Vm #15
0.01: MET_Broker: Sending Cloudlet #1897 to Vm #15
0.01: MET_Broker: Sending Cloudlet #1898 to Vm #15
0.01: MET_Broker: Sending Cloudlet #1899 to Vm #15
0.01: MET_Broker: Sending Cloudlet #1900 to Vm #15
0.01: MET_Broker: Sending Cloudlet #1901 to Vm #15
0.01: MET_Broker: Sending Cloudlet #1902 to Vm #15
0.01: MET_Broker: Sending Cloudlet #1903 to Vm #15
0.01: MET_Broker: Sending Cloudlet #1904 to Vm #15
0.01: MET_Broker: Sending Cloudlet #1905 to Vm #15
0.01: MET_Broker: Sending Cloudlet #1906 to Vm #15
0.01: MET_Broker: Sending Cloudlet #1907 to Vm #15
0.01: MET_Broker: Sending Cloudlet #1908 to Vm #15
0.01: MET_Broker: Sending Cloudlet #1909 to Vm #15
0.01: MET_Broker: Sending Cloudlet #1910 to Vm #15
0.01: MET_Broker: Sending Cloudlet #1911 to Vm #15
0.01: MET_Broker: Sending Cloudlet #1912 to Vm #15
0.01: MET_Broker: Sending Cloudlet #1913 to Vm #15
0.01: MET_Broker: Sending Cloudlet #1914 to Vm #15
0.01: MET_Broker: Sending Cloudlet #1915 to Vm #15
0.01: MET_Broker: Sending Cloudlet #1916 to Vm #15
0.01: MET_Broker: Sending Cloudlet #1917 to Vm #15
0.01: MET_Broker: Sending Cloudlet #1918 to Vm #15
0.01: MET_Broker: Sending Cloudlet #1919 to Vm #15
0.01: MET_Broker: Sending Cloudlet #1920 to Vm #15
0.01: MET_Broker: Sending Cloudlet #1921 to Vm #15
0.01: MET_Broker: Sending Cloudlet #1922 to Vm #15
0.01: MET_Broker: Sending Cloudlet #1923 to Vm #15
0.01: MET_Broker: Sending Cloudlet #1924 to Vm #15
0.01: MET_Broker: Sending Cloudlet #1925 to Vm #15
0.01: MET_Broker: Sending Cloudlet #1926 to Vm #15
0.01: MET_Broker: Sending Cloudlet #1927 to Vm #15
0.01: MET_Broker: Sending Cloudlet #1928 to Vm #15
0.01: MET_Broker: Sending Cloudlet #1929 to Vm #15
0.01: MET_Broker: Sending Cloudlet #1930 to Vm #15
0.01: MET_Broker: Sending Cloudlet #1931 to Vm #15
0.01: MET_Broker: Sending Cloudlet #1932 to Vm #15
0.01: MET_Broker: Sending Cloudlet #1933 to Vm #15
0.01: MET_Broker: Sending Cloudlet #1934 to Vm #15
0.01: MET_Broker: Sending Cloudlet #1935 to Vm #15
0.01: MET_Broker: Sending Cloudlet #1936 to Vm #15
0.01: MET_Broker: Sending Cloudlet #1937 to Vm #15
0.01: MET_Broker: Sending Cloudlet #1938 to Vm #15
0.01: MET_Broker: Sending Cloudlet #1939 to Vm #15
0.01: MET_Broker: Sending Cloudlet #1940 to Vm #15
0.01: MET_Broker: Sending Cloudlet #1941 to Vm #15
0.01: MET_Broker: Sending Cloudlet #1942 to Vm #15
0.01: MET_Broker: Sending Cloudlet #1943 to Vm #15
0.01: MET_Broker: Sending Cloudlet #1944 to Vm #15
0.01: MET_Broker: Sending Cloudlet #1945 to Vm #15
0.01: MET_Broker: Sending Cloudlet #1946 to Vm #15
0.01: MET_Broker: Sending Cloudlet #1947 to Vm #15
0.01: MET_Broker: Sending Cloudlet #1948 to Vm #15
0.01: MET_Broker: Sending Cloudlet #1949 to Vm #15
0.01: MET_Broker: Sending Cloudlet #1950 to Vm #15
0.01: MET_Broker: Sending Cloudlet #1951 to Vm #15
0.01: MET_Broker: Sending Cloudlet #1952 to Vm #15
0.01: MET_Broker: Sending Cloudlet #1953 to Vm #15
0.01: MET_Broker: Sending Cloudlet #1954 to Vm #15
0.01: MET_Broker: Sending Cloudlet #1955 to Vm #15
0.01: MET_Broker: Sending Cloudlet #1956 to Vm #15
0.01: MET_Broker: Sending Cloudlet #1957 to Vm #15
0.01: MET_Broker: Sending Cloudlet #1958 to Vm #15
0.01: MET_Broker: Sending Cloudlet #1959 to Vm #15
0.01: MET_Broker: Sending Cloudlet #1960 to Vm #15
0.01: MET_Broker: Sending Cloudlet #1961 to Vm #15
0.01: MET_Broker: Sending Cloudlet #1962 to Vm #15
0.01: MET_Broker: Sending Cloudlet #1963 to Vm #15
0.01: MET_Broker: Sending Cloudlet #1964 to Vm #15
0.01: MET_Broker: Sending Cloudlet #1965 to Vm #15
0.01: MET_Broker: Sending Cloudlet #1966 to Vm #15
0.01: MET_Broker: Sending Cloudlet #1967 to Vm #15
0.01: MET_Broker: Sending Cloudlet #1968 to Vm #15
0.01: MET_Broker: Sending Cloudlet #1969 to Vm #15
0.01: MET_Broker: Sending Cloudlet #1970 to Vm #15
0.01: MET_Broker: Sending Cloudlet #1971 to Vm #15
0.01: MET_Broker: Sending Cloudlet #1972 to Vm #15
0.01: MET_Broker: Sending Cloudlet #1973 to Vm #15
0.01: MET_Broker: Sending Cloudlet #1974 to Vm #15
0.01: MET_Broker: Sending Cloudlet #1975 to Vm #15
0.01: MET_Broker: Sending Cloudlet #1976 to Vm #15
0.01: MET_Broker: Sending Cloudlet #1977 to Vm #15
0.01: MET_Broker: Sending Cloudlet #1978 to Vm #15
0.01: MET_Broker: Sending Cloudlet #1979 to Vm #15
0.01: MET_Broker: Sending Cloudlet #1980 to Vm #15
0.01: MET_Broker: Sending Cloudlet #1981 to Vm #15
0.01: MET_Broker: Sending Cloudlet #1982 to Vm #15
0.01: MET_Broker: Sending Cloudlet #1983 to Vm #15
0.01: MET_Broker: Sending Cloudlet #1984 to Vm #15
0.01: MET_Broker: Sending Cloudlet #1985 to Vm #15
0.01: MET_Broker: Sending Cloudlet #1986 to Vm #15
0.01: MET_Broker: Sending Cloudlet #1987 to Vm #15
0.01: MET_Broker: Sending Cloudlet #1988 to Vm #15
0.01: MET_Broker: Sending Cloudlet #1989 to Vm #15
0.01: MET_Broker: Sending Cloudlet #1990 to Vm #15
0.01: MET_Broker: Sending Cloudlet #1991 to Vm #15
0.01: MET_Broker: Sending Cloudlet #1992 to Vm #15
0.01: MET_Broker: Sending Cloudlet #1993 to Vm #15
0.01: MET_Broker: Sending Cloudlet #1994 to Vm #15
0.01: MET_Broker: Sending Cloudlet #1995 to Vm #15
0.01: MET_Broker: Sending Cloudlet #1996 to Vm #15
0.01: MET_Broker: Sending Cloudlet #1997 to Vm #15
0.01: MET_Broker: Sending Cloudlet #1998 to Vm #15
0.01: MET_Broker: Sending Cloudlet #1999 to Vm #15
7.5283999999999995: MET_Broker: Cloudlet #1 return received
7.5283999999999995: MET_Broker: The number of finished Cloudlets is:1
9.505199999999999: MET_Broker: Cloudlet #0 return received
9.505199999999999: MET_Broker: The number of finished Cloudlets is:2
19.488: MET_Broker: Cloudlet #3 return received
19.488: MET_Broker: The number of finished Cloudlets is:3
20.476399999999998: MET_Broker: Cloudlet #4 return received
20.476399999999998: MET_Broker: The number of finished Cloudlets is:4
37.1044: MET_Broker: Cloudlet #6 return received
37.1044: MET_Broker: The number of finished Cloudlets is:5
45.0804: MET_Broker: Cloudlet #8 return received
45.0804: MET_Broker: The number of finished Cloudlets is:6
161.1328: MET_Broker: Cloudlet #2 return received
161.1328: MET_Broker: The number of finished Cloudlets is:7
167.1476: MET_Broker: Cloudlet #10 return received
167.1476: MET_Broker: The number of finished Cloudlets is:8
194.05800000000002: MET_Broker: Cloudlet #11 return received
194.05800000000002: MET_Broker: The number of finished Cloudlets is:9
237.3872: MET_Broker: Cloudlet #9 return received
237.3872: MET_Broker: The number of finished Cloudlets is:10
280.896: MET_Broker: Cloudlet #7 return received
280.896: MET_Broker: The number of finished Cloudlets is:11
294.694: MET_Broker: Cloudlet #5 return received
294.694: MET_Broker: The number of finished Cloudlets is:12
298.314: MET_Broker: Cloudlet #14 return received
298.314: MET_Broker: The number of finished Cloudlets is:13
305.3956: MET_Broker: Cloudlet #15 return received
305.3956: MET_Broker: The number of finished Cloudlets is:14
307.3376: MET_Broker: Cloudlet #16 return received
307.3376: MET_Broker: The number of finished Cloudlets is:15
366.432: MET_Broker: Cloudlet #18 return received
366.432: MET_Broker: The number of finished Cloudlets is:16
386.6064: MET_Broker: Cloudlet #17 return received
386.6064: MET_Broker: The number of finished Cloudlets is:17
403.2452: MET_Broker: Cloudlet #12 return received
403.2452: MET_Broker: The number of finished Cloudlets is:18
414.4288: MET_Broker: Cloudlet #20 return received
414.4288: MET_Broker: The number of finished Cloudlets is:19
433.1684: MET_Broker: Cloudlet #22 return received
433.1684: MET_Broker: The number of finished Cloudlets is:20
518.4728: MET_Broker: Cloudlet #13 return received
518.4728: MET_Broker: The number of finished Cloudlets is:21
573.7516: MET_Broker: Cloudlet #21 return received
573.7516: MET_Broker: The number of finished Cloudlets is:22
599.2524000000001: MET_Broker: Cloudlet #24 return received
599.2524000000001: MET_Broker: The number of finished Cloudlets is:23
635.638: MET_Broker: Cloudlet #26 return received
635.638: MET_Broker: The number of finished Cloudlets is:24
660.866: MET_Broker: Cloudlet #27 return received
660.866: MET_Broker: The number of finished Cloudlets is:25
679.2564: MET_Broker: Cloudlet #28 return received
679.2564: MET_Broker: The number of finished Cloudlets is:26
705.018: MET_Broker: Cloudlet #25 return received
705.018: MET_Broker: The number of finished Cloudlets is:27
705.7608: MET_Broker: Cloudlet #19 return received
705.7608: MET_Broker: The number of finished Cloudlets is:28
715.2116: MET_Broker: Cloudlet #30 return received
715.2116: MET_Broker: The number of finished Cloudlets is:29
740.7704: MET_Broker: Cloudlet #23 return received
740.7704: MET_Broker: The number of finished Cloudlets is:30
794.2692: MET_Broker: Cloudlet #33 return received
794.2692: MET_Broker: The number of finished Cloudlets is:31
797.4191999999999: MET_Broker: Cloudlet #31 return received
797.4191999999999: MET_Broker: The number of finished Cloudlets is:32
813.0156: MET_Broker: Cloudlet #32 return received
813.0156: MET_Broker: The number of finished Cloudlets is:33
816.6664: MET_Broker: Cloudlet #35 return received
816.6664: MET_Broker: The number of finished Cloudlets is:34
838.9971999999999: MET_Broker: Cloudlet #36 return received
838.9971999999999: MET_Broker: The number of finished Cloudlets is:35
845.6687999999999: MET_Broker: Cloudlet #29 return received
845.6687999999999: MET_Broker: The number of finished Cloudlets is:36
853.6411999999999: MET_Broker: Cloudlet #39 return received
853.6411999999999: MET_Broker: The number of finished Cloudlets is:37
861.3747999999999: MET_Broker: Cloudlet #38 return received
861.3747999999999: MET_Broker: The number of finished Cloudlets is:38
869.3104: MET_Broker: Cloudlet #37 return received
869.3104: MET_Broker: The number of finished Cloudlets is:39
871.6927999999999: MET_Broker: Cloudlet #40 return received
871.6927999999999: MET_Broker: The number of finished Cloudlets is:40
871.7732: MET_Broker: Cloudlet #41 return received
871.7732: MET_Broker: The number of finished Cloudlets is:41
879.31: MET_Broker: Cloudlet #44 return received
879.31: MET_Broker: The number of finished Cloudlets is:42
898.5083999999999: MET_Broker: Cloudlet #43 return received
898.5083999999999: MET_Broker: The number of finished Cloudlets is:43
916.3015999999999: MET_Broker: Cloudlet #34 return received
916.3015999999999: MET_Broker: The number of finished Cloudlets is:44
920.4131999999998: MET_Broker: Cloudlet #45 return received
920.4131999999998: MET_Broker: The number of finished Cloudlets is:45
923.2651999999998: MET_Broker: Cloudlet #42 return received
923.2651999999998: MET_Broker: The number of finished Cloudlets is:46
944.3975999999998: MET_Broker: Cloudlet #46 return received
944.3975999999998: MET_Broker: The number of finished Cloudlets is:47
958.6667999999997: MET_Broker: Cloudlet #50 return received
958.6667999999997: MET_Broker: The number of finished Cloudlets is:48
980.3859999999997: MET_Broker: Cloudlet #49 return received
980.3859999999997: MET_Broker: The number of finished Cloudlets is:49
1086.6943999999999: MET_Broker: Cloudlet #47 return received
1086.6943999999999: MET_Broker: The number of finished Cloudlets is:50
1110.4116: MET_Broker: Cloudlet #51 return received
1110.4116: MET_Broker: The number of finished Cloudlets is:51
1129.03: MET_Broker: Cloudlet #54 return received
1129.03: MET_Broker: The number of finished Cloudlets is:52
1146.8856: MET_Broker: Cloudlet #48 return received
1146.8856: MET_Broker: The number of finished Cloudlets is:53
1155.4652: MET_Broker: Cloudlet #56 return received
1155.4652: MET_Broker: The number of finished Cloudlets is:54
1159.4016000000001: MET_Broker: Cloudlet #55 return received
1159.4016000000001: MET_Broker: The number of finished Cloudlets is:55
1197.536: MET_Broker: Cloudlet #57 return received
1197.536: MET_Broker: The number of finished Cloudlets is:56
1198.6504: MET_Broker: Cloudlet #53 return received
1198.6504: MET_Broker: The number of finished Cloudlets is:57
1203.766: MET_Broker: Cloudlet #58 return received
1203.766: MET_Broker: The number of finished Cloudlets is:58
1206.5592000000001: MET_Broker: Cloudlet #60 return received
1206.5592000000001: MET_Broker: The number of finished Cloudlets is:59
1211.4: MET_Broker: Cloudlet #59 return received
1211.4: MET_Broker: The number of finished Cloudlets is:60
1217.4512000000002: MET_Broker: Cloudlet #61 return received
1217.4512000000002: MET_Broker: The number of finished Cloudlets is:61
1243.3920000000003: MET_Broker: Cloudlet #62 return received
1243.3920000000003: MET_Broker: The number of finished Cloudlets is:62
1256.0048000000004: MET_Broker: Cloudlet #65 return received
1256.0048000000004: MET_Broker: The number of finished Cloudlets is:63
1268.1516000000004: MET_Broker: Cloudlet #66 return received
1268.1516000000004: MET_Broker: The number of finished Cloudlets is:64
1307.8036000000004: MET_Broker: Cloudlet #52 return received
1307.8036000000004: MET_Broker: The number of finished Cloudlets is:65
1314.1288000000004: MET_Broker: Cloudlet #67 return received
1314.1288000000004: MET_Broker: The number of finished Cloudlets is:66
1383.8476000000005: MET_Broker: Cloudlet #64 return received
1383.8476000000005: MET_Broker: The number of finished Cloudlets is:67
1439.0532000000005: MET_Broker: Cloudlet #69 return received
1439.0532000000005: MET_Broker: The number of finished Cloudlets is:68
1453.8396000000005: MET_Broker: Cloudlet #71 return received
1453.8396000000005: MET_Broker: The number of finished Cloudlets is:69
1471.2364000000005: MET_Broker: Cloudlet #72 return received
1471.2364000000005: MET_Broker: The number of finished Cloudlets is:70
1475.6772000000005: MET_Broker: Cloudlet #63 return received
1475.6772000000005: MET_Broker: The number of finished Cloudlets is:71
1507.7116000000005: MET_Broker: Cloudlet #68 return received
1507.7116000000005: MET_Broker: The number of finished Cloudlets is:72
1541.0752000000005: MET_Broker: Cloudlet #75 return received
1541.0752000000005: MET_Broker: The number of finished Cloudlets is:73
1623.4616000000005: MET_Broker: Cloudlet #73 return received
1623.4616000000005: MET_Broker: The number of finished Cloudlets is:74
1632.7980000000005: MET_Broker: Cloudlet #77 return received
1632.7980000000005: MET_Broker: The number of finished Cloudlets is:75
1665.9396000000004: MET_Broker: Cloudlet #78 return received
1665.9396000000004: MET_Broker: The number of finished Cloudlets is:76
1671.1800000000003: MET_Broker: Cloudlet #74 return received
1671.1800000000003: MET_Broker: The number of finished Cloudlets is:77
1678.2036000000003: MET_Broker: Cloudlet #70 return received
1678.2036000000003: MET_Broker: The number of finished Cloudlets is:78
1682.1436000000003: MET_Broker: Cloudlet #76 return received
1682.1436000000003: MET_Broker: The number of finished Cloudlets is:79
1698.1844000000003: MET_Broker: Cloudlet #82 return received
1698.1844000000003: MET_Broker: The number of finished Cloudlets is:80
1706.8996000000004: MET_Broker: Cloudlet #83 return received
1706.8996000000004: MET_Broker: The number of finished Cloudlets is:81
1713.4888000000003: MET_Broker: Cloudlet #80 return received
1713.4888000000003: MET_Broker: The number of finished Cloudlets is:82
1721.5804000000003: MET_Broker: Cloudlet #85 return received
1721.5804000000003: MET_Broker: The number of finished Cloudlets is:83
1723.3164000000004: MET_Broker: Cloudlet #81 return received
1723.3164000000004: MET_Broker: The number of finished Cloudlets is:84
1734.0000000000005: MET_Broker: Cloudlet #86 return received
1734.0000000000005: MET_Broker: The number of finished Cloudlets is:85
1738.8796000000004: MET_Broker: Cloudlet #84 return received
1738.8796000000004: MET_Broker: The number of finished Cloudlets is:86
1747.3520000000005: MET_Broker: Cloudlet #89 return received
1747.3520000000005: MET_Broker: The number of finished Cloudlets is:87
1750.1936000000005: MET_Broker: Cloudlet #88 return received
1750.1936000000005: MET_Broker: The number of finished Cloudlets is:88
1779.9788000000005: MET_Broker: Cloudlet #87 return received
1779.9788000000005: MET_Broker: The number of finished Cloudlets is:89
1822.3536000000006: MET_Broker: Cloudlet #92 return received
1822.3536000000006: MET_Broker: The number of finished Cloudlets is:90
1839.9360000000006: MET_Broker: Cloudlet #93 return received
1839.9360000000006: MET_Broker: The number of finished Cloudlets is:91
1852.7832000000005: MET_Broker: Cloudlet #94 return received
1852.7832000000005: MET_Broker: The number of finished Cloudlets is:92
1863.8648000000005: MET_Broker: Cloudlet #91 return received
1863.8648000000005: MET_Broker: The number of finished Cloudlets is:93
1888.3732000000005: MET_Broker: Cloudlet #95 return received
1888.3732000000005: MET_Broker: The number of finished Cloudlets is:94
1936.5052000000005: MET_Broker: Cloudlet #97 return received
1936.5052000000005: MET_Broker: The number of finished Cloudlets is:95
1950.6424000000004: MET_Broker: Cloudlet #98 return received
1950.6424000000004: MET_Broker: The number of finished Cloudlets is:96
1966.3464000000004: MET_Broker: Cloudlet #99 return received
1966.3464000000004: MET_Broker: The number of finished Cloudlets is:97
1986.5308000000005: MET_Broker: Cloudlet #90 return received
1986.5308000000005: MET_Broker: The number of finished Cloudlets is:98
1995.5564000000004: MET_Broker: Cloudlet #101 return received
1995.5564000000004: MET_Broker: The number of finished Cloudlets is:99
2010.5940000000005: MET_Broker: Cloudlet #79 return received
2010.5940000000005: MET_Broker: The number of finished Cloudlets is:100
2033.3068000000005: MET_Broker: Cloudlet #102 return received
2033.3068000000005: MET_Broker: The number of finished Cloudlets is:101
2061.4500000000007: MET_Broker: Cloudlet #103 return received
2061.4500000000007: MET_Broker: The number of finished Cloudlets is:102
2083.954800000001: MET_Broker: Cloudlet #104 return received
2083.954800000001: MET_Broker: The number of finished Cloudlets is:103
2089.882000000001: MET_Broker: Cloudlet #105 return received
2089.882000000001: MET_Broker: The number of finished Cloudlets is:104
2114.666000000001: MET_Broker: Cloudlet #107 return received
2114.666000000001: MET_Broker: The number of finished Cloudlets is:105
2141.168000000001: MET_Broker: Cloudlet #106 return received
2141.168000000001: MET_Broker: The number of finished Cloudlets is:106
2154.062000000001: MET_Broker: Cloudlet #100 return received
2154.062000000001: MET_Broker: The number of finished Cloudlets is:107
2159.3852000000006: MET_Broker: Cloudlet #108 return received
2159.3852000000006: MET_Broker: The number of finished Cloudlets is:108
2173.7660000000005: MET_Broker: Cloudlet #111 return received
2173.7660000000005: MET_Broker: The number of finished Cloudlets is:109
2174.5468000000005: MET_Broker: Cloudlet #96 return received
2174.5468000000005: MET_Broker: The number of finished Cloudlets is:110
2191.5976000000005: MET_Broker: Cloudlet #113 return received
2191.5976000000005: MET_Broker: The number of finished Cloudlets is:111
2199.0452000000005: MET_Broker: Cloudlet #109 return received
2199.0452000000005: MET_Broker: The number of finished Cloudlets is:112
2215.4324000000006: MET_Broker: Cloudlet #112 return received
2215.4324000000006: MET_Broker: The number of finished Cloudlets is:113
2227.3280000000004: MET_Broker: Cloudlet #115 return received
2227.3280000000004: MET_Broker: The number of finished Cloudlets is:114
2299.1072000000004: MET_Broker: Cloudlet #114 return received
2299.1072000000004: MET_Broker: The number of finished Cloudlets is:115
2346.0572: MET_Broker: Cloudlet #116 return received
2346.0572: MET_Broker: The number of finished Cloudlets is:116
2355.146: MET_Broker: Cloudlet #118 return received
2355.146: MET_Broker: The number of finished Cloudlets is:117
2361.4468: MET_Broker: Cloudlet #120 return received
2361.4468: MET_Broker: The number of finished Cloudlets is:118
2400.6028: MET_Broker: Cloudlet #119 return received
2400.6028: MET_Broker: The number of finished Cloudlets is:119
2411.36: MET_Broker: Cloudlet #110 return received
2411.36: MET_Broker: The number of finished Cloudlets is:120
2421.382: MET_Broker: Cloudlet #122 return received
2421.382: MET_Broker: The number of finished Cloudlets is:121
2427.5832: MET_Broker: Cloudlet #123 return received
2427.5832: MET_Broker: The number of finished Cloudlets is:122
2435.1808: MET_Broker: Cloudlet #125 return received
2435.1808: MET_Broker: The number of finished Cloudlets is:123
2438.3792000000003: MET_Broker: Cloudlet #124 return received
2438.3792000000003: MET_Broker: The number of finished Cloudlets is:124
2451.1844: MET_Broker: Cloudlet #126 return received
2451.1844: MET_Broker: The number of finished Cloudlets is:125
2469.8616: MET_Broker: Cloudlet #127 return received
2469.8616: MET_Broker: The number of finished Cloudlets is:126
2477.2816000000003: MET_Broker: Cloudlet #129 return received
2477.2816000000003: MET_Broker: The number of finished Cloudlets is:127
2478.0664: MET_Broker: Cloudlet #117 return received
2478.0664: MET_Broker: The number of finished Cloudlets is:128
2489.6684: MET_Broker: Cloudlet #131 return received
2489.6684: MET_Broker: The number of finished Cloudlets is:129
2494.8592: MET_Broker: Cloudlet #128 return received
2494.8592: MET_Broker: The number of finished Cloudlets is:130
2500.0719999999997: MET_Broker: Cloudlet #121 return received
2500.0719999999997: MET_Broker: The number of finished Cloudlets is:131
2504.2047999999995: MET_Broker: Cloudlet #133 return received
2504.2047999999995: MET_Broker: The number of finished Cloudlets is:132
2504.8675999999996: MET_Broker: Cloudlet #130 return received
2504.8675999999996: MET_Broker: The number of finished Cloudlets is:133
2539.3311999999996: MET_Broker: Cloudlet #134 return received
2539.3311999999996: MET_Broker: The number of finished Cloudlets is:134
2632.9403999999995: MET_Broker: Cloudlet #132 return received
2632.9403999999995: MET_Broker: The number of finished Cloudlets is:135
2639.4507999999996: MET_Broker: Cloudlet #138 return received
2639.4507999999996: MET_Broker: The number of finished Cloudlets is:136
2652.7447999999995: MET_Broker: Cloudlet #139 return received
2652.7447999999995: MET_Broker: The number of finished Cloudlets is:137
2672.3123999999993: MET_Broker: Cloudlet #140 return received
2672.3123999999993: MET_Broker: The number of finished Cloudlets is:138
2688.7887999999994: MET_Broker: Cloudlet #141 return received
2688.7887999999994: MET_Broker: The number of finished Cloudlets is:139
2689.2571999999996: MET_Broker: Cloudlet #136 return received
2689.2571999999996: MET_Broker: The number of finished Cloudlets is:140
2715.9887999999996: MET_Broker: Cloudlet #137 return received
2715.9887999999996: MET_Broker: The number of finished Cloudlets is:141
2721.3443999999995: MET_Broker: Cloudlet #143 return received
2721.3443999999995: MET_Broker: The number of finished Cloudlets is:142
2731.6079999999997: MET_Broker: Cloudlet #145 return received
2731.6079999999997: MET_Broker: The number of finished Cloudlets is:143
2733.5467999999996: MET_Broker: Cloudlet #142 return received
2733.5467999999996: MET_Broker: The number of finished Cloudlets is:144
2756.3651999999997: MET_Broker: Cloudlet #144 return received
2756.3651999999997: MET_Broker: The number of finished Cloudlets is:145
2756.7047999999995: MET_Broker: Cloudlet #147 return received
2756.7047999999995: MET_Broker: The number of finished Cloudlets is:146
2768.4115999999995: MET_Broker: Cloudlet #149 return received
2768.4115999999995: MET_Broker: The number of finished Cloudlets is:147
2772.6035999999995: MET_Broker: Cloudlet #146 return received
2772.6035999999995: MET_Broker: The number of finished Cloudlets is:148
2777.2451999999994: MET_Broker: Cloudlet #150 return received
2777.2451999999994: MET_Broker: The number of finished Cloudlets is:149
2792.2487999999994: MET_Broker: Cloudlet #135 return received
2792.2487999999994: MET_Broker: The number of finished Cloudlets is:150
2796.557599999999: MET_Broker: Cloudlet #152 return received
2796.557599999999: MET_Broker: The number of finished Cloudlets is:151
2810.0947999999994: MET_Broker: Cloudlet #148 return received
2810.0947999999994: MET_Broker: The number of finished Cloudlets is:152
2933.495999999999: MET_Broker: Cloudlet #153 return received
2933.495999999999: MET_Broker: The number of finished Cloudlets is:153
2962.233999999999: MET_Broker: Cloudlet #151 return received
2962.233999999999: MET_Broker: The number of finished Cloudlets is:154
3004.237599999999: MET_Broker: Cloudlet #154 return received
3004.237599999999: MET_Broker: The number of finished Cloudlets is:155
3007.679599999999: MET_Broker: Cloudlet #155 return received
3007.679599999999: MET_Broker: The number of finished Cloudlets is:156
3013.107199999999: MET_Broker: Cloudlet #157 return received
3013.107199999999: MET_Broker: The number of finished Cloudlets is:157
3022.276399999999: MET_Broker: Cloudlet #156 return received
3022.276399999999: MET_Broker: The number of finished Cloudlets is:158
3029.8999999999987: MET_Broker: Cloudlet #160 return received
3029.8999999999987: MET_Broker: The number of finished Cloudlets is:159
3042.502399999999: MET_Broker: Cloudlet #159 return received
3042.502399999999: MET_Broker: The number of finished Cloudlets is:160
3054.623999999999: MET_Broker: Cloudlet #158 return received
3054.623999999999: MET_Broker: The number of finished Cloudlets is:161
3054.962799999999: MET_Broker: Cloudlet #162 return received
3054.962799999999: MET_Broker: The number of finished Cloudlets is:162
3082.133199999999: MET_Broker: Cloudlet #161 return received
3082.133199999999: MET_Broker: The number of finished Cloudlets is:163
3134.5615999999986: MET_Broker: Cloudlet #163 return received
3134.5615999999986: MET_Broker: The number of finished Cloudlets is:164
3148.2051999999985: MET_Broker: Cloudlet #166 return received
3148.2051999999985: MET_Broker: The number of finished Cloudlets is:165
3185.9159999999983: MET_Broker: Cloudlet #167 return received
3185.9159999999983: MET_Broker: The number of finished Cloudlets is:166
3208.070799999998: MET_Broker: Cloudlet #168 return received
3208.070799999998: MET_Broker: The number of finished Cloudlets is:167
3224.776399999998: MET_Broker: Cloudlet #170 return received
3224.776399999998: MET_Broker: The number of finished Cloudlets is:168
3255.079199999998: MET_Broker: Cloudlet #169 return received
3255.079199999998: MET_Broker: The number of finished Cloudlets is:169
3277.146399999998: MET_Broker: Cloudlet #172 return received
3277.146399999998: MET_Broker: The number of finished Cloudlets is:170
3293.906799999998: MET_Broker: Cloudlet #164 return received
3293.906799999998: MET_Broker: The number of finished Cloudlets is:171
3311.935199999998: MET_Broker: Cloudlet #174 return received
3311.935199999998: MET_Broker: The number of finished Cloudlets is:172
3314.964799999998: MET_Broker: Cloudlet #165 return received
3314.964799999998: MET_Broker: The number of finished Cloudlets is:173
3325.383599999998: MET_Broker: Cloudlet #173 return received
3325.383599999998: MET_Broker: The number of finished Cloudlets is:174
3336.904799999998: MET_Broker: Cloudlet #177 return received
3336.904799999998: MET_Broker: The number of finished Cloudlets is:175
3347.036399999998: MET_Broker: Cloudlet #175 return received
3347.036399999998: MET_Broker: The number of finished Cloudlets is:176
3349.9811999999984: MET_Broker: Cloudlet #178 return received
3349.9811999999984: MET_Broker: The number of finished Cloudlets is:177
3377.3611999999985: MET_Broker: Cloudlet #180 return received
3377.3611999999985: MET_Broker: The number of finished Cloudlets is:178
3381.6111999999985: MET_Broker: Cloudlet #171 return received
3381.6111999999985: MET_Broker: The number of finished Cloudlets is:179
3384.0855999999985: MET_Broker: Cloudlet #179 return received
3384.0855999999985: MET_Broker: The number of finished Cloudlets is:180
3437.0703999999987: MET_Broker: Cloudlet #182 return received
3437.0703999999987: MET_Broker: The number of finished Cloudlets is:181
3445.569999999999: MET_Broker: Cloudlet #181 return received
3445.569999999999: MET_Broker: The number of finished Cloudlets is:182
3461.967999999999: MET_Broker: Cloudlet #185 return received
3461.967999999999: MET_Broker: The number of finished Cloudlets is:183
3529.810799999999: MET_Broker: Cloudlet #183 return received
3529.810799999999: MET_Broker: The number of finished Cloudlets is:184
3579.796399999999: MET_Broker: Cloudlet #187 return received
3579.796399999999: MET_Broker: The number of finished Cloudlets is:185
3606.600399999999: MET_Broker: Cloudlet #176 return received
3606.600399999999: MET_Broker: The number of finished Cloudlets is:186
3617.831999999999: MET_Broker: Cloudlet #189 return received
3617.831999999999: MET_Broker: The number of finished Cloudlets is:187
3691.654799999999: MET_Broker: Cloudlet #190 return received
3691.654799999999: MET_Broker: The number of finished Cloudlets is:188
3700.194799999999: MET_Broker: Cloudlet #186 return received
3700.194799999999: MET_Broker: The number of finished Cloudlets is:189
3726.094799999999: MET_Broker: Cloudlet #184 return received
3726.094799999999: MET_Broker: The number of finished Cloudlets is:190
3726.6571999999987: MET_Broker: Cloudlet #188 return received
3726.6571999999987: MET_Broker: The number of finished Cloudlets is:191
3732.827199999999: MET_Broker: Cloudlet #194 return received
3732.827199999999: MET_Broker: The number of finished Cloudlets is:192
3739.6591999999987: MET_Broker: Cloudlet #191 return received
3739.6591999999987: MET_Broker: The number of finished Cloudlets is:193
3745.9271999999987: MET_Broker: Cloudlet #193 return received
3745.9271999999987: MET_Broker: The number of finished Cloudlets is:194
3751.2675999999988: MET_Broker: Cloudlet #196 return received
3751.2675999999988: MET_Broker: The number of finished Cloudlets is:195
3759.263599999999: MET_Broker: Cloudlet #192 return received
3759.263599999999: MET_Broker: The number of finished Cloudlets is:196
3789.6771999999987: MET_Broker: Cloudlet #195 return received
3789.6771999999987: MET_Broker: The number of finished Cloudlets is:197
3991.1535999999987: MET_Broker: Cloudlet #197 return received
3991.1535999999987: MET_Broker: The number of finished Cloudlets is:198
4004.631199999999: MET_Broker: Cloudlet #201 return received
4004.631199999999: MET_Broker: The number of finished Cloudlets is:199
4013.087199999999: MET_Broker: Cloudlet #202 return received
4013.087199999999: MET_Broker: The number of finished Cloudlets is:200
4036.4431999999993: MET_Broker: Cloudlet #199 return received
4036.4431999999993: MET_Broker: The number of finished Cloudlets is:201
4056.171999999999: MET_Broker: Cloudlet #203 return received
4056.171999999999: MET_Broker: The number of finished Cloudlets is:202
4073.3015999999993: MET_Broker: Cloudlet #198 return received
4073.3015999999993: MET_Broker: The number of finished Cloudlets is:203
4074.570399999999: MET_Broker: Cloudlet #205 return received
4074.570399999999: MET_Broker: The number of finished Cloudlets is:204
4085.397199999999: MET_Broker: Cloudlet #204 return received
4085.397199999999: MET_Broker: The number of finished Cloudlets is:205
4089.1751999999988: MET_Broker: Cloudlet #207 return received
4089.1751999999988: MET_Broker: The number of finished Cloudlets is:206
4118.612399999999: MET_Broker: Cloudlet #200 return received
4118.612399999999: MET_Broker: The number of finished Cloudlets is:207
4121.413599999999: MET_Broker: Cloudlet #209 return received
4121.413599999999: MET_Broker: The number of finished Cloudlets is:208
4124.865599999999: MET_Broker: Cloudlet #210 return received
4124.865599999999: MET_Broker: The number of finished Cloudlets is:209
4132.345599999999: MET_Broker: Cloudlet #206 return received
4132.345599999999: MET_Broker: The number of finished Cloudlets is:210
4148.998399999999: MET_Broker: Cloudlet #213 return received
4148.998399999999: MET_Broker: The number of finished Cloudlets is:211
4183.380399999998: MET_Broker: Cloudlet #214 return received
4183.380399999998: MET_Broker: The number of finished Cloudlets is:212
4200.668399999998: MET_Broker: Cloudlet #212 return received
4200.668399999998: MET_Broker: The number of finished Cloudlets is:213
4233.901599999997: MET_Broker: Cloudlet #216 return received
4233.901599999997: MET_Broker: The number of finished Cloudlets is:214
4281.299599999998: MET_Broker: Cloudlet #217 return received
4281.299599999998: MET_Broker: The number of finished Cloudlets is:215
4288.843999999997: MET_Broker: Cloudlet #208 return received
4288.843999999997: MET_Broker: The number of finished Cloudlets is:216
4296.376799999997: MET_Broker: Cloudlet #219 return received
4296.376799999997: MET_Broker: The number of finished Cloudlets is:217
4306.508799999997: MET_Broker: Cloudlet #218 return received
4306.508799999997: MET_Broker: The number of finished Cloudlets is:218
4309.531599999997: MET_Broker: Cloudlet #220 return received
4309.531599999997: MET_Broker: The number of finished Cloudlets is:219
4314.210799999996: MET_Broker: Cloudlet #211 return received
4314.210799999996: MET_Broker: The number of finished Cloudlets is:220
4319.695599999996: MET_Broker: Cloudlet #215 return received
4319.695599999996: MET_Broker: The number of finished Cloudlets is:221
4321.245199999997: MET_Broker: Cloudlet #222 return received
4321.245199999997: MET_Broker: The number of finished Cloudlets is:222
4375.201199999997: MET_Broker: Cloudlet #225 return received
4375.201199999997: MET_Broker: The number of finished Cloudlets is:223
4413.315599999997: MET_Broker: Cloudlet #224 return received
4413.315599999997: MET_Broker: The number of finished Cloudlets is:224
4434.342799999998: MET_Broker: Cloudlet #226 return received
4434.342799999998: MET_Broker: The number of finished Cloudlets is:225
4462.986799999998: MET_Broker: Cloudlet #227 return received
4462.986799999998: MET_Broker: The number of finished Cloudlets is:226
4483.522399999998: MET_Broker: Cloudlet #221 return received
4483.522399999998: MET_Broker: The number of finished Cloudlets is:227
4509.407199999998: MET_Broker: Cloudlet #223 return received
4509.407199999998: MET_Broker: The number of finished Cloudlets is:228
4515.451199999998: MET_Broker: Cloudlet #231 return received
4515.451199999998: MET_Broker: The number of finished Cloudlets is:229
4592.836399999997: MET_Broker: Cloudlet #229 return received
4592.836399999997: MET_Broker: The number of finished Cloudlets is:230
4594.387999999997: MET_Broker: Cloudlet #232 return received
4594.387999999997: MET_Broker: The number of finished Cloudlets is:231
4600.936399999997: MET_Broker: Cloudlet #233 return received
4600.936399999997: MET_Broker: The number of finished Cloudlets is:232
4608.525199999997: MET_Broker: Cloudlet #235 return received
4608.525199999997: MET_Broker: The number of finished Cloudlets is:233
4645.6439999999975: MET_Broker: Cloudlet #234 return received
4645.6439999999975: MET_Broker: The number of finished Cloudlets is:234
4663.407599999998: MET_Broker: Cloudlet #230 return received
4663.407599999998: MET_Broker: The number of finished Cloudlets is:235
4666.653999999998: MET_Broker: Cloudlet #236 return received
4666.653999999998: MET_Broker: The number of finished Cloudlets is:236
4675.301599999998: MET_Broker: Cloudlet #239 return received
4675.301599999998: MET_Broker: The number of finished Cloudlets is:237
4678.243999999998: MET_Broker: Cloudlet #237 return received
4678.243999999998: MET_Broker: The number of finished Cloudlets is:238
4689.272799999998: MET_Broker: Cloudlet #241 return received
4689.272799999998: MET_Broker: The number of finished Cloudlets is:239
4696.483999999998: MET_Broker: Cloudlet #242 return received
4696.483999999998: MET_Broker: The number of finished Cloudlets is:240
4717.856799999998: MET_Broker: Cloudlet #228 return received
4717.856799999998: MET_Broker: The number of finished Cloudlets is:241
4753.5099999999975: MET_Broker: Cloudlet #244 return received
4753.5099999999975: MET_Broker: The number of finished Cloudlets is:242
4756.0351999999975: MET_Broker: Cloudlet #238 return received
4756.0351999999975: MET_Broker: The number of finished Cloudlets is:243
4823.347199999997: MET_Broker: Cloudlet #240 return received
4823.347199999997: MET_Broker: The number of finished Cloudlets is:244
4899.676399999998: MET_Broker: Cloudlet #247 return received
4899.676399999998: MET_Broker: The number of finished Cloudlets is:245
4903.501599999998: MET_Broker: Cloudlet #245 return received
4903.501599999998: MET_Broker: The number of finished Cloudlets is:246
4935.119999999998: MET_Broker: Cloudlet #249 return received
4935.119999999998: MET_Broker: The number of finished Cloudlets is:247
4965.253999999998: MET_Broker: Cloudlet #243 return received
4965.253999999998: MET_Broker: The number of finished Cloudlets is:248
4970.200399999998: MET_Broker: Cloudlet #250 return received
4970.200399999998: MET_Broker: The number of finished Cloudlets is:249
4982.559999999998: MET_Broker: Cloudlet #251 return received
4982.559999999998: MET_Broker: The number of finished Cloudlets is:250
5016.978799999998: MET_Broker: Cloudlet #253 return received
5016.978799999998: MET_Broker: The number of finished Cloudlets is:251
5025.361599999998: MET_Broker: Cloudlet #254 return received
5025.361599999998: MET_Broker: The number of finished Cloudlets is:252
5029.972399999999: MET_Broker: Cloudlet #246 return received
5029.972399999999: MET_Broker: The number of finished Cloudlets is:253
5043.050799999999: MET_Broker: Cloudlet #255 return received
5043.050799999999: MET_Broker: The number of finished Cloudlets is:254
5051.687999999999: MET_Broker: Cloudlet #256 return received
5051.687999999999: MET_Broker: The number of finished Cloudlets is:255
5077.3243999999995: MET_Broker: Cloudlet #257 return received
5077.3243999999995: MET_Broker: The number of finished Cloudlets is:256
5089.173599999999: MET_Broker: Cloudlet #258 return received
5089.173599999999: MET_Broker: The number of finished Cloudlets is:257
5123.670399999999: MET_Broker: Cloudlet #260 return received
5123.670399999999: MET_Broker: The number of finished Cloudlets is:258
5154.9439999999995: MET_Broker: Cloudlet #261 return received
5154.9439999999995: MET_Broker: The number of finished Cloudlets is:259
5178.0127999999995: MET_Broker: Cloudlet #259 return received
5178.0127999999995: MET_Broker: The number of finished Cloudlets is:260
5187.321599999999: MET_Broker: Cloudlet #263 return received
5187.321599999999: MET_Broker: The number of finished Cloudlets is:261
5187.525599999999: MET_Broker: Cloudlet #252 return received
5187.525599999999: MET_Broker: The number of finished Cloudlets is:262
5220.537199999999: MET_Broker: Cloudlet #262 return received
5220.537199999999: MET_Broker: The number of finished Cloudlets is:263
5229.901999999999: MET_Broker: Cloudlet #264 return received
5229.901999999999: MET_Broker: The number of finished Cloudlets is:264
5232.986399999999: MET_Broker: Cloudlet #248 return received
5232.986399999999: MET_Broker: The number of finished Cloudlets is:265
5235.685999999999: MET_Broker: Cloudlet #266 return received
5235.685999999999: MET_Broker: The number of finished Cloudlets is:266
5247.515199999999: MET_Broker: Cloudlet #265 return received
5247.515199999999: MET_Broker: The number of finished Cloudlets is:267
5277.030799999999: MET_Broker: Cloudlet #270 return received
5277.030799999999: MET_Broker: The number of finished Cloudlets is:268
5282.306399999999: MET_Broker: Cloudlet #269 return received
5282.306399999999: MET_Broker: The number of finished Cloudlets is:269
5286.109999999999: MET_Broker: Cloudlet #267 return received
5286.109999999999: MET_Broker: The number of finished Cloudlets is:270
5309.167199999999: MET_Broker: Cloudlet #271 return received
5309.167199999999: MET_Broker: The number of finished Cloudlets is:271
5313.912799999999: MET_Broker: Cloudlet #272 return received
5313.912799999999: MET_Broker: The number of finished Cloudlets is:272
5322.357599999999: MET_Broker: Cloudlet #275 return received
5322.357599999999: MET_Broker: The number of finished Cloudlets is:273
5329.897999999999: MET_Broker: Cloudlet #273 return received
5329.897999999999: MET_Broker: The number of finished Cloudlets is:274
5330.680799999999: MET_Broker: Cloudlet #274 return received
5330.680799999999: MET_Broker: The number of finished Cloudlets is:275
5334.246399999999: MET_Broker: Cloudlet #276 return received
5334.246399999999: MET_Broker: The number of finished Cloudlets is:276
5367.031999999999: MET_Broker: Cloudlet #279 return received
5367.031999999999: MET_Broker: The number of finished Cloudlets is:277
5379.3384: MET_Broker: Cloudlet #278 return received
5379.3384: MET_Broker: The number of finished Cloudlets is:278
5419.3188: MET_Broker: Cloudlet #268 return received
5419.3188: MET_Broker: The number of finished Cloudlets is:279
5427.0484: MET_Broker: Cloudlet #277 return received
5427.0484: MET_Broker: The number of finished Cloudlets is:280
5430.281199999999: MET_Broker: Cloudlet #281 return received
5430.281199999999: MET_Broker: The number of finished Cloudlets is:281
5469.397599999999: MET_Broker: Cloudlet #283 return received
5469.397599999999: MET_Broker: The number of finished Cloudlets is:282
5484.6071999999995: MET_Broker: Cloudlet #284 return received
5484.6071999999995: MET_Broker: The number of finished Cloudlets is:283
5533.3279999999995: MET_Broker: Cloudlet #285 return received
5533.3279999999995: MET_Broker: The number of finished Cloudlets is:284
5537.4024: MET_Broker: Cloudlet #286 return received
5537.4024: MET_Broker: The number of finished Cloudlets is:285
5540.2304: MET_Broker: Cloudlet #280 return received
5540.2304: MET_Broker: The number of finished Cloudlets is:286
5550.4156: MET_Broker: Cloudlet #289 return received
5550.4156: MET_Broker: The number of finished Cloudlets is:287
5557.0712: MET_Broker: Cloudlet #290 return received
5557.0712: MET_Broker: The number of finished Cloudlets is:288
5571.5184: MET_Broker: Cloudlet #291 return received
5571.5184: MET_Broker: The number of finished Cloudlets is:289
5585.8808: MET_Broker: Cloudlet #287 return received
5585.8808: MET_Broker: The number of finished Cloudlets is:290
5620.658: MET_Broker: Cloudlet #292 return received
5620.658: MET_Broker: The number of finished Cloudlets is:291
5643.6736: MET_Broker: Cloudlet #293 return received
5643.6736: MET_Broker: The number of finished Cloudlets is:292
5675.786: MET_Broker: Cloudlet #294 return received
5675.786: MET_Broker: The number of finished Cloudlets is:293
5725.7752: MET_Broker: Cloudlet #282 return received
5725.7752: MET_Broker: The number of finished Cloudlets is:294
5779.8144: MET_Broker: Cloudlet #297 return received
5779.8144: MET_Broker: The number of finished Cloudlets is:295
5794.6184: MET_Broker: Cloudlet #298 return received
5794.6184: MET_Broker: The number of finished Cloudlets is:296
5823.9244: MET_Broker: Cloudlet #295 return received
5823.9244: MET_Broker: The number of finished Cloudlets is:297
5834.8412: MET_Broker: Cloudlet #288 return received
5834.8412: MET_Broker: The number of finished Cloudlets is:298
5839.0984: MET_Broker: Cloudlet #300 return received
5839.0984: MET_Broker: The number of finished Cloudlets is:299
5859.816: MET_Broker: Cloudlet #296 return received
5859.816: MET_Broker: The number of finished Cloudlets is:300
5876.9616: MET_Broker: Cloudlet #302 return received
5876.9616: MET_Broker: The number of finished Cloudlets is:301
5888.644399999999: MET_Broker: Cloudlet #299 return received
5888.644399999999: MET_Broker: The number of finished Cloudlets is:302
5902.4223999999995: MET_Broker: Cloudlet #305 return received
5902.4223999999995: MET_Broker: The number of finished Cloudlets is:303
5909.5188: MET_Broker: Cloudlet #306 return received
5909.5188: MET_Broker: The number of finished Cloudlets is:304
5918.5652: MET_Broker: Cloudlet #304 return received
5918.5652: MET_Broker: The number of finished Cloudlets is:305
5994.748: MET_Broker: Cloudlet #308 return received
5994.748: MET_Broker: The number of finished Cloudlets is:306
6012.187599999999: MET_Broker: Cloudlet #309 return received
6012.187599999999: MET_Broker: The number of finished Cloudlets is:307
6020.528799999999: MET_Broker: Cloudlet #301 return received
6020.528799999999: MET_Broker: The number of finished Cloudlets is:308
6055.436399999999: MET_Broker: Cloudlet #311 return received
6055.436399999999: MET_Broker: The number of finished Cloudlets is:309
6104.363999999999: MET_Broker: Cloudlet #307 return received
6104.363999999999: MET_Broker: The number of finished Cloudlets is:310
6109.080399999999: MET_Broker: Cloudlet #312 return received
6109.080399999999: MET_Broker: The number of finished Cloudlets is:311
6117.1835999999985: MET_Broker: Cloudlet #313 return received
6117.1835999999985: MET_Broker: The number of finished Cloudlets is:312
6123.8791999999985: MET_Broker: Cloudlet #315 return received
6123.8791999999985: MET_Broker: The number of finished Cloudlets is:313
6124.843999999998: MET_Broker: Cloudlet #303 return received
6124.843999999998: MET_Broker: The number of finished Cloudlets is:314
6133.959199999998: MET_Broker: Cloudlet #314 return received
6133.959199999998: MET_Broker: The number of finished Cloudlets is:315
6146.2123999999985: MET_Broker: Cloudlet #318 return received
6146.2123999999985: MET_Broker: The number of finished Cloudlets is:316
6155.021599999998: MET_Broker: Cloudlet #317 return received
6155.021599999998: MET_Broker: The number of finished Cloudlets is:317
6167.486399999998: MET_Broker: Cloudlet #320 return received
6167.486399999998: MET_Broker: The number of finished Cloudlets is:318
6174.8395999999975: MET_Broker: Cloudlet #319 return received
6174.8395999999975: MET_Broker: The number of finished Cloudlets is:319
6203.561999999997: MET_Broker: Cloudlet #322 return received
6203.561999999997: MET_Broker: The number of finished Cloudlets is:320
6271.594799999997: MET_Broker: Cloudlet #323 return received
6271.594799999997: MET_Broker: The number of finished Cloudlets is:321
6332.547999999997: MET_Broker: Cloudlet #310 return received
6332.547999999997: MET_Broker: The number of finished Cloudlets is:322
6357.336399999997: MET_Broker: Cloudlet #325 return received
6357.336399999997: MET_Broker: The number of finished Cloudlets is:323
6362.496399999997: MET_Broker: Cloudlet #324 return received
6362.496399999997: MET_Broker: The number of finished Cloudlets is:324
6370.279999999997: MET_Broker: Cloudlet #326 return received
6370.279999999997: MET_Broker: The number of finished Cloudlets is:325
6383.769999999997: MET_Broker: Cloudlet #328 return received
6383.769999999997: MET_Broker: The number of finished Cloudlets is:326
6393.613599999997: MET_Broker: Cloudlet #316 return received
6393.613599999997: MET_Broker: The number of finished Cloudlets is:327
6403.335999999997: MET_Broker: Cloudlet #327 return received
6403.335999999997: MET_Broker: The number of finished Cloudlets is:328
6494.309199999997: MET_Broker: Cloudlet #331 return received
6494.309199999997: MET_Broker: The number of finished Cloudlets is:329
6501.593199999997: MET_Broker: Cloudlet #321 return received
6501.593199999997: MET_Broker: The number of finished Cloudlets is:330
6531.438799999996: MET_Broker: Cloudlet #332 return received
6531.438799999996: MET_Broker: The number of finished Cloudlets is:331
6573.0211999999965: MET_Broker: Cloudlet #334 return received
6573.0211999999965: MET_Broker: The number of finished Cloudlets is:332
6579.251599999997: MET_Broker: Cloudlet #329 return received
6579.251599999997: MET_Broker: The number of finished Cloudlets is:333
6694.379199999997: MET_Broker: Cloudlet #333 return received
6694.379199999997: MET_Broker: The number of finished Cloudlets is:334
6707.377599999997: MET_Broker: Cloudlet #337 return received
6707.377599999997: MET_Broker: The number of finished Cloudlets is:335
6708.706399999997: MET_Broker: Cloudlet #330 return received
6708.706399999997: MET_Broker: The number of finished Cloudlets is:336
6717.693199999997: MET_Broker: Cloudlet #338 return received
6717.693199999997: MET_Broker: The number of finished Cloudlets is:337
6733.494799999997: MET_Broker: Cloudlet #340 return received
6733.494799999997: MET_Broker: The number of finished Cloudlets is:338
6749.458399999997: MET_Broker: Cloudlet #339 return received
6749.458399999997: MET_Broker: The number of finished Cloudlets is:339
6764.711999999997: MET_Broker: Cloudlet #335 return received
6764.711999999997: MET_Broker: The number of finished Cloudlets is:340
6775.249999999996: MET_Broker: Cloudlet #341 return received
6775.249999999996: MET_Broker: The number of finished Cloudlets is:341
6782.228799999996: MET_Broker: Cloudlet #342 return received
6782.228799999996: MET_Broker: The number of finished Cloudlets is:342
6787.0935999999965: MET_Broker: Cloudlet #344 return received
6787.0935999999965: MET_Broker: The number of finished Cloudlets is:343
6809.799599999997: MET_Broker: Cloudlet #346 return received
6809.799599999997: MET_Broker: The number of finished Cloudlets is:344
6836.418799999997: MET_Broker: Cloudlet #347 return received
6836.418799999997: MET_Broker: The number of finished Cloudlets is:345
6845.183199999997: MET_Broker: Cloudlet #336 return received
6845.183199999997: MET_Broker: The number of finished Cloudlets is:346
6913.408399999997: MET_Broker: Cloudlet #343 return received
6913.408399999997: MET_Broker: The number of finished Cloudlets is:347
6965.899199999996: MET_Broker: Cloudlet #349 return received
6965.899199999996: MET_Broker: The number of finished Cloudlets is:348
6977.978799999996: MET_Broker: Cloudlet #345 return received
6977.978799999996: MET_Broker: The number of finished Cloudlets is:349
6993.240399999996: MET_Broker: Cloudlet #348 return received
6993.240399999996: MET_Broker: The number of finished Cloudlets is:350
7010.764799999996: MET_Broker: Cloudlet #351 return received
7010.764799999996: MET_Broker: The number of finished Cloudlets is:351
7029.630799999996: MET_Broker: Cloudlet #352 return received
7029.630799999996: MET_Broker: The number of finished Cloudlets is:352
7040.298799999996: MET_Broker: Cloudlet #354 return received
7040.298799999996: MET_Broker: The number of finished Cloudlets is:353
7043.866799999996: MET_Broker: Cloudlet #355 return received
7043.866799999996: MET_Broker: The number of finished Cloudlets is:354
7048.364399999996: MET_Broker: Cloudlet #356 return received
7048.364399999996: MET_Broker: The number of finished Cloudlets is:355
7053.038799999996: MET_Broker: Cloudlet #357 return received
7053.038799999996: MET_Broker: The number of finished Cloudlets is:356
7089.937199999996: MET_Broker: Cloudlet #359 return received
7089.937199999996: MET_Broker: The number of finished Cloudlets is:357
7110.071999999996: MET_Broker: Cloudlet #360 return received
7110.071999999996: MET_Broker: The number of finished Cloudlets is:358
7136.476799999996: MET_Broker: Cloudlet #361 return received
7136.476799999996: MET_Broker: The number of finished Cloudlets is:359
7180.433199999996: MET_Broker: Cloudlet #362 return received
7180.433199999996: MET_Broker: The number of finished Cloudlets is:360
7180.7715999999955: MET_Broker: Cloudlet #350 return received
7180.7715999999955: MET_Broker: The number of finished Cloudlets is:361
7188.190799999996: MET_Broker: Cloudlet #353 return received
7188.190799999996: MET_Broker: The number of finished Cloudlets is:362
7226.034399999996: MET_Broker: Cloudlet #365 return received
7226.034399999996: MET_Broker: The number of finished Cloudlets is:363
7298.853199999996: MET_Broker: Cloudlet #363 return received
7298.853199999996: MET_Broker: The number of finished Cloudlets is:364
7306.297199999996: MET_Broker: Cloudlet #364 return received
7306.297199999996: MET_Broker: The number of finished Cloudlets is:365
7311.933199999997: MET_Broker: Cloudlet #367 return received
7311.933199999997: MET_Broker: The number of finished Cloudlets is:366
7318.319999999997: MET_Broker: Cloudlet #369 return received
7318.319999999997: MET_Broker: The number of finished Cloudlets is:367
7326.651599999997: MET_Broker: Cloudlet #358 return received
7326.651599999997: MET_Broker: The number of finished Cloudlets is:368
7339.968399999997: MET_Broker: Cloudlet #371 return received
7339.968399999997: MET_Broker: The number of finished Cloudlets is:369
7357.422399999997: MET_Broker: Cloudlet #368 return received
7357.422399999997: MET_Broker: The number of finished Cloudlets is:370
7360.698399999997: MET_Broker: Cloudlet #372 return received
7360.698399999997: MET_Broker: The number of finished Cloudlets is:371
7367.750799999996: MET_Broker: Cloudlet #373 return received
7367.750799999996: MET_Broker: The number of finished Cloudlets is:372
7373.533999999996: MET_Broker: Cloudlet #374 return received
7373.533999999996: MET_Broker: The number of finished Cloudlets is:373
7381.965199999996: MET_Broker: Cloudlet #376 return received
7381.965199999996: MET_Broker: The number of finished Cloudlets is:374
7384.809999999996: MET_Broker: Cloudlet #375 return received
7384.809999999996: MET_Broker: The number of finished Cloudlets is:375
7393.733999999996: MET_Broker: Cloudlet #378 return received
7393.733999999996: MET_Broker: The number of finished Cloudlets is:376
7395.257599999996: MET_Broker: Cloudlet #377 return received
7395.257599999996: MET_Broker: The number of finished Cloudlets is:377
7414.364799999997: MET_Broker: Cloudlet #370 return received
7414.364799999997: MET_Broker: The number of finished Cloudlets is:378
7432.826399999996: MET_Broker: Cloudlet #366 return received
7432.826399999996: MET_Broker: The number of finished Cloudlets is:379
7445.746399999996: MET_Broker: Cloudlet #382 return received
7445.746399999996: MET_Broker: The number of finished Cloudlets is:380
7462.806799999997: MET_Broker: Cloudlet #383 return received
7462.806799999997: MET_Broker: The number of finished Cloudlets is:381
7466.157999999997: MET_Broker: Cloudlet #381 return received
7466.157999999997: MET_Broker: The number of finished Cloudlets is:382
7494.980399999997: MET_Broker: Cloudlet #384 return received
7494.980399999997: MET_Broker: The number of finished Cloudlets is:383
7511.450399999997: MET_Broker: Cloudlet #386 return received
7511.450399999997: MET_Broker: The number of finished Cloudlets is:384
7560.170399999997: MET_Broker: Cloudlet #380 return received
7560.170399999997: MET_Broker: The number of finished Cloudlets is:385
7567.9735999999975: MET_Broker: Cloudlet #388 return received
7567.9735999999975: MET_Broker: The number of finished Cloudlets is:386
7656.830399999997: MET_Broker: Cloudlet #389 return received
7656.830399999997: MET_Broker: The number of finished Cloudlets is:387
7667.189999999997: MET_Broker: Cloudlet #390 return received
7667.189999999997: MET_Broker: The number of finished Cloudlets is:388
7671.197199999997: MET_Broker: Cloudlet #387 return received
7671.197199999997: MET_Broker: The number of finished Cloudlets is:389
7680.1227999999965: MET_Broker: Cloudlet #391 return received
7680.1227999999965: MET_Broker: The number of finished Cloudlets is:390
7696.8075999999965: MET_Broker: Cloudlet #393 return received
7696.8075999999965: MET_Broker: The number of finished Cloudlets is:391
7697.795599999997: MET_Broker: Cloudlet #379 return received
7697.795599999997: MET_Broker: The number of finished Cloudlets is:392
7727.630399999996: MET_Broker: Cloudlet #395 return received
7727.630399999996: MET_Broker: The number of finished Cloudlets is:393
7743.955199999997: MET_Broker: Cloudlet #385 return received
7743.955199999997: MET_Broker: The number of finished Cloudlets is:394
7763.091599999997: MET_Broker: Cloudlet #396 return received
7763.091599999997: MET_Broker: The number of finished Cloudlets is:395
7770.775199999997: MET_Broker: Cloudlet #398 return received
7770.775199999997: MET_Broker: The number of finished Cloudlets is:396
7771.463999999997: MET_Broker: Cloudlet #392 return received
7771.463999999997: MET_Broker: The number of finished Cloudlets is:397
7795.697199999997: MET_Broker: Cloudlet #397 return received
7795.697199999997: MET_Broker: The number of finished Cloudlets is:398
7798.066399999997: MET_Broker: Cloudlet #400 return received
7798.066399999997: MET_Broker: The number of finished Cloudlets is:399
7823.051999999997: MET_Broker: Cloudlet #402 return received
7823.051999999997: MET_Broker: The number of finished Cloudlets is:400
7824.916799999997: MET_Broker: Cloudlet #394 return received
7824.916799999997: MET_Broker: The number of finished Cloudlets is:401
7838.3651999999975: MET_Broker: Cloudlet #403 return received
7838.3651999999975: MET_Broker: The number of finished Cloudlets is:402
7855.356799999998: MET_Broker: Cloudlet #401 return received
7855.356799999998: MET_Broker: The number of finished Cloudlets is:403
7870.9919999999975: MET_Broker: Cloudlet #405 return received
7870.9919999999975: MET_Broker: The number of finished Cloudlets is:404
7886.930799999997: MET_Broker: Cloudlet #407 return received
7886.930799999997: MET_Broker: The number of finished Cloudlets is:405
7927.192799999997: MET_Broker: Cloudlet #399 return received
7927.192799999997: MET_Broker: The number of finished Cloudlets is:406
7950.754399999997: MET_Broker: Cloudlet #408 return received
7950.754399999997: MET_Broker: The number of finished Cloudlets is:407
7972.5135999999975: MET_Broker: Cloudlet #404 return received
7972.5135999999975: MET_Broker: The number of finished Cloudlets is:408
7975.6403999999975: MET_Broker: Cloudlet #409 return received
7975.6403999999975: MET_Broker: The number of finished Cloudlets is:409
7994.931999999997: MET_Broker: Cloudlet #410 return received
7994.931999999997: MET_Broker: The number of finished Cloudlets is:410
8052.921199999997: MET_Broker: Cloudlet #413 return received
8052.921199999997: MET_Broker: The number of finished Cloudlets is:411
8055.459999999997: MET_Broker: Cloudlet #412 return received
8055.459999999997: MET_Broker: The number of finished Cloudlets is:412
8078.674399999997: MET_Broker: Cloudlet #406 return received
8078.674399999997: MET_Broker: The number of finished Cloudlets is:413
8091.936399999997: MET_Broker: Cloudlet #414 return received
8091.936399999997: MET_Broker: The number of finished Cloudlets is:414
8115.965999999997: MET_Broker: Cloudlet #416 return received
8115.965999999997: MET_Broker: The number of finished Cloudlets is:415
8141.227999999996: MET_Broker: Cloudlet #418 return received
8141.227999999996: MET_Broker: The number of finished Cloudlets is:416
8144.798799999997: MET_Broker: Cloudlet #417 return received
8144.798799999997: MET_Broker: The number of finished Cloudlets is:417
8191.478399999997: MET_Broker: Cloudlet #420 return received
8191.478399999997: MET_Broker: The number of finished Cloudlets is:418
8195.893199999997: MET_Broker: Cloudlet #419 return received
8195.893199999997: MET_Broker: The number of finished Cloudlets is:419
8212.591199999997: MET_Broker: Cloudlet #411 return received
8212.591199999997: MET_Broker: The number of finished Cloudlets is:420
8233.943199999998: MET_Broker: Cloudlet #423 return received
8233.943199999998: MET_Broker: The number of finished Cloudlets is:421
8285.140799999997: MET_Broker: Cloudlet #424 return received
8285.140799999997: MET_Broker: The number of finished Cloudlets is:422
8305.464399999997: MET_Broker: Cloudlet #415 return received
8305.464399999997: MET_Broker: The number of finished Cloudlets is:423
8323.644399999997: MET_Broker: Cloudlet #426 return received
8323.644399999997: MET_Broker: The number of finished Cloudlets is:424
8375.630399999998: MET_Broker: Cloudlet #427 return received
8375.630399999998: MET_Broker: The number of finished Cloudlets is:425
8397.263599999998: MET_Broker: Cloudlet #428 return received
8397.263599999998: MET_Broker: The number of finished Cloudlets is:426
8412.0176: MET_Broker: Cloudlet #422 return received
8412.0176: MET_Broker: The number of finished Cloudlets is:427
8412.977599999998: MET_Broker: Cloudlet #429 return received
8412.977599999998: MET_Broker: The number of finished Cloudlets is:428
8424.017999999998: MET_Broker: Cloudlet #431 return received
8424.017999999998: MET_Broker: The number of finished Cloudlets is:429
8471.947999999999: MET_Broker: Cloudlet #425 return received
8471.947999999999: MET_Broker: The number of finished Cloudlets is:430
8516.623999999998: MET_Broker: Cloudlet #421 return received
8516.623999999998: MET_Broker: The number of finished Cloudlets is:431
8518.453599999997: MET_Broker: Cloudlet #433 return received
8518.453599999997: MET_Broker: The number of finished Cloudlets is:432
8553.010799999996: MET_Broker: Cloudlet #434 return received
8553.010799999996: MET_Broker: The number of finished Cloudlets is:433
8556.068399999996: MET_Broker: Cloudlet #430 return received
8556.068399999996: MET_Broker: The number of finished Cloudlets is:434
8585.996799999997: MET_Broker: Cloudlet #432 return received
8585.996799999997: MET_Broker: The number of finished Cloudlets is:435
8603.885199999997: MET_Broker: Cloudlet #437 return received
8603.885199999997: MET_Broker: The number of finished Cloudlets is:436
8608.960399999996: MET_Broker: Cloudlet #436 return received
8608.960399999996: MET_Broker: The number of finished Cloudlets is:437
8625.542799999996: MET_Broker: Cloudlet #435 return received
8625.542799999996: MET_Broker: The number of finished Cloudlets is:438
8636.249599999996: MET_Broker: Cloudlet #438 return received
8636.249599999996: MET_Broker: The number of finished Cloudlets is:439
8650.378799999995: MET_Broker: Cloudlet #440 return received
8650.378799999995: MET_Broker: The number of finished Cloudlets is:440
8655.498399999995: MET_Broker: Cloudlet #442 return received
8655.498399999995: MET_Broker: The number of finished Cloudlets is:441
8660.661999999995: MET_Broker: Cloudlet #443 return received
8660.661999999995: MET_Broker: The number of finished Cloudlets is:442
8667.503199999996: MET_Broker: Cloudlet #445 return received
8667.503199999996: MET_Broker: The number of finished Cloudlets is:443
8678.332399999996: MET_Broker: Cloudlet #441 return received
8678.332399999996: MET_Broker: The number of finished Cloudlets is:444
8683.467599999996: MET_Broker: Cloudlet #446 return received
8683.467599999996: MET_Broker: The number of finished Cloudlets is:445
8695.420799999996: MET_Broker: Cloudlet #439 return received
8695.420799999996: MET_Broker: The number of finished Cloudlets is:446
8727.082399999996: MET_Broker: Cloudlet #447 return received
8727.082399999996: MET_Broker: The number of finished Cloudlets is:447
8738.580399999995: MET_Broker: Cloudlet #449 return received
8738.580399999995: MET_Broker: The number of finished Cloudlets is:448
8738.825999999995: MET_Broker: Cloudlet #448 return received
8738.825999999995: MET_Broker: The number of finished Cloudlets is:449
8781.267199999995: MET_Broker: Cloudlet #450 return received
8781.267199999995: MET_Broker: The number of finished Cloudlets is:450
8791.502799999995: MET_Broker: Cloudlet #452 return received
8791.502799999995: MET_Broker: The number of finished Cloudlets is:451
8791.540799999995: MET_Broker: Cloudlet #444 return received
8791.540799999995: MET_Broker: The number of finished Cloudlets is:452
8798.175599999995: MET_Broker: Cloudlet #454 return received
8798.175599999995: MET_Broker: The number of finished Cloudlets is:453
8826.369999999995: MET_Broker: Cloudlet #455 return received
8826.369999999995: MET_Broker: The number of finished Cloudlets is:454
8838.121999999996: MET_Broker: Cloudlet #457 return received
8838.121999999996: MET_Broker: The number of finished Cloudlets is:455
8888.811999999996: MET_Broker: Cloudlet #458 return received
8888.811999999996: MET_Broker: The number of finished Cloudlets is:456
8961.829199999996: MET_Broker: Cloudlet #451 return received
8961.829199999996: MET_Broker: The number of finished Cloudlets is:457
9019.150399999997: MET_Broker: Cloudlet #460 return received
9019.150399999997: MET_Broker: The number of finished Cloudlets is:458
9025.857199999997: MET_Broker: Cloudlet #461 return received
9025.857199999997: MET_Broker: The number of finished Cloudlets is:459
9113.797999999997: MET_Broker: Cloudlet #453 return received
9113.797999999997: MET_Broker: The number of finished Cloudlets is:460
9128.609199999997: MET_Broker: Cloudlet #463 return received
9128.609199999997: MET_Broker: The number of finished Cloudlets is:461
9134.398399999996: MET_Broker: Cloudlet #456 return received
9134.398399999996: MET_Broker: The number of finished Cloudlets is:462
9167.212399999997: MET_Broker: Cloudlet #464 return received
9167.212399999997: MET_Broker: The number of finished Cloudlets is:463
9185.225999999997: MET_Broker: Cloudlet #466 return received
9185.225999999997: MET_Broker: The number of finished Cloudlets is:464
9191.001599999998: MET_Broker: Cloudlet #462 return received
9191.001599999998: MET_Broker: The number of finished Cloudlets is:465
9207.517599999997: MET_Broker: Cloudlet #468 return received
9207.517599999997: MET_Broker: The number of finished Cloudlets is:466
9209.079199999998: MET_Broker: Cloudlet #467 return received
9209.079199999998: MET_Broker: The number of finished Cloudlets is:467
9232.243199999999: MET_Broker: Cloudlet #469 return received
9232.243199999999: MET_Broker: The number of finished Cloudlets is:468
9246.0772: MET_Broker: Cloudlet #459 return received
9246.0772: MET_Broker: The number of finished Cloudlets is:469
9250.47: MET_Broker: Cloudlet #470 return received
9250.47: MET_Broker: The number of finished Cloudlets is:470
9260.4776: MET_Broker: Cloudlet #471 return received
9260.4776: MET_Broker: The number of finished Cloudlets is:471
9272.824: MET_Broker: Cloudlet #465 return received
9272.824: MET_Broker: The number of finished Cloudlets is:472
9286.6964: MET_Broker: Cloudlet #475 return received
9286.6964: MET_Broker: The number of finished Cloudlets is:473
9301.213600000001: MET_Broker: Cloudlet #473 return received
9301.213600000001: MET_Broker: The number of finished Cloudlets is:474
9301.6116: MET_Broker: Cloudlet #472 return received
9301.6116: MET_Broker: The number of finished Cloudlets is:475
9318.0708: MET_Broker: Cloudlet #478 return received
9318.0708: MET_Broker: The number of finished Cloudlets is:476
9329.6192: MET_Broker: Cloudlet #479 return received
9329.6192: MET_Broker: The number of finished Cloudlets is:477
9330.7912: MET_Broker: Cloudlet #476 return received
9330.7912: MET_Broker: The number of finished Cloudlets is:478
9345.0596: MET_Broker: Cloudlet #477 return received
9345.0596: MET_Broker: The number of finished Cloudlets is:479
9370.444000000001: MET_Broker: Cloudlet #481 return received
9370.444000000001: MET_Broker: The number of finished Cloudlets is:480
9372.174400000002: MET_Broker: Cloudlet #480 return received
9372.174400000002: MET_Broker: The number of finished Cloudlets is:481
9383.730800000001: MET_Broker: Cloudlet #483 return received
9383.730800000001: MET_Broker: The number of finished Cloudlets is:482
9404.649200000002: MET_Broker: Cloudlet #484 return received
9404.649200000002: MET_Broker: The number of finished Cloudlets is:483
9412.946800000002: MET_Broker: Cloudlet #482 return received
9412.946800000002: MET_Broker: The number of finished Cloudlets is:484
9424.7396: MET_Broker: Cloudlet #485 return received
9424.7396: MET_Broker: The number of finished Cloudlets is:485
9427.8412: MET_Broker: Cloudlet #487 return received
9427.8412: MET_Broker: The number of finished Cloudlets is:486
9434.980000000001: MET_Broker: Cloudlet #489 return received
9434.980000000001: MET_Broker: The number of finished Cloudlets is:487
9444.186800000001: MET_Broker: Cloudlet #486 return received
9444.186800000001: MET_Broker: The number of finished Cloudlets is:488
9454.1812: MET_Broker: Cloudlet #491 return received
9454.1812: MET_Broker: The number of finished Cloudlets is:489
9455.803600000001: MET_Broker: Cloudlet #488 return received
9455.803600000001: MET_Broker: The number of finished Cloudlets is:490
9462.616800000002: MET_Broker: Cloudlet #493 return received
9462.616800000002: MET_Broker: The number of finished Cloudlets is:491
9468.1812: MET_Broker: Cloudlet #492 return received
9468.1812: MET_Broker: The number of finished Cloudlets is:492
9478.667200000002: MET_Broker: Cloudlet #495 return received
9478.667200000002: MET_Broker: The number of finished Cloudlets is:493
9490.588000000002: MET_Broker: Cloudlet #474 return received
9490.588000000002: MET_Broker: The number of finished Cloudlets is:494
9499.566: MET_Broker: Cloudlet #494 return received
9499.566: MET_Broker: The number of finished Cloudlets is:495
9520.4868: MET_Broker: Cloudlet #496 return received
9520.4868: MET_Broker: The number of finished Cloudlets is:496
9538.5476: MET_Broker: Cloudlet #498 return received
9538.5476: MET_Broker: The number of finished Cloudlets is:497
9555.9136: MET_Broker: Cloudlet #499 return received
9555.9136: MET_Broker: The number of finished Cloudlets is:498
9594.5376: MET_Broker: Cloudlet #500 return received
9594.5376: MET_Broker: The number of finished Cloudlets is:499
9598.938: MET_Broker: Cloudlet #501 return received
9598.938: MET_Broker: The number of finished Cloudlets is:500
9610.5656: MET_Broker: Cloudlet #502 return received
9610.5656: MET_Broker: The number of finished Cloudlets is:501
9615.6856: MET_Broker: Cloudlet #497 return received
9615.6856: MET_Broker: The number of finished Cloudlets is:502
9623.656: MET_Broker: Cloudlet #490 return received
9623.656: MET_Broker: The number of finished Cloudlets is:503
9628.2684: MET_Broker: Cloudlet #505 return received
9628.2684: MET_Broker: The number of finished Cloudlets is:504
9635.0316: MET_Broker: Cloudlet #504 return received
9635.0316: MET_Broker: The number of finished Cloudlets is:505
9644.191200000001: MET_Broker: Cloudlet #507 return received
9644.191200000001: MET_Broker: The number of finished Cloudlets is:506
9674.1848: MET_Broker: Cloudlet #509 return received
9674.1848: MET_Broker: The number of finished Cloudlets is:507
9690.1224: MET_Broker: Cloudlet #510 return received
9690.1224: MET_Broker: The number of finished Cloudlets is:508
9710.699200000001: MET_Broker: Cloudlet #506 return received
9710.699200000001: MET_Broker: The number of finished Cloudlets is:509
9759.647200000001: MET_Broker: Cloudlet #511 return received
9759.647200000001: MET_Broker: The number of finished Cloudlets is:510
9764.769600000001: MET_Broker: Cloudlet #512 return received
9764.769600000001: MET_Broker: The number of finished Cloudlets is:511
9772.084: MET_Broker: Cloudlet #514 return received
9772.084: MET_Broker: The number of finished Cloudlets is:512
9842.788: MET_Broker: Cloudlet #508 return received
9842.788: MET_Broker: The number of finished Cloudlets is:513
9862.712800000001: MET_Broker: Cloudlet #515 return received
9862.712800000001: MET_Broker: The number of finished Cloudlets is:514
9907.8384: MET_Broker: Cloudlet #503 return received
9907.8384: MET_Broker: The number of finished Cloudlets is:515
9930.2636: MET_Broker: Cloudlet #513 return received
9930.2636: MET_Broker: The number of finished Cloudlets is:516
9940.2176: MET_Broker: Cloudlet #518 return received
9940.2176: MET_Broker: The number of finished Cloudlets is:517
9970.57: MET_Broker: Cloudlet #516 return received
9970.57: MET_Broker: The number of finished Cloudlets is:518
9972.0504: MET_Broker: Cloudlet #520 return received
9972.0504: MET_Broker: The number of finished Cloudlets is:519
10030.9668: MET_Broker: Cloudlet #522 return received
10030.9668: MET_Broker: The number of finished Cloudlets is:520
10050.584: MET_Broker: Cloudlet #519 return received
10050.584: MET_Broker: The number of finished Cloudlets is:521
10087.729200000002: MET_Broker: Cloudlet #523 return received
10087.729200000002: MET_Broker: The number of finished Cloudlets is:522
10100.557600000002: MET_Broker: Cloudlet #517 return received
10100.557600000002: MET_Broker: The number of finished Cloudlets is:523
10102.591600000002: MET_Broker: Cloudlet #525 return received
10102.591600000002: MET_Broker: The number of finished Cloudlets is:524
10142.532000000001: MET_Broker: Cloudlet #526 return received
10142.532000000001: MET_Broker: The number of finished Cloudlets is:525
10146.0892: MET_Broker: Cloudlet #527 return received
10146.0892: MET_Broker: The number of finished Cloudlets is:526
10155.0804: MET_Broker: Cloudlet #528 return received
10155.0804: MET_Broker: The number of finished Cloudlets is:527
10163.998800000001: MET_Broker: Cloudlet #530 return received
10163.998800000001: MET_Broker: The number of finished Cloudlets is:528
10168.377600000002: MET_Broker: Cloudlet #529 return received
10168.377600000002: MET_Broker: The number of finished Cloudlets is:529
10189.160400000002: MET_Broker: Cloudlet #531 return received
10189.160400000002: MET_Broker: The number of finished Cloudlets is:530
10189.579600000003: MET_Broker: Cloudlet #524 return received
10189.579600000003: MET_Broker: The number of finished Cloudlets is:531
10205.574800000002: MET_Broker: Cloudlet #532 return received
10205.574800000002: MET_Broker: The number of finished Cloudlets is:532
10221.138000000003: MET_Broker: Cloudlet #521 return received
10221.138000000003: MET_Broker: The number of finished Cloudlets is:533
10229.329600000003: MET_Broker: Cloudlet #533 return received
10229.329600000003: MET_Broker: The number of finished Cloudlets is:534
10245.416000000003: MET_Broker: Cloudlet #537 return received
10245.416000000003: MET_Broker: The number of finished Cloudlets is:535
10267.169600000003: MET_Broker: Cloudlet #534 return received
10267.169600000003: MET_Broker: The number of finished Cloudlets is:536
10274.582800000004: MET_Broker: Cloudlet #536 return received
10274.582800000004: MET_Broker: The number of finished Cloudlets is:537
10279.272000000004: MET_Broker: Cloudlet #539 return received
10279.272000000004: MET_Broker: The number of finished Cloudlets is:538
10305.477200000005: MET_Broker: Cloudlet #540 return received
10305.477200000005: MET_Broker: The number of finished Cloudlets is:539
10320.992400000005: MET_Broker: Cloudlet #542 return received
10320.992400000005: MET_Broker: The number of finished Cloudlets is:540
10385.518400000004: MET_Broker: Cloudlet #541 return received
10385.518400000004: MET_Broker: The number of finished Cloudlets is:541
10395.038400000005: MET_Broker: Cloudlet #544 return received
10395.038400000005: MET_Broker: The number of finished Cloudlets is:542
10406.545200000004: MET_Broker: Cloudlet #545 return received
10406.545200000004: MET_Broker: The number of finished Cloudlets is:543
10430.065200000005: MET_Broker: Cloudlet #546 return received
10430.065200000005: MET_Broker: The number of finished Cloudlets is:544
10439.881200000005: MET_Broker: Cloudlet #538 return received
10439.881200000005: MET_Broker: The number of finished Cloudlets is:545
10456.534800000005: MET_Broker: Cloudlet #548 return received
10456.534800000005: MET_Broker: The number of finished Cloudlets is:546
10466.119600000005: MET_Broker: Cloudlet #547 return received
10466.119600000005: MET_Broker: The number of finished Cloudlets is:547
10484.490000000005: MET_Broker: Cloudlet #549 return received
10484.490000000005: MET_Broker: The number of finished Cloudlets is:548
10498.676000000005: MET_Broker: Cloudlet #535 return received
10498.676000000005: MET_Broker: The number of finished Cloudlets is:549
10517.036400000005: MET_Broker: Cloudlet #551 return received
10517.036400000005: MET_Broker: The number of finished Cloudlets is:550
10533.259600000005: MET_Broker: Cloudlet #552 return received
10533.259600000005: MET_Broker: The number of finished Cloudlets is:551
10543.124800000005: MET_Broker: Cloudlet #553 return received
10543.124800000005: MET_Broker: The number of finished Cloudlets is:552
10552.613200000005: MET_Broker: Cloudlet #554 return received
10552.613200000005: MET_Broker: The number of finished Cloudlets is:553
10555.606000000005: MET_Broker: Cloudlet #555 return received
10555.606000000005: MET_Broker: The number of finished Cloudlets is:554
10568.815600000005: MET_Broker: Cloudlet #557 return received
10568.815600000005: MET_Broker: The number of finished Cloudlets is:555
10578.866800000005: MET_Broker: Cloudlet #558 return received
10578.866800000005: MET_Broker: The number of finished Cloudlets is:556
10585.378800000006: MET_Broker: Cloudlet #559 return received
10585.378800000006: MET_Broker: The number of finished Cloudlets is:557
10588.624000000005: MET_Broker: Cloudlet #556 return received
10588.624000000005: MET_Broker: The number of finished Cloudlets is:558
10593.548800000006: MET_Broker: Cloudlet #550 return received
10593.548800000006: MET_Broker: The number of finished Cloudlets is:559
10595.550800000006: MET_Broker: Cloudlet #560 return received
10595.550800000006: MET_Broker: The number of finished Cloudlets is:560
10602.127600000007: MET_Broker: Cloudlet #543 return received
10602.127600000007: MET_Broker: The number of finished Cloudlets is:561
10603.685600000008: MET_Broker: Cloudlet #561 return received
10603.685600000008: MET_Broker: The number of finished Cloudlets is:562
10615.648800000008: MET_Broker: Cloudlet #564 return received
10615.648800000008: MET_Broker: The number of finished Cloudlets is:563
10625.626800000007: MET_Broker: Cloudlet #565 return received
10625.626800000007: MET_Broker: The number of finished Cloudlets is:564
10626.078400000008: MET_Broker: Cloudlet #563 return received
10626.078400000008: MET_Broker: The number of finished Cloudlets is:565
10629.897600000008: MET_Broker: Cloudlet #566 return received
10629.897600000008: MET_Broker: The number of finished Cloudlets is:566
10638.755600000008: MET_Broker: Cloudlet #568 return received
10638.755600000008: MET_Broker: The number of finished Cloudlets is:567
10676.185200000007: MET_Broker: Cloudlet #570 return received
10676.185200000007: MET_Broker: The number of finished Cloudlets is:568
10681.819200000007: MET_Broker: Cloudlet #567 return received
10681.819200000007: MET_Broker: The number of finished Cloudlets is:569
10711.999600000006: MET_Broker: Cloudlet #571 return received
10711.999600000006: MET_Broker: The number of finished Cloudlets is:570
10717.895200000006: MET_Broker: Cloudlet #572 return received
10717.895200000006: MET_Broker: The number of finished Cloudlets is:571
10745.996800000006: MET_Broker: Cloudlet #574 return received
10745.996800000006: MET_Broker: The number of finished Cloudlets is:572
10755.175600000006: MET_Broker: Cloudlet #573 return received
10755.175600000006: MET_Broker: The number of finished Cloudlets is:573
10761.376400000006: MET_Broker: Cloudlet #575 return received
10761.376400000006: MET_Broker: The number of finished Cloudlets is:574
10769.525200000007: MET_Broker: Cloudlet #577 return received
10769.525200000007: MET_Broker: The number of finished Cloudlets is:575
10794.413200000008: MET_Broker: Cloudlet #578 return received
10794.413200000008: MET_Broker: The number of finished Cloudlets is:576
10808.910400000008: MET_Broker: Cloudlet #579 return received
10808.910400000008: MET_Broker: The number of finished Cloudlets is:577
10815.065200000008: MET_Broker: Cloudlet #562 return received
10815.065200000008: MET_Broker: The number of finished Cloudlets is:578
10819.045600000009: MET_Broker: Cloudlet #580 return received
10819.045600000009: MET_Broker: The number of finished Cloudlets is:579
10833.251200000008: MET_Broker: Cloudlet #581 return received
10833.251200000008: MET_Broker: The number of finished Cloudlets is:580
10837.449600000007: MET_Broker: Cloudlet #582 return received
10837.449600000007: MET_Broker: The number of finished Cloudlets is:581
10847.456000000007: MET_Broker: Cloudlet #584 return received
10847.456000000007: MET_Broker: The number of finished Cloudlets is:582
10873.362400000007: MET_Broker: Cloudlet #583 return received
10873.362400000007: MET_Broker: The number of finished Cloudlets is:583
10883.021600000007: MET_Broker: Cloudlet #569 return received
10883.021600000007: MET_Broker: The number of finished Cloudlets is:584
10925.672400000007: MET_Broker: Cloudlet #587 return received
10925.672400000007: MET_Broker: The number of finished Cloudlets is:585
10939.058400000007: MET_Broker: Cloudlet #588 return received
10939.058400000007: MET_Broker: The number of finished Cloudlets is:586
10973.542000000007: MET_Broker: Cloudlet #589 return received
10973.542000000007: MET_Broker: The number of finished Cloudlets is:587
10988.727600000007: MET_Broker: Cloudlet #576 return received
10988.727600000007: MET_Broker: The number of finished Cloudlets is:588
11037.584000000008: MET_Broker: Cloudlet #591 return received
11037.584000000008: MET_Broker: The number of finished Cloudlets is:589
11044.118000000008: MET_Broker: Cloudlet #592 return received
11044.118000000008: MET_Broker: The number of finished Cloudlets is:590
11074.790400000007: MET_Broker: Cloudlet #593 return received
11074.790400000007: MET_Broker: The number of finished Cloudlets is:591
11086.668000000007: MET_Broker: Cloudlet #594 return received
11086.668000000007: MET_Broker: The number of finished Cloudlets is:592
11121.292000000007: MET_Broker: Cloudlet #595 return received
11121.292000000007: MET_Broker: The number of finished Cloudlets is:593
11136.236800000006: MET_Broker: Cloudlet #596 return received
11136.236800000006: MET_Broker: The number of finished Cloudlets is:594
11149.554400000006: MET_Broker: Cloudlet #586 return received
11149.554400000006: MET_Broker: The number of finished Cloudlets is:595
11161.506400000006: MET_Broker: Cloudlet #597 return received
11161.506400000006: MET_Broker: The number of finished Cloudlets is:596
11162.590000000006: MET_Broker: Cloudlet #598 return received
11162.590000000006: MET_Broker: The number of finished Cloudlets is:597
11182.756800000006: MET_Broker: Cloudlet #585 return received
11182.756800000006: MET_Broker: The number of finished Cloudlets is:598
11195.897200000007: MET_Broker: Cloudlet #599 return received
11195.897200000007: MET_Broker: The number of finished Cloudlets is:599
11210.261200000006: MET_Broker: Cloudlet #590 return received
11210.261200000006: MET_Broker: The number of finished Cloudlets is:600
11218.958800000006: MET_Broker: Cloudlet #600 return received
11218.958800000006: MET_Broker: The number of finished Cloudlets is:601
11266.807600000006: MET_Broker: Cloudlet #604 return received
11266.807600000006: MET_Broker: The number of finished Cloudlets is:602
11280.051200000005: MET_Broker: Cloudlet #602 return received
11280.051200000005: MET_Broker: The number of finished Cloudlets is:603
11300.303600000005: MET_Broker: Cloudlet #603 return received
11300.303600000005: MET_Broker: The number of finished Cloudlets is:604
11303.240400000004: MET_Broker: Cloudlet #606 return received
11303.240400000004: MET_Broker: The number of finished Cloudlets is:605
11307.998400000004: MET_Broker: Cloudlet #605 return received
11307.998400000004: MET_Broker: The number of finished Cloudlets is:606
11314.976800000004: MET_Broker: Cloudlet #608 return received
11314.976800000004: MET_Broker: The number of finished Cloudlets is:607
11337.363200000003: MET_Broker: Cloudlet #610 return received
11337.363200000003: MET_Broker: The number of finished Cloudlets is:608
11345.264800000003: MET_Broker: Cloudlet #611 return received
11345.264800000003: MET_Broker: The number of finished Cloudlets is:609
11380.612000000003: MET_Broker: Cloudlet #601 return received
11380.612000000003: MET_Broker: The number of finished Cloudlets is:610
11390.057200000003: MET_Broker: Cloudlet #607 return received
11390.057200000003: MET_Broker: The number of finished Cloudlets is:611
11425.573200000003: MET_Broker: Cloudlet #613 return received
11425.573200000003: MET_Broker: The number of finished Cloudlets is:612
11438.027200000002: MET_Broker: Cloudlet #615 return received
11438.027200000002: MET_Broker: The number of finished Cloudlets is:613
11446.443200000002: MET_Broker: Cloudlet #614 return received
11446.443200000002: MET_Broker: The number of finished Cloudlets is:614
11458.861600000002: MET_Broker: Cloudlet #617 return received
11458.861600000002: MET_Broker: The number of finished Cloudlets is:615
11474.943200000002: MET_Broker: Cloudlet #609 return received
11474.943200000002: MET_Broker: The number of finished Cloudlets is:616
11483.074000000002: MET_Broker: Cloudlet #616 return received
11483.074000000002: MET_Broker: The number of finished Cloudlets is:617
11502.651600000003: MET_Broker: Cloudlet #620 return received
11502.651600000003: MET_Broker: The number of finished Cloudlets is:618
11518.131600000002: MET_Broker: Cloudlet #621 return received
11518.131600000002: MET_Broker: The number of finished Cloudlets is:619
11531.847600000003: MET_Broker: Cloudlet #619 return received
11531.847600000003: MET_Broker: The number of finished Cloudlets is:620
11540.689200000003: MET_Broker: Cloudlet #623 return received
11540.689200000003: MET_Broker: The number of finished Cloudlets is:621
11561.972000000003: MET_Broker: Cloudlet #622 return received
11561.972000000003: MET_Broker: The number of finished Cloudlets is:622
11584.515200000003: MET_Broker: Cloudlet #618 return received
11584.515200000003: MET_Broker: The number of finished Cloudlets is:623
11593.627600000003: MET_Broker: Cloudlet #624 return received
11593.627600000003: MET_Broker: The number of finished Cloudlets is:624
11607.365600000003: MET_Broker: Cloudlet #625 return received
11607.365600000003: MET_Broker: The number of finished Cloudlets is:625
11612.477600000002: MET_Broker: Cloudlet #627 return received
11612.477600000002: MET_Broker: The number of finished Cloudlets is:626
11619.256000000001: MET_Broker: Cloudlet #612 return received
11619.256000000001: MET_Broker: The number of finished Cloudlets is:627
11638.1244: MET_Broker: Cloudlet #628 return received
11638.1244: MET_Broker: The number of finished Cloudlets is:628
11657.8636: MET_Broker: Cloudlet #629 return received
11657.8636: MET_Broker: The number of finished Cloudlets is:629
11678.298400000001: MET_Broker: Cloudlet #630 return received
11678.298400000001: MET_Broker: The number of finished Cloudlets is:630
11691.608800000002: MET_Broker: Cloudlet #632 return received
11691.608800000002: MET_Broker: The number of finished Cloudlets is:631
11696.944800000001: MET_Broker: Cloudlet #626 return received
11696.944800000001: MET_Broker: The number of finished Cloudlets is:632
11697.314: MET_Broker: Cloudlet #631 return received
11697.314: MET_Broker: The number of finished Cloudlets is:633
11706.2704: MET_Broker: Cloudlet #634 return received
11706.2704: MET_Broker: The number of finished Cloudlets is:634
11724.0028: MET_Broker: Cloudlet #633 return received
11724.0028: MET_Broker: The number of finished Cloudlets is:635
11727.4112: MET_Broker: Cloudlet #636 return received
11727.4112: MET_Broker: The number of finished Cloudlets is:636
11763.9796: MET_Broker: Cloudlet #638 return received
11763.9796: MET_Broker: The number of finished Cloudlets is:637
11910.178: MET_Broker: Cloudlet #635 return received
11910.178: MET_Broker: The number of finished Cloudlets is:638
11915.3476: MET_Broker: Cloudlet #640 return received
11915.3476: MET_Broker: The number of finished Cloudlets is:639
11964.781599999998: MET_Broker: Cloudlet #642 return received
11964.781599999998: MET_Broker: The number of finished Cloudlets is:640
11979.995199999998: MET_Broker: Cloudlet #637 return received
11979.995199999998: MET_Broker: The number of finished Cloudlets is:641
11984.746799999997: MET_Broker: Cloudlet #643 return received
11984.746799999997: MET_Broker: The number of finished Cloudlets is:642
12019.630799999997: MET_Broker: Cloudlet #639 return received
12019.630799999997: MET_Broker: The number of finished Cloudlets is:643
12035.601999999997: MET_Broker: Cloudlet #646 return received
12035.601999999997: MET_Broker: The number of finished Cloudlets is:644
12048.134399999997: MET_Broker: Cloudlet #647 return received
12048.134399999997: MET_Broker: The number of finished Cloudlets is:645
12066.261599999998: MET_Broker: Cloudlet #645 return received
12066.261599999998: MET_Broker: The number of finished Cloudlets is:646
12094.765599999999: MET_Broker: Cloudlet #641 return received
12094.765599999999: MET_Broker: The number of finished Cloudlets is:647
12114.093599999998: MET_Broker: Cloudlet #649 return received
12114.093599999998: MET_Broker: The number of finished Cloudlets is:648
12143.229199999998: MET_Broker: Cloudlet #651 return received
12143.229199999998: MET_Broker: The number of finished Cloudlets is:649
12143.606799999998: MET_Broker: Cloudlet #650 return received
12143.606799999998: MET_Broker: The number of finished Cloudlets is:650
12152.433599999998: MET_Broker: Cloudlet #648 return received
12152.433599999998: MET_Broker: The number of finished Cloudlets is:651
12152.779999999999: MET_Broker: Cloudlet #653 return received
12152.779999999999: MET_Broker: The number of finished Cloudlets is:652
12153.5556: MET_Broker: Cloudlet #652 return received
12153.5556: MET_Broker: The number of finished Cloudlets is:653
12163.8024: MET_Broker: Cloudlet #655 return received
12163.8024: MET_Broker: The number of finished Cloudlets is:654
12196.2104: MET_Broker: Cloudlet #654 return received
12196.2104: MET_Broker: The number of finished Cloudlets is:655
12200.8948: MET_Broker: Cloudlet #656 return received
12200.8948: MET_Broker: The number of finished Cloudlets is:656
12203.0432: MET_Broker: Cloudlet #658 return received
12203.0432: MET_Broker: The number of finished Cloudlets is:657
12219.1836: MET_Broker: Cloudlet #657 return received
12219.1836: MET_Broker: The number of finished Cloudlets is:658
12264.7992: MET_Broker: Cloudlet #661 return received
12264.7992: MET_Broker: The number of finished Cloudlets is:659
12289.778: MET_Broker: Cloudlet #644 return received
12289.778: MET_Broker: The number of finished Cloudlets is:660
12306.5512: MET_Broker: Cloudlet #662 return received
12306.5512: MET_Broker: The number of finished Cloudlets is:661
12353.6328: MET_Broker: Cloudlet #659 return received
12353.6328: MET_Broker: The number of finished Cloudlets is:662
12355.1968: MET_Broker: Cloudlet #660 return received
12355.1968: MET_Broker: The number of finished Cloudlets is:663
12359.5524: MET_Broker: Cloudlet #664 return received
12359.5524: MET_Broker: The number of finished Cloudlets is:664
12362.9292: MET_Broker: Cloudlet #665 return received
12362.9292: MET_Broker: The number of finished Cloudlets is:665
12384.375600000001: MET_Broker: Cloudlet #666 return received
12384.375600000001: MET_Broker: The number of finished Cloudlets is:666
12399.8284: MET_Broker: Cloudlet #668 return received
12399.8284: MET_Broker: The number of finished Cloudlets is:667
12405.7916: MET_Broker: Cloudlet #667 return received
12405.7916: MET_Broker: The number of finished Cloudlets is:668
12431.9508: MET_Broker: Cloudlet #669 return received
12431.9508: MET_Broker: The number of finished Cloudlets is:669
12440.1272: MET_Broker: Cloudlet #671 return received
12440.1272: MET_Broker: The number of finished Cloudlets is:670
12443.176800000001: MET_Broker: Cloudlet #672 return received
12443.176800000001: MET_Broker: The number of finished Cloudlets is:671
12472.883600000001: MET_Broker: Cloudlet #673 return received
12472.883600000001: MET_Broker: The number of finished Cloudlets is:672
12478.182: MET_Broker: Cloudlet #674 return received
12478.182: MET_Broker: The number of finished Cloudlets is:673
12497.664400000001: MET_Broker: Cloudlet #670 return received
12497.664400000001: MET_Broker: The number of finished Cloudlets is:674
12505.498400000002: MET_Broker: Cloudlet #677 return received
12505.498400000002: MET_Broker: The number of finished Cloudlets is:675
12524.138000000003: MET_Broker: Cloudlet #675 return received
12524.138000000003: MET_Broker: The number of finished Cloudlets is:676
12583.548000000003: MET_Broker: Cloudlet #663 return received
12583.548000000003: MET_Broker: The number of finished Cloudlets is:677
12595.626800000002: MET_Broker: Cloudlet #679 return received
12595.626800000002: MET_Broker: The number of finished Cloudlets is:678
12598.386800000002: MET_Broker: Cloudlet #676 return received
12598.386800000002: MET_Broker: The number of finished Cloudlets is:679
12638.580400000003: MET_Broker: Cloudlet #680 return received
12638.580400000003: MET_Broker: The number of finished Cloudlets is:680
12643.948800000002: MET_Broker: Cloudlet #681 return received
12643.948800000002: MET_Broker: The number of finished Cloudlets is:681
12646.780800000002: MET_Broker: Cloudlet #683 return received
12646.780800000002: MET_Broker: The number of finished Cloudlets is:682
12648.391200000002: MET_Broker: Cloudlet #678 return received
12648.391200000002: MET_Broker: The number of finished Cloudlets is:683
12653.314400000001: MET_Broker: Cloudlet #684 return received
12653.314400000001: MET_Broker: The number of finished Cloudlets is:684
12662.878400000001: MET_Broker: Cloudlet #685 return received
12662.878400000001: MET_Broker: The number of finished Cloudlets is:685
12665.690800000002: MET_Broker: Cloudlet #686 return received
12665.690800000002: MET_Broker: The number of finished Cloudlets is:686
12672.622800000003: MET_Broker: Cloudlet #687 return received
12672.622800000003: MET_Broker: The number of finished Cloudlets is:687
12673.181600000004: MET_Broker: Cloudlet #689 return received
12673.181600000004: MET_Broker: The number of finished Cloudlets is:688
12708.141200000004: MET_Broker: Cloudlet #688 return received
12708.141200000004: MET_Broker: The number of finished Cloudlets is:689
12715.734800000004: MET_Broker: Cloudlet #690 return received
12715.734800000004: MET_Broker: The number of finished Cloudlets is:690
12732.649600000004: MET_Broker: Cloudlet #691 return received
12732.649600000004: MET_Broker: The number of finished Cloudlets is:691
12774.186400000004: MET_Broker: Cloudlet #694 return received
12774.186400000004: MET_Broker: The number of finished Cloudlets is:692
12797.556400000005: MET_Broker: Cloudlet #682 return received
12797.556400000005: MET_Broker: The number of finished Cloudlets is:693
12827.277600000005: MET_Broker: Cloudlet #695 return received
12827.277600000005: MET_Broker: The number of finished Cloudlets is:694
12827.573600000005: MET_Broker: Cloudlet #696 return received
12827.573600000005: MET_Broker: The number of finished Cloudlets is:695
12835.324800000006: MET_Broker: Cloudlet #693 return received
12835.324800000006: MET_Broker: The number of finished Cloudlets is:696
12950.786000000006: MET_Broker: Cloudlet #698 return received
12950.786000000006: MET_Broker: The number of finished Cloudlets is:697
13008.538800000006: MET_Broker: Cloudlet #700 return received
13008.538800000006: MET_Broker: The number of finished Cloudlets is:698
13016.325600000006: MET_Broker: Cloudlet #697 return received
13016.325600000006: MET_Broker: The number of finished Cloudlets is:699
13020.560000000005: MET_Broker: Cloudlet #692 return received
13020.560000000005: MET_Broker: The number of finished Cloudlets is:700
13053.637600000005: MET_Broker: Cloudlet #701 return received
13053.637600000005: MET_Broker: The number of finished Cloudlets is:701
13064.179600000005: MET_Broker: Cloudlet #703 return received
13064.179600000005: MET_Broker: The number of finished Cloudlets is:702
13097.050800000005: MET_Broker: Cloudlet #705 return received
13097.050800000005: MET_Broker: The number of finished Cloudlets is:703
13098.247600000004: MET_Broker: Cloudlet #704 return received
13098.247600000004: MET_Broker: The number of finished Cloudlets is:704
13121.534000000005: MET_Broker: Cloudlet #702 return received
13121.534000000005: MET_Broker: The number of finished Cloudlets is:705
13130.523600000006: MET_Broker: Cloudlet #706 return received
13130.523600000006: MET_Broker: The number of finished Cloudlets is:706
13132.732400000006: MET_Broker: Cloudlet #707 return received
13132.732400000006: MET_Broker: The number of finished Cloudlets is:707
13139.676800000007: MET_Broker: Cloudlet #710 return received
13139.676800000007: MET_Broker: The number of finished Cloudlets is:708
13176.493200000006: MET_Broker: Cloudlet #709 return received
13176.493200000006: MET_Broker: The number of finished Cloudlets is:709
13180.462400000006: MET_Broker: Cloudlet #699 return received
13180.462400000006: MET_Broker: The number of finished Cloudlets is:710
13184.640000000007: MET_Broker: Cloudlet #712 return received
13184.640000000007: MET_Broker: The number of finished Cloudlets is:711
13217.688400000006: MET_Broker: Cloudlet #713 return received
13217.688400000006: MET_Broker: The number of finished Cloudlets is:712
13231.976400000007: MET_Broker: Cloudlet #715 return received
13231.976400000007: MET_Broker: The number of finished Cloudlets is:713
13278.112000000006: MET_Broker: Cloudlet #716 return received
13278.112000000006: MET_Broker: The number of finished Cloudlets is:714
13298.290800000006: MET_Broker: Cloudlet #708 return received
13298.290800000006: MET_Broker: The number of finished Cloudlets is:715
13334.955200000006: MET_Broker: Cloudlet #714 return received
13334.955200000006: MET_Broker: The number of finished Cloudlets is:716
13383.228800000006: MET_Broker: Cloudlet #717 return received
13383.228800000006: MET_Broker: The number of finished Cloudlets is:717
13383.750400000006: MET_Broker: Cloudlet #719 return received
13383.750400000006: MET_Broker: The number of finished Cloudlets is:718
13390.231600000006: MET_Broker: Cloudlet #720 return received
13390.231600000006: MET_Broker: The number of finished Cloudlets is:719
13412.155600000007: MET_Broker: Cloudlet #722 return received
13412.155600000007: MET_Broker: The number of finished Cloudlets is:720
13423.360400000007: MET_Broker: Cloudlet #718 return received
13423.360400000007: MET_Broker: The number of finished Cloudlets is:721
13440.248800000007: MET_Broker: Cloudlet #723 return received
13440.248800000007: MET_Broker: The number of finished Cloudlets is:722
13473.373200000007: MET_Broker: Cloudlet #711 return received
13473.373200000007: MET_Broker: The number of finished Cloudlets is:723
13503.039200000007: MET_Broker: Cloudlet #726 return received
13503.039200000007: MET_Broker: The number of finished Cloudlets is:724
13516.969200000007: MET_Broker: Cloudlet #727 return received
13516.969200000007: MET_Broker: The number of finished Cloudlets is:725
13525.535600000007: MET_Broker: Cloudlet #728 return received
13525.535600000007: MET_Broker: The number of finished Cloudlets is:726
13536.150400000006: MET_Broker: Cloudlet #721 return received
13536.150400000006: MET_Broker: The number of finished Cloudlets is:727
13577.785200000006: MET_Broker: Cloudlet #729 return received
13577.785200000006: MET_Broker: The number of finished Cloudlets is:728
13589.464000000005: MET_Broker: Cloudlet #730 return received
13589.464000000005: MET_Broker: The number of finished Cloudlets is:729
13589.636400000005: MET_Broker: Cloudlet #731 return received
13589.636400000005: MET_Broker: The number of finished Cloudlets is:730
13593.782400000006: MET_Broker: Cloudlet #724 return received
13593.782400000006: MET_Broker: The number of finished Cloudlets is:731
13632.750400000006: MET_Broker: Cloudlet #734 return received
13632.750400000006: MET_Broker: The number of finished Cloudlets is:732
13742.167600000006: MET_Broker: Cloudlet #732 return received
13742.167600000006: MET_Broker: The number of finished Cloudlets is:733
13742.299600000006: MET_Broker: Cloudlet #735 return received
13742.299600000006: MET_Broker: The number of finished Cloudlets is:734
13751.842000000006: MET_Broker: Cloudlet #736 return received
13751.842000000006: MET_Broker: The number of finished Cloudlets is:735
13760.521200000007: MET_Broker: Cloudlet #738 return received
13760.521200000007: MET_Broker: The number of finished Cloudlets is:736
13792.729200000007: MET_Broker: Cloudlet #725 return received
13792.729200000007: MET_Broker: The number of finished Cloudlets is:737
13804.470000000007: MET_Broker: Cloudlet #739 return received
13804.470000000007: MET_Broker: The number of finished Cloudlets is:738
13811.688800000007: MET_Broker: Cloudlet #740 return received
13811.688800000007: MET_Broker: The number of finished Cloudlets is:739
13838.600400000007: MET_Broker: Cloudlet #741 return received
13838.600400000007: MET_Broker: The number of finished Cloudlets is:740
13855.376800000007: MET_Broker: Cloudlet #743 return received
13855.376800000007: MET_Broker: The number of finished Cloudlets is:741
13870.664400000007: MET_Broker: Cloudlet #744 return received
13870.664400000007: MET_Broker: The number of finished Cloudlets is:742
13908.596400000008: MET_Broker: Cloudlet #733 return received
13908.596400000008: MET_Broker: The number of finished Cloudlets is:743
13911.928000000007: MET_Broker: Cloudlet #737 return received
13911.928000000007: MET_Broker: The number of finished Cloudlets is:744
13926.148800000006: MET_Broker: Cloudlet #747 return received
13926.148800000006: MET_Broker: The number of finished Cloudlets is:745
13927.776800000007: MET_Broker: Cloudlet #742 return received
13927.776800000007: MET_Broker: The number of finished Cloudlets is:746
13946.232000000007: MET_Broker: Cloudlet #749 return received
13946.232000000007: MET_Broker: The number of finished Cloudlets is:747
13954.903200000008: MET_Broker: Cloudlet #750 return received
13954.903200000008: MET_Broker: The number of finished Cloudlets is:748
13965.544400000008: MET_Broker: Cloudlet #751 return received
13965.544400000008: MET_Broker: The number of finished Cloudlets is:749
13972.095600000008: MET_Broker: Cloudlet #752 return received
13972.095600000008: MET_Broker: The number of finished Cloudlets is:750
13980.929200000008: MET_Broker: Cloudlet #753 return received
13980.929200000008: MET_Broker: The number of finished Cloudlets is:751
13983.712000000009: MET_Broker: Cloudlet #746 return received
13983.712000000009: MET_Broker: The number of finished Cloudlets is:752
13991.030000000008: MET_Broker: Cloudlet #755 return received
13991.030000000008: MET_Broker: The number of finished Cloudlets is:753
13992.545200000008: MET_Broker: Cloudlet #754 return received
13992.545200000008: MET_Broker: The number of finished Cloudlets is:754
14013.038000000008: MET_Broker: Cloudlet #757 return received
14013.038000000008: MET_Broker: The number of finished Cloudlets is:755
14092.636800000007: MET_Broker: Cloudlet #758 return received
14092.636800000007: MET_Broker: The number of finished Cloudlets is:756
14122.231200000007: MET_Broker: Cloudlet #756 return received
14122.231200000007: MET_Broker: The number of finished Cloudlets is:757
14147.989600000008: MET_Broker: Cloudlet #759 return received
14147.989600000008: MET_Broker: The number of finished Cloudlets is:758
14160.676400000008: MET_Broker: Cloudlet #760 return received
14160.676400000008: MET_Broker: The number of finished Cloudlets is:759
14171.020000000008: MET_Broker: Cloudlet #745 return received
14171.020000000008: MET_Broker: The number of finished Cloudlets is:760
14190.142400000008: MET_Broker: Cloudlet #763 return received
14190.142400000008: MET_Broker: The number of finished Cloudlets is:761
14191.304800000007: MET_Broker: Cloudlet #761 return received
14191.304800000007: MET_Broker: The number of finished Cloudlets is:762
14192.334400000007: MET_Broker: Cloudlet #748 return received
14192.334400000007: MET_Broker: The number of finished Cloudlets is:763
14217.221600000006: MET_Broker: Cloudlet #766 return received
14217.221600000006: MET_Broker: The number of finished Cloudlets is:764
14235.924400000005: MET_Broker: Cloudlet #764 return received
14235.924400000005: MET_Broker: The number of finished Cloudlets is:765
14243.371600000006: MET_Broker: Cloudlet #762 return received
14243.371600000006: MET_Broker: The number of finished Cloudlets is:766
14251.758800000005: MET_Broker: Cloudlet #767 return received
14251.758800000005: MET_Broker: The number of finished Cloudlets is:767
14260.558000000005: MET_Broker: Cloudlet #769 return received
14260.558000000005: MET_Broker: The number of finished Cloudlets is:768
14272.402000000004: MET_Broker: Cloudlet #770 return received
14272.402000000004: MET_Broker: The number of finished Cloudlets is:769
14287.847200000004: MET_Broker: Cloudlet #768 return received
14287.847200000004: MET_Broker: The number of finished Cloudlets is:770
14298.480000000003: MET_Broker: Cloudlet #772 return received
14298.480000000003: MET_Broker: The number of finished Cloudlets is:771
14308.485600000004: MET_Broker: Cloudlet #774 return received
14308.485600000004: MET_Broker: The number of finished Cloudlets is:772
14325.606000000003: MET_Broker: Cloudlet #773 return received
14325.606000000003: MET_Broker: The number of finished Cloudlets is:773
14337.468400000003: MET_Broker: Cloudlet #765 return received
14337.468400000003: MET_Broker: The number of finished Cloudlets is:774
14343.590800000004: MET_Broker: Cloudlet #775 return received
14343.590800000004: MET_Broker: The number of finished Cloudlets is:775
14350.916800000003: MET_Broker: Cloudlet #778 return received
14350.916800000003: MET_Broker: The number of finished Cloudlets is:776
14357.392800000003: MET_Broker: Cloudlet #776 return received
14357.392800000003: MET_Broker: The number of finished Cloudlets is:777
14369.223600000003: MET_Broker: Cloudlet #780 return received
14369.223600000003: MET_Broker: The number of finished Cloudlets is:778
14374.339200000002: MET_Broker: Cloudlet #777 return received
14374.339200000002: MET_Broker: The number of finished Cloudlets is:779
14379.130800000003: MET_Broker: Cloudlet #781 return received
14379.130800000003: MET_Broker: The number of finished Cloudlets is:780
14397.590000000002: MET_Broker: Cloudlet #783 return received
14397.590000000002: MET_Broker: The number of finished Cloudlets is:781
14432.622800000003: MET_Broker: Cloudlet #779 return received
14432.622800000003: MET_Broker: The number of finished Cloudlets is:782
14437.532800000003: MET_Broker: Cloudlet #784 return received
14437.532800000003: MET_Broker: The number of finished Cloudlets is:783
14465.605600000003: MET_Broker: Cloudlet #786 return received
14465.605600000003: MET_Broker: The number of finished Cloudlets is:784
14483.416400000002: MET_Broker: Cloudlet #785 return received
14483.416400000002: MET_Broker: The number of finished Cloudlets is:785
14485.117600000001: MET_Broker: Cloudlet #787 return received
14485.117600000001: MET_Broker: The number of finished Cloudlets is:786
14552.019600000001: MET_Broker: Cloudlet #788 return received
14552.019600000001: MET_Broker: The number of finished Cloudlets is:787
14568.918800000001: MET_Broker: Cloudlet #790 return received
14568.918800000001: MET_Broker: The number of finished Cloudlets is:788
14582.202800000001: MET_Broker: Cloudlet #791 return received
14582.202800000001: MET_Broker: The number of finished Cloudlets is:789
14586.902: MET_Broker: Cloudlet #771 return received
14586.902: MET_Broker: The number of finished Cloudlets is:790
14602.6908: MET_Broker: Cloudlet #793 return received
14602.6908: MET_Broker: The number of finished Cloudlets is:791
14621.4216: MET_Broker: Cloudlet #794 return received
14621.4216: MET_Broker: The number of finished Cloudlets is:792
14656.8084: MET_Broker: Cloudlet #789 return received
14656.8084: MET_Broker: The number of finished Cloudlets is:793
14681.3524: MET_Broker: Cloudlet #796 return received
14681.3524: MET_Broker: The number of finished Cloudlets is:794
14720.2732: MET_Broker: Cloudlet #797 return received
14720.2732: MET_Broker: The number of finished Cloudlets is:795
14724.8444: MET_Broker: Cloudlet #782 return received
14724.8444: MET_Broker: The number of finished Cloudlets is:796
14738.0428: MET_Broker: Cloudlet #799 return received
14738.0428: MET_Broker: The number of finished Cloudlets is:797
14752.5932: MET_Broker: Cloudlet #800 return received
14752.5932: MET_Broker: The number of finished Cloudlets is:798
14754.1436: MET_Broker: Cloudlet #798 return received
14754.1436: MET_Broker: The number of finished Cloudlets is:799
14763.576: MET_Broker: Cloudlet #801 return received
14763.576: MET_Broker: The number of finished Cloudlets is:800
14776.527999999998: MET_Broker: Cloudlet #803 return received
14776.527999999998: MET_Broker: The number of finished Cloudlets is:801
14780.502799999998: MET_Broker: Cloudlet #795 return received
14780.502799999998: MET_Broker: The number of finished Cloudlets is:802
14799.112799999999: MET_Broker: Cloudlet #802 return received
14799.112799999999: MET_Broker: The number of finished Cloudlets is:803
14803.361599999998: MET_Broker: Cloudlet #805 return received
14803.361599999998: MET_Broker: The number of finished Cloudlets is:804
14812.145999999999: MET_Broker: Cloudlet #792 return received
14812.145999999999: MET_Broker: The number of finished Cloudlets is:805
14819.498: MET_Broker: Cloudlet #804 return received
14819.498: MET_Broker: The number of finished Cloudlets is:806
14826.7272: MET_Broker: Cloudlet #808 return received
14826.7272: MET_Broker: The number of finished Cloudlets is:807
14853.84: MET_Broker: Cloudlet #810 return received
14853.84: MET_Broker: The number of finished Cloudlets is:808
14870.806: MET_Broker: Cloudlet #809 return received
14870.806: MET_Broker: The number of finished Cloudlets is:809
14871.767600000001: MET_Broker: Cloudlet #811 return received
14871.767600000001: MET_Broker: The number of finished Cloudlets is:810
14879.4328: MET_Broker: Cloudlet #813 return received
14879.4328: MET_Broker: The number of finished Cloudlets is:811
14910.140000000001: MET_Broker: Cloudlet #806 return received
14910.140000000001: MET_Broker: The number of finished Cloudlets is:812
14923.1344: MET_Broker: Cloudlet #815 return received
14923.1344: MET_Broker: The number of finished Cloudlets is:813
14969.264000000001: MET_Broker: Cloudlet #816 return received
14969.264000000001: MET_Broker: The number of finished Cloudlets is:814
14998.1764: MET_Broker: Cloudlet #817 return received
14998.1764: MET_Broker: The number of finished Cloudlets is:815
15000.1344: MET_Broker: Cloudlet #814 return received
15000.1344: MET_Broker: The number of finished Cloudlets is:816
15014.984400000001: MET_Broker: Cloudlet #818 return received
15014.984400000001: MET_Broker: The number of finished Cloudlets is:817
15041.531600000002: MET_Broker: Cloudlet #819 return received
15041.531600000002: MET_Broker: The number of finished Cloudlets is:818
15064.446000000002: MET_Broker: Cloudlet #807 return received
15064.446000000002: MET_Broker: The number of finished Cloudlets is:819
15099.978000000001: MET_Broker: Cloudlet #822 return received
15099.978000000001: MET_Broker: The number of finished Cloudlets is:820
15100.0424: MET_Broker: Cloudlet #821 return received
15100.0424: MET_Broker: The number of finished Cloudlets is:821
15132.3456: MET_Broker: Cloudlet #812 return received
15132.3456: MET_Broker: The number of finished Cloudlets is:822
15139.5468: MET_Broker: Cloudlet #825 return received
15139.5468: MET_Broker: The number of finished Cloudlets is:823
15160.0792: MET_Broker: Cloudlet #826 return received
15160.0792: MET_Broker: The number of finished Cloudlets is:824
15219.1344: MET_Broker: Cloudlet #824 return received
15219.1344: MET_Broker: The number of finished Cloudlets is:825
15226.9012: MET_Broker: Cloudlet #828 return received
15226.9012: MET_Broker: The number of finished Cloudlets is:826
15229.0844: MET_Broker: Cloudlet #820 return received
15229.0844: MET_Broker: The number of finished Cloudlets is:827
15234.7208: MET_Broker: Cloudlet #829 return received
15234.7208: MET_Broker: The number of finished Cloudlets is:828
15259.1268: MET_Broker: Cloudlet #830 return received
15259.1268: MET_Broker: The number of finished Cloudlets is:829
15271.2648: MET_Broker: Cloudlet #831 return received
15271.2648: MET_Broker: The number of finished Cloudlets is:830
15294.9968: MET_Broker: Cloudlet #833 return received
15294.9968: MET_Broker: The number of finished Cloudlets is:831
15308.690400000001: MET_Broker: Cloudlet #834 return received
15308.690400000001: MET_Broker: The number of finished Cloudlets is:832
15342.006400000002: MET_Broker: Cloudlet #835 return received
15342.006400000002: MET_Broker: The number of finished Cloudlets is:833
15354.863200000002: MET_Broker: Cloudlet #827 return received
15354.863200000002: MET_Broker: The number of finished Cloudlets is:834
15363.126400000001: MET_Broker: Cloudlet #836 return received
15363.126400000001: MET_Broker: The number of finished Cloudlets is:835
15380.812000000002: MET_Broker: Cloudlet #837 return received
15380.812000000002: MET_Broker: The number of finished Cloudlets is:836
15389.243600000002: MET_Broker: Cloudlet #838 return received
15389.243600000002: MET_Broker: The number of finished Cloudlets is:837
15432.337200000002: MET_Broker: Cloudlet #840 return received
15432.337200000002: MET_Broker: The number of finished Cloudlets is:838
15434.782400000002: MET_Broker: Cloudlet #823 return received
15434.782400000002: MET_Broker: The number of finished Cloudlets is:839
15484.625600000001: MET_Broker: Cloudlet #842 return received
15484.625600000001: MET_Broker: The number of finished Cloudlets is:840
15502.668800000001: MET_Broker: Cloudlet #843 return received
15502.668800000001: MET_Broker: The number of finished Cloudlets is:841
15559.194800000001: MET_Broker: Cloudlet #839 return received
15559.194800000001: MET_Broker: The number of finished Cloudlets is:842
15571.351600000002: MET_Broker: Cloudlet #845 return received
15571.351600000002: MET_Broker: The number of finished Cloudlets is:843
15591.611600000002: MET_Broker: Cloudlet #832 return received
15591.611600000002: MET_Broker: The number of finished Cloudlets is:844
15606.732800000002: MET_Broker: Cloudlet #846 return received
15606.732800000002: MET_Broker: The number of finished Cloudlets is:845
15609.863600000002: MET_Broker: Cloudlet #847 return received
15609.863600000002: MET_Broker: The number of finished Cloudlets is:846
15615.874000000002: MET_Broker: Cloudlet #849 return received
15615.874000000002: MET_Broker: The number of finished Cloudlets is:847
15634.548400000001: MET_Broker: Cloudlet #850 return received
15634.548400000001: MET_Broker: The number of finished Cloudlets is:848
15652.6964: MET_Broker: Cloudlet #844 return received
15652.6964: MET_Broker: The number of finished Cloudlets is:849
15680.6712: MET_Broker: Cloudlet #852 return received
15680.6712: MET_Broker: The number of finished Cloudlets is:850
15681.8292: MET_Broker: Cloudlet #841 return received
15681.8292: MET_Broker: The number of finished Cloudlets is:851
15689.564: MET_Broker: Cloudlet #854 return received
15689.564: MET_Broker: The number of finished Cloudlets is:852
15689.9884: MET_Broker: Cloudlet #848 return received
15689.9884: MET_Broker: The number of finished Cloudlets is:853
15691.342: MET_Broker: Cloudlet #851 return received
15691.342: MET_Broker: The number of finished Cloudlets is:854
15701.476: MET_Broker: Cloudlet #853 return received
15701.476: MET_Broker: The number of finished Cloudlets is:855
15724.2868: MET_Broker: Cloudlet #858 return received
15724.2868: MET_Broker: The number of finished Cloudlets is:856
15728.3464: MET_Broker: Cloudlet #855 return received
15728.3464: MET_Broker: The number of finished Cloudlets is:857
15754.614800000001: MET_Broker: Cloudlet #860 return received
15754.614800000001: MET_Broker: The number of finished Cloudlets is:858
15760.889200000001: MET_Broker: Cloudlet #859 return received
15760.889200000001: MET_Broker: The number of finished Cloudlets is:859
15768.908000000001: MET_Broker: Cloudlet #861 return received
15768.908000000001: MET_Broker: The number of finished Cloudlets is:860
15771.760400000001: MET_Broker: Cloudlet #862 return received
15771.760400000001: MET_Broker: The number of finished Cloudlets is:861
15782.980000000001: MET_Broker: Cloudlet #857 return received
15782.980000000001: MET_Broker: The number of finished Cloudlets is:862
15814.3088: MET_Broker: Cloudlet #864 return received
15814.3088: MET_Broker: The number of finished Cloudlets is:863
15833.969200000001: MET_Broker: Cloudlet #856 return received
15833.969200000001: MET_Broker: The number of finished Cloudlets is:864
15885.2584: MET_Broker: Cloudlet #867 return received
15885.2584: MET_Broker: The number of finished Cloudlets is:865
15906.238000000001: MET_Broker: Cloudlet #863 return received
15906.238000000001: MET_Broker: The number of finished Cloudlets is:866
15910.9392: MET_Broker: Cloudlet #868 return received
15910.9392: MET_Broker: The number of finished Cloudlets is:867
15941.34: MET_Broker: Cloudlet #865 return received
15941.34: MET_Broker: The number of finished Cloudlets is:868
15966.1104: MET_Broker: Cloudlet #869 return received
15966.1104: MET_Broker: The number of finished Cloudlets is:869
15967.046: MET_Broker: Cloudlet #870 return received
15967.046: MET_Broker: The number of finished Cloudlets is:870
15979.050000000001: MET_Broker: Cloudlet #873 return received
15979.050000000001: MET_Broker: The number of finished Cloudlets is:871
16000.227600000002: MET_Broker: Cloudlet #871 return received
16000.227600000002: MET_Broker: The number of finished Cloudlets is:872
16058.962000000001: MET_Broker: Cloudlet #875 return received
16058.962000000001: MET_Broker: The number of finished Cloudlets is:873
16072.754400000002: MET_Broker: Cloudlet #866 return received
16072.754400000002: MET_Broker: The number of finished Cloudlets is:874
16111.993600000002: MET_Broker: Cloudlet #876 return received
16111.993600000002: MET_Broker: The number of finished Cloudlets is:875
16135.539600000002: MET_Broker: Cloudlet #874 return received
16135.539600000002: MET_Broker: The number of finished Cloudlets is:876
16147.736000000003: MET_Broker: Cloudlet #879 return received
16147.736000000003: MET_Broker: The number of finished Cloudlets is:877
16161.442000000003: MET_Broker: Cloudlet #878 return received
16161.442000000003: MET_Broker: The number of finished Cloudlets is:878
16180.145200000003: MET_Broker: Cloudlet #881 return received
16180.145200000003: MET_Broker: The number of finished Cloudlets is:879
16192.214800000003: MET_Broker: Cloudlet #872 return received
16192.214800000003: MET_Broker: The number of finished Cloudlets is:880
16192.917600000002: MET_Broker: Cloudlet #877 return received
16192.917600000002: MET_Broker: The number of finished Cloudlets is:881
16201.543600000003: MET_Broker: Cloudlet #880 return received
16201.543600000003: MET_Broker: The number of finished Cloudlets is:882
16203.858800000002: MET_Broker: Cloudlet #883 return received
16203.858800000002: MET_Broker: The number of finished Cloudlets is:883
16224.600800000002: MET_Broker: Cloudlet #886 return received
16224.600800000002: MET_Broker: The number of finished Cloudlets is:884
16232.568400000002: MET_Broker: Cloudlet #882 return received
16232.568400000002: MET_Broker: The number of finished Cloudlets is:885
16295.544000000002: MET_Broker: Cloudlet #887 return received
16295.544000000002: MET_Broker: The number of finished Cloudlets is:886
16325.579600000001: MET_Broker: Cloudlet #888 return received
16325.579600000001: MET_Broker: The number of finished Cloudlets is:887
16336.3896: MET_Broker: Cloudlet #890 return received
16336.3896: MET_Broker: The number of finished Cloudlets is:888
16351.4912: MET_Broker: Cloudlet #891 return received
16351.4912: MET_Broker: The number of finished Cloudlets is:889
16354.890800000001: MET_Broker: Cloudlet #889 return received
16354.890800000001: MET_Broker: The number of finished Cloudlets is:890
16364.395600000002: MET_Broker: Cloudlet #892 return received
16364.395600000002: MET_Broker: The number of finished Cloudlets is:891
16367.849600000001: MET_Broker: Cloudlet #893 return received
16367.849600000001: MET_Broker: The number of finished Cloudlets is:892
16469.956000000002: MET_Broker: Cloudlet #884 return received
16469.956000000002: MET_Broker: The number of finished Cloudlets is:893
16471.1536: MET_Broker: Cloudlet #885 return received
16471.1536: MET_Broker: The number of finished Cloudlets is:894
16536.659600000003: MET_Broker: Cloudlet #897 return received
16536.659600000003: MET_Broker: The number of finished Cloudlets is:895
16576.638000000003: MET_Broker: Cloudlet #895 return received
16576.638000000003: MET_Broker: The number of finished Cloudlets is:896
16586.1356: MET_Broker: Cloudlet #894 return received
16586.1356: MET_Broker: The number of finished Cloudlets is:897
16591.909200000002: MET_Broker: Cloudlet #899 return received
16591.909200000002: MET_Broker: The number of finished Cloudlets is:898
16593.416400000002: MET_Broker: Cloudlet #898 return received
16593.416400000002: MET_Broker: The number of finished Cloudlets is:899
16619.720800000003: MET_Broker: Cloudlet #901 return received
16619.720800000003: MET_Broker: The number of finished Cloudlets is:900
16625.875200000002: MET_Broker: Cloudlet #903 return received
16625.875200000002: MET_Broker: The number of finished Cloudlets is:901
16667.0776: MET_Broker: Cloudlet #904 return received
16667.0776: MET_Broker: The number of finished Cloudlets is:902
16745.0016: MET_Broker: Cloudlet #902 return received
16745.0016: MET_Broker: The number of finished Cloudlets is:903
16770.9248: MET_Broker: Cloudlet #900 return received
16770.9248: MET_Broker: The number of finished Cloudlets is:904
16784.0584: MET_Broker: Cloudlet #896 return received
16784.0584: MET_Broker: The number of finished Cloudlets is:905
16830.6356: MET_Broker: Cloudlet #906 return received
16830.6356: MET_Broker: The number of finished Cloudlets is:906
16842.7052: MET_Broker: Cloudlet #907 return received
16842.7052: MET_Broker: The number of finished Cloudlets is:907
16855.0752: MET_Broker: Cloudlet #910 return received
16855.0752: MET_Broker: The number of finished Cloudlets is:908
16870.7536: MET_Broker: Cloudlet #911 return received
16870.7536: MET_Broker: The number of finished Cloudlets is:909
16903.8408: MET_Broker: Cloudlet #908 return received
16903.8408: MET_Broker: The number of finished Cloudlets is:910
16924.232: MET_Broker: Cloudlet #912 return received
16924.232: MET_Broker: The number of finished Cloudlets is:911
16939.388: MET_Broker: Cloudlet #905 return received
16939.388: MET_Broker: The number of finished Cloudlets is:912
16965.462: MET_Broker: Cloudlet #913 return received
16965.462: MET_Broker: The number of finished Cloudlets is:913
16972.5076: MET_Broker: Cloudlet #916 return received
16972.5076: MET_Broker: The number of finished Cloudlets is:914
16984.95: MET_Broker: Cloudlet #915 return received
16984.95: MET_Broker: The number of finished Cloudlets is:915
16985.7604: MET_Broker: Cloudlet #917 return received
16985.7604: MET_Broker: The number of finished Cloudlets is:916
16997.2736: MET_Broker: Cloudlet #909 return received
16997.2736: MET_Broker: The number of finished Cloudlets is:917
17012.9176: MET_Broker: Cloudlet #919 return received
17012.9176: MET_Broker: The number of finished Cloudlets is:918
17031.477600000002: MET_Broker: Cloudlet #920 return received
17031.477600000002: MET_Broker: The number of finished Cloudlets is:919
17059.8976: MET_Broker: Cloudlet #921 return received
17059.8976: MET_Broker: The number of finished Cloudlets is:920
17060.662800000002: MET_Broker: Cloudlet #922 return received
17060.662800000002: MET_Broker: The number of finished Cloudlets is:921
17110.0548: MET_Broker: Cloudlet #923 return received
17110.0548: MET_Broker: The number of finished Cloudlets is:922
17124.7628: MET_Broker: Cloudlet #925 return received
17124.7628: MET_Broker: The number of finished Cloudlets is:923
17135.3732: MET_Broker: Cloudlet #926 return received
17135.3732: MET_Broker: The number of finished Cloudlets is:924
17139.9696: MET_Broker: Cloudlet #914 return received
17139.9696: MET_Broker: The number of finished Cloudlets is:925
17294.1168: MET_Broker: Cloudlet #928 return received
17294.1168: MET_Broker: The number of finished Cloudlets is:926
17325.4392: MET_Broker: Cloudlet #929 return received
17325.4392: MET_Broker: The number of finished Cloudlets is:927
17335.1156: MET_Broker: Cloudlet #918 return received
17335.1156: MET_Broker: The number of finished Cloudlets is:928
17352.5544: MET_Broker: Cloudlet #924 return received
17352.5544: MET_Broker: The number of finished Cloudlets is:929
17378.038800000002: MET_Broker: Cloudlet #932 return received
17378.038800000002: MET_Broker: The number of finished Cloudlets is:930
17381.757200000004: MET_Broker: Cloudlet #930 return received
17381.757200000004: MET_Broker: The number of finished Cloudlets is:931
17384.223200000004: MET_Broker: Cloudlet #931 return received
17384.223200000004: MET_Broker: The number of finished Cloudlets is:932
17384.688400000003: MET_Broker: Cloudlet #933 return received
17384.688400000003: MET_Broker: The number of finished Cloudlets is:933
17394.1176: MET_Broker: Cloudlet #936 return received
17394.1176: MET_Broker: The number of finished Cloudlets is:934
17398.7788: MET_Broker: Cloudlet #934 return received
17398.7788: MET_Broker: The number of finished Cloudlets is:935
17402.182: MET_Broker: Cloudlet #937 return received
17402.182: MET_Broker: The number of finished Cloudlets is:936
17414.9764: MET_Broker: Cloudlet #939 return received
17414.9764: MET_Broker: The number of finished Cloudlets is:937
17451.9832: MET_Broker: Cloudlet #940 return received
17451.9832: MET_Broker: The number of finished Cloudlets is:938
17478.9616: MET_Broker: Cloudlet #927 return received
17478.9616: MET_Broker: The number of finished Cloudlets is:939
17480.4116: MET_Broker: Cloudlet #935 return received
17480.4116: MET_Broker: The number of finished Cloudlets is:940
17495.8272: MET_Broker: Cloudlet #941 return received
17495.8272: MET_Broker: The number of finished Cloudlets is:941
17528.8384: MET_Broker: Cloudlet #942 return received
17528.8384: MET_Broker: The number of finished Cloudlets is:942
17553.7972: MET_Broker: Cloudlet #944 return received
17553.7972: MET_Broker: The number of finished Cloudlets is:943
17561.8508: MET_Broker: Cloudlet #945 return received
17561.8508: MET_Broker: The number of finished Cloudlets is:944
17562.9396: MET_Broker: Cloudlet #946 return received
17562.9396: MET_Broker: The number of finished Cloudlets is:945
17577.812: MET_Broker: Cloudlet #938 return received
17577.812: MET_Broker: The number of finished Cloudlets is:946
17581.555200000003: MET_Broker: Cloudlet #947 return received
17581.555200000003: MET_Broker: The number of finished Cloudlets is:947
17589.3856: MET_Broker: Cloudlet #949 return received
17589.3856: MET_Broker: The number of finished Cloudlets is:948
17589.858: MET_Broker: Cloudlet #943 return received
17589.858: MET_Broker: The number of finished Cloudlets is:949
17600.166: MET_Broker: Cloudlet #948 return received
17600.166: MET_Broker: The number of finished Cloudlets is:950
17615.482: MET_Broker: Cloudlet #950 return received
17615.482: MET_Broker: The number of finished Cloudlets is:951
17627.628: MET_Broker: Cloudlet #952 return received
17627.628: MET_Broker: The number of finished Cloudlets is:952
17637.4964: MET_Broker: Cloudlet #955 return received
17637.4964: MET_Broker: The number of finished Cloudlets is:953
17644.3196: MET_Broker: Cloudlet #956 return received
17644.3196: MET_Broker: The number of finished Cloudlets is:954
17655.297199999997: MET_Broker: Cloudlet #951 return received
17655.297199999997: MET_Broker: The number of finished Cloudlets is:955
17691.140799999997: MET_Broker: Cloudlet #958 return received
17691.140799999997: MET_Broker: The number of finished Cloudlets is:956
17729.9348: MET_Broker: Cloudlet #959 return received
17729.9348: MET_Broker: The number of finished Cloudlets is:957
17789.4744: MET_Broker: Cloudlet #960 return received
17789.4744: MET_Broker: The number of finished Cloudlets is:958
17796.1244: MET_Broker: Cloudlet #957 return received
17796.1244: MET_Broker: The number of finished Cloudlets is:959
17796.63: MET_Broker: Cloudlet #961 return received
17796.63: MET_Broker: The number of finished Cloudlets is:960
17807.893200000002: MET_Broker: Cloudlet #954 return received
17807.893200000002: MET_Broker: The number of finished Cloudlets is:961
17815.3856: MET_Broker: Cloudlet #962 return received
17815.3856: MET_Broker: The number of finished Cloudlets is:962
17816.5944: MET_Broker: Cloudlet #963 return received
17816.5944: MET_Broker: The number of finished Cloudlets is:963
17890.184: MET_Broker: Cloudlet #953 return received
17890.184: MET_Broker: The number of finished Cloudlets is:964
17898.0412: MET_Broker: Cloudlet #967 return received
17898.0412: MET_Broker: The number of finished Cloudlets is:965
17901.5328: MET_Broker: Cloudlet #965 return received
17901.5328: MET_Broker: The number of finished Cloudlets is:966
17970.736800000002: MET_Broker: Cloudlet #966 return received
17970.736800000002: MET_Broker: The number of finished Cloudlets is:967
17972.202800000003: MET_Broker: Cloudlet #964 return received
17972.202800000003: MET_Broker: The number of finished Cloudlets is:968
18007.504800000002: MET_Broker: Cloudlet #971 return received
18007.504800000002: MET_Broker: The number of finished Cloudlets is:969
18026.433200000003: MET_Broker: Cloudlet #969 return received
18026.433200000003: MET_Broker: The number of finished Cloudlets is:970
18085.471200000004: MET_Broker: Cloudlet #973 return received
18085.471200000004: MET_Broker: The number of finished Cloudlets is:971
18130.219600000004: MET_Broker: Cloudlet #968 return received
18130.219600000004: MET_Broker: The number of finished Cloudlets is:972
18173.975200000004: MET_Broker: Cloudlet #972 return received
18173.975200000004: MET_Broker: The number of finished Cloudlets is:973
18212.420800000004: MET_Broker: Cloudlet #975 return received
18212.420800000004: MET_Broker: The number of finished Cloudlets is:974
18222.526000000005: MET_Broker: Cloudlet #976 return received
18222.526000000005: MET_Broker: The number of finished Cloudlets is:975
18224.475200000004: MET_Broker: Cloudlet #974 return received
18224.475200000004: MET_Broker: The number of finished Cloudlets is:976
18230.748800000005: MET_Broker: Cloudlet #978 return received
18230.748800000005: MET_Broker: The number of finished Cloudlets is:977
18231.714400000004: MET_Broker: Cloudlet #977 return received
18231.714400000004: MET_Broker: The number of finished Cloudlets is:978
18242.480000000003: MET_Broker: Cloudlet #980 return received
18242.480000000003: MET_Broker: The number of finished Cloudlets is:979
18248.423200000005: MET_Broker: Cloudlet #979 return received
18248.423200000005: MET_Broker: The number of finished Cloudlets is:980
18301.632400000006: MET_Broker: Cloudlet #982 return received
18301.632400000006: MET_Broker: The number of finished Cloudlets is:981
18309.342000000004: MET_Broker: Cloudlet #970 return received
18309.342000000004: MET_Broker: The number of finished Cloudlets is:982
18325.376400000005: MET_Broker: Cloudlet #984 return received
18325.376400000005: MET_Broker: The number of finished Cloudlets is:983
18351.335200000005: MET_Broker: Cloudlet #986 return received
18351.335200000005: MET_Broker: The number of finished Cloudlets is:984
18363.205600000005: MET_Broker: Cloudlet #981 return received
18363.205600000005: MET_Broker: The number of finished Cloudlets is:985
18377.383200000004: MET_Broker: Cloudlet #988 return received
18377.383200000004: MET_Broker: The number of finished Cloudlets is:986
18390.686400000002: MET_Broker: Cloudlet #989 return received
18390.686400000002: MET_Broker: The number of finished Cloudlets is:987
18400.312400000003: MET_Broker: Cloudlet #990 return received
18400.312400000003: MET_Broker: The number of finished Cloudlets is:988
18401.909600000003: MET_Broker: Cloudlet #987 return received
18401.909600000003: MET_Broker: The number of finished Cloudlets is:989
18410.388000000003: MET_Broker: Cloudlet #991 return received
18410.388000000003: MET_Broker: The number of finished Cloudlets is:990
18416.6176: MET_Broker: Cloudlet #983 return received
18416.6176: MET_Broker: The number of finished Cloudlets is:991
18429.238: MET_Broker: Cloudlet #992 return received
18429.238: MET_Broker: The number of finished Cloudlets is:992
18433.8532: MET_Broker: Cloudlet #994 return received
18433.8532: MET_Broker: The number of finished Cloudlets is:993
18434.1408: MET_Broker: Cloudlet #985 return received
18434.1408: MET_Broker: The number of finished Cloudlets is:994
18445.052: MET_Broker: Cloudlet #996 return received
18445.052: MET_Broker: The number of finished Cloudlets is:995
18445.076399999998: MET_Broker: Cloudlet #995 return received
18445.076399999998: MET_Broker: The number of finished Cloudlets is:996
18461.117599999998: MET_Broker: Cloudlet #998 return received
18461.117599999998: MET_Broker: The number of finished Cloudlets is:997
18476.606799999998: MET_Broker: Cloudlet #1000 return received
18476.606799999998: MET_Broker: The number of finished Cloudlets is:998
18488.883599999997: MET_Broker: Cloudlet #1001 return received
18488.883599999997: MET_Broker: The number of finished Cloudlets is:999
18522.8932: MET_Broker: Cloudlet #999 return received
18522.8932: MET_Broker: The number of finished Cloudlets is:1000
18535.8452: MET_Broker: Cloudlet #1003 return received
18535.8452: MET_Broker: The number of finished Cloudlets is:1001
18562.4616: MET_Broker: Cloudlet #1004 return received
18562.4616: MET_Broker: The number of finished Cloudlets is:1002
18565.1616: MET_Broker: Cloudlet #993 return received
18565.1616: MET_Broker: The number of finished Cloudlets is:1003
18574.3428: MET_Broker: Cloudlet #1006 return received
18574.3428: MET_Broker: The number of finished Cloudlets is:1004
18679.9012: MET_Broker: Cloudlet #1002 return received
18679.9012: MET_Broker: The number of finished Cloudlets is:1005
18696.141200000002: MET_Broker: Cloudlet #997 return received
18696.141200000002: MET_Broker: The number of finished Cloudlets is:1006
18705.7988: MET_Broker: Cloudlet #1009 return received
18705.7988: MET_Broker: The number of finished Cloudlets is:1007
18803.7252: MET_Broker: Cloudlet #1010 return received
18803.7252: MET_Broker: The number of finished Cloudlets is:1008
18813.7092: MET_Broker: Cloudlet #1008 return received
18813.7092: MET_Broker: The number of finished Cloudlets is:1009
18820.4324: MET_Broker: Cloudlet #1012 return received
18820.4324: MET_Broker: The number of finished Cloudlets is:1010
18829.724000000002: MET_Broker: Cloudlet #1011 return received
18829.724000000002: MET_Broker: The number of finished Cloudlets is:1011
18829.773200000003: MET_Broker: Cloudlet #1013 return received
18829.773200000003: MET_Broker: The number of finished Cloudlets is:1012
18855.556000000004: MET_Broker: Cloudlet #1005 return received
18855.556000000004: MET_Broker: The number of finished Cloudlets is:1013
18872.937600000005: MET_Broker: Cloudlet #1007 return received
18872.937600000005: MET_Broker: The number of finished Cloudlets is:1014
18881.735600000004: MET_Broker: Cloudlet #1015 return received
18881.735600000004: MET_Broker: The number of finished Cloudlets is:1015
18909.193200000005: MET_Broker: Cloudlet #1018 return received
18909.193200000005: MET_Broker: The number of finished Cloudlets is:1016
18922.073200000006: MET_Broker: Cloudlet #1014 return received
18922.073200000006: MET_Broker: The number of finished Cloudlets is:1017
18956.850800000007: MET_Broker: Cloudlet #1017 return received
18956.850800000007: MET_Broker: The number of finished Cloudlets is:1018
18970.97920000001: MET_Broker: Cloudlet #1020 return received
18970.97920000001: MET_Broker: The number of finished Cloudlets is:1019
18986.29120000001: MET_Broker: Cloudlet #1021 return received
18986.29120000001: MET_Broker: The number of finished Cloudlets is:1020
18993.83440000001: MET_Broker: Cloudlet #1023 return received
18993.83440000001: MET_Broker: The number of finished Cloudlets is:1021
19010.43120000001: MET_Broker: Cloudlet #1022 return received
19010.43120000001: MET_Broker: The number of finished Cloudlets is:1022
19031.85200000001: MET_Broker: Cloudlet #1016 return received
19031.85200000001: MET_Broker: The number of finished Cloudlets is:1023
19067.32600000001: MET_Broker: Cloudlet #1026 return received
19067.32600000001: MET_Broker: The number of finished Cloudlets is:1024
19079.564800000007: MET_Broker: Cloudlet #1027 return received
19079.564800000007: MET_Broker: The number of finished Cloudlets is:1025
19086.408000000007: MET_Broker: Cloudlet #1019 return received
19086.408000000007: MET_Broker: The number of finished Cloudlets is:1026
19105.814400000007: MET_Broker: Cloudlet #1029 return received
19105.814400000007: MET_Broker: The number of finished Cloudlets is:1027
19111.802400000008: MET_Broker: Cloudlet #1025 return received
19111.802400000008: MET_Broker: The number of finished Cloudlets is:1028
19144.37840000001: MET_Broker: Cloudlet #1031 return received
19144.37840000001: MET_Broker: The number of finished Cloudlets is:1029
19150.03560000001: MET_Broker: Cloudlet #1030 return received
19150.03560000001: MET_Broker: The number of finished Cloudlets is:1030
19167.83360000001: MET_Broker: Cloudlet #1033 return received
19167.83360000001: MET_Broker: The number of finished Cloudlets is:1031
19168.262800000008: MET_Broker: Cloudlet #1032 return received
19168.262800000008: MET_Broker: The number of finished Cloudlets is:1032
19183.44520000001: MET_Broker: Cloudlet #1024 return received
19183.44520000001: MET_Broker: The number of finished Cloudlets is:1033
19196.16240000001: MET_Broker: Cloudlet #1036 return received
19196.16240000001: MET_Broker: The number of finished Cloudlets is:1034
19204.034000000007: MET_Broker: Cloudlet #1037 return received
19204.034000000007: MET_Broker: The number of finished Cloudlets is:1035
19236.179200000006: MET_Broker: Cloudlet #1035 return received
19236.179200000006: MET_Broker: The number of finished Cloudlets is:1036
19237.214800000005: MET_Broker: Cloudlet #1038 return received
19237.214800000005: MET_Broker: The number of finished Cloudlets is:1037
19243.851600000005: MET_Broker: Cloudlet #1034 return received
19243.851600000005: MET_Broker: The number of finished Cloudlets is:1038
19261.336000000007: MET_Broker: Cloudlet #1041 return received
19261.336000000007: MET_Broker: The number of finished Cloudlets is:1039
19273.062400000006: MET_Broker: Cloudlet #1040 return received
19273.062400000006: MET_Broker: The number of finished Cloudlets is:1040
19281.513600000006: MET_Broker: Cloudlet #1039 return received
19281.513600000006: MET_Broker: The number of finished Cloudlets is:1041
19292.499600000006: MET_Broker: Cloudlet #1044 return received
19292.499600000006: MET_Broker: The number of finished Cloudlets is:1042
19296.356800000005: MET_Broker: Cloudlet #1028 return received
19296.356800000005: MET_Broker: The number of finished Cloudlets is:1043
19307.416800000006: MET_Broker: Cloudlet #1045 return received
19307.416800000006: MET_Broker: The number of finished Cloudlets is:1044
19332.908000000007: MET_Broker: Cloudlet #1043 return received
19332.908000000007: MET_Broker: The number of finished Cloudlets is:1045
19333.332000000006: MET_Broker: Cloudlet #1046 return received
19333.332000000006: MET_Broker: The number of finished Cloudlets is:1046
19339.725600000005: MET_Broker: Cloudlet #1047 return received
19339.725600000005: MET_Broker: The number of finished Cloudlets is:1047
19344.798000000006: MET_Broker: Cloudlet #1048 return received
19344.798000000006: MET_Broker: The number of finished Cloudlets is:1048
19374.505200000007: MET_Broker: Cloudlet #1051 return received
19374.505200000007: MET_Broker: The number of finished Cloudlets is:1049
19380.737200000007: MET_Broker: Cloudlet #1042 return received
19380.737200000007: MET_Broker: The number of finished Cloudlets is:1050
19400.522800000006: MET_Broker: Cloudlet #1052 return received
19400.522800000006: MET_Broker: The number of finished Cloudlets is:1051
19409.886000000006: MET_Broker: Cloudlet #1053 return received
19409.886000000006: MET_Broker: The number of finished Cloudlets is:1052
19424.043600000005: MET_Broker: Cloudlet #1049 return received
19424.043600000005: MET_Broker: The number of finished Cloudlets is:1053
19441.878800000006: MET_Broker: Cloudlet #1056 return received
19441.878800000006: MET_Broker: The number of finished Cloudlets is:1054
19486.736000000004: MET_Broker: Cloudlet #1050 return received
19486.736000000004: MET_Broker: The number of finished Cloudlets is:1055
19539.416800000003: MET_Broker: Cloudlet #1054 return received
19539.416800000003: MET_Broker: The number of finished Cloudlets is:1056
19544.830800000003: MET_Broker: Cloudlet #1058 return received
19544.830800000003: MET_Broker: The number of finished Cloudlets is:1057
19607.577600000004: MET_Broker: Cloudlet #1055 return received
19607.577600000004: MET_Broker: The number of finished Cloudlets is:1058
19628.482000000004: MET_Broker: Cloudlet #1061 return received
19628.482000000004: MET_Broker: The number of finished Cloudlets is:1059
19672.686400000002: MET_Broker: Cloudlet #1059 return received
19672.686400000002: MET_Broker: The number of finished Cloudlets is:1060
19677.538800000002: MET_Broker: Cloudlet #1062 return received
19677.538800000002: MET_Broker: The number of finished Cloudlets is:1061
19684.4432: MET_Broker: Cloudlet #1063 return received
19684.4432: MET_Broker: The number of finished Cloudlets is:1062
19691.4444: MET_Broker: Cloudlet #1064 return received
19691.4444: MET_Broker: The number of finished Cloudlets is:1063
19698.6792: MET_Broker: Cloudlet #1066 return received
19698.6792: MET_Broker: The number of finished Cloudlets is:1064
19712.98: MET_Broker: Cloudlet #1057 return received
19712.98: MET_Broker: The number of finished Cloudlets is:1065
19726.3544: MET_Broker: Cloudlet #1060 return received
19726.3544: MET_Broker: The number of finished Cloudlets is:1066
19736.216800000002: MET_Broker: Cloudlet #1069 return received
19736.216800000002: MET_Broker: The number of finished Cloudlets is:1067
19753.058800000003: MET_Broker: Cloudlet #1068 return received
19753.058800000003: MET_Broker: The number of finished Cloudlets is:1068
19763.053200000002: MET_Broker: Cloudlet #1067 return received
19763.053200000002: MET_Broker: The number of finished Cloudlets is:1069
19770.13: MET_Broker: Cloudlet #1070 return received
19770.13: MET_Broker: The number of finished Cloudlets is:1070
19770.2896: MET_Broker: Cloudlet #1071 return received
19770.2896: MET_Broker: The number of finished Cloudlets is:1071
19817.4708: MET_Broker: Cloudlet #1074 return received
19817.4708: MET_Broker: The number of finished Cloudlets is:1072
19869.8436: MET_Broker: Cloudlet #1075 return received
19869.8436: MET_Broker: The number of finished Cloudlets is:1073
19881.8448: MET_Broker: Cloudlet #1076 return received
19881.8448: MET_Broker: The number of finished Cloudlets is:1074
19901.090799999998: MET_Broker: Cloudlet #1073 return received
19901.090799999998: MET_Broker: The number of finished Cloudlets is:1075
19918.8664: MET_Broker: Cloudlet #1078 return received
19918.8664: MET_Broker: The number of finished Cloudlets is:1076
19929.3932: MET_Broker: Cloudlet #1072 return received
19929.3932: MET_Broker: The number of finished Cloudlets is:1077
19936.7604: MET_Broker: Cloudlet #1079 return received
19936.7604: MET_Broker: The number of finished Cloudlets is:1078
19974.7484: MET_Broker: Cloudlet #1065 return received
19974.7484: MET_Broker: The number of finished Cloudlets is:1079
19978.1672: MET_Broker: Cloudlet #1081 return received
19978.1672: MET_Broker: The number of finished Cloudlets is:1080
19997.496: MET_Broker: Cloudlet #1082 return received
19997.496: MET_Broker: The number of finished Cloudlets is:1081
20032.264: MET_Broker: Cloudlet #1080 return received
20032.264: MET_Broker: The number of finished Cloudlets is:1082
20057.9244: MET_Broker: Cloudlet #1085 return received
20057.9244: MET_Broker: The number of finished Cloudlets is:1083
20069.6972: MET_Broker: Cloudlet #1086 return received
20069.6972: MET_Broker: The number of finished Cloudlets is:1084
20104.363999999998: MET_Broker: Cloudlet #1087 return received
20104.363999999998: MET_Broker: The number of finished Cloudlets is:1085
20163.729199999998: MET_Broker: Cloudlet #1077 return received
20163.729199999998: MET_Broker: The number of finished Cloudlets is:1086
20164.0824: MET_Broker: Cloudlet #1083 return received
20164.0824: MET_Broker: The number of finished Cloudlets is:1087
20179.9388: MET_Broker: Cloudlet #1089 return received
20179.9388: MET_Broker: The number of finished Cloudlets is:1088
20210.7292: MET_Broker: Cloudlet #1090 return received
20210.7292: MET_Broker: The number of finished Cloudlets is:1089
20240.697600000003: MET_Broker: Cloudlet #1092 return received
20240.697600000003: MET_Broker: The number of finished Cloudlets is:1090
20281.537200000002: MET_Broker: Cloudlet #1088 return received
20281.537200000002: MET_Broker: The number of finished Cloudlets is:1091
20353.545200000004: MET_Broker: Cloudlet #1093 return received
20353.545200000004: MET_Broker: The number of finished Cloudlets is:1092
20354.220000000005: MET_Broker: Cloudlet #1084 return received
20354.220000000005: MET_Broker: The number of finished Cloudlets is:1093
20389.952800000006: MET_Broker: Cloudlet #1091 return received
20389.952800000006: MET_Broker: The number of finished Cloudlets is:1094
20406.551600000006: MET_Broker: Cloudlet #1097 return received
20406.551600000006: MET_Broker: The number of finished Cloudlets is:1095
20430.659200000006: MET_Broker: Cloudlet #1095 return received
20430.659200000006: MET_Broker: The number of finished Cloudlets is:1096
20462.078000000005: MET_Broker: Cloudlet #1098 return received
20462.078000000005: MET_Broker: The number of finished Cloudlets is:1097
20490.667200000004: MET_Broker: Cloudlet #1094 return received
20490.667200000004: MET_Broker: The number of finished Cloudlets is:1098
20497.998800000005: MET_Broker: Cloudlet #1101 return received
20497.998800000005: MET_Broker: The number of finished Cloudlets is:1099
20516.414800000006: MET_Broker: Cloudlet #1100 return received
20516.414800000006: MET_Broker: The number of finished Cloudlets is:1100
20525.279200000004: MET_Broker: Cloudlet #1103 return received
20525.279200000004: MET_Broker: The number of finished Cloudlets is:1101
20532.444000000003: MET_Broker: Cloudlet #1096 return received
20532.444000000003: MET_Broker: The number of finished Cloudlets is:1102
20534.196000000004: MET_Broker: Cloudlet #1102 return received
20534.196000000004: MET_Broker: The number of finished Cloudlets is:1103
20548.921200000004: MET_Broker: Cloudlet #1105 return received
20548.921200000004: MET_Broker: The number of finished Cloudlets is:1104
20554.256400000006: MET_Broker: Cloudlet #1106 return received
20554.256400000006: MET_Broker: The number of finished Cloudlets is:1105
20567.190400000007: MET_Broker: Cloudlet #1108 return received
20567.190400000007: MET_Broker: The number of finished Cloudlets is:1106
20583.988400000006: MET_Broker: Cloudlet #1107 return received
20583.988400000006: MET_Broker: The number of finished Cloudlets is:1107
20595.715200000006: MET_Broker: Cloudlet #1104 return received
20595.715200000006: MET_Broker: The number of finished Cloudlets is:1108
20623.162000000008: MET_Broker: Cloudlet #1109 return received
20623.162000000008: MET_Broker: The number of finished Cloudlets is:1109
20623.983200000006: MET_Broker: Cloudlet #1110 return received
20623.983200000006: MET_Broker: The number of finished Cloudlets is:1110
20672.936000000005: MET_Broker: Cloudlet #1099 return received
20672.936000000005: MET_Broker: The number of finished Cloudlets is:1111
20673.968000000004: MET_Broker: Cloudlet #1112 return received
20673.968000000004: MET_Broker: The number of finished Cloudlets is:1112
20687.855200000005: MET_Broker: Cloudlet #1114 return received
20687.855200000005: MET_Broker: The number of finished Cloudlets is:1113
20694.965200000006: MET_Broker: Cloudlet #1113 return received
20694.965200000006: MET_Broker: The number of finished Cloudlets is:1114
20720.059600000008: MET_Broker: Cloudlet #1117 return received
20720.059600000008: MET_Broker: The number of finished Cloudlets is:1115
20733.618400000007: MET_Broker: Cloudlet #1115 return received
20733.618400000007: MET_Broker: The number of finished Cloudlets is:1116
20745.823200000006: MET_Broker: Cloudlet #1118 return received
20745.823200000006: MET_Broker: The number of finished Cloudlets is:1117
20761.176400000008: MET_Broker: Cloudlet #1119 return received
20761.176400000008: MET_Broker: The number of finished Cloudlets is:1118
20949.424400000007: MET_Broker: Cloudlet #1111 return received
20949.424400000007: MET_Broker: The number of finished Cloudlets is:1119
20989.154800000008: MET_Broker: Cloudlet #1121 return received
20989.154800000008: MET_Broker: The number of finished Cloudlets is:1120
21019.61040000001: MET_Broker: Cloudlet #1116 return received
21019.61040000001: MET_Broker: The number of finished Cloudlets is:1121
21021.933600000008: MET_Broker: Cloudlet #1123 return received
21021.933600000008: MET_Broker: The number of finished Cloudlets is:1122
21041.687200000008: MET_Broker: Cloudlet #1120 return received
21041.687200000008: MET_Broker: The number of finished Cloudlets is:1123
21077.863200000007: MET_Broker: Cloudlet #1124 return received
21077.863200000007: MET_Broker: The number of finished Cloudlets is:1124
21081.091200000006: MET_Broker: Cloudlet #1122 return received
21081.091200000006: MET_Broker: The number of finished Cloudlets is:1125
21083.956000000006: MET_Broker: Cloudlet #1127 return received
21083.956000000006: MET_Broker: The number of finished Cloudlets is:1126
21089.336400000004: MET_Broker: Cloudlet #1128 return received
21089.336400000004: MET_Broker: The number of finished Cloudlets is:1127
21096.227600000002: MET_Broker: Cloudlet #1129 return received
21096.227600000002: MET_Broker: The number of finished Cloudlets is:1128
21140.895600000003: MET_Broker: Cloudlet #1131 return received
21140.895600000003: MET_Broker: The number of finished Cloudlets is:1129
21164.932000000004: MET_Broker: Cloudlet #1125 return received
21164.932000000004: MET_Broker: The number of finished Cloudlets is:1130
21218.148800000003: MET_Broker: Cloudlet #1130 return received
21218.148800000003: MET_Broker: The number of finished Cloudlets is:1131
21232.320000000003: MET_Broker: Cloudlet #1134 return received
21232.320000000003: MET_Broker: The number of finished Cloudlets is:1132
21239.786000000004: MET_Broker: Cloudlet #1135 return received
21239.786000000004: MET_Broker: The number of finished Cloudlets is:1133
21240.506000000005: MET_Broker: Cloudlet #1126 return received
21240.506000000005: MET_Broker: The number of finished Cloudlets is:1134
21249.295200000004: MET_Broker: Cloudlet #1137 return received
21249.295200000004: MET_Broker: The number of finished Cloudlets is:1135
21331.280800000004: MET_Broker: Cloudlet #1132 return received
21331.280800000004: MET_Broker: The number of finished Cloudlets is:1136
21383.558800000003: MET_Broker: Cloudlet #1139 return received
21383.558800000003: MET_Broker: The number of finished Cloudlets is:1137
21424.823200000003: MET_Broker: Cloudlet #1136 return received
21424.823200000003: MET_Broker: The number of finished Cloudlets is:1138
21457.879600000004: MET_Broker: Cloudlet #1140 return received
21457.879600000004: MET_Broker: The number of finished Cloudlets is:1139
21463.295200000004: MET_Broker: Cloudlet #1141 return received
21463.295200000004: MET_Broker: The number of finished Cloudlets is:1140
21473.468400000005: MET_Broker: Cloudlet #1143 return received
21473.468400000005: MET_Broker: The number of finished Cloudlets is:1141
21481.146400000005: MET_Broker: Cloudlet #1133 return received
21481.146400000005: MET_Broker: The number of finished Cloudlets is:1142
21493.651600000005: MET_Broker: Cloudlet #1145 return received
21493.651600000005: MET_Broker: The number of finished Cloudlets is:1143
21496.162400000005: MET_Broker: Cloudlet #1144 return received
21496.162400000005: MET_Broker: The number of finished Cloudlets is:1144
21514.479200000005: MET_Broker: Cloudlet #1146 return received
21514.479200000005: MET_Broker: The number of finished Cloudlets is:1145
21540.509200000004: MET_Broker: Cloudlet #1138 return received
21540.509200000004: MET_Broker: The number of finished Cloudlets is:1146
21540.777600000005: MET_Broker: Cloudlet #1147 return received
21540.777600000005: MET_Broker: The number of finished Cloudlets is:1147
21551.272800000006: MET_Broker: Cloudlet #1149 return received
21551.272800000006: MET_Broker: The number of finished Cloudlets is:1148
21555.974000000006: MET_Broker: Cloudlet #1148 return received
21555.974000000006: MET_Broker: The number of finished Cloudlets is:1149
21654.580000000005: MET_Broker: Cloudlet #1142 return received
21654.580000000005: MET_Broker: The number of finished Cloudlets is:1150
21669.800800000005: MET_Broker: Cloudlet #1153 return received
21669.800800000005: MET_Broker: The number of finished Cloudlets is:1151
21709.652400000006: MET_Broker: Cloudlet #1151 return received
21709.652400000006: MET_Broker: The number of finished Cloudlets is:1152
21729.317600000006: MET_Broker: Cloudlet #1155 return received
21729.317600000006: MET_Broker: The number of finished Cloudlets is:1153
21784.850800000007: MET_Broker: Cloudlet #1152 return received
21784.850800000007: MET_Broker: The number of finished Cloudlets is:1154
21801.399200000007: MET_Broker: Cloudlet #1157 return received
21801.399200000007: MET_Broker: The number of finished Cloudlets is:1155
21813.41080000001: MET_Broker: Cloudlet #1156 return received
21813.41080000001: MET_Broker: The number of finished Cloudlets is:1156
21814.26600000001: MET_Broker: Cloudlet #1158 return received
21814.26600000001: MET_Broker: The number of finished Cloudlets is:1157
21839.684000000012: MET_Broker: Cloudlet #1154 return received
21839.684000000012: MET_Broker: The number of finished Cloudlets is:1158
21851.10040000001: MET_Broker: Cloudlet #1150 return received
21851.10040000001: MET_Broker: The number of finished Cloudlets is:1159
21959.56400000001: MET_Broker: Cloudlet #1159 return received
21959.56400000001: MET_Broker: The number of finished Cloudlets is:1160
21974.97440000001: MET_Broker: Cloudlet #1163 return received
21974.97440000001: MET_Broker: The number of finished Cloudlets is:1161
21981.71320000001: MET_Broker: Cloudlet #1160 return received
21981.71320000001: MET_Broker: The number of finished Cloudlets is:1162
21989.02960000001: MET_Broker: Cloudlet #1165 return received
21989.02960000001: MET_Broker: The number of finished Cloudlets is:1163
21989.96280000001: MET_Broker: Cloudlet #1164 return received
21989.96280000001: MET_Broker: The number of finished Cloudlets is:1164
22024.93600000001: MET_Broker: Cloudlet #1161 return received
22024.93600000001: MET_Broker: The number of finished Cloudlets is:1165
22028.74360000001: MET_Broker: Cloudlet #1162 return received
22028.74360000001: MET_Broker: The number of finished Cloudlets is:1166
22068.12160000001: MET_Broker: Cloudlet #1168 return received
22068.12160000001: MET_Broker: The number of finished Cloudlets is:1167
22113.94960000001: MET_Broker: Cloudlet #1170 return received
22113.94960000001: MET_Broker: The number of finished Cloudlets is:1168
22117.85080000001: MET_Broker: Cloudlet #1169 return received
22117.85080000001: MET_Broker: The number of finished Cloudlets is:1169
22119.21080000001: MET_Broker: Cloudlet #1166 return received
22119.21080000001: MET_Broker: The number of finished Cloudlets is:1170
22157.30560000001: MET_Broker: Cloudlet #1173 return received
22157.30560000001: MET_Broker: The number of finished Cloudlets is:1171
22162.13280000001: MET_Broker: Cloudlet #1171 return received
22162.13280000001: MET_Broker: The number of finished Cloudlets is:1172
22162.66360000001: MET_Broker: Cloudlet #1172 return received
22162.66360000001: MET_Broker: The number of finished Cloudlets is:1173
22175.06560000001: MET_Broker: Cloudlet #1174 return received
22175.06560000001: MET_Broker: The number of finished Cloudlets is:1174
22202.698000000008: MET_Broker: Cloudlet #1177 return received
22202.698000000008: MET_Broker: The number of finished Cloudlets is:1175
22223.23440000001: MET_Broker: Cloudlet #1175 return received
22223.23440000001: MET_Broker: The number of finished Cloudlets is:1176
22277.323600000007: MET_Broker: Cloudlet #1167 return received
22277.323600000007: MET_Broker: The number of finished Cloudlets is:1177
22323.450800000006: MET_Broker: Cloudlet #1176 return received
22323.450800000006: MET_Broker: The number of finished Cloudlets is:1178
22330.262000000006: MET_Broker: Cloudlet #1179 return received
22330.262000000006: MET_Broker: The number of finished Cloudlets is:1179
22334.661200000006: MET_Broker: Cloudlet #1180 return received
22334.661200000006: MET_Broker: The number of finished Cloudlets is:1180
22372.960000000006: MET_Broker: Cloudlet #1181 return received
22372.960000000006: MET_Broker: The number of finished Cloudlets is:1181
22400.425600000006: MET_Broker: Cloudlet #1178 return received
22400.425600000006: MET_Broker: The number of finished Cloudlets is:1182
22408.230400000008: MET_Broker: Cloudlet #1184 return received
22408.230400000008: MET_Broker: The number of finished Cloudlets is:1183
22417.65520000001: MET_Broker: Cloudlet #1185 return received
22417.65520000001: MET_Broker: The number of finished Cloudlets is:1184
22444.82640000001: MET_Broker: Cloudlet #1187 return received
22444.82640000001: MET_Broker: The number of finished Cloudlets is:1185
22446.25320000001: MET_Broker: Cloudlet #1186 return received
22446.25320000001: MET_Broker: The number of finished Cloudlets is:1186
22472.77320000001: MET_Broker: Cloudlet #1189 return received
22472.77320000001: MET_Broker: The number of finished Cloudlets is:1187
22490.364000000012: MET_Broker: Cloudlet #1190 return received
22490.364000000012: MET_Broker: The number of finished Cloudlets is:1188
22533.668400000013: MET_Broker: Cloudlet #1182 return received
22533.668400000013: MET_Broker: The number of finished Cloudlets is:1189
22559.235600000015: MET_Broker: Cloudlet #1191 return received
22559.235600000015: MET_Broker: The number of finished Cloudlets is:1190
22596.308400000016: MET_Broker: Cloudlet #1188 return received
22596.308400000016: MET_Broker: The number of finished Cloudlets is:1191
22607.473200000015: MET_Broker: Cloudlet #1194 return received
22607.473200000015: MET_Broker: The number of finished Cloudlets is:1192
22614.113200000014: MET_Broker: Cloudlet #1195 return received
22614.113200000014: MET_Broker: The number of finished Cloudlets is:1193
22630.072400000015: MET_Broker: Cloudlet #1196 return received
22630.072400000015: MET_Broker: The number of finished Cloudlets is:1194
22692.638000000017: MET_Broker: Cloudlet #1183 return received
22692.638000000017: MET_Broker: The number of finished Cloudlets is:1195
22723.982800000016: MET_Broker: Cloudlet #1198 return received
22723.982800000016: MET_Broker: The number of finished Cloudlets is:1196
22732.430800000016: MET_Broker: Cloudlet #1199 return received
22732.430800000016: MET_Broker: The number of finished Cloudlets is:1197
22758.76800000002: MET_Broker: Cloudlet #1193 return received
22758.76800000002: MET_Broker: The number of finished Cloudlets is:1198
22782.36520000002: MET_Broker: Cloudlet #1201 return received
22782.36520000002: MET_Broker: The number of finished Cloudlets is:1199
22822.335600000017: MET_Broker: Cloudlet #1202 return received
22822.335600000017: MET_Broker: The number of finished Cloudlets is:1200
22844.240800000018: MET_Broker: Cloudlet #1197 return received
22844.240800000018: MET_Broker: The number of finished Cloudlets is:1201
22851.404000000017: MET_Broker: Cloudlet #1204 return received
22851.404000000017: MET_Broker: The number of finished Cloudlets is:1202
22877.37240000002: MET_Broker: Cloudlet #1200 return received
22877.37240000002: MET_Broker: The number of finished Cloudlets is:1203
22889.551600000017: MET_Broker: Cloudlet #1192 return received
22889.551600000017: MET_Broker: The number of finished Cloudlets is:1204
22893.743600000016: MET_Broker: Cloudlet #1206 return received
22893.743600000016: MET_Broker: The number of finished Cloudlets is:1205
22906.225600000016: MET_Broker: Cloudlet #1208 return received
22906.225600000016: MET_Broker: The number of finished Cloudlets is:1206
22917.758800000018: MET_Broker: Cloudlet #1207 return received
22917.758800000018: MET_Broker: The number of finished Cloudlets is:1207
22983.992800000018: MET_Broker: Cloudlet #1209 return received
22983.992800000018: MET_Broker: The number of finished Cloudlets is:1208
22988.546000000017: MET_Broker: Cloudlet #1205 return received
22988.546000000017: MET_Broker: The number of finished Cloudlets is:1209
23005.649600000015: MET_Broker: Cloudlet #1212 return received
23005.649600000015: MET_Broker: The number of finished Cloudlets is:1210
23016.429600000014: MET_Broker: Cloudlet #1211 return received
23016.429600000014: MET_Broker: The number of finished Cloudlets is:1211
23030.852400000014: MET_Broker: Cloudlet #1213 return received
23030.852400000014: MET_Broker: The number of finished Cloudlets is:1212
23064.167600000015: MET_Broker: Cloudlet #1203 return received
23064.167600000015: MET_Broker: The number of finished Cloudlets is:1213
23106.735600000015: MET_Broker: Cloudlet #1210 return received
23106.735600000015: MET_Broker: The number of finished Cloudlets is:1214
23124.924800000015: MET_Broker: Cloudlet #1217 return received
23124.924800000015: MET_Broker: The number of finished Cloudlets is:1215
23131.635200000015: MET_Broker: Cloudlet #1218 return received
23131.635200000015: MET_Broker: The number of finished Cloudlets is:1216
23148.648800000014: MET_Broker: Cloudlet #1219 return received
23148.648800000014: MET_Broker: The number of finished Cloudlets is:1217
23161.013600000013: MET_Broker: Cloudlet #1216 return received
23161.013600000013: MET_Broker: The number of finished Cloudlets is:1218
23166.738800000014: MET_Broker: Cloudlet #1215 return received
23166.738800000014: MET_Broker: The number of finished Cloudlets is:1219
23190.938400000014: MET_Broker: Cloudlet #1220 return received
23190.938400000014: MET_Broker: The number of finished Cloudlets is:1220
23202.423200000012: MET_Broker: Cloudlet #1222 return received
23202.423200000012: MET_Broker: The number of finished Cloudlets is:1221
23239.496000000014: MET_Broker: Cloudlet #1221 return received
23239.496000000014: MET_Broker: The number of finished Cloudlets is:1222
23249.335200000012: MET_Broker: Cloudlet #1223 return received
23249.335200000012: MET_Broker: The number of finished Cloudlets is:1223
23311.426800000012: MET_Broker: Cloudlet #1225 return received
23311.426800000012: MET_Broker: The number of finished Cloudlets is:1224
23321.75040000001: MET_Broker: Cloudlet #1224 return received
23321.75040000001: MET_Broker: The number of finished Cloudlets is:1225
23352.094800000013: MET_Broker: Cloudlet #1214 return received
23352.094800000013: MET_Broker: The number of finished Cloudlets is:1226
23369.332800000015: MET_Broker: Cloudlet #1228 return received
23369.332800000015: MET_Broker: The number of finished Cloudlets is:1227
23394.149200000014: MET_Broker: Cloudlet #1226 return received
23394.149200000014: MET_Broker: The number of finished Cloudlets is:1228
23403.797200000015: MET_Broker: Cloudlet #1230 return received
23403.797200000015: MET_Broker: The number of finished Cloudlets is:1229
23487.976000000017: MET_Broker: Cloudlet #1229 return received
23487.976000000017: MET_Broker: The number of finished Cloudlets is:1230
23505.677200000016: MET_Broker: Cloudlet #1232 return received
23505.677200000016: MET_Broker: The number of finished Cloudlets is:1231
23515.691600000016: MET_Broker: Cloudlet #1227 return received
23515.691600000016: MET_Broker: The number of finished Cloudlets is:1232
23517.867200000015: MET_Broker: Cloudlet #1233 return received
23517.867200000015: MET_Broker: The number of finished Cloudlets is:1233
23533.083200000015: MET_Broker: Cloudlet #1235 return received
23533.083200000015: MET_Broker: The number of finished Cloudlets is:1234
23541.189600000016: MET_Broker: Cloudlet #1234 return received
23541.189600000016: MET_Broker: The number of finished Cloudlets is:1235
23566.807600000015: MET_Broker: Cloudlet #1236 return received
23566.807600000015: MET_Broker: The number of finished Cloudlets is:1236
23617.590000000015: MET_Broker: Cloudlet #1239 return received
23617.590000000015: MET_Broker: The number of finished Cloudlets is:1237
23670.871200000016: MET_Broker: Cloudlet #1240 return received
23670.871200000016: MET_Broker: The number of finished Cloudlets is:1238
23708.656800000015: MET_Broker: Cloudlet #1231 return received
23708.656800000015: MET_Broker: The number of finished Cloudlets is:1239
23740.049600000017: MET_Broker: Cloudlet #1238 return received
23740.049600000017: MET_Broker: The number of finished Cloudlets is:1240
23761.761200000015: MET_Broker: Cloudlet #1243 return received
23761.761200000015: MET_Broker: The number of finished Cloudlets is:1241
23763.618800000015: MET_Broker: Cloudlet #1242 return received
23763.618800000015: MET_Broker: The number of finished Cloudlets is:1242
23772.492800000015: MET_Broker: Cloudlet #1245 return received
23772.492800000015: MET_Broker: The number of finished Cloudlets is:1243
23798.649200000014: MET_Broker: Cloudlet #1244 return received
23798.649200000014: MET_Broker: The number of finished Cloudlets is:1244
23812.416400000013: MET_Broker: Cloudlet #1246 return received
23812.416400000013: MET_Broker: The number of finished Cloudlets is:1245
23820.398800000014: MET_Broker: Cloudlet #1247 return received
23820.398800000014: MET_Broker: The number of finished Cloudlets is:1246
23837.033600000013: MET_Broker: Cloudlet #1248 return received
23837.033600000013: MET_Broker: The number of finished Cloudlets is:1247
23853.080800000014: MET_Broker: Cloudlet #1241 return received
23853.080800000014: MET_Broker: The number of finished Cloudlets is:1248
23858.984800000013: MET_Broker: Cloudlet #1250 return received
23858.984800000013: MET_Broker: The number of finished Cloudlets is:1249
23868.99120000001: MET_Broker: Cloudlet #1252 return received
23868.99120000001: MET_Broker: The number of finished Cloudlets is:1250
23879.28400000001: MET_Broker: Cloudlet #1253 return received
23879.28400000001: MET_Broker: The number of finished Cloudlets is:1251
23885.50760000001: MET_Broker: Cloudlet #1237 return received
23885.50760000001: MET_Broker: The number of finished Cloudlets is:1252
23892.21040000001: MET_Broker: Cloudlet #1251 return received
23892.21040000001: MET_Broker: The number of finished Cloudlets is:1253
23904.26840000001: MET_Broker: Cloudlet #1249 return received
23904.26840000001: MET_Broker: The number of finished Cloudlets is:1254
23916.324400000012: MET_Broker: Cloudlet #1254 return received
23916.324400000012: MET_Broker: The number of finished Cloudlets is:1255
23925.130000000012: MET_Broker: Cloudlet #1258 return received
23925.130000000012: MET_Broker: The number of finished Cloudlets is:1256
23929.493600000013: MET_Broker: Cloudlet #1256 return received
23929.493600000013: MET_Broker: The number of finished Cloudlets is:1257
23931.77200000001: MET_Broker: Cloudlet #1257 return received
23931.77200000001: MET_Broker: The number of finished Cloudlets is:1258
23941.55560000001: MET_Broker: Cloudlet #1260 return received
23941.55560000001: MET_Broker: The number of finished Cloudlets is:1259
23972.60000000001: MET_Broker: Cloudlet #1255 return received
23972.60000000001: MET_Broker: The number of finished Cloudlets is:1260
23980.790000000008: MET_Broker: Cloudlet #1261 return received
23980.790000000008: MET_Broker: The number of finished Cloudlets is:1261
23992.802400000008: MET_Broker: Cloudlet #1262 return received
23992.802400000008: MET_Broker: The number of finished Cloudlets is:1262
24019.282400000007: MET_Broker: Cloudlet #1265 return received
24019.282400000007: MET_Broker: The number of finished Cloudlets is:1263
24050.143600000007: MET_Broker: Cloudlet #1266 return received
24050.143600000007: MET_Broker: The number of finished Cloudlets is:1264
24104.624400000008: MET_Broker: Cloudlet #1263 return received
24104.624400000008: MET_Broker: The number of finished Cloudlets is:1265
24107.62320000001: MET_Broker: Cloudlet #1264 return received
24107.62320000001: MET_Broker: The number of finished Cloudlets is:1266
24129.36320000001: MET_Broker: Cloudlet #1268 return received
24129.36320000001: MET_Broker: The number of finished Cloudlets is:1267
24135.44800000001: MET_Broker: Cloudlet #1270 return received
24135.44800000001: MET_Broker: The number of finished Cloudlets is:1268
24147.84360000001: MET_Broker: Cloudlet #1271 return received
24147.84360000001: MET_Broker: The number of finished Cloudlets is:1269
24201.95480000001: MET_Broker: Cloudlet #1259 return received
24201.95480000001: MET_Broker: The number of finished Cloudlets is:1270
24202.35400000001: MET_Broker: Cloudlet #1272 return received
24202.35400000001: MET_Broker: The number of finished Cloudlets is:1271
24215.07760000001: MET_Broker: Cloudlet #1273 return received
24215.07760000001: MET_Broker: The number of finished Cloudlets is:1272
24236.35560000001: MET_Broker: Cloudlet #1274 return received
24236.35560000001: MET_Broker: The number of finished Cloudlets is:1273
24239.29520000001: MET_Broker: Cloudlet #1275 return received
24239.29520000001: MET_Broker: The number of finished Cloudlets is:1274
24240.98600000001: MET_Broker: Cloudlet #1269 return received
24240.98600000001: MET_Broker: The number of finished Cloudlets is:1275
24248.104800000012: MET_Broker: Cloudlet #1276 return received
24248.104800000012: MET_Broker: The number of finished Cloudlets is:1276
24300.59360000001: MET_Broker: Cloudlet #1267 return received
24300.59360000001: MET_Broker: The number of finished Cloudlets is:1277
24304.62080000001: MET_Broker: Cloudlet #1279 return received
24304.62080000001: MET_Broker: The number of finished Cloudlets is:1278
24319.121600000013: MET_Broker: Cloudlet #1281 return received
24319.121600000013: MET_Broker: The number of finished Cloudlets is:1279
24328.596400000013: MET_Broker: Cloudlet #1280 return received
24328.596400000013: MET_Broker: The number of finished Cloudlets is:1280
24346.723600000012: MET_Broker: Cloudlet #1283 return received
24346.723600000012: MET_Broker: The number of finished Cloudlets is:1281
24351.43200000001: MET_Broker: Cloudlet #1282 return received
24351.43200000001: MET_Broker: The number of finished Cloudlets is:1282
24359.03760000001: MET_Broker: Cloudlet #1284 return received
24359.03760000001: MET_Broker: The number of finished Cloudlets is:1283
24361.880000000012: MET_Broker: Cloudlet #1285 return received
24361.880000000012: MET_Broker: The number of finished Cloudlets is:1284
24370.41520000001: MET_Broker: Cloudlet #1287 return received
24370.41520000001: MET_Broker: The number of finished Cloudlets is:1285
24373.71120000001: MET_Broker: Cloudlet #1286 return received
24373.71120000001: MET_Broker: The number of finished Cloudlets is:1286
24411.18640000001: MET_Broker: Cloudlet #1289 return received
24411.18640000001: MET_Broker: The number of finished Cloudlets is:1287
24425.16360000001: MET_Broker: Cloudlet #1288 return received
24425.16360000001: MET_Broker: The number of finished Cloudlets is:1288
24427.13320000001: MET_Broker: Cloudlet #1290 return received
24427.13320000001: MET_Broker: The number of finished Cloudlets is:1289
24435.22120000001: MET_Broker: Cloudlet #1291 return received
24435.22120000001: MET_Broker: The number of finished Cloudlets is:1290
24444.56400000001: MET_Broker: Cloudlet #1292 return received
24444.56400000001: MET_Broker: The number of finished Cloudlets is:1291
24449.37480000001: MET_Broker: Cloudlet #1293 return received
24449.37480000001: MET_Broker: The number of finished Cloudlets is:1292
24449.868800000007: MET_Broker: Cloudlet #1278 return received
24449.868800000007: MET_Broker: The number of finished Cloudlets is:1293
24453.496400000007: MET_Broker: Cloudlet #1294 return received
24453.496400000007: MET_Broker: The number of finished Cloudlets is:1294
24473.529200000008: MET_Broker: Cloudlet #1296 return received
24473.529200000008: MET_Broker: The number of finished Cloudlets is:1295
24486.798400000007: MET_Broker: Cloudlet #1298 return received
24486.798400000007: MET_Broker: The number of finished Cloudlets is:1296
24542.941600000006: MET_Broker: Cloudlet #1299 return received
24542.941600000006: MET_Broker: The number of finished Cloudlets is:1297
24569.908400000004: MET_Broker: Cloudlet #1277 return received
24569.908400000004: MET_Broker: The number of finished Cloudlets is:1298
24576.054000000004: MET_Broker: Cloudlet #1300 return received
24576.054000000004: MET_Broker: The number of finished Cloudlets is:1299
24610.794800000003: MET_Broker: Cloudlet #1297 return received
24610.794800000003: MET_Broker: The number of finished Cloudlets is:1300
24622.097200000004: MET_Broker: Cloudlet #1302 return received
24622.097200000004: MET_Broker: The number of finished Cloudlets is:1301
24624.647200000003: MET_Broker: Cloudlet #1301 return received
24624.647200000003: MET_Broker: The number of finished Cloudlets is:1302
24636.6212: MET_Broker: Cloudlet #1305 return received
24636.6212: MET_Broker: The number of finished Cloudlets is:1303
24644.8024: MET_Broker: Cloudlet #1303 return received
24644.8024: MET_Broker: The number of finished Cloudlets is:1304
24644.9: MET_Broker: Cloudlet #1306 return received
24644.9: MET_Broker: The number of finished Cloudlets is:1305
24656.2544: MET_Broker: Cloudlet #1308 return received
24656.2544: MET_Broker: The number of finished Cloudlets is:1306
24662.768: MET_Broker: Cloudlet #1307 return received
24662.768: MET_Broker: The number of finished Cloudlets is:1307
24694.372: MET_Broker: Cloudlet #1309 return received
24694.372: MET_Broker: The number of finished Cloudlets is:1308
24723.2576: MET_Broker: Cloudlet #1295 return received
24723.2576: MET_Broker: The number of finished Cloudlets is:1309
24737.0148: MET_Broker: Cloudlet #1311 return received
24737.0148: MET_Broker: The number of finished Cloudlets is:1310
24738.4624: MET_Broker: Cloudlet #1312 return received
24738.4624: MET_Broker: The number of finished Cloudlets is:1311
24763.8412: MET_Broker: Cloudlet #1314 return received
24763.8412: MET_Broker: The number of finished Cloudlets is:1312
24772.462: MET_Broker: Cloudlet #1315 return received
24772.462: MET_Broker: The number of finished Cloudlets is:1313
24775.0248: MET_Broker: Cloudlet #1304 return received
24775.0248: MET_Broker: The number of finished Cloudlets is:1314
24787.0568: MET_Broker: Cloudlet #1317 return received
24787.0568: MET_Broker: The number of finished Cloudlets is:1315
24792.6792: MET_Broker: Cloudlet #1310 return received
24792.6792: MET_Broker: The number of finished Cloudlets is:1316
24793.612399999998: MET_Broker: Cloudlet #1316 return received
24793.612399999998: MET_Broker: The number of finished Cloudlets is:1317
24812.8196: MET_Broker: Cloudlet #1319 return received
24812.8196: MET_Broker: The number of finished Cloudlets is:1318
24816.17: MET_Broker: Cloudlet #1318 return received
24816.17: MET_Broker: The number of finished Cloudlets is:1319
24825.3932: MET_Broker: Cloudlet #1320 return received
24825.3932: MET_Broker: The number of finished Cloudlets is:1320
24840.426799999997: MET_Broker: Cloudlet #1322 return received
24840.426799999997: MET_Broker: The number of finished Cloudlets is:1321
24869.884799999996: MET_Broker: Cloudlet #1321 return received
24869.884799999996: MET_Broker: The number of finished Cloudlets is:1322
24880.527599999998: MET_Broker: Cloudlet #1323 return received
24880.527599999998: MET_Broker: The number of finished Cloudlets is:1323
24918.2132: MET_Broker: Cloudlet #1313 return received
24918.2132: MET_Broker: The number of finished Cloudlets is:1324
24932.893999999997: MET_Broker: Cloudlet #1327 return received
24932.893999999997: MET_Broker: The number of finished Cloudlets is:1325
24940.917999999998: MET_Broker: Cloudlet #1325 return received
24940.917999999998: MET_Broker: The number of finished Cloudlets is:1326
24949.6844: MET_Broker: Cloudlet #1329 return received
24949.6844: MET_Broker: The number of finished Cloudlets is:1327
24953.982: MET_Broker: Cloudlet #1328 return received
24953.982: MET_Broker: The number of finished Cloudlets is:1328
24965.1072: MET_Broker: Cloudlet #1324 return received
24965.1072: MET_Broker: The number of finished Cloudlets is:1329
24972.921199999997: MET_Broker: Cloudlet #1332 return received
24972.921199999997: MET_Broker: The number of finished Cloudlets is:1330
24984.135199999997: MET_Broker: Cloudlet #1333 return received
24984.135199999997: MET_Broker: The number of finished Cloudlets is:1331
24993.758799999996: MET_Broker: Cloudlet #1331 return received
24993.758799999996: MET_Broker: The number of finished Cloudlets is:1332
25004.559999999998: MET_Broker: Cloudlet #1334 return received
25004.559999999998: MET_Broker: The number of finished Cloudlets is:1333
25012.567199999998: MET_Broker: Cloudlet #1335 return received
25012.567199999998: MET_Broker: The number of finished Cloudlets is:1334
25047.678399999997: MET_Broker: Cloudlet #1337 return received
25047.678399999997: MET_Broker: The number of finished Cloudlets is:1335
25087.825599999996: MET_Broker: Cloudlet #1326 return received
25087.825599999996: MET_Broker: The number of finished Cloudlets is:1336
25176.565199999997: MET_Broker: Cloudlet #1338 return received
25176.565199999997: MET_Broker: The number of finished Cloudlets is:1337
25211.291999999998: MET_Broker: Cloudlet #1330 return received
25211.291999999998: MET_Broker: The number of finished Cloudlets is:1338
25217.437199999997: MET_Broker: Cloudlet #1341 return received
25217.437199999997: MET_Broker: The number of finished Cloudlets is:1339
25226.123999999996: MET_Broker: Cloudlet #1342 return received
25226.123999999996: MET_Broker: The number of finished Cloudlets is:1340
25242.452799999995: MET_Broker: Cloudlet #1343 return received
25242.452799999995: MET_Broker: The number of finished Cloudlets is:1341
25254.250399999997: MET_Broker: Cloudlet #1340 return received
25254.250399999997: MET_Broker: The number of finished Cloudlets is:1342
25262.073599999996: MET_Broker: Cloudlet #1345 return received
25262.073599999996: MET_Broker: The number of finished Cloudlets is:1343
25277.584399999996: MET_Broker: Cloudlet #1344 return received
25277.584399999996: MET_Broker: The number of finished Cloudlets is:1344
25303.839199999995: MET_Broker: Cloudlet #1336 return received
25303.839199999995: MET_Broker: The number of finished Cloudlets is:1345
25315.403999999995: MET_Broker: Cloudlet #1347 return received
25315.403999999995: MET_Broker: The number of finished Cloudlets is:1346
25326.087199999994: MET_Broker: Cloudlet #1349 return received
25326.087199999994: MET_Broker: The number of finished Cloudlets is:1347
25337.662399999994: MET_Broker: Cloudlet #1339 return received
25337.662399999994: MET_Broker: The number of finished Cloudlets is:1348
25339.311599999994: MET_Broker: Cloudlet #1348 return received
25339.311599999994: MET_Broker: The number of finished Cloudlets is:1349
25389.999999999993: MET_Broker: Cloudlet #1352 return received
25389.999999999993: MET_Broker: The number of finished Cloudlets is:1350
25399.922799999993: MET_Broker: Cloudlet #1346 return received
25399.922799999993: MET_Broker: The number of finished Cloudlets is:1351
25406.16679999999: MET_Broker: Cloudlet #1354 return received
25406.16679999999: MET_Broker: The number of finished Cloudlets is:1352
25422.80319999999: MET_Broker: Cloudlet #1353 return received
25422.80319999999: MET_Broker: The number of finished Cloudlets is:1353
25479.86199999999: MET_Broker: Cloudlet #1351 return received
25479.86199999999: MET_Broker: The number of finished Cloudlets is:1354
25516.15439999999: MET_Broker: Cloudlet #1357 return received
25516.15439999999: MET_Broker: The number of finished Cloudlets is:1355
25539.09679999999: MET_Broker: Cloudlet #1358 return received
25539.09679999999: MET_Broker: The number of finished Cloudlets is:1356
25547.637599999987: MET_Broker: Cloudlet #1359 return received
25547.637599999987: MET_Broker: The number of finished Cloudlets is:1357
25601.711599999988: MET_Broker: Cloudlet #1350 return received
25601.711599999988: MET_Broker: The number of finished Cloudlets is:1358
25651.083999999988: MET_Broker: Cloudlet #1356 return received
25651.083999999988: MET_Broker: The number of finished Cloudlets is:1359
25670.48399999999: MET_Broker: Cloudlet #1362 return received
25670.48399999999: MET_Broker: The number of finished Cloudlets is:1360
25677.98239999999: MET_Broker: Cloudlet #1363 return received
25677.98239999999: MET_Broker: The number of finished Cloudlets is:1361
25710.50519999999: MET_Broker: Cloudlet #1355 return received
25710.50519999999: MET_Broker: The number of finished Cloudlets is:1362
25718.91359999999: MET_Broker: Cloudlet #1360 return received
25718.91359999999: MET_Broker: The number of finished Cloudlets is:1363
25723.39559999999: MET_Broker: Cloudlet #1364 return received
25723.39559999999: MET_Broker: The number of finished Cloudlets is:1364
25735.60119999999: MET_Broker: Cloudlet #1367 return received
25735.60119999999: MET_Broker: The number of finished Cloudlets is:1365
25749.51119999999: MET_Broker: Cloudlet #1361 return received
25749.51119999999: MET_Broker: The number of finished Cloudlets is:1366
25752.70479999999: MET_Broker: Cloudlet #1368 return received
25752.70479999999: MET_Broker: The number of finished Cloudlets is:1367
25756.59759999999: MET_Broker: Cloudlet #1365 return received
25756.59759999999: MET_Broker: The number of finished Cloudlets is:1368
25773.86679999999: MET_Broker: Cloudlet #1371 return received
25773.86679999999: MET_Broker: The number of finished Cloudlets is:1369
25836.22279999999: MET_Broker: Cloudlet #1366 return received
25836.22279999999: MET_Broker: The number of finished Cloudlets is:1370
25859.66879999999: MET_Broker: Cloudlet #1369 return received
25859.66879999999: MET_Broker: The number of finished Cloudlets is:1371
25862.891199999987: MET_Broker: Cloudlet #1372 return received
25862.891199999987: MET_Broker: The number of finished Cloudlets is:1372
25869.903599999987: MET_Broker: Cloudlet #1374 return received
25869.903599999987: MET_Broker: The number of finished Cloudlets is:1373
25879.97999999999: MET_Broker: Cloudlet #1375 return received
25879.97999999999: MET_Broker: The number of finished Cloudlets is:1374
25889.599999999988: MET_Broker: Cloudlet #1373 return received
25889.599999999988: MET_Broker: The number of finished Cloudlets is:1375
25892.47839999999: MET_Broker: Cloudlet #1377 return received
25892.47839999999: MET_Broker: The number of finished Cloudlets is:1376
25893.33679999999: MET_Broker: Cloudlet #1370 return received
25893.33679999999: MET_Broker: The number of finished Cloudlets is:1377
25904.191999999992: MET_Broker: Cloudlet #1376 return received
25904.191999999992: MET_Broker: The number of finished Cloudlets is:1378
25916.35119999999: MET_Broker: Cloudlet #1379 return received
25916.35119999999: MET_Broker: The number of finished Cloudlets is:1379
25924.21199999999: MET_Broker: Cloudlet #1382 return received
25924.21199999999: MET_Broker: The number of finished Cloudlets is:1380
25967.99599999999: MET_Broker: Cloudlet #1383 return received
25967.99599999999: MET_Broker: The number of finished Cloudlets is:1381
25984.97999999999: MET_Broker: Cloudlet #1384 return received
25984.97999999999: MET_Broker: The number of finished Cloudlets is:1382
25993.77399999999: MET_Broker: Cloudlet #1385 return received
25993.77399999999: MET_Broker: The number of finished Cloudlets is:1383
26047.90079999999: MET_Broker: Cloudlet #1386 return received
26047.90079999999: MET_Broker: The number of finished Cloudlets is:1384
26070.00359999999: MET_Broker: Cloudlet #1381 return received
26070.00359999999: MET_Broker: The number of finished Cloudlets is:1385
26073.73439999999: MET_Broker: Cloudlet #1380 return received
26073.73439999999: MET_Broker: The number of finished Cloudlets is:1386
26098.03759999999: MET_Broker: Cloudlet #1387 return received
26098.03759999999: MET_Broker: The number of finished Cloudlets is:1387
26106.87479999999: MET_Broker: Cloudlet #1389 return received
26106.87479999999: MET_Broker: The number of finished Cloudlets is:1388
26130.00039999999: MET_Broker: Cloudlet #1388 return received
26130.00039999999: MET_Broker: The number of finished Cloudlets is:1389
26161.50039999999: MET_Broker: Cloudlet #1391 return received
26161.50039999999: MET_Broker: The number of finished Cloudlets is:1390
26169.42719999999: MET_Broker: Cloudlet #1392 return received
26169.42719999999: MET_Broker: The number of finished Cloudlets is:1391
26183.11559999999: MET_Broker: Cloudlet #1378 return received
26183.11559999999: MET_Broker: The number of finished Cloudlets is:1392
26206.79759999999: MET_Broker: Cloudlet #1393 return received
26206.79759999999: MET_Broker: The number of finished Cloudlets is:1393
26214.71799999999: MET_Broker: Cloudlet #1396 return received
26214.71799999999: MET_Broker: The number of finished Cloudlets is:1394
26231.862799999988: MET_Broker: Cloudlet #1397 return received
26231.862799999988: MET_Broker: The number of finished Cloudlets is:1395
26250.040399999987: MET_Broker: Cloudlet #1398 return received
26250.040399999987: MET_Broker: The number of finished Cloudlets is:1396
26309.414799999988: MET_Broker: Cloudlet #1395 return received
26309.414799999988: MET_Broker: The number of finished Cloudlets is:1397
26351.897999999986: MET_Broker: Cloudlet #1400 return received
26351.897999999986: MET_Broker: The number of finished Cloudlets is:1398
26425.729199999987: MET_Broker: Cloudlet #1390 return received
26425.729199999987: MET_Broker: The number of finished Cloudlets is:1399
26426.491199999986: MET_Broker: Cloudlet #1401 return received
26426.491199999986: MET_Broker: The number of finished Cloudlets is:1400
26444.989599999986: MET_Broker: Cloudlet #1403 return received
26444.989599999986: MET_Broker: The number of finished Cloudlets is:1401
26487.009999999987: MET_Broker: Cloudlet #1402 return received
26487.009999999987: MET_Broker: The number of finished Cloudlets is:1402
26504.739599999986: MET_Broker: Cloudlet #1404 return received
26504.739599999986: MET_Broker: The number of finished Cloudlets is:1403
26515.261199999986: MET_Broker: Cloudlet #1394 return received
26515.261199999986: MET_Broker: The number of finished Cloudlets is:1404
26524.928799999987: MET_Broker: Cloudlet #1399 return received
26524.928799999987: MET_Broker: The number of finished Cloudlets is:1405
26575.528799999985: MET_Broker: Cloudlet #1406 return received
26575.528799999985: MET_Broker: The number of finished Cloudlets is:1406
26604.162799999984: MET_Broker: Cloudlet #1408 return received
26604.162799999984: MET_Broker: The number of finished Cloudlets is:1407
26622.615199999982: MET_Broker: Cloudlet #1409 return received
26622.615199999982: MET_Broker: The number of finished Cloudlets is:1408
26642.537999999982: MET_Broker: Cloudlet #1411 return received
26642.537999999982: MET_Broker: The number of finished Cloudlets is:1409
26654.935599999983: MET_Broker: Cloudlet #1410 return received
26654.935599999983: MET_Broker: The number of finished Cloudlets is:1410
26740.204399999984: MET_Broker: Cloudlet #1405 return received
26740.204399999984: MET_Broker: The number of finished Cloudlets is:1411
26749.831599999983: MET_Broker: Cloudlet #1414 return received
26749.831599999983: MET_Broker: The number of finished Cloudlets is:1412
26772.539199999985: MET_Broker: Cloudlet #1413 return received
26772.539199999985: MET_Broker: The number of finished Cloudlets is:1413
26785.761599999983: MET_Broker: Cloudlet #1415 return received
26785.761599999983: MET_Broker: The number of finished Cloudlets is:1414
26800.316399999985: MET_Broker: Cloudlet #1416 return received
26800.316399999985: MET_Broker: The number of finished Cloudlets is:1415
26800.608799999984: MET_Broker: Cloudlet #1417 return received
26800.608799999984: MET_Broker: The number of finished Cloudlets is:1416
26817.394799999984: MET_Broker: Cloudlet #1418 return received
26817.394799999984: MET_Broker: The number of finished Cloudlets is:1417
26839.785999999982: MET_Broker: Cloudlet #1419 return received
26839.785999999982: MET_Broker: The number of finished Cloudlets is:1418
26842.158799999983: MET_Broker: Cloudlet #1407 return received
26842.158799999983: MET_Broker: The number of finished Cloudlets is:1419
26849.653999999984: MET_Broker: Cloudlet #1420 return received
26849.653999999984: MET_Broker: The number of finished Cloudlets is:1420
26857.452399999984: MET_Broker: Cloudlet #1423 return received
26857.452399999984: MET_Broker: The number of finished Cloudlets is:1421
26878.169599999983: MET_Broker: Cloudlet #1424 return received
26878.169599999983: MET_Broker: The number of finished Cloudlets is:1422
26886.281599999984: MET_Broker: Cloudlet #1425 return received
26886.281599999984: MET_Broker: The number of finished Cloudlets is:1423
26901.107199999984: MET_Broker: Cloudlet #1422 return received
26901.107199999984: MET_Broker: The number of finished Cloudlets is:1424
26915.675199999983: MET_Broker: Cloudlet #1427 return received
26915.675199999983: MET_Broker: The number of finished Cloudlets is:1425
26927.773999999983: MET_Broker: Cloudlet #1428 return received
26927.773999999983: MET_Broker: The number of finished Cloudlets is:1426
26943.13839999998: MET_Broker: Cloudlet #1426 return received
26943.13839999998: MET_Broker: The number of finished Cloudlets is:1427
26980.48159999998: MET_Broker: Cloudlet #1430 return received
26980.48159999998: MET_Broker: The number of finished Cloudlets is:1428
26983.29559999998: MET_Broker: Cloudlet #1412 return received
26983.29559999998: MET_Broker: The number of finished Cloudlets is:1429
26989.50039999998: MET_Broker: Cloudlet #1432 return received
26989.50039999998: MET_Broker: The number of finished Cloudlets is:1430
27003.72319999998: MET_Broker: Cloudlet #1433 return received
27003.72319999998: MET_Broker: The number of finished Cloudlets is:1431
27020.27759999998: MET_Broker: Cloudlet #1434 return received
27020.27759999998: MET_Broker: The number of finished Cloudlets is:1432
27034.33879999998: MET_Broker: Cloudlet #1429 return received
27034.33879999998: MET_Broker: The number of finished Cloudlets is:1433
27042.09399999998: MET_Broker: Cloudlet #1431 return received
27042.09399999998: MET_Broker: The number of finished Cloudlets is:1434
27052.95799999998: MET_Broker: Cloudlet #1421 return received
27052.95799999998: MET_Broker: The number of finished Cloudlets is:1435
27060.81879999998: MET_Broker: Cloudlet #1437 return received
27060.81879999998: MET_Broker: The number of finished Cloudlets is:1436
27061.18279999998: MET_Broker: Cloudlet #1435 return received
27061.18279999998: MET_Broker: The number of finished Cloudlets is:1437
27097.672799999982: MET_Broker: Cloudlet #1440 return received
27097.672799999982: MET_Broker: The number of finished Cloudlets is:1438
27129.05519999998: MET_Broker: Cloudlet #1436 return received
27129.05519999998: MET_Broker: The number of finished Cloudlets is:1439
27130.79959999998: MET_Broker: Cloudlet #1441 return received
27130.79959999998: MET_Broker: The number of finished Cloudlets is:1440
27142.61799999998: MET_Broker: Cloudlet #1438 return received
27142.61799999998: MET_Broker: The number of finished Cloudlets is:1441
27153.68039999998: MET_Broker: Cloudlet #1444 return received
27153.68039999998: MET_Broker: The number of finished Cloudlets is:1442
27162.94719999998: MET_Broker: Cloudlet #1445 return received
27162.94719999998: MET_Broker: The number of finished Cloudlets is:1443
27185.87919999998: MET_Broker: Cloudlet #1439 return received
27185.87919999998: MET_Broker: The number of finished Cloudlets is:1444
27211.917599999982: MET_Broker: Cloudlet #1447 return received
27211.917599999982: MET_Broker: The number of finished Cloudlets is:1445
27218.95679999998: MET_Broker: Cloudlet #1446 return received
27218.95679999998: MET_Broker: The number of finished Cloudlets is:1446
27223.293999999983: MET_Broker: Cloudlet #1443 return received
27223.293999999983: MET_Broker: The number of finished Cloudlets is:1447
27238.117599999983: MET_Broker: Cloudlet #1450 return received
27238.117599999983: MET_Broker: The number of finished Cloudlets is:1448
27253.794399999984: MET_Broker: Cloudlet #1449 return received
27253.794399999984: MET_Broker: The number of finished Cloudlets is:1449
27255.552799999983: MET_Broker: Cloudlet #1448 return received
27255.552799999983: MET_Broker: The number of finished Cloudlets is:1450
27271.897199999985: MET_Broker: Cloudlet #1452 return received
27271.897199999985: MET_Broker: The number of finished Cloudlets is:1451
27296.609199999984: MET_Broker: Cloudlet #1453 return received
27296.609199999984: MET_Broker: The number of finished Cloudlets is:1452
27323.321999999986: MET_Broker: Cloudlet #1454 return received
27323.321999999986: MET_Broker: The number of finished Cloudlets is:1453
27333.377599999985: MET_Broker: Cloudlet #1451 return received
27333.377599999985: MET_Broker: The number of finished Cloudlets is:1454
27352.135199999986: MET_Broker: Cloudlet #1457 return received
27352.135199999986: MET_Broker: The number of finished Cloudlets is:1455
27366.363999999987: MET_Broker: Cloudlet #1458 return received
27366.363999999987: MET_Broker: The number of finished Cloudlets is:1456
27373.701599999986: MET_Broker: Cloudlet #1455 return received
27373.701599999986: MET_Broker: The number of finished Cloudlets is:1457
27383.282799999986: MET_Broker: Cloudlet #1456 return received
27383.282799999986: MET_Broker: The number of finished Cloudlets is:1458
27384.554399999986: MET_Broker: Cloudlet #1459 return received
27384.554399999986: MET_Broker: The number of finished Cloudlets is:1459
27417.113599999986: MET_Broker: Cloudlet #1460 return received
27417.113599999986: MET_Broker: The number of finished Cloudlets is:1460
27449.651599999987: MET_Broker: Cloudlet #1442 return received
27449.651599999987: MET_Broker: The number of finished Cloudlets is:1461
27504.308399999987: MET_Broker: Cloudlet #1462 return received
27504.308399999987: MET_Broker: The number of finished Cloudlets is:1462
27580.80199999999: MET_Broker: Cloudlet #1465 return received
27580.80199999999: MET_Broker: The number of finished Cloudlets is:1463
27582.09959999999: MET_Broker: Cloudlet #1461 return received
27582.09959999999: MET_Broker: The number of finished Cloudlets is:1464
27623.88359999999: MET_Broker: Cloudlet #1467 return received
27623.88359999999: MET_Broker: The number of finished Cloudlets is:1465
27643.14679999999: MET_Broker: Cloudlet #1468 return received
27643.14679999999: MET_Broker: The number of finished Cloudlets is:1466
27694.05839999999: MET_Broker: Cloudlet #1469 return received
27694.05839999999: MET_Broker: The number of finished Cloudlets is:1467
27705.661599999992: MET_Broker: Cloudlet #1470 return received
27705.661599999992: MET_Broker: The number of finished Cloudlets is:1468
27731.50799999999: MET_Broker: Cloudlet #1463 return received
27731.50799999999: MET_Broker: The number of finished Cloudlets is:1469
27751.31759999999: MET_Broker: Cloudlet #1471 return received
27751.31759999999: MET_Broker: The number of finished Cloudlets is:1470
27757.735599999993: MET_Broker: Cloudlet #1464 return received
27757.735599999993: MET_Broker: The number of finished Cloudlets is:1471
27769.513999999992: MET_Broker: Cloudlet #1474 return received
27769.513999999992: MET_Broker: The number of finished Cloudlets is:1472
27776.06239999999: MET_Broker: Cloudlet #1472 return received
27776.06239999999: MET_Broker: The number of finished Cloudlets is:1473
27793.478399999993: MET_Broker: Cloudlet #1476 return received
27793.478399999993: MET_Broker: The number of finished Cloudlets is:1474
27832.877599999993: MET_Broker: Cloudlet #1473 return received
27832.877599999993: MET_Broker: The number of finished Cloudlets is:1475
27880.854799999994: MET_Broker: Cloudlet #1478 return received
27880.854799999994: MET_Broker: The number of finished Cloudlets is:1476
27900.479199999994: MET_Broker: Cloudlet #1466 return received
27900.479199999994: MET_Broker: The number of finished Cloudlets is:1477
27901.901999999995: MET_Broker: Cloudlet #1475 return received
27901.901999999995: MET_Broker: The number of finished Cloudlets is:1478
27913.497599999995: MET_Broker: Cloudlet #1480 return received
27913.497599999995: MET_Broker: The number of finished Cloudlets is:1479
27918.347199999997: MET_Broker: Cloudlet #1481 return received
27918.347199999997: MET_Broker: The number of finished Cloudlets is:1480
27924.967199999996: MET_Broker: Cloudlet #1483 return received
27924.967199999996: MET_Broker: The number of finished Cloudlets is:1481
27925.428399999997: MET_Broker: Cloudlet #1479 return received
27925.428399999997: MET_Broker: The number of finished Cloudlets is:1482
27936.4976: MET_Broker: Cloudlet #1484 return received
27936.4976: MET_Broker: The number of finished Cloudlets is:1483
27958.14: MET_Broker: Cloudlet #1482 return received
27958.14: MET_Broker: The number of finished Cloudlets is:1484
27962.0896: MET_Broker: Cloudlet #1486 return received
27962.0896: MET_Broker: The number of finished Cloudlets is:1485
27975.6708: MET_Broker: Cloudlet #1487 return received
27975.6708: MET_Broker: The number of finished Cloudlets is:1486
27999.9068: MET_Broker: Cloudlet #1489 return received
27999.9068: MET_Broker: The number of finished Cloudlets is:1487
28002.7768: MET_Broker: Cloudlet #1488 return received
28002.7768: MET_Broker: The number of finished Cloudlets is:1488
28016.5776: MET_Broker: Cloudlet #1490 return received
28016.5776: MET_Broker: The number of finished Cloudlets is:1489
28016.600000000002: MET_Broker: Cloudlet #1491 return received
28016.600000000002: MET_Broker: The number of finished Cloudlets is:1490
28042.716000000004: MET_Broker: Cloudlet #1485 return received
28042.716000000004: MET_Broker: The number of finished Cloudlets is:1491
28060.592400000005: MET_Broker: Cloudlet #1492 return received
28060.592400000005: MET_Broker: The number of finished Cloudlets is:1492
28077.956800000004: MET_Broker: Cloudlet #1495 return received
28077.956800000004: MET_Broker: The number of finished Cloudlets is:1493
28090.551600000003: MET_Broker: Cloudlet #1494 return received
28090.551600000003: MET_Broker: The number of finished Cloudlets is:1494
28091.846: MET_Broker: Cloudlet #1496 return received
28091.846: MET_Broker: The number of finished Cloudlets is:1495
28104.5144: MET_Broker: Cloudlet #1477 return received
28104.5144: MET_Broker: The number of finished Cloudlets is:1496
28128.528: MET_Broker: Cloudlet #1498 return received
28128.528: MET_Broker: The number of finished Cloudlets is:1497
28136.76: MET_Broker: Cloudlet #1499 return received
28136.76: MET_Broker: The number of finished Cloudlets is:1498
28147.902: MET_Broker: Cloudlet #1497 return received
28147.902: MET_Broker: The number of finished Cloudlets is:1499
28168.7624: MET_Broker: Cloudlet #1501 return received
28168.7624: MET_Broker: The number of finished Cloudlets is:1500
28180.4204: MET_Broker: Cloudlet #1500 return received
28180.4204: MET_Broker: The number of finished Cloudlets is:1501
28187.2012: MET_Broker: Cloudlet #1504 return received
28187.2012: MET_Broker: The number of finished Cloudlets is:1502
28226.56: MET_Broker: Cloudlet #1503 return received
28226.56: MET_Broker: The number of finished Cloudlets is:1503
28277.308: MET_Broker: Cloudlet #1506 return received
28277.308: MET_Broker: The number of finished Cloudlets is:1504
28292.5488: MET_Broker: Cloudlet #1493 return received
28292.5488: MET_Broker: The number of finished Cloudlets is:1505
28336.422: MET_Broker: Cloudlet #1508 return received
28336.422: MET_Broker: The number of finished Cloudlets is:1506
28367.946799999998: MET_Broker: Cloudlet #1505 return received
28367.946799999998: MET_Broker: The number of finished Cloudlets is:1507
28416.041599999997: MET_Broker: Cloudlet #1510 return received
28416.041599999997: MET_Broker: The number of finished Cloudlets is:1508
28417.043599999997: MET_Broker: Cloudlet #1507 return received
28417.043599999997: MET_Broker: The number of finished Cloudlets is:1509
28430.345199999996: MET_Broker: Cloudlet #1512 return received
28430.345199999996: MET_Broker: The number of finished Cloudlets is:1510
28436.665199999996: MET_Broker: Cloudlet #1502 return received
28436.665199999996: MET_Broker: The number of finished Cloudlets is:1511
28439.347999999994: MET_Broker: Cloudlet #1513 return received
28439.347999999994: MET_Broker: The number of finished Cloudlets is:1512
28444.695999999996: MET_Broker: Cloudlet #1514 return received
28444.695999999996: MET_Broker: The number of finished Cloudlets is:1513
28463.928399999997: MET_Broker: Cloudlet #1516 return received
28463.928399999997: MET_Broker: The number of finished Cloudlets is:1514
28470.199599999996: MET_Broker: Cloudlet #1511 return received
28470.199599999996: MET_Broker: The number of finished Cloudlets is:1515
28506.174799999997: MET_Broker: Cloudlet #1517 return received
28506.174799999997: MET_Broker: The number of finished Cloudlets is:1516
28512.009599999998: MET_Broker: Cloudlet #1518 return received
28512.009599999998: MET_Broker: The number of finished Cloudlets is:1517
28525.9924: MET_Broker: Cloudlet #1509 return received
28525.9924: MET_Broker: The number of finished Cloudlets is:1518
28542.867599999998: MET_Broker: Cloudlet #1521 return received
28542.867599999998: MET_Broker: The number of finished Cloudlets is:1519
28566.181999999997: MET_Broker: Cloudlet #1522 return received
28566.181999999997: MET_Broker: The number of finished Cloudlets is:1520
28646.259599999998: MET_Broker: Cloudlet #1519 return received
28646.259599999998: MET_Broker: The number of finished Cloudlets is:1521
28693.7136: MET_Broker: Cloudlet #1520 return received
28693.7136: MET_Broker: The number of finished Cloudlets is:1522
28700.4564: MET_Broker: Cloudlet #1523 return received
28700.4564: MET_Broker: The number of finished Cloudlets is:1523
28709.647999999997: MET_Broker: Cloudlet #1525 return received
28709.647999999997: MET_Broker: The number of finished Cloudlets is:1524
28716.1432: MET_Broker: Cloudlet #1526 return received
28716.1432: MET_Broker: The number of finished Cloudlets is:1525
28718.646399999998: MET_Broker: Cloudlet #1527 return received
28718.646399999998: MET_Broker: The number of finished Cloudlets is:1526
28728.711199999998: MET_Broker: Cloudlet #1515 return received
28728.711199999998: MET_Broker: The number of finished Cloudlets is:1527
28747.1252: MET_Broker: Cloudlet #1530 return received
28747.1252: MET_Broker: The number of finished Cloudlets is:1528
28766.9272: MET_Broker: Cloudlet #1529 return received
28766.9272: MET_Broker: The number of finished Cloudlets is:1529
28778.4368: MET_Broker: Cloudlet #1532 return received
28778.4368: MET_Broker: The number of finished Cloudlets is:1530
28779.5732: MET_Broker: Cloudlet #1524 return received
28779.5732: MET_Broker: The number of finished Cloudlets is:1531
28782.604: MET_Broker: Cloudlet #1531 return received
28782.604: MET_Broker: The number of finished Cloudlets is:1532
28796.3752: MET_Broker: Cloudlet #1533 return received
28796.3752: MET_Broker: The number of finished Cloudlets is:1533
28805.932399999998: MET_Broker: Cloudlet #1536 return received
28805.932399999998: MET_Broker: The number of finished Cloudlets is:1534
28819.5608: MET_Broker: Cloudlet #1534 return received
28819.5608: MET_Broker: The number of finished Cloudlets is:1535
28823.5724: MET_Broker: Cloudlet #1528 return received
28823.5724: MET_Broker: The number of finished Cloudlets is:1536
28845.927200000002: MET_Broker: Cloudlet #1538 return received
28845.927200000002: MET_Broker: The number of finished Cloudlets is:1537
28859.124000000003: MET_Broker: Cloudlet #1537 return received
28859.124000000003: MET_Broker: The number of finished Cloudlets is:1538
28877.0152: MET_Broker: Cloudlet #1539 return received
28877.0152: MET_Broker: The number of finished Cloudlets is:1539
28976.8516: MET_Broker: Cloudlet #1535 return received
28976.8516: MET_Broker: The number of finished Cloudlets is:1540
28983.4824: MET_Broker: Cloudlet #1542 return received
28983.4824: MET_Broker: The number of finished Cloudlets is:1541
28987.1524: MET_Broker: Cloudlet #1541 return received
28987.1524: MET_Broker: The number of finished Cloudlets is:1542
28989.7392: MET_Broker: Cloudlet #1543 return received
28989.7392: MET_Broker: The number of finished Cloudlets is:1543
28998.4892: MET_Broker: Cloudlet #1545 return received
28998.4892: MET_Broker: The number of finished Cloudlets is:1544
29025.0556: MET_Broker: Cloudlet #1546 return received
29025.0556: MET_Broker: The number of finished Cloudlets is:1545
29054.6512: MET_Broker: Cloudlet #1544 return received
29054.6512: MET_Broker: The number of finished Cloudlets is:1546
29057.756400000002: MET_Broker: Cloudlet #1547 return received
29057.756400000002: MET_Broker: The number of finished Cloudlets is:1547
29076.188800000004: MET_Broker: Cloudlet #1548 return received
29076.188800000004: MET_Broker: The number of finished Cloudlets is:1548
29077.222800000003: MET_Broker: Cloudlet #1549 return received
29077.222800000003: MET_Broker: The number of finished Cloudlets is:1549
29082.232000000004: MET_Broker: Cloudlet #1550 return received
29082.232000000004: MET_Broker: The number of finished Cloudlets is:1550
29085.004000000004: MET_Broker: Cloudlet #1552 return received
29085.004000000004: MET_Broker: The number of finished Cloudlets is:1551
29097.726400000003: MET_Broker: Cloudlet #1553 return received
29097.726400000003: MET_Broker: The number of finished Cloudlets is:1552
29100.674000000003: MET_Broker: Cloudlet #1554 return received
29100.674000000003: MET_Broker: The number of finished Cloudlets is:1553
29100.923600000002: MET_Broker: Cloudlet #1551 return received
29100.923600000002: MET_Broker: The number of finished Cloudlets is:1554
29142.458400000003: MET_Broker: Cloudlet #1556 return received
29142.458400000003: MET_Broker: The number of finished Cloudlets is:1555
29151.021200000003: MET_Broker: Cloudlet #1557 return received
29151.021200000003: MET_Broker: The number of finished Cloudlets is:1556
29182.7004: MET_Broker: Cloudlet #1558 return received
29182.7004: MET_Broker: The number of finished Cloudlets is:1557
29200.107200000002: MET_Broker: Cloudlet #1540 return received
29200.107200000002: MET_Broker: The number of finished Cloudlets is:1558
29237.030000000002: MET_Broker: Cloudlet #1560 return received
29237.030000000002: MET_Broker: The number of finished Cloudlets is:1559
29252.208000000002: MET_Broker: Cloudlet #1555 return received
29252.208000000002: MET_Broker: The number of finished Cloudlets is:1560
29341.644800000002: MET_Broker: Cloudlet #1562 return received
29341.644800000002: MET_Broker: The number of finished Cloudlets is:1561
29410.548000000003: MET_Broker: Cloudlet #1563 return received
29410.548000000003: MET_Broker: The number of finished Cloudlets is:1562
29414.3008: MET_Broker: Cloudlet #1561 return received
29414.3008: MET_Broker: The number of finished Cloudlets is:1563
29425.884400000003: MET_Broker: Cloudlet #1559 return received
29425.884400000003: MET_Broker: The number of finished Cloudlets is:1564
29439.688400000003: MET_Broker: Cloudlet #1564 return received
29439.688400000003: MET_Broker: The number of finished Cloudlets is:1565
29440.202: MET_Broker: Cloudlet #1567 return received
29440.202: MET_Broker: The number of finished Cloudlets is:1566
29479.5584: MET_Broker: Cloudlet #1568 return received
29479.5584: MET_Broker: The number of finished Cloudlets is:1567
29487.5504: MET_Broker: Cloudlet #1570 return received
29487.5504: MET_Broker: The number of finished Cloudlets is:1568
29498.0312: MET_Broker: Cloudlet #1565 return received
29498.0312: MET_Broker: The number of finished Cloudlets is:1569
29501.378: MET_Broker: Cloudlet #1571 return received
29501.378: MET_Broker: The number of finished Cloudlets is:1570
29512.6868: MET_Broker: Cloudlet #1572 return received
29512.6868: MET_Broker: The number of finished Cloudlets is:1571
29561.232799999998: MET_Broker: Cloudlet #1574 return received
29561.232799999998: MET_Broker: The number of finished Cloudlets is:1572
29564.976: MET_Broker: Cloudlet #1569 return received
29564.976: MET_Broker: The number of finished Cloudlets is:1573
29639.8544: MET_Broker: Cloudlet #1566 return received
29639.8544: MET_Broker: The number of finished Cloudlets is:1574
29662.128: MET_Broker: Cloudlet #1577 return received
29662.128: MET_Broker: The number of finished Cloudlets is:1575
29698.400400000002: MET_Broker: Cloudlet #1576 return received
29698.400400000002: MET_Broker: The number of finished Cloudlets is:1576
29749.284000000003: MET_Broker: Cloudlet #1575 return received
29749.284000000003: MET_Broker: The number of finished Cloudlets is:1577
29774.067200000005: MET_Broker: Cloudlet #1580 return received
29774.067200000005: MET_Broker: The number of finished Cloudlets is:1578
29797.493200000004: MET_Broker: Cloudlet #1581 return received
29797.493200000004: MET_Broker: The number of finished Cloudlets is:1579
29838.376800000005: MET_Broker: Cloudlet #1578 return received
29838.376800000005: MET_Broker: The number of finished Cloudlets is:1580
29849.321200000006: MET_Broker: Cloudlet #1582 return received
29849.321200000006: MET_Broker: The number of finished Cloudlets is:1581
29853.890400000008: MET_Broker: Cloudlet #1573 return received
29853.890400000008: MET_Broker: The number of finished Cloudlets is:1582
29865.01360000001: MET_Broker: Cloudlet #1583 return received
29865.01360000001: MET_Broker: The number of finished Cloudlets is:1583
29880.17960000001: MET_Broker: Cloudlet #1586 return received
29880.17960000001: MET_Broker: The number of finished Cloudlets is:1584
29885.16120000001: MET_Broker: Cloudlet #1584 return received
29885.16120000001: MET_Broker: The number of finished Cloudlets is:1585
29909.09680000001: MET_Broker: Cloudlet #1588 return received
29909.09680000001: MET_Broker: The number of finished Cloudlets is:1586
29913.01800000001: MET_Broker: Cloudlet #1585 return received
29913.01800000001: MET_Broker: The number of finished Cloudlets is:1587
29956.27160000001: MET_Broker: Cloudlet #1587 return received
29956.27160000001: MET_Broker: The number of finished Cloudlets is:1588
29957.815600000013: MET_Broker: Cloudlet #1590 return received
29957.815600000013: MET_Broker: The number of finished Cloudlets is:1589
29981.47160000001: MET_Broker: Cloudlet #1591 return received
29981.47160000001: MET_Broker: The number of finished Cloudlets is:1590
30001.605200000013: MET_Broker: Cloudlet #1592 return received
30001.605200000013: MET_Broker: The number of finished Cloudlets is:1591
30010.680400000012: MET_Broker: Cloudlet #1593 return received
30010.680400000012: MET_Broker: The number of finished Cloudlets is:1592
30015.044400000013: MET_Broker: Cloudlet #1594 return received
30015.044400000013: MET_Broker: The number of finished Cloudlets is:1593
30024.779600000013: MET_Broker: Cloudlet #1579 return received
30024.779600000013: MET_Broker: The number of finished Cloudlets is:1594
30028.51480000001: MET_Broker: Cloudlet #1596 return received
30028.51480000001: MET_Broker: The number of finished Cloudlets is:1595
30048.41760000001: MET_Broker: Cloudlet #1598 return received
30048.41760000001: MET_Broker: The number of finished Cloudlets is:1596
30192.98760000001: MET_Broker: Cloudlet #1589 return received
30192.98760000001: MET_Broker: The number of finished Cloudlets is:1597
30201.57320000001: MET_Broker: Cloudlet #1599 return received
30201.57320000001: MET_Broker: The number of finished Cloudlets is:1598
30203.54600000001: MET_Broker: Cloudlet #1597 return received
30203.54600000001: MET_Broker: The number of finished Cloudlets is:1599
30219.97840000001: MET_Broker: Cloudlet #1595 return received
30219.97840000001: MET_Broker: The number of finished Cloudlets is:1600
30226.72080000001: MET_Broker: Cloudlet #1602 return received
30226.72080000001: MET_Broker: The number of finished Cloudlets is:1601
30250.06480000001: MET_Broker: Cloudlet #1601 return received
30250.06480000001: MET_Broker: The number of finished Cloudlets is:1602
30282.603200000012: MET_Broker: Cloudlet #1604 return received
30282.603200000012: MET_Broker: The number of finished Cloudlets is:1603
30300.27680000001: MET_Broker: Cloudlet #1605 return received
30300.27680000001: MET_Broker: The number of finished Cloudlets is:1604
30392.72640000001: MET_Broker: Cloudlet #1607 return received
30392.72640000001: MET_Broker: The number of finished Cloudlets is:1605
30439.93520000001: MET_Broker: Cloudlet #1608 return received
30439.93520000001: MET_Broker: The number of finished Cloudlets is:1606
30454.678800000012: MET_Broker: Cloudlet #1609 return received
30454.678800000012: MET_Broker: The number of finished Cloudlets is:1607
30469.94280000001: MET_Broker: Cloudlet #1600 return received
30469.94280000001: MET_Broker: The number of finished Cloudlets is:1608
30496.08840000001: MET_Broker: Cloudlet #1610 return received
30496.08840000001: MET_Broker: The number of finished Cloudlets is:1609
30513.96000000001: MET_Broker: Cloudlet #1606 return received
30513.96000000001: MET_Broker: The number of finished Cloudlets is:1610
30515.67600000001: MET_Broker: Cloudlet #1611 return received
30515.67600000001: MET_Broker: The number of finished Cloudlets is:1611
30523.23200000001: MET_Broker: Cloudlet #1613 return received
30523.23200000001: MET_Broker: The number of finished Cloudlets is:1612
30531.223600000012: MET_Broker: Cloudlet #1614 return received
30531.223600000012: MET_Broker: The number of finished Cloudlets is:1613
30539.466400000012: MET_Broker: Cloudlet #1615 return received
30539.466400000012: MET_Broker: The number of finished Cloudlets is:1614
30552.697200000013: MET_Broker: Cloudlet #1612 return received
30552.697200000013: MET_Broker: The number of finished Cloudlets is:1615
30562.388400000014: MET_Broker: Cloudlet #1603 return received
30562.388400000014: MET_Broker: The number of finished Cloudlets is:1616
30570.814800000015: MET_Broker: Cloudlet #1618 return received
30570.814800000015: MET_Broker: The number of finished Cloudlets is:1617
30573.810400000013: MET_Broker: Cloudlet #1619 return received
30573.810400000013: MET_Broker: The number of finished Cloudlets is:1618
30592.616800000014: MET_Broker: Cloudlet #1621 return received
30592.616800000014: MET_Broker: The number of finished Cloudlets is:1619
30593.959600000013: MET_Broker: Cloudlet #1620 return received
30593.959600000013: MET_Broker: The number of finished Cloudlets is:1620
30637.25400000001: MET_Broker: Cloudlet #1622 return received
30637.25400000001: MET_Broker: The number of finished Cloudlets is:1621
30686.85440000001: MET_Broker: Cloudlet #1624 return received
30686.85440000001: MET_Broker: The number of finished Cloudlets is:1622
30756.018800000013: MET_Broker: Cloudlet #1617 return received
30756.018800000013: MET_Broker: The number of finished Cloudlets is:1623
30766.171600000012: MET_Broker: Cloudlet #1616 return received
30766.171600000012: MET_Broker: The number of finished Cloudlets is:1624
30787.191600000013: MET_Broker: Cloudlet #1623 return received
30787.191600000013: MET_Broker: The number of finished Cloudlets is:1625
30794.206400000014: MET_Broker: Cloudlet #1628 return received
30794.206400000014: MET_Broker: The number of finished Cloudlets is:1626
30799.558400000013: MET_Broker: Cloudlet #1627 return received
30799.558400000013: MET_Broker: The number of finished Cloudlets is:1627
30841.083600000013: MET_Broker: Cloudlet #1625 return received
30841.083600000013: MET_Broker: The number of finished Cloudlets is:1628
30849.003200000014: MET_Broker: Cloudlet #1629 return received
30849.003200000014: MET_Broker: The number of finished Cloudlets is:1629
30853.674000000014: MET_Broker: Cloudlet #1631 return received
30853.674000000014: MET_Broker: The number of finished Cloudlets is:1630
30872.117200000015: MET_Broker: Cloudlet #1633 return received
30872.117200000015: MET_Broker: The number of finished Cloudlets is:1631
30925.924000000014: MET_Broker: Cloudlet #1626 return received
30925.924000000014: MET_Broker: The number of finished Cloudlets is:1632
30927.392800000012: MET_Broker: Cloudlet #1634 return received
30927.392800000012: MET_Broker: The number of finished Cloudlets is:1633
30981.17440000001: MET_Broker: Cloudlet #1635 return received
30981.17440000001: MET_Broker: The number of finished Cloudlets is:1634
31036.31640000001: MET_Broker: Cloudlet #1632 return received
31036.31640000001: MET_Broker: The number of finished Cloudlets is:1635
31056.73360000001: MET_Broker: Cloudlet #1637 return received
31056.73360000001: MET_Broker: The number of finished Cloudlets is:1636
31064.09880000001: MET_Broker: Cloudlet #1639 return received
31064.09880000001: MET_Broker: The number of finished Cloudlets is:1637
31089.04880000001: MET_Broker: Cloudlet #1638 return received
31089.04880000001: MET_Broker: The number of finished Cloudlets is:1638
31096.619200000012: MET_Broker: Cloudlet #1640 return received
31096.619200000012: MET_Broker: The number of finished Cloudlets is:1639
31112.182800000013: MET_Broker: Cloudlet #1642 return received
31112.182800000013: MET_Broker: The number of finished Cloudlets is:1640
31118.930000000015: MET_Broker: Cloudlet #1636 return received
31118.930000000015: MET_Broker: The number of finished Cloudlets is:1641
31133.556400000016: MET_Broker: Cloudlet #1630 return received
31133.556400000016: MET_Broker: The number of finished Cloudlets is:1642
31144.201600000015: MET_Broker: Cloudlet #1641 return received
31144.201600000015: MET_Broker: The number of finished Cloudlets is:1643
31166.841600000014: MET_Broker: Cloudlet #1643 return received
31166.841600000014: MET_Broker: The number of finished Cloudlets is:1644
31191.330400000013: MET_Broker: Cloudlet #1647 return received
31191.330400000013: MET_Broker: The number of finished Cloudlets is:1645
31217.177600000014: MET_Broker: Cloudlet #1646 return received
31217.177600000014: MET_Broker: The number of finished Cloudlets is:1646
31243.812800000014: MET_Broker: Cloudlet #1648 return received
31243.812800000014: MET_Broker: The number of finished Cloudlets is:1647
31249.869200000016: MET_Broker: Cloudlet #1650 return received
31249.869200000016: MET_Broker: The number of finished Cloudlets is:1648
31252.675600000017: MET_Broker: Cloudlet #1644 return received
31252.675600000017: MET_Broker: The number of finished Cloudlets is:1649
31283.71600000002: MET_Broker: Cloudlet #1645 return received
31283.71600000002: MET_Broker: The number of finished Cloudlets is:1650
31289.49360000002: MET_Broker: Cloudlet #1651 return received
31289.49360000002: MET_Broker: The number of finished Cloudlets is:1651
31304.51000000002: MET_Broker: Cloudlet #1654 return received
31304.51000000002: MET_Broker: The number of finished Cloudlets is:1652
31308.86040000002: MET_Broker: Cloudlet #1652 return received
31308.86040000002: MET_Broker: The number of finished Cloudlets is:1653
31330.36520000002: MET_Broker: Cloudlet #1656 return received
31330.36520000002: MET_Broker: The number of finished Cloudlets is:1654
31333.52880000002: MET_Broker: Cloudlet #1653 return received
31333.52880000002: MET_Broker: The number of finished Cloudlets is:1655
31354.488800000017: MET_Broker: Cloudlet #1655 return received
31354.488800000017: MET_Broker: The number of finished Cloudlets is:1656
31369.54680000002: MET_Broker: Cloudlet #1657 return received
31369.54680000002: MET_Broker: The number of finished Cloudlets is:1657
31378.41200000002: MET_Broker: Cloudlet #1659 return received
31378.41200000002: MET_Broker: The number of finished Cloudlets is:1658
31399.958400000018: MET_Broker: Cloudlet #1658 return received
31399.958400000018: MET_Broker: The number of finished Cloudlets is:1659
31400.823600000018: MET_Broker: Cloudlet #1661 return received
31400.823600000018: MET_Broker: The number of finished Cloudlets is:1660
31413.49840000002: MET_Broker: Cloudlet #1660 return received
31413.49840000002: MET_Broker: The number of finished Cloudlets is:1661
31438.59440000002: MET_Broker: Cloudlet #1664 return received
31438.59440000002: MET_Broker: The number of finished Cloudlets is:1662
31443.22000000002: MET_Broker: Cloudlet #1662 return received
31443.22000000002: MET_Broker: The number of finished Cloudlets is:1663
31448.33000000002: MET_Broker: Cloudlet #1663 return received
31448.33000000002: MET_Broker: The number of finished Cloudlets is:1664
31476.23160000002: MET_Broker: Cloudlet #1665 return received
31476.23160000002: MET_Broker: The number of finished Cloudlets is:1665
31499.35840000002: MET_Broker: Cloudlet #1668 return received
31499.35840000002: MET_Broker: The number of finished Cloudlets is:1666
31501.85800000002: MET_Broker: Cloudlet #1667 return received
31501.85800000002: MET_Broker: The number of finished Cloudlets is:1667
31508.05280000002: MET_Broker: Cloudlet #1669 return received
31508.05280000002: MET_Broker: The number of finished Cloudlets is:1668
31538.00440000002: MET_Broker: Cloudlet #1671 return received
31538.00440000002: MET_Broker: The number of finished Cloudlets is:1669
31551.47800000002: MET_Broker: Cloudlet #1666 return received
31551.47800000002: MET_Broker: The number of finished Cloudlets is:1670
31556.66880000002: MET_Broker: Cloudlet #1670 return received
31556.66880000002: MET_Broker: The number of finished Cloudlets is:1671
31567.86760000002: MET_Broker: Cloudlet #1649 return received
31567.86760000002: MET_Broker: The number of finished Cloudlets is:1672
31571.34360000002: MET_Broker: Cloudlet #1673 return received
31571.34360000002: MET_Broker: The number of finished Cloudlets is:1673
31579.76280000002: MET_Broker: Cloudlet #1676 return received
31579.76280000002: MET_Broker: The number of finished Cloudlets is:1674
31595.82080000002: MET_Broker: Cloudlet #1672 return received
31595.82080000002: MET_Broker: The number of finished Cloudlets is:1675
31599.258800000018: MET_Broker: Cloudlet #1675 return received
31599.258800000018: MET_Broker: The number of finished Cloudlets is:1676
31612.414800000017: MET_Broker: Cloudlet #1674 return received
31612.414800000017: MET_Broker: The number of finished Cloudlets is:1677
31628.665200000018: MET_Broker: Cloudlet #1677 return received
31628.665200000018: MET_Broker: The number of finished Cloudlets is:1678
31651.63680000002: MET_Broker: Cloudlet #1678 return received
31651.63680000002: MET_Broker: The number of finished Cloudlets is:1679
31655.82800000002: MET_Broker: Cloudlet #1679 return received
31655.82800000002: MET_Broker: The number of finished Cloudlets is:1680
31668.23160000002: MET_Broker: Cloudlet #1683 return received
31668.23160000002: MET_Broker: The number of finished Cloudlets is:1681
31687.318400000022: MET_Broker: Cloudlet #1684 return received
31687.318400000022: MET_Broker: The number of finished Cloudlets is:1682
31687.38960000002: MET_Broker: Cloudlet #1681 return received
31687.38960000002: MET_Broker: The number of finished Cloudlets is:1683
31697.13480000002: MET_Broker: Cloudlet #1686 return received
31697.13480000002: MET_Broker: The number of finished Cloudlets is:1684
31705.70640000002: MET_Broker: Cloudlet #1680 return received
31705.70640000002: MET_Broker: The number of finished Cloudlets is:1685
31720.72240000002: MET_Broker: Cloudlet #1687 return received
31720.72240000002: MET_Broker: The number of finished Cloudlets is:1686
31742.24040000002: MET_Broker: Cloudlet #1689 return received
31742.24040000002: MET_Broker: The number of finished Cloudlets is:1687
31748.65760000002: MET_Broker: Cloudlet #1688 return received
31748.65760000002: MET_Broker: The number of finished Cloudlets is:1688
31759.219600000022: MET_Broker: Cloudlet #1691 return received
31759.219600000022: MET_Broker: The number of finished Cloudlets is:1689
31767.432000000023: MET_Broker: Cloudlet #1690 return received
31767.432000000023: MET_Broker: The number of finished Cloudlets is:1690
31772.358800000024: MET_Broker: Cloudlet #1692 return received
31772.358800000024: MET_Broker: The number of finished Cloudlets is:1691
31776.992000000024: MET_Broker: Cloudlet #1682 return received
31776.992000000024: MET_Broker: The number of finished Cloudlets is:1692
31803.882000000023: MET_Broker: Cloudlet #1695 return received
31803.882000000023: MET_Broker: The number of finished Cloudlets is:1693
31815.978800000023: MET_Broker: Cloudlet #1694 return received
31815.978800000023: MET_Broker: The number of finished Cloudlets is:1694
31835.808800000024: MET_Broker: Cloudlet #1696 return received
31835.808800000024: MET_Broker: The number of finished Cloudlets is:1695
31839.105200000024: MET_Broker: Cloudlet #1685 return received
31839.105200000024: MET_Broker: The number of finished Cloudlets is:1696
31869.684000000023: MET_Broker: Cloudlet #1698 return received
31869.684000000023: MET_Broker: The number of finished Cloudlets is:1697
31875.233200000024: MET_Broker: Cloudlet #1699 return received
31875.233200000024: MET_Broker: The number of finished Cloudlets is:1698
31888.196000000025: MET_Broker: Cloudlet #1701 return received
31888.196000000025: MET_Broker: The number of finished Cloudlets is:1699
31898.322800000024: MET_Broker: Cloudlet #1702 return received
31898.322800000024: MET_Broker: The number of finished Cloudlets is:1700
31937.128000000022: MET_Broker: Cloudlet #1703 return received
31937.128000000022: MET_Broker: The number of finished Cloudlets is:1701
31950.92760000002: MET_Broker: Cloudlet #1693 return received
31950.92760000002: MET_Broker: The number of finished Cloudlets is:1702
31983.14360000002: MET_Broker: Cloudlet #1705 return received
31983.14360000002: MET_Broker: The number of finished Cloudlets is:1703
31986.29800000002: MET_Broker: Cloudlet #1704 return received
31986.29800000002: MET_Broker: The number of finished Cloudlets is:1704
31998.664000000022: MET_Broker: Cloudlet #1707 return received
31998.664000000022: MET_Broker: The number of finished Cloudlets is:1705
32002.858000000022: MET_Broker: Cloudlet #1697 return received
32002.858000000022: MET_Broker: The number of finished Cloudlets is:1706
32034.962800000023: MET_Broker: Cloudlet #1700 return received
32034.962800000023: MET_Broker: The number of finished Cloudlets is:1707
32088.921600000023: MET_Broker: Cloudlet #1710 return received
32088.921600000023: MET_Broker: The number of finished Cloudlets is:1708
32131.67440000002: MET_Broker: Cloudlet #1711 return received
32131.67440000002: MET_Broker: The number of finished Cloudlets is:1709
32184.44560000002: MET_Broker: Cloudlet #1712 return received
32184.44560000002: MET_Broker: The number of finished Cloudlets is:1710
32195.99760000002: MET_Broker: Cloudlet #1713 return received
32195.99760000002: MET_Broker: The number of finished Cloudlets is:1711
32198.21760000002: MET_Broker: Cloudlet #1709 return received
32198.21760000002: MET_Broker: The number of finished Cloudlets is:1712
32201.09840000002: MET_Broker: Cloudlet #1706 return received
32201.09840000002: MET_Broker: The number of finished Cloudlets is:1713
32206.00800000002: MET_Broker: Cloudlet #1714 return received
32206.00800000002: MET_Broker: The number of finished Cloudlets is:1714
32220.11560000002: MET_Broker: Cloudlet #1717 return received
32220.11560000002: MET_Broker: The number of finished Cloudlets is:1715
32251.114800000018: MET_Broker: Cloudlet #1715 return received
32251.114800000018: MET_Broker: The number of finished Cloudlets is:1716
32252.88720000002: MET_Broker: Cloudlet #1716 return received
32252.88720000002: MET_Broker: The number of finished Cloudlets is:1717
32256.242800000018: MET_Broker: Cloudlet #1708 return received
32256.242800000018: MET_Broker: The number of finished Cloudlets is:1718
32272.75760000002: MET_Broker: Cloudlet #1720 return received
32272.75760000002: MET_Broker: The number of finished Cloudlets is:1719
32282.94360000002: MET_Broker: Cloudlet #1719 return received
32282.94360000002: MET_Broker: The number of finished Cloudlets is:1720
32292.11440000002: MET_Broker: Cloudlet #1722 return received
32292.11440000002: MET_Broker: The number of finished Cloudlets is:1721
32304.55360000002: MET_Broker: Cloudlet #1721 return received
32304.55360000002: MET_Broker: The number of finished Cloudlets is:1722
32314.20440000002: MET_Broker: Cloudlet #1724 return received
32314.20440000002: MET_Broker: The number of finished Cloudlets is:1723
32357.41600000002: MET_Broker: Cloudlet #1726 return received
32357.41600000002: MET_Broker: The number of finished Cloudlets is:1724
32416.422400000018: MET_Broker: Cloudlet #1718 return received
32416.422400000018: MET_Broker: The number of finished Cloudlets is:1725
32434.751200000017: MET_Broker: Cloudlet #1728 return received
32434.751200000017: MET_Broker: The number of finished Cloudlets is:1726
32438.184800000017: MET_Broker: Cloudlet #1725 return received
32438.184800000017: MET_Broker: The number of finished Cloudlets is:1727
32446.338800000016: MET_Broker: Cloudlet #1729 return received
32446.338800000016: MET_Broker: The number of finished Cloudlets is:1728
32462.569600000017: MET_Broker: Cloudlet #1723 return received
32462.569600000017: MET_Broker: The number of finished Cloudlets is:1729
32462.851600000016: MET_Broker: Cloudlet #1731 return received
32462.851600000016: MET_Broker: The number of finished Cloudlets is:1730
32473.782000000017: MET_Broker: Cloudlet #1732 return received
32473.782000000017: MET_Broker: The number of finished Cloudlets is:1731
32490.79320000002: MET_Broker: Cloudlet #1734 return received
32490.79320000002: MET_Broker: The number of finished Cloudlets is:1732
32492.665200000018: MET_Broker: Cloudlet #1730 return received
32492.665200000018: MET_Broker: The number of finished Cloudlets is:1733
32501.671600000016: MET_Broker: Cloudlet #1733 return received
32501.671600000016: MET_Broker: The number of finished Cloudlets is:1734
32519.470400000017: MET_Broker: Cloudlet #1727 return received
32519.470400000017: MET_Broker: The number of finished Cloudlets is:1735
32525.115600000016: MET_Broker: Cloudlet #1737 return received
32525.115600000016: MET_Broker: The number of finished Cloudlets is:1736
32539.729600000017: MET_Broker: Cloudlet #1735 return received
32539.729600000017: MET_Broker: The number of finished Cloudlets is:1737
32547.536400000015: MET_Broker: Cloudlet #1736 return received
32547.536400000015: MET_Broker: The number of finished Cloudlets is:1738
32554.612800000017: MET_Broker: Cloudlet #1741 return received
32554.612800000017: MET_Broker: The number of finished Cloudlets is:1739
32584.07760000002: MET_Broker: Cloudlet #1739 return received
32584.07760000002: MET_Broker: The number of finished Cloudlets is:1740
32595.08560000002: MET_Broker: Cloudlet #1740 return received
32595.08560000002: MET_Broker: The number of finished Cloudlets is:1741
32601.144000000022: MET_Broker: Cloudlet #1743 return received
32601.144000000022: MET_Broker: The number of finished Cloudlets is:1742
32622.45640000002: MET_Broker: Cloudlet #1745 return received
32622.45640000002: MET_Broker: The number of finished Cloudlets is:1743
32628.32280000002: MET_Broker: Cloudlet #1744 return received
32628.32280000002: MET_Broker: The number of finished Cloudlets is:1744
32629.28440000002: MET_Broker: Cloudlet #1738 return received
32629.28440000002: MET_Broker: The number of finished Cloudlets is:1745
32633.55320000002: MET_Broker: Cloudlet #1746 return received
32633.55320000002: MET_Broker: The number of finished Cloudlets is:1746
32646.53640000002: MET_Broker: Cloudlet #1747 return received
32646.53640000002: MET_Broker: The number of finished Cloudlets is:1747
32656.86800000002: MET_Broker: Cloudlet #1748 return received
32656.86800000002: MET_Broker: The number of finished Cloudlets is:1748
32667.85920000002: MET_Broker: Cloudlet #1751 return received
32667.85920000002: MET_Broker: The number of finished Cloudlets is:1749
32675.23560000002: MET_Broker: Cloudlet #1750 return received
32675.23560000002: MET_Broker: The number of finished Cloudlets is:1750
32681.44520000002: MET_Broker: Cloudlet #1752 return received
32681.44520000002: MET_Broker: The number of finished Cloudlets is:1751
32686.78000000002: MET_Broker: Cloudlet #1749 return received
32686.78000000002: MET_Broker: The number of finished Cloudlets is:1752
32697.755600000022: MET_Broker: Cloudlet #1742 return received
32697.755600000022: MET_Broker: The number of finished Cloudlets is:1753
32714.099600000023: MET_Broker: Cloudlet #1754 return received
32714.099600000023: MET_Broker: The number of finished Cloudlets is:1754
32732.91720000002: MET_Broker: Cloudlet #1753 return received
32732.91720000002: MET_Broker: The number of finished Cloudlets is:1755
32735.14520000002: MET_Broker: Cloudlet #1755 return received
32735.14520000002: MET_Broker: The number of finished Cloudlets is:1756
32743.42720000002: MET_Broker: Cloudlet #1756 return received
32743.42720000002: MET_Broker: The number of finished Cloudlets is:1757
32749.22600000002: MET_Broker: Cloudlet #1759 return received
32749.22600000002: MET_Broker: The number of finished Cloudlets is:1758
32768.85520000002: MET_Broker: Cloudlet #1761 return received
32768.85520000002: MET_Broker: The number of finished Cloudlets is:1759
32778.50000000002: MET_Broker: Cloudlet #1758 return received
32778.50000000002: MET_Broker: The number of finished Cloudlets is:1760
32844.09200000002: MET_Broker: Cloudlet #1760 return received
32844.09200000002: MET_Broker: The number of finished Cloudlets is:1761
32844.41520000002: MET_Broker: Cloudlet #1757 return received
32844.41520000002: MET_Broker: The number of finished Cloudlets is:1762
32845.47040000002: MET_Broker: Cloudlet #1762 return received
32845.47040000002: MET_Broker: The number of finished Cloudlets is:1763
32870.74120000002: MET_Broker: Cloudlet #1765 return received
32870.74120000002: MET_Broker: The number of finished Cloudlets is:1764
32886.30000000002: MET_Broker: Cloudlet #1767 return received
32886.30000000002: MET_Broker: The number of finished Cloudlets is:1765
32903.362000000016: MET_Broker: Cloudlet #1764 return received
32903.362000000016: MET_Broker: The number of finished Cloudlets is:1766
32905.09840000002: MET_Broker: Cloudlet #1768 return received
32905.09840000002: MET_Broker: The number of finished Cloudlets is:1767
32936.219200000014: MET_Broker: Cloudlet #1770 return received
32936.219200000014: MET_Broker: The number of finished Cloudlets is:1768
32940.350800000015: MET_Broker: Cloudlet #1763 return received
32940.350800000015: MET_Broker: The number of finished Cloudlets is:1769
32941.60520000001: MET_Broker: Cloudlet #1769 return received
32941.60520000001: MET_Broker: The number of finished Cloudlets is:1770
32984.155200000016: MET_Broker: Cloudlet #1772 return received
32984.155200000016: MET_Broker: The number of finished Cloudlets is:1771
33002.424800000015: MET_Broker: Cloudlet #1774 return received
33002.424800000015: MET_Broker: The number of finished Cloudlets is:1772
33014.94280000001: MET_Broker: Cloudlet #1775 return received
33014.94280000001: MET_Broker: The number of finished Cloudlets is:1773
33028.79080000001: MET_Broker: Cloudlet #1776 return received
33028.79080000001: MET_Broker: The number of finished Cloudlets is:1774
33031.86600000001: MET_Broker: Cloudlet #1766 return received
33031.86600000001: MET_Broker: The number of finished Cloudlets is:1775
33040.57200000001: MET_Broker: Cloudlet #1777 return received
33040.57200000001: MET_Broker: The number of finished Cloudlets is:1776
33047.62720000001: MET_Broker: Cloudlet #1779 return received
33047.62720000001: MET_Broker: The number of finished Cloudlets is:1777
33059.79280000001: MET_Broker: Cloudlet #1780 return received
33059.79280000001: MET_Broker: The number of finished Cloudlets is:1778
33076.05920000001: MET_Broker: Cloudlet #1778 return received
33076.05920000001: MET_Broker: The number of finished Cloudlets is:1779
33083.69120000001: MET_Broker: Cloudlet #1782 return received
33083.69120000001: MET_Broker: The number of finished Cloudlets is:1780
33114.39280000001: MET_Broker: Cloudlet #1781 return received
33114.39280000001: MET_Broker: The number of finished Cloudlets is:1781
33133.12320000001: MET_Broker: Cloudlet #1784 return received
33133.12320000001: MET_Broker: The number of finished Cloudlets is:1782
33142.75000000001: MET_Broker: Cloudlet #1771 return received
33142.75000000001: MET_Broker: The number of finished Cloudlets is:1783
33192.421200000004: MET_Broker: Cloudlet #1786 return received
33192.421200000004: MET_Broker: The number of finished Cloudlets is:1784
33237.770000000004: MET_Broker: Cloudlet #1783 return received
33237.770000000004: MET_Broker: The number of finished Cloudlets is:1785
33251.22320000001: MET_Broker: Cloudlet #1787 return received
33251.22320000001: MET_Broker: The number of finished Cloudlets is:1786
33269.20880000001: MET_Broker: Cloudlet #1789 return received
33269.20880000001: MET_Broker: The number of finished Cloudlets is:1787
33270.54920000001: MET_Broker: Cloudlet #1773 return received
33270.54920000001: MET_Broker: The number of finished Cloudlets is:1788
33325.895200000006: MET_Broker: Cloudlet #1790 return received
33325.895200000006: MET_Broker: The number of finished Cloudlets is:1789
33327.11400000001: MET_Broker: Cloudlet #1791 return received
33327.11400000001: MET_Broker: The number of finished Cloudlets is:1790
33404.826400000005: MET_Broker: Cloudlet #1788 return received
33404.826400000005: MET_Broker: The number of finished Cloudlets is:1791
33411.140400000004: MET_Broker: Cloudlet #1785 return received
33411.140400000004: MET_Broker: The number of finished Cloudlets is:1792
33440.7004: MET_Broker: Cloudlet #1793 return received
33440.7004: MET_Broker: The number of finished Cloudlets is:1793
33443.104: MET_Broker: Cloudlet #1792 return received
33443.104: MET_Broker: The number of finished Cloudlets is:1794
33455.3168: MET_Broker: Cloudlet #1794 return received
33455.3168: MET_Broker: The number of finished Cloudlets is:1795
33465.3916: MET_Broker: Cloudlet #1798 return received
33465.3916: MET_Broker: The number of finished Cloudlets is:1796
33488.2496: MET_Broker: Cloudlet #1795 return received
33488.2496: MET_Broker: The number of finished Cloudlets is:1797
33496.968: MET_Broker: Cloudlet #1797 return received
33496.968: MET_Broker: The number of finished Cloudlets is:1798
33508.638: MET_Broker: Cloudlet #1799 return received
33508.638: MET_Broker: The number of finished Cloudlets is:1799
33514.5488: MET_Broker: Cloudlet #1801 return received
33514.5488: MET_Broker: The number of finished Cloudlets is:1800
33517.6576: MET_Broker: Cloudlet #1800 return received
33517.6576: MET_Broker: The number of finished Cloudlets is:1801
33551.9552: MET_Broker: Cloudlet #1803 return received
33551.9552: MET_Broker: The number of finished Cloudlets is:1802
33560.5108: MET_Broker: Cloudlet #1804 return received
33560.5108: MET_Broker: The number of finished Cloudlets is:1803
33566.704: MET_Broker: Cloudlet #1802 return received
33566.704: MET_Broker: The number of finished Cloudlets is:1804
33577.7772: MET_Broker: Cloudlet #1806 return received
33577.7772: MET_Broker: The number of finished Cloudlets is:1805
33578.8244: MET_Broker: Cloudlet #1805 return received
33578.8244: MET_Broker: The number of finished Cloudlets is:1806
33586.011999999995: MET_Broker: Cloudlet #1807 return received
33586.011999999995: MET_Broker: The number of finished Cloudlets is:1807
33595.916399999995: MET_Broker: Cloudlet #1809 return received
33595.916399999995: MET_Broker: The number of finished Cloudlets is:1808
33608.3584: MET_Broker: Cloudlet #1796 return received
33608.3584: MET_Broker: The number of finished Cloudlets is:1809
33629.714799999994: MET_Broker: Cloudlet #1812 return received
33629.714799999994: MET_Broker: The number of finished Cloudlets is:1810
33642.99599999999: MET_Broker: Cloudlet #1810 return received
33642.99599999999: MET_Broker: The number of finished Cloudlets is:1811
33647.91559999999: MET_Broker: Cloudlet #1811 return received
33647.91559999999: MET_Broker: The number of finished Cloudlets is:1812
33659.50399999999: MET_Broker: Cloudlet #1808 return received
33659.50399999999: MET_Broker: The number of finished Cloudlets is:1813
33678.00759999999: MET_Broker: Cloudlet #1816 return received
33678.00759999999: MET_Broker: The number of finished Cloudlets is:1814
33724.34239999999: MET_Broker: Cloudlet #1817 return received
33724.34239999999: MET_Broker: The number of finished Cloudlets is:1815
33755.46359999999: MET_Broker: Cloudlet #1818 return received
33755.46359999999: MET_Broker: The number of finished Cloudlets is:1816
33763.86999999999: MET_Broker: Cloudlet #1813 return received
33763.86999999999: MET_Broker: The number of finished Cloudlets is:1817
33774.48719999999: MET_Broker: Cloudlet #1820 return received
33774.48719999999: MET_Broker: The number of finished Cloudlets is:1818
33786.10839999999: MET_Broker: Cloudlet #1815 return received
33786.10839999999: MET_Broker: The number of finished Cloudlets is:1819
33801.87959999999: MET_Broker: Cloudlet #1819 return received
33801.87959999999: MET_Broker: The number of finished Cloudlets is:1820
33806.55239999999: MET_Broker: Cloudlet #1821 return received
33806.55239999999: MET_Broker: The number of finished Cloudlets is:1821
33828.38199999999: MET_Broker: Cloudlet #1814 return received
33828.38199999999: MET_Broker: The number of finished Cloudlets is:1822
33834.43159999999: MET_Broker: Cloudlet #1822 return received
33834.43159999999: MET_Broker: The number of finished Cloudlets is:1823
33840.79919999999: MET_Broker: Cloudlet #1825 return received
33840.79919999999: MET_Broker: The number of finished Cloudlets is:1824
33863.45119999999: MET_Broker: Cloudlet #1827 return received
33863.45119999999: MET_Broker: The number of finished Cloudlets is:1825
33866.367199999986: MET_Broker: Cloudlet #1824 return received
33866.367199999986: MET_Broker: The number of finished Cloudlets is:1826
33877.934399999984: MET_Broker: Cloudlet #1826 return received
33877.934399999984: MET_Broker: The number of finished Cloudlets is:1827
33907.20319999998: MET_Broker: Cloudlet #1829 return received
33907.20319999998: MET_Broker: The number of finished Cloudlets is:1828
33909.23199999998: MET_Broker: Cloudlet #1828 return received
33909.23199999998: MET_Broker: The number of finished Cloudlets is:1829
33918.42319999998: MET_Broker: Cloudlet #1831 return received
33918.42319999998: MET_Broker: The number of finished Cloudlets is:1830
33924.931199999985: MET_Broker: Cloudlet #1833 return received
33924.931199999985: MET_Broker: The number of finished Cloudlets is:1831
33952.487599999986: MET_Broker: Cloudlet #1832 return received
33952.487599999986: MET_Broker: The number of finished Cloudlets is:1832
33964.25599999999: MET_Broker: Cloudlet #1834 return received
33964.25599999999: MET_Broker: The number of finished Cloudlets is:1833
33991.615199999986: MET_Broker: Cloudlet #1830 return received
33991.615199999986: MET_Broker: The number of finished Cloudlets is:1834
34007.95439999999: MET_Broker: Cloudlet #1836 return received
34007.95439999999: MET_Broker: The number of finished Cloudlets is:1835
34010.552399999986: MET_Broker: Cloudlet #1837 return received
34010.552399999986: MET_Broker: The number of finished Cloudlets is:1836
34014.14279999999: MET_Broker: Cloudlet #1838 return received
34014.14279999999: MET_Broker: The number of finished Cloudlets is:1837
34022.044399999984: MET_Broker: Cloudlet #1839 return received
34022.044399999984: MET_Broker: The number of finished Cloudlets is:1838
34106.701599999986: MET_Broker: Cloudlet #1823 return received
34106.701599999986: MET_Broker: The number of finished Cloudlets is:1839
34116.11159999999: MET_Broker: Cloudlet #1835 return received
34116.11159999999: MET_Broker: The number of finished Cloudlets is:1840
34116.36159999999: MET_Broker: Cloudlet #1842 return received
34116.36159999999: MET_Broker: The number of finished Cloudlets is:1841
34162.42039999999: MET_Broker: Cloudlet #1843 return received
34162.42039999999: MET_Broker: The number of finished Cloudlets is:1842
34168.75119999999: MET_Broker: Cloudlet #1840 return received
34168.75119999999: MET_Broker: The number of finished Cloudlets is:1843
34170.839199999995: MET_Broker: Cloudlet #1841 return received
34170.839199999995: MET_Broker: The number of finished Cloudlets is:1844
34187.691199999994: MET_Broker: Cloudlet #1845 return received
34187.691199999994: MET_Broker: The number of finished Cloudlets is:1845
34224.941999999995: MET_Broker: Cloudlet #1846 return received
34224.941999999995: MET_Broker: The number of finished Cloudlets is:1846
34252.6784: MET_Broker: Cloudlet #1849 return received
34252.6784: MET_Broker: The number of finished Cloudlets is:1847
34252.7608: MET_Broker: Cloudlet #1844 return received
34252.7608: MET_Broker: The number of finished Cloudlets is:1848
34271.099599999994: MET_Broker: Cloudlet #1851 return received
34271.099599999994: MET_Broker: The number of finished Cloudlets is:1849
34288.31079999999: MET_Broker: Cloudlet #1852 return received
34288.31079999999: MET_Broker: The number of finished Cloudlets is:1850
34303.99919999999: MET_Broker: Cloudlet #1850 return received
34303.99919999999: MET_Broker: The number of finished Cloudlets is:1851
34327.786799999994: MET_Broker: Cloudlet #1853 return received
34327.786799999994: MET_Broker: The number of finished Cloudlets is:1852
34336.6136: MET_Broker: Cloudlet #1848 return received
34336.6136: MET_Broker: The number of finished Cloudlets is:1853
34339.9568: MET_Broker: Cloudlet #1854 return received
34339.9568: MET_Broker: The number of finished Cloudlets is:1854
34340.7808: MET_Broker: Cloudlet #1855 return received
34340.7808: MET_Broker: The number of finished Cloudlets is:1855
34359.0232: MET_Broker: Cloudlet #1858 return received
34359.0232: MET_Broker: The number of finished Cloudlets is:1856
34362.3312: MET_Broker: Cloudlet #1856 return received
34362.3312: MET_Broker: The number of finished Cloudlets is:1857
34387.1376: MET_Broker: Cloudlet #1860 return received
34387.1376: MET_Broker: The number of finished Cloudlets is:1858
34389.468: MET_Broker: Cloudlet #1859 return received
34389.468: MET_Broker: The number of finished Cloudlets is:1859
34409.6168: MET_Broker: Cloudlet #1862 return received
34409.6168: MET_Broker: The number of finished Cloudlets is:1860
34420.6828: MET_Broker: Cloudlet #1861 return received
34420.6828: MET_Broker: The number of finished Cloudlets is:1861
34429.6852: MET_Broker: Cloudlet #1864 return received
34429.6852: MET_Broker: The number of finished Cloudlets is:1862
34477.2336: MET_Broker: Cloudlet #1847 return received
34477.2336: MET_Broker: The number of finished Cloudlets is:1863
34484.2456: MET_Broker: Cloudlet #1865 return received
34484.2456: MET_Broker: The number of finished Cloudlets is:1864
34497.996: MET_Broker: Cloudlet #1867 return received
34497.996: MET_Broker: The number of finished Cloudlets is:1865
34503.8796: MET_Broker: Cloudlet #1866 return received
34503.8796: MET_Broker: The number of finished Cloudlets is:1866
34504.7568: MET_Broker: Cloudlet #1868 return received
34504.7568: MET_Broker: The number of finished Cloudlets is:1867
34511.558000000005: MET_Broker: Cloudlet #1869 return received
34511.558000000005: MET_Broker: The number of finished Cloudlets is:1868
34519.365600000005: MET_Broker: Cloudlet #1871 return received
34519.365600000005: MET_Broker: The number of finished Cloudlets is:1869
34619.642400000004: MET_Broker: Cloudlet #1863 return received
34619.642400000004: MET_Broker: The number of finished Cloudlets is:1870
34635.9392: MET_Broker: Cloudlet #1857 return received
34635.9392: MET_Broker: The number of finished Cloudlets is:1871
34662.56: MET_Broker: Cloudlet #1874 return received
34662.56: MET_Broker: The number of finished Cloudlets is:1872
34672.1332: MET_Broker: Cloudlet #1873 return received
34672.1332: MET_Broker: The number of finished Cloudlets is:1873
34676.7472: MET_Broker: Cloudlet #1870 return received
34676.7472: MET_Broker: The number of finished Cloudlets is:1874
34680.1616: MET_Broker: Cloudlet #1875 return received
34680.1616: MET_Broker: The number of finished Cloudlets is:1875
34692.7028: MET_Broker: Cloudlet #1878 return received
34692.7028: MET_Broker: The number of finished Cloudlets is:1876
34702.9624: MET_Broker: Cloudlet #1879 return received
34702.9624: MET_Broker: The number of finished Cloudlets is:1877
34719.693999999996: MET_Broker: Cloudlet #1872 return received
34719.693999999996: MET_Broker: The number of finished Cloudlets is:1878
34729.929599999996: MET_Broker: Cloudlet #1881 return received
34729.929599999996: MET_Broker: The number of finished Cloudlets is:1879
34735.85599999999: MET_Broker: Cloudlet #1877 return received
34735.85599999999: MET_Broker: The number of finished Cloudlets is:1880
34737.62479999999: MET_Broker: Cloudlet #1880 return received
34737.62479999999: MET_Broker: The number of finished Cloudlets is:1881
34742.89759999999: MET_Broker: Cloudlet #1883 return received
34742.89759999999: MET_Broker: The number of finished Cloudlets is:1882
34751.37639999999: MET_Broker: Cloudlet #1876 return received
34751.37639999999: MET_Broker: The number of finished Cloudlets is:1883
34753.04359999999: MET_Broker: Cloudlet #1885 return received
34753.04359999999: MET_Broker: The number of finished Cloudlets is:1884
34769.98599999999: MET_Broker: Cloudlet #1882 return received
34769.98599999999: MET_Broker: The number of finished Cloudlets is:1885
34801.91319999999: MET_Broker: Cloudlet #1888 return received
34801.91319999999: MET_Broker: The number of finished Cloudlets is:1886
34824.755199999985: MET_Broker: Cloudlet #1889 return received
34824.755199999985: MET_Broker: The number of finished Cloudlets is:1887
34826.474399999985: MET_Broker: Cloudlet #1884 return received
34826.474399999985: MET_Broker: The number of finished Cloudlets is:1888
34841.13039999999: MET_Broker: Cloudlet #1890 return received
34841.13039999999: MET_Broker: The number of finished Cloudlets is:1889
34851.81119999999: MET_Broker: Cloudlet #1892 return received
34851.81119999999: MET_Broker: The number of finished Cloudlets is:1890
34892.36159999999: MET_Broker: Cloudlet #1886 return received
34892.36159999999: MET_Broker: The number of finished Cloudlets is:1891
34896.15239999999: MET_Broker: Cloudlet #1893 return received
34896.15239999999: MET_Broker: The number of finished Cloudlets is:1892
34922.85999999999: MET_Broker: Cloudlet #1891 return received
34922.85999999999: MET_Broker: The number of finished Cloudlets is:1893
34939.270399999994: MET_Broker: Cloudlet #1894 return received
34939.270399999994: MET_Broker: The number of finished Cloudlets is:1894
35044.189999999995: MET_Broker: Cloudlet #1897 return received
35044.189999999995: MET_Broker: The number of finished Cloudlets is:1895
35046.36639999999: MET_Broker: Cloudlet #1896 return received
35046.36639999999: MET_Broker: The number of finished Cloudlets is:1896
35058.623199999995: MET_Broker: Cloudlet #1899 return received
35058.623199999995: MET_Broker: The number of finished Cloudlets is:1897
35090.848399999995: MET_Broker: Cloudlet #1887 return received
35090.848399999995: MET_Broker: The number of finished Cloudlets is:1898
35107.6352: MET_Broker: Cloudlet #1900 return received
35107.6352: MET_Broker: The number of finished Cloudlets is:1899
35108.175599999995: MET_Broker: Cloudlet #1898 return received
35108.175599999995: MET_Broker: The number of finished Cloudlets is:1900
35114.98879999999: MET_Broker: Cloudlet #1901 return received
35114.98879999999: MET_Broker: The number of finished Cloudlets is:1901
35134.45719999999: MET_Broker: Cloudlet #1902 return received
35134.45719999999: MET_Broker: The number of finished Cloudlets is:1902
35141.14759999999: MET_Broker: Cloudlet #1904 return received
35141.14759999999: MET_Broker: The number of finished Cloudlets is:1903
35152.08799999999: MET_Broker: Cloudlet #1895 return received
35152.08799999999: MET_Broker: The number of finished Cloudlets is:1904
35158.58039999999: MET_Broker: Cloudlet #1903 return received
35158.58039999999: MET_Broker: The number of finished Cloudlets is:1905
35172.763199999994: MET_Broker: Cloudlet #1906 return received
35172.763199999994: MET_Broker: The number of finished Cloudlets is:1906
35175.56999999999: MET_Broker: Cloudlet #1908 return received
35175.56999999999: MET_Broker: The number of finished Cloudlets is:1907
35208.357599999996: MET_Broker: Cloudlet #1907 return received
35208.357599999996: MET_Broker: The number of finished Cloudlets is:1908
35209.4356: MET_Broker: Cloudlet #1910 return received
35209.4356: MET_Broker: The number of finished Cloudlets is:1909
35264.682799999995: MET_Broker: Cloudlet #1912 return received
35264.682799999995: MET_Broker: The number of finished Cloudlets is:1910
35295.157999999996: MET_Broker: Cloudlet #1911 return received
35295.157999999996: MET_Broker: The number of finished Cloudlets is:1911
35317.2676: MET_Broker: Cloudlet #1914 return received
35317.2676: MET_Broker: The number of finished Cloudlets is:1912
35361.6604: MET_Broker: Cloudlet #1915 return received
35361.6604: MET_Broker: The number of finished Cloudlets is:1913
35418.6348: MET_Broker: Cloudlet #1916 return received
35418.6348: MET_Broker: The number of finished Cloudlets is:1914
35462.1532: MET_Broker: Cloudlet #1913 return received
35462.1532: MET_Broker: The number of finished Cloudlets is:1915
35471.9744: MET_Broker: Cloudlet #1905 return received
35471.9744: MET_Broker: The number of finished Cloudlets is:1916
35507.9176: MET_Broker: Cloudlet #1919 return received
35507.9176: MET_Broker: The number of finished Cloudlets is:1917
35514.9688: MET_Broker: Cloudlet #1909 return received
35514.9688: MET_Broker: The number of finished Cloudlets is:1918
35529.03: MET_Broker: Cloudlet #1921 return received
35529.03: MET_Broker: The number of finished Cloudlets is:1919
35535.699199999995: MET_Broker: Cloudlet #1917 return received
35535.699199999995: MET_Broker: The number of finished Cloudlets is:1920
35542.329999999994: MET_Broker: Cloudlet #1922 return received
35542.329999999994: MET_Broker: The number of finished Cloudlets is:1921
35549.22639999999: MET_Broker: Cloudlet #1920 return received
35549.22639999999: MET_Broker: The number of finished Cloudlets is:1922
35555.16479999999: MET_Broker: Cloudlet #1918 return received
35555.16479999999: MET_Broker: The number of finished Cloudlets is:1923
35558.657199999994: MET_Broker: Cloudlet #1925 return received
35558.657199999994: MET_Broker: The number of finished Cloudlets is:1924
35610.8616: MET_Broker: Cloudlet #1926 return received
35610.8616: MET_Broker: The number of finished Cloudlets is:1925
35638.6524: MET_Broker: Cloudlet #1928 return received
35638.6524: MET_Broker: The number of finished Cloudlets is:1926
35691.2124: MET_Broker: Cloudlet #1929 return received
35691.2124: MET_Broker: The number of finished Cloudlets is:1927
35740.43199999999: MET_Broker: Cloudlet #1930 return received
35740.43199999999: MET_Broker: The number of finished Cloudlets is:1928
35746.542799999996: MET_Broker: Cloudlet #1927 return received
35746.542799999996: MET_Broker: The number of finished Cloudlets is:1929
35772.7532: MET_Broker: Cloudlet #1932 return received
35772.7532: MET_Broker: The number of finished Cloudlets is:1930
35794.3192: MET_Broker: Cloudlet #1931 return received
35794.3192: MET_Broker: The number of finished Cloudlets is:1931
35798.8552: MET_Broker: Cloudlet #1923 return received
35798.8552: MET_Broker: The number of finished Cloudlets is:1932
35818.530399999996: MET_Broker: Cloudlet #1934 return received
35818.530399999996: MET_Broker: The number of finished Cloudlets is:1933
35822.62039999999: MET_Broker: Cloudlet #1924 return received
35822.62039999999: MET_Broker: The number of finished Cloudlets is:1934
35828.48399999999: MET_Broker: Cloudlet #1936 return received
35828.48399999999: MET_Broker: The number of finished Cloudlets is:1935
35840.10679999999: MET_Broker: Cloudlet #1937 return received
35840.10679999999: MET_Broker: The number of finished Cloudlets is:1936
35854.07239999999: MET_Broker: Cloudlet #1939 return received
35854.07239999999: MET_Broker: The number of finished Cloudlets is:1937
35861.86839999999: MET_Broker: Cloudlet #1940 return received
35861.86839999999: MET_Broker: The number of finished Cloudlets is:1938
35881.79159999999: MET_Broker: Cloudlet #1941 return received
35881.79159999999: MET_Broker: The number of finished Cloudlets is:1939
35917.49239999999: MET_Broker: Cloudlet #1942 return received
35917.49239999999: MET_Broker: The number of finished Cloudlets is:1940
35955.89319999999: MET_Broker: Cloudlet #1935 return received
35955.89319999999: MET_Broker: The number of finished Cloudlets is:1941
35966.75159999999: MET_Broker: Cloudlet #1943 return received
35966.75159999999: MET_Broker: The number of finished Cloudlets is:1942
35978.71759999999: MET_Broker: Cloudlet #1945 return received
35978.71759999999: MET_Broker: The number of finished Cloudlets is:1943
35982.79999999999: MET_Broker: Cloudlet #1938 return received
35982.79999999999: MET_Broker: The number of finished Cloudlets is:1944
36002.04999999999: MET_Broker: Cloudlet #1946 return received
36002.04999999999: MET_Broker: The number of finished Cloudlets is:1945
36055.36999999999: MET_Broker: Cloudlet #1944 return received
36055.36999999999: MET_Broker: The number of finished Cloudlets is:1946
36056.22719999999: MET_Broker: Cloudlet #1933 return received
36056.22719999999: MET_Broker: The number of finished Cloudlets is:1947
36180.75759999999: MET_Broker: Cloudlet #1947 return received
36180.75759999999: MET_Broker: The number of finished Cloudlets is:1948
36190.63959999999: MET_Broker: Cloudlet #1951 return received
36190.63959999999: MET_Broker: The number of finished Cloudlets is:1949
36211.36399999999: MET_Broker: Cloudlet #1950 return received
36211.36399999999: MET_Broker: The number of finished Cloudlets is:1950
36257.279999999984: MET_Broker: Cloudlet #1953 return received
36257.279999999984: MET_Broker: The number of finished Cloudlets is:1951
36267.399199999985: MET_Broker: Cloudlet #1949 return received
36267.399199999985: MET_Broker: The number of finished Cloudlets is:1952
36287.07639999998: MET_Broker: Cloudlet #1955 return received
36287.07639999998: MET_Broker: The number of finished Cloudlets is:1953
36315.931999999986: MET_Broker: Cloudlet #1948 return received
36315.931999999986: MET_Broker: The number of finished Cloudlets is:1954
36343.03239999999: MET_Broker: Cloudlet #1956 return received
36343.03239999999: MET_Broker: The number of finished Cloudlets is:1955
36351.96479999999: MET_Broker: Cloudlet #1958 return received
36351.96479999999: MET_Broker: The number of finished Cloudlets is:1956
36356.10679999999: MET_Broker: Cloudlet #1952 return received
36356.10679999999: MET_Broker: The number of finished Cloudlets is:1957
36375.546399999985: MET_Broker: Cloudlet #1957 return received
36375.546399999985: MET_Broker: The number of finished Cloudlets is:1958
36401.84319999998: MET_Broker: Cloudlet #1960 return received
36401.84319999998: MET_Broker: The number of finished Cloudlets is:1959
36417.24239999998: MET_Broker: Cloudlet #1961 return received
36417.24239999998: MET_Broker: The number of finished Cloudlets is:1960
36441.19079999998: MET_Broker: Cloudlet #1962 return received
36441.19079999998: MET_Broker: The number of finished Cloudlets is:1961
36490.63439999998: MET_Broker: Cloudlet #1964 return received
36490.63439999998: MET_Broker: The number of finished Cloudlets is:1962
36523.215199999984: MET_Broker: Cloudlet #1959 return received
36523.215199999984: MET_Broker: The number of finished Cloudlets is:1963
36526.31639999998: MET_Broker: Cloudlet #1963 return received
36526.31639999998: MET_Broker: The number of finished Cloudlets is:1964
36532.68359999998: MET_Broker: Cloudlet #1966 return received
36532.68359999998: MET_Broker: The number of finished Cloudlets is:1965
36554.61999999998: MET_Broker: Cloudlet #1967 return received
36554.61999999998: MET_Broker: The number of finished Cloudlets is:1966
36565.36239999998: MET_Broker: Cloudlet #1954 return received
36565.36239999998: MET_Broker: The number of finished Cloudlets is:1967
36583.42879999999: MET_Broker: Cloudlet #1970 return received
36583.42879999999: MET_Broker: The number of finished Cloudlets is:1968
36619.775599999986: MET_Broker: Cloudlet #1965 return received
36619.775599999986: MET_Broker: The number of finished Cloudlets is:1969
36631.048399999985: MET_Broker: Cloudlet #1972 return received
36631.048399999985: MET_Broker: The number of finished Cloudlets is:1970
36640.99959999999: MET_Broker: Cloudlet #1971 return received
36640.99959999999: MET_Broker: The number of finished Cloudlets is:1971
36650.47159999999: MET_Broker: Cloudlet #1974 return received
36650.47159999999: MET_Broker: The number of finished Cloudlets is:1972
36667.05599999999: MET_Broker: Cloudlet #1975 return received
36667.05599999999: MET_Broker: The number of finished Cloudlets is:1973
36670.28959999999: MET_Broker: Cloudlet #1968 return received
36670.28959999999: MET_Broker: The number of finished Cloudlets is:1974
36683.70079999999: MET_Broker: Cloudlet #1976 return received
36683.70079999999: MET_Broker: The number of finished Cloudlets is:1975
36704.18479999999: MET_Broker: Cloudlet #1977 return received
36704.18479999999: MET_Broker: The number of finished Cloudlets is:1976
36725.03479999999: MET_Broker: Cloudlet #1973 return received
36725.03479999999: MET_Broker: The number of finished Cloudlets is:1977
36731.366399999984: MET_Broker: Cloudlet #1980 return received
36731.366399999984: MET_Broker: The number of finished Cloudlets is:1978
36772.24039999999: MET_Broker: Cloudlet #1981 return received
36772.24039999999: MET_Broker: The number of finished Cloudlets is:1979
36789.10439999999: MET_Broker: Cloudlet #1982 return received
36789.10439999999: MET_Broker: The number of finished Cloudlets is:1980
36837.98439999999: MET_Broker: Cloudlet #1983 return received
36837.98439999999: MET_Broker: The number of finished Cloudlets is:1981
36841.26799999999: MET_Broker: Cloudlet #1979 return received
36841.26799999999: MET_Broker: The number of finished Cloudlets is:1982
36859.18759999999: MET_Broker: Cloudlet #1985 return received
36859.18759999999: MET_Broker: The number of finished Cloudlets is:1983
36894.75519999999: MET_Broker: Cloudlet #1969 return received
36894.75519999999: MET_Broker: The number of finished Cloudlets is:1984
36910.69359999999: MET_Broker: Cloudlet #1987 return received
36910.69359999999: MET_Broker: The number of finished Cloudlets is:1985
36929.875199999995: MET_Broker: Cloudlet #1988 return received
36929.875199999995: MET_Broker: The number of finished Cloudlets is:1986
36954.69959999999: MET_Broker: Cloudlet #1978 return received
36954.69959999999: MET_Broker: The number of finished Cloudlets is:1987
36956.80439999999: MET_Broker: Cloudlet #1989 return received
36956.80439999999: MET_Broker: The number of finished Cloudlets is:1988
36971.599599999994: MET_Broker: Cloudlet #1984 return received
36971.599599999994: MET_Broker: The number of finished Cloudlets is:1989
37007.72639999999: MET_Broker: Cloudlet #1991 return received
37007.72639999999: MET_Broker: The number of finished Cloudlets is:1990
37023.55479999999: MET_Broker: Cloudlet #1992 return received
37023.55479999999: MET_Broker: The number of finished Cloudlets is:1991
37029.60879999999: MET_Broker: Cloudlet #1993 return received
37029.60879999999: MET_Broker: The number of finished Cloudlets is:1992
37032.58599999999: MET_Broker: Cloudlet #1994 return received
37032.58599999999: MET_Broker: The number of finished Cloudlets is:1993
37050.15959999999: MET_Broker: Cloudlet #1986 return received
37050.15959999999: MET_Broker: The number of finished Cloudlets is:1994
37050.47159999999: MET_Broker: Cloudlet #1996 return received
37050.47159999999: MET_Broker: The number of finished Cloudlets is:1995
37061.13759999999: MET_Broker: Cloudlet #1997 return received
37061.13759999999: MET_Broker: The number of finished Cloudlets is:1996
37078.56239999999: MET_Broker: Cloudlet #1999 return received
37078.56239999999: MET_Broker: The number of finished Cloudlets is:1997
37114.771599999985: MET_Broker: Cloudlet #1995 return received
37114.771599999985: MET_Broker: The number of finished Cloudlets is:1998
37313.386799999986: MET_Broker: Cloudlet #1990 return received
37313.386799999986: MET_Broker: The number of finished Cloudlets is:1999
37392.95439999999: MET_Broker: Cloudlet #1998 return received
37392.95439999999: MET_Broker: The number of finished Cloudlets is:2000
37392.95439999999: MET_Broker: All Cloudlets executed. Finishing...
37392.95439999999: MET_Broker: Destroying Vm #0
37392.95439999999: MET_Broker: Destroying Vm #1
37392.95439999999: MET_Broker: Destroying Vm #2
37392.95439999999: MET_Broker: Destroying Vm #3
37392.95439999999: MET_Broker: Destroying Vm #4
37392.95439999999: MET_Broker: Destroying Vm #5
37392.95439999999: MET_Broker: Destroying Vm #6
37392.95439999999: MET_Broker: Destroying Vm #7
37392.95439999999: MET_Broker: Destroying Vm #8
37392.95439999999: MET_Broker: Destroying Vm #9
37392.95439999999: MET_Broker: Destroying Vm #10
37392.95439999999: MET_Broker: Destroying Vm #11
37392.95439999999: MET_Broker: Destroying Vm #12
37392.95439999999: MET_Broker: Destroying Vm #13
37392.95439999999: MET_Broker: Destroying Vm #14
37392.95439999999: MET_Broker: Destroying Vm #15
37392.95439999999: MET_Broker: Destroying Vm #16
37392.95439999999: MET_Broker: Destroying Vm #17
37392.95439999999: MET_Broker: Destroying Vm #18
37392.95439999999: MET_Broker: Destroying Vm #19
37392.95439999999: MET_Broker is shutting down...
37392.95439999999: Simulation: No more future events
37392.95439999999: CloudInformationService is shutting down...
37392.95439999999: CloudInformationService: Notify all CloudSim entities for shutting down.
37392.95439999999: Datacenter_0 is shutting down...
37392.95439999999: MET_Broker is shutting down...
Simulation completed.
Simulation completed.

========== CLOUDLET RESULTS ==========
(only the first 20 successful Cloudlets are shown; METRICS below are still computed from all 2000 results)
Cloudlet ID	Status	VM ID	Exec Time	Start Time	Finish Time
1	SUCCESS	15	7.5184	0.01	7.5284
0	SUCCESS	15	9.4952	0.01	9.5052
3	SUCCESS	15	19.478	0.01	19.488
4	SUCCESS	15	12.948	7.5284	20.4764
6	SUCCESS	15	17.6164	19.488	37.1044
8	SUCCESS	15	7.976	37.1044	45.0804
2	SUCCESS	15	161.1228	0.01	161.1328
10	SUCCESS	15	6.0148	161.1328	167.1476
11	SUCCESS	15	26.9104	167.1476	194.058
9	SUCCESS	15	192.3068	45.0804	237.3872
7	SUCCESS	15	260.4196	20.4764	280.896
5	SUCCESS	15	285.1888	9.5052	294.694
14	SUCCESS	15	17.418	280.896	298.314
15	SUCCESS	15	10.7016	294.694	305.3956
16	SUCCESS	15	9.0236	298.314	307.3376
18	SUCCESS	15	59.0944	307.3376	366.432
17	SUCCESS	15	81.2108	305.3956	386.6064
12	SUCCESS	15	209.1872	194.058	403.2452
20	SUCCESS	15	27.8224	386.6064	414.4288
22	SUCCESS	15	18.7396	414.4288	433.1684

========== METRICS ==========
Completed Cloudlets      : 2000
Makespan                 : 37392.9544 s
Degree of Imbalance      : 20
Average Waiting Time     : 18707.5826 s
Throughput               : 0.0535 cloudlets/s
Average VM Utilization*  : 19.9101 %

* Utilization is calculated from aggregate Cloudlet CPU time
  over the available VM time in this simplified model.
Week4_MET_TaskScheduling finished!
[INFO] ------------------------------------------------------------------------
[INFO] BUILD SUCCESS
[INFO] ------------------------------------------------------------------------
[INFO] Total time:  1.801 s
[INFO] Finished at: 2026-10-05T12:10:22+07:00
[INFO] ------------------------------------------------------------------------
