[INFO] Scanning for projects...
[INFO] 
[INFO] --------------< org.cloudbus.cloudsim:cloudsim-examples >---------------
[INFO] Building cloudsim-examples 7.0.1
[INFO]   from pom.xml
[INFO] --------------------------------[ jar ]---------------------------------
[INFO] 
[INFO] --- exec:3.6.4:java (default-cli) @ cloudsim-examples ---
Starting Week4_MET_TaskScheduling...
Initialising...
Dataset loaded: dataset/synthetic/Synthetic_4000.txt

========== CONFIGURATION ==========
Datacenters : 1
Hosts       : 10 (5 Class A + 5 Class B)
VMs         : 20
Cloudlets   : 4000
Algorithm   : Minimum Execution Time (MET)

VM assignment distribution:
VM 0 -> 0 cloudlets
VM 1 -> 0 cloudlets
VM 2 -> 0 cloudlets
VM 3 -> 0 cloudlets
VM 4 -> 0 cloudlets
VM 5 -> 0 cloudlets
VM 6 -> 0 cloudlets
VM 7 -> 0 cloudlets
VM 8 -> 0 cloudlets
VM 9 -> 0 cloudlets
VM 10 -> 0 cloudlets
VM 11 -> 0 cloudlets
VM 12 -> 0 cloudlets
VM 13 -> 0 cloudlets
VM 14 -> 0 cloudlets
VM 15 -> 4000 cloudlets
VM 16 -> 0 cloudlets
VM 17 -> 0 cloudlets
VM 18 -> 0 cloudlets
VM 19 -> 0 cloudlets

First 20 MET assignments:
Cloudlet 0 -> VM 15
Cloudlet 1 -> VM 15
Cloudlet 2 -> VM 15
Cloudlet 3 -> VM 15
Cloudlet 4 -> VM 15
Cloudlet 5 -> VM 15
Cloudlet 6 -> VM 15
Cloudlet 7 -> VM 15
Cloudlet 8 -> VM 15
Cloudlet 9 -> VM 15
Cloudlet 10 -> VM 15
Cloudlet 11 -> VM 15
Cloudlet 12 -> VM 15
Cloudlet 13 -> VM 15
Cloudlet 14 -> VM 15
Cloudlet 15 -> VM 15
Cloudlet 16 -> VM 15
Cloudlet 17 -> VM 15
Cloudlet 18 -> VM 15
Cloudlet 19 -> VM 15
Starting CloudSim version 7.0
0.0: Datacenter_0 is starting...
0.0: MET_Broker is starting...
Entities started.
0.0: MET_Broker: Cloud Resource List received with 1 datacenter(s)
0.0: MET_Broker: Trying to Create Vm #0 in Datacenter_0
0.0: MET_Broker: Trying to Create Vm #1 in Datacenter_0
0.0: MET_Broker: Trying to Create Vm #2 in Datacenter_0
0.0: MET_Broker: Trying to Create Vm #3 in Datacenter_0
0.0: MET_Broker: Trying to Create Vm #4 in Datacenter_0
0.0: MET_Broker: Trying to Create Vm #5 in Datacenter_0
0.0: MET_Broker: Trying to Create Vm #6 in Datacenter_0
0.0: MET_Broker: Trying to Create Vm #7 in Datacenter_0
0.0: MET_Broker: Trying to Create Vm #8 in Datacenter_0
0.0: MET_Broker: Trying to Create Vm #9 in Datacenter_0
0.0: MET_Broker: Trying to Create Vm #10 in Datacenter_0
0.0: MET_Broker: Trying to Create Vm #11 in Datacenter_0
0.0: MET_Broker: Trying to Create Vm #12 in Datacenter_0
0.0: MET_Broker: Trying to Create Vm #13 in Datacenter_0
0.0: MET_Broker: Trying to Create Vm #14 in Datacenter_0
0.0: MET_Broker: Trying to Create Vm #15 in Datacenter_0
0.0: MET_Broker: Trying to Create Vm #16 in Datacenter_0
0.0: MET_Broker: Trying to Create Vm #17 in Datacenter_0
0.0: MET_Broker: Trying to Create Vm #18 in Datacenter_0
0.0: MET_Broker: Trying to Create Vm #19 in Datacenter_0
0.0: Datacenter_0.guestAllocator: Vm #0 has been allocated to Host #5
0.0: Datacenter_0.guestAllocator: Vm #1 has been allocated to Host #6
0.0: Datacenter_0.guestAllocator: Vm #2 has been allocated to Host #7
0.0: Datacenter_0.guestAllocator: Vm #3 has been allocated to Host #8
0.0: Datacenter_0.guestAllocator: Vm #4 has been allocated to Host #9
0.0: Datacenter_0.guestAllocator: Vm #5 has been allocated to Host #5
0.0: Datacenter_0.guestAllocator: Vm #6 has been allocated to Host #6
0.0: Datacenter_0.guestAllocator: Vm #7 has been allocated to Host #7
0.0: Datacenter_0.guestAllocator: Vm #8 has been allocated to Host #8
0.0: Datacenter_0.guestAllocator: Vm #9 has been allocated to Host #9
0.0: Datacenter_0.guestAllocator: Vm #10 has been allocated to Host #5
0.0: Datacenter_0.guestAllocator: Vm #11 has been allocated to Host #6
0.0: Datacenter_0.guestAllocator: Vm #12 has been allocated to Host #7
0.0: Datacenter_0.guestAllocator: Vm #13 has been allocated to Host #8
0.0: Datacenter_0.guestAllocator: Vm #14 has been allocated to Host #9
0.0: Datacenter_0.guestAllocator: Vm #15 has been allocated to Host #5
0.0: Datacenter_0.guestAllocator: Vm #16 has been allocated to Host #6
0.0: Datacenter_0.guestAllocator: Vm #17 has been allocated to Host #7
0.0: Datacenter_0.guestAllocator: Vm #18 has been allocated to Host #8
0.0: Datacenter_0.guestAllocator: Vm #19 has been allocated to Host #9
0.01: MET_Broker: Vm #0 has been created in Datacenter #2, Host #5
0.01: MET_Broker: Vm #1 has been created in Datacenter #2, Host #6
0.01: MET_Broker: Vm #2 has been created in Datacenter #2, Host #7
0.01: MET_Broker: Vm #3 has been created in Datacenter #2, Host #8
0.01: MET_Broker: Vm #4 has been created in Datacenter #2, Host #9
0.01: MET_Broker: Vm #5 has been created in Datacenter #2, Host #5
0.01: MET_Broker: Vm #6 has been created in Datacenter #2, Host #6
0.01: MET_Broker: Vm #7 has been created in Datacenter #2, Host #7
0.01: MET_Broker: Vm #8 has been created in Datacenter #2, Host #8
0.01: MET_Broker: Vm #9 has been created in Datacenter #2, Host #9
0.01: MET_Broker: Vm #10 has been created in Datacenter #2, Host #5
0.01: MET_Broker: Vm #11 has been created in Datacenter #2, Host #6
0.01: MET_Broker: Vm #12 has been created in Datacenter #2, Host #7
0.01: MET_Broker: Vm #13 has been created in Datacenter #2, Host #8
0.01: MET_Broker: Vm #14 has been created in Datacenter #2, Host #9
0.01: MET_Broker: Vm #15 has been created in Datacenter #2, Host #5
0.01: MET_Broker: Vm #16 has been created in Datacenter #2, Host #6
0.01: MET_Broker: Vm #17 has been created in Datacenter #2, Host #7
0.01: MET_Broker: Vm #18 has been created in Datacenter #2, Host #8
0.01: MET_Broker: Vm #19 has been created in Datacenter #2, Host #9
0.01: MET_Broker: Sending Cloudlet #0 to Vm #15
0.01: MET_Broker: Sending Cloudlet #1 to Vm #15
0.01: MET_Broker: Sending Cloudlet #2 to Vm #15
0.01: MET_Broker: Sending Cloudlet #3 to Vm #15
0.01: MET_Broker: Sending Cloudlet #4 to Vm #15
0.01: MET_Broker: Sending Cloudlet #5 to Vm #15
0.01: MET_Broker: Sending Cloudlet #6 to Vm #15
0.01: MET_Broker: Sending Cloudlet #7 to Vm #15
0.01: MET_Broker: Sending Cloudlet #8 to Vm #15
0.01: MET_Broker: Sending Cloudlet #9 to Vm #15
0.01: MET_Broker: Sending Cloudlet #10 to Vm #15
0.01: MET_Broker: Sending Cloudlet #11 to Vm #15
0.01: MET_Broker: Sending Cloudlet #12 to Vm #15
0.01: MET_Broker: Sending Cloudlet #13 to Vm #15
0.01: MET_Broker: Sending Cloudlet #14 to Vm #15
0.01: MET_Broker: Sending Cloudlet #15 to Vm #15
0.01: MET_Broker: Sending Cloudlet #16 to Vm #15
0.01: MET_Broker: Sending Cloudlet #17 to Vm #15
0.01: MET_Broker: Sending Cloudlet #18 to Vm #15
0.01: MET_Broker: Sending Cloudlet #19 to Vm #15
0.01: MET_Broker: Sending Cloudlet #20 to Vm #15
0.01: MET_Broker: Sending Cloudlet #21 to Vm #15
0.01: MET_Broker: Sending Cloudlet #22 to Vm #15
0.01: MET_Broker: Sending Cloudlet #23 to Vm #15
0.01: MET_Broker: Sending Cloudlet #24 to Vm #15
0.01: MET_Broker: Sending Cloudlet #25 to Vm #15
0.01: MET_Broker: Sending Cloudlet #26 to Vm #15
0.01: MET_Broker: Sending Cloudlet #27 to Vm #15
0.01: MET_Broker: Sending Cloudlet #28 to Vm #15
0.01: MET_Broker: Sending Cloudlet #29 to Vm #15
0.01: MET_Broker: Sending Cloudlet #30 to Vm #15
0.01: MET_Broker: Sending Cloudlet #31 to Vm #15
0.01: MET_Broker: Sending Cloudlet #32 to Vm #15
0.01: MET_Broker: Sending Cloudlet #33 to Vm #15
0.01: MET_Broker: Sending Cloudlet #34 to Vm #15
0.01: MET_Broker: Sending Cloudlet #35 to Vm #15
0.01: MET_Broker: Sending Cloudlet #36 to Vm #15
0.01: MET_Broker: Sending Cloudlet #37 to Vm #15
0.01: MET_Broker: Sending Cloudlet #38 to Vm #15
0.01: MET_Broker: Sending Cloudlet #39 to Vm #15
0.01: MET_Broker: Sending Cloudlet #40 to Vm #15
0.01: MET_Broker: Sending Cloudlet #41 to Vm #15
0.01: MET_Broker: Sending Cloudlet #42 to Vm #15
0.01: MET_Broker: Sending Cloudlet #43 to Vm #15
0.01: MET_Broker: Sending Cloudlet #44 to Vm #15
0.01: MET_Broker: Sending Cloudlet #45 to Vm #15
0.01: MET_Broker: Sending Cloudlet #46 to Vm #15
0.01: MET_Broker: Sending Cloudlet #47 to Vm #15
0.01: MET_Broker: Sending Cloudlet #48 to Vm #15
0.01: MET_Broker: Sending Cloudlet #49 to Vm #15
0.01: MET_Broker: Sending Cloudlet #50 to Vm #15
0.01: MET_Broker: Sending Cloudlet #51 to Vm #15
0.01: MET_Broker: Sending Cloudlet #52 to Vm #15
0.01: MET_Broker: Sending Cloudlet #53 to Vm #15
0.01: MET_Broker: Sending Cloudlet #54 to Vm #15
0.01: MET_Broker: Sending Cloudlet #55 to Vm #15
0.01: MET_Broker: Sending Cloudlet #56 to Vm #15
0.01: MET_Broker: Sending Cloudlet #57 to Vm #15
0.01: MET_Broker: Sending Cloudlet #58 to Vm #15
0.01: MET_Broker: Sending Cloudlet #59 to Vm #15
0.01: MET_Broker: Sending Cloudlet #60 to Vm #15
0.01: MET_Broker: Sending Cloudlet #61 to Vm #15
0.01: MET_Broker: Sending Cloudlet #62 to Vm #15
0.01: MET_Broker: Sending Cloudlet #63 to Vm #15
0.01: MET_Broker: Sending Cloudlet #64 to Vm #15
0.01: MET_Broker: Sending Cloudlet #65 to Vm #15
0.01: MET_Broker: Sending Cloudlet #66 to Vm #15
0.01: MET_Broker: Sending Cloudlet #67 to Vm #15
0.01: MET_Broker: Sending Cloudlet #68 to Vm #15
0.01: MET_Broker: Sending Cloudlet #69 to Vm #15
0.01: MET_Broker: Sending Cloudlet #70 to Vm #15
0.01: MET_Broker: Sending Cloudlet #71 to Vm #15
0.01: MET_Broker: Sending Cloudlet #72 to Vm #15
0.01: MET_Broker: Sending Cloudlet #73 to Vm #15
0.01: MET_Broker: Sending Cloudlet #74 to Vm #15
0.01: MET_Broker: Sending Cloudlet #75 to Vm #15
0.01: MET_Broker: Sending Cloudlet #76 to Vm #15
0.01: MET_Broker: Sending Cloudlet #77 to Vm #15
0.01: MET_Broker: Sending Cloudlet #78 to Vm #15
0.01: MET_Broker: Sending Cloudlet #79 to Vm #15
0.01: MET_Broker: Sending Cloudlet #80 to Vm #15
0.01: MET_Broker: Sending Cloudlet #81 to Vm #15
0.01: MET_Broker: Sending Cloudlet #82 to Vm #15
0.01: MET_Broker: Sending Cloudlet #83 to Vm #15
0.01: MET_Broker: Sending Cloudlet #84 to Vm #15
0.01: MET_Broker: Sending Cloudlet #85 to Vm #15
0.01: MET_Broker: Sending Cloudlet #86 to Vm #15
0.01: MET_Broker: Sending Cloudlet #87 to Vm #15
0.01: MET_Broker: Sending Cloudlet #88 to Vm #15
0.01: MET_Broker: Sending Cloudlet #89 to Vm #15
0.01: MET_Broker: Sending Cloudlet #90 to Vm #15
0.01: MET_Broker: Sending Cloudlet #91 to Vm #15
0.01: MET_Broker: Sending Cloudlet #92 to Vm #15
0.01: MET_Broker: Sending Cloudlet #93 to Vm #15
0.01: MET_Broker: Sending Cloudlet #94 to Vm #15
0.01: MET_Broker: Sending Cloudlet #95 to Vm #15
0.01: MET_Broker: Sending Cloudlet #96 to Vm #15
0.01: MET_Broker: Sending Cloudlet #97 to Vm #15
0.01: MET_Broker: Sending Cloudlet #98 to Vm #15
0.01: MET_Broker: Sending Cloudlet #99 to Vm #15
0.01: MET_Broker: Sending Cloudlet #100 to Vm #15
0.01: MET_Broker: Sending Cloudlet #101 to Vm #15
0.01: MET_Broker: Sending Cloudlet #102 to Vm #15
0.01: MET_Broker: Sending Cloudlet #103 to Vm #15
0.01: MET_Broker: Sending Cloudlet #104 to Vm #15
0.01: MET_Broker: Sending Cloudlet #105 to Vm #15
0.01: MET_Broker: Sending Cloudlet #106 to Vm #15
0.01: MET_Broker: Sending Cloudlet #107 to Vm #15
0.01: MET_Broker: Sending Cloudlet #108 to Vm #15
0.01: MET_Broker: Sending Cloudlet #109 to Vm #15
0.01: MET_Broker: Sending Cloudlet #110 to Vm #15
0.01: MET_Broker: Sending Cloudlet #111 to Vm #15
0.01: MET_Broker: Sending Cloudlet #112 to Vm #15
0.01: MET_Broker: Sending Cloudlet #113 to Vm #15
0.01: MET_Broker: Sending Cloudlet #114 to Vm #15
0.01: MET_Broker: Sending Cloudlet #115 to Vm #15
0.01: MET_Broker: Sending Cloudlet #116 to Vm #15
0.01: MET_Broker: Sending Cloudlet #117 to Vm #15
0.01: MET_Broker: Sending Cloudlet #118 to Vm #15
0.01: MET_Broker: Sending Cloudlet #119 to Vm #15
0.01: MET_Broker: Sending Cloudlet #120 to Vm #15
0.01: MET_Broker: Sending Cloudlet #121 to Vm #15
0.01: MET_Broker: Sending Cloudlet #122 to Vm #15
0.01: MET_Broker: Sending Cloudlet #123 to Vm #15
0.01: MET_Broker: Sending Cloudlet #124 to Vm #15
0.01: MET_Broker: Sending Cloudlet #125 to Vm #15
0.01: MET_Broker: Sending Cloudlet #126 to Vm #15
0.01: MET_Broker: Sending Cloudlet #127 to Vm #15
0.01: MET_Broker: Sending Cloudlet #128 to Vm #15
0.01: MET_Broker: Sending Cloudlet #129 to Vm #15
0.01: MET_Broker: Sending Cloudlet #130 to Vm #15
0.01: MET_Broker: Sending Cloudlet #131 to Vm #15
0.01: MET_Broker: Sending Cloudlet #132 to Vm #15
0.01: MET_Broker: Sending Cloudlet #133 to Vm #15
0.01: MET_Broker: Sending Cloudlet #134 to Vm #15
0.01: MET_Broker: Sending Cloudlet #135 to Vm #15
0.01: MET_Broker: Sending Cloudlet #136 to Vm #15
0.01: MET_Broker: Sending Cloudlet #137 to Vm #15
0.01: MET_Broker: Sending Cloudlet #138 to Vm #15
0.01: MET_Broker: Sending Cloudlet #139 to Vm #15
0.01: MET_Broker: Sending Cloudlet #140 to Vm #15
0.01: MET_Broker: Sending Cloudlet #141 to Vm #15
0.01: MET_Broker: Sending Cloudlet #142 to Vm #15
0.01: MET_Broker: Sending Cloudlet #143 to Vm #15
0.01: MET_Broker: Sending Cloudlet #144 to Vm #15
0.01: MET_Broker: Sending Cloudlet #145 to Vm #15
0.01: MET_Broker: Sending Cloudlet #146 to Vm #15
0.01: MET_Broker: Sending Cloudlet #147 to Vm #15
0.01: MET_Broker: Sending Cloudlet #148 to Vm #15
0.01: MET_Broker: Sending Cloudlet #149 to Vm #15
0.01: MET_Broker: Sending Cloudlet #150 to Vm #15
0.01: MET_Broker: Sending Cloudlet #151 to Vm #15
0.01: MET_Broker: Sending Cloudlet #152 to Vm #15
0.01: MET_Broker: Sending Cloudlet #153 to Vm #15
0.01: MET_Broker: Sending Cloudlet #154 to Vm #15
0.01: MET_Broker: Sending Cloudlet #155 to Vm #15
0.01: MET_Broker: Sending Cloudlet #156 to Vm #15
0.01: MET_Broker: Sending Cloudlet #157 to Vm #15
0.01: MET_Broker: Sending Cloudlet #158 to Vm #15
0.01: MET_Broker: Sending Cloudlet #159 to Vm #15
0.01: MET_Broker: Sending Cloudlet #160 to Vm #15
0.01: MET_Broker: Sending Cloudlet #161 to Vm #15
0.01: MET_Broker: Sending Cloudlet #162 to Vm #15
0.01: MET_Broker: Sending Cloudlet #163 to Vm #15
0.01: MET_Broker: Sending Cloudlet #164 to Vm #15
0.01: MET_Broker: Sending Cloudlet #165 to Vm #15
0.01: MET_Broker: Sending Cloudlet #166 to Vm #15
0.01: MET_Broker: Sending Cloudlet #167 to Vm #15
0.01: MET_Broker: Sending Cloudlet #168 to Vm #15
0.01: MET_Broker: Sending Cloudlet #169 to Vm #15
0.01: MET_Broker: Sending Cloudlet #170 to Vm #15
0.01: MET_Broker: Sending Cloudlet #171 to Vm #15
0.01: MET_Broker: Sending Cloudlet #172 to Vm #15
0.01: MET_Broker: Sending Cloudlet #173 to Vm #15
0.01: MET_Broker: Sending Cloudlet #174 to Vm #15
0.01: MET_Broker: Sending Cloudlet #175 to Vm #15
0.01: MET_Broker: Sending Cloudlet #176 to Vm #15
0.01: MET_Broker: Sending Cloudlet #177 to Vm #15
0.01: MET_Broker: Sending Cloudlet #178 to Vm #15
0.01: MET_Broker: Sending Cloudlet #179 to Vm #15
0.01: MET_Broker: Sending Cloudlet #180 to Vm #15
0.01: MET_Broker: Sending Cloudlet #181 to Vm #15
0.01: MET_Broker: Sending Cloudlet #182 to Vm #15
0.01: MET_Broker: Sending Cloudlet #183 to Vm #15
0.01: MET_Broker: Sending Cloudlet #184 to Vm #15
0.01: MET_Broker: Sending Cloudlet #185 to Vm #15
0.01: MET_Broker: Sending Cloudlet #186 to Vm #15
0.01: MET_Broker: Sending Cloudlet #187 to Vm #15
0.01: MET_Broker: Sending Cloudlet #188 to Vm #15
0.01: MET_Broker: Sending Cloudlet #189 to Vm #15
0.01: MET_Broker: Sending Cloudlet #190 to Vm #15
0.01: MET_Broker: Sending Cloudlet #191 to Vm #15
0.01: MET_Broker: Sending Cloudlet #192 to Vm #15
0.01: MET_Broker: Sending Cloudlet #193 to Vm #15
0.01: MET_Broker: Sending Cloudlet #194 to Vm #15
0.01: MET_Broker: Sending Cloudlet #195 to Vm #15
0.01: MET_Broker: Sending Cloudlet #196 to Vm #15
0.01: MET_Broker: Sending Cloudlet #197 to Vm #15
0.01: MET_Broker: Sending Cloudlet #198 to Vm #15
0.01: MET_Broker: Sending Cloudlet #199 to Vm #15
0.01: MET_Broker: Sending Cloudlet #200 to Vm #15
0.01: MET_Broker: Sending Cloudlet #201 to Vm #15
0.01: MET_Broker: Sending Cloudlet #202 to Vm #15
0.01: MET_Broker: Sending Cloudlet #203 to Vm #15
0.01: MET_Broker: Sending Cloudlet #204 to Vm #15
0.01: MET_Broker: Sending Cloudlet #205 to Vm #15
0.01: MET_Broker: Sending Cloudlet #206 to Vm #15
0.01: MET_Broker: Sending Cloudlet #207 to Vm #15
0.01: MET_Broker: Sending Cloudlet #208 to Vm #15
0.01: MET_Broker: Sending Cloudlet #209 to Vm #15
0.01: MET_Broker: Sending Cloudlet #210 to Vm #15
0.01: MET_Broker: Sending Cloudlet #211 to Vm #15
0.01: MET_Broker: Sending Cloudlet #212 to Vm #15
0.01: MET_Broker: Sending Cloudlet #213 to Vm #15
0.01: MET_Broker: Sending Cloudlet #214 to Vm #15
0.01: MET_Broker: Sending Cloudlet #215 to Vm #15
0.01: MET_Broker: Sending Cloudlet #216 to Vm #15
0.01: MET_Broker: Sending Cloudlet #217 to Vm #15
0.01: MET_Broker: Sending Cloudlet #218 to Vm #15
0.01: MET_Broker: Sending Cloudlet #219 to Vm #15
0.01: MET_Broker: Sending Cloudlet #220 to Vm #15
0.01: MET_Broker: Sending Cloudlet #221 to Vm #15
0.01: MET_Broker: Sending Cloudlet #222 to Vm #15
0.01: MET_Broker: Sending Cloudlet #223 to Vm #15
0.01: MET_Broker: Sending Cloudlet #224 to Vm #15
0.01: MET_Broker: Sending Cloudlet #225 to Vm #15
0.01: MET_Broker: Sending Cloudlet #226 to Vm #15
0.01: MET_Broker: Sending Cloudlet #227 to Vm #15
0.01: MET_Broker: Sending Cloudlet #228 to Vm #15
0.01: MET_Broker: Sending Cloudlet #229 to Vm #15
0.01: MET_Broker: Sending Cloudlet #230 to Vm #15
0.01: MET_Broker: Sending Cloudlet #231 to Vm #15
0.01: MET_Broker: Sending Cloudlet #232 to Vm #15
0.01: MET_Broker: Sending Cloudlet #233 to Vm #15
0.01: MET_Broker: Sending Cloudlet #234 to Vm #15
0.01: MET_Broker: Sending Cloudlet #235 to Vm #15
0.01: MET_Broker: Sending Cloudlet #236 to Vm #15
0.01: MET_Broker: Sending Cloudlet #237 to Vm #15
0.01: MET_Broker: Sending Cloudlet #238 to Vm #15
0.01: MET_Broker: Sending Cloudlet #239 to Vm #15
0.01: MET_Broker: Sending Cloudlet #240 to Vm #15
0.01: MET_Broker: Sending Cloudlet #241 to Vm #15
0.01: MET_Broker: Sending Cloudlet #242 to Vm #15
0.01: MET_Broker: Sending Cloudlet #243 to Vm #15
0.01: MET_Broker: Sending Cloudlet #244 to Vm #15
0.01: MET_Broker: Sending Cloudlet #245 to Vm #15
0.01: MET_Broker: Sending Cloudlet #246 to Vm #15
0.01: MET_Broker: Sending Cloudlet #247 to Vm #15
0.01: MET_Broker: Sending Cloudlet #248 to Vm #15
0.01: MET_Broker: Sending Cloudlet #249 to Vm #15
0.01: MET_Broker: Sending Cloudlet #250 to Vm #15
0.01: MET_Broker: Sending Cloudlet #251 to Vm #15
0.01: MET_Broker: Sending Cloudlet #252 to Vm #15
0.01: MET_Broker: Sending Cloudlet #253 to Vm #15
0.01: MET_Broker: Sending Cloudlet #254 to Vm #15
0.01: MET_Broker: Sending Cloudlet #255 to Vm #15
0.01: MET_Broker: Sending Cloudlet #256 to Vm #15
0.01: MET_Broker: Sending Cloudlet #257 to Vm #15
0.01: MET_Broker: Sending Cloudlet #258 to Vm #15
0.01: MET_Broker: Sending Cloudlet #259 to Vm #15
0.01: MET_Broker: Sending Cloudlet #260 to Vm #15
0.01: MET_Broker: Sending Cloudlet #261 to Vm #15
0.01: MET_Broker: Sending Cloudlet #262 to Vm #15
0.01: MET_Broker: Sending Cloudlet #263 to Vm #15
0.01: MET_Broker: Sending Cloudlet #264 to Vm #15
0.01: MET_Broker: Sending Cloudlet #265 to Vm #15
0.01: MET_Broker: Sending Cloudlet #266 to Vm #15
0.01: MET_Broker: Sending Cloudlet #267 to Vm #15
0.01: MET_Broker: Sending Cloudlet #268 to Vm #15
0.01: MET_Broker: Sending Cloudlet #269 to Vm #15
0.01: MET_Broker: Sending Cloudlet #270 to Vm #15
0.01: MET_Broker: Sending Cloudlet #271 to Vm #15
0.01: MET_Broker: Sending Cloudlet #272 to Vm #15
0.01: MET_Broker: Sending Cloudlet #273 to Vm #15
0.01: MET_Broker: Sending Cloudlet #274 to Vm #15
0.01: MET_Broker: Sending Cloudlet #275 to Vm #15
0.01: MET_Broker: Sending Cloudlet #276 to Vm #15
0.01: MET_Broker: Sending Cloudlet #277 to Vm #15
0.01: MET_Broker: Sending Cloudlet #278 to Vm #15
0.01: MET_Broker: Sending Cloudlet #279 to Vm #15
0.01: MET_Broker: Sending Cloudlet #280 to Vm #15
0.01: MET_Broker: Sending Cloudlet #281 to Vm #15
0.01: MET_Broker: Sending Cloudlet #282 to Vm #15
0.01: MET_Broker: Sending Cloudlet #283 to Vm #15
0.01: MET_Broker: Sending Cloudlet #284 to Vm #15
0.01: MET_Broker: Sending Cloudlet #285 to Vm #15
0.01: MET_Broker: Sending Cloudlet #286 to Vm #15
0.01: MET_Broker: Sending Cloudlet #287 to Vm #15
0.01: MET_Broker: Sending Cloudlet #288 to Vm #15
0.01: MET_Broker: Sending Cloudlet #289 to Vm #15
0.01: MET_Broker: Sending Cloudlet #290 to Vm #15
0.01: MET_Broker: Sending Cloudlet #291 to Vm #15
0.01: MET_Broker: Sending Cloudlet #292 to Vm #15
0.01: MET_Broker: Sending Cloudlet #293 to Vm #15
0.01: MET_Broker: Sending Cloudlet #294 to Vm #15
0.01: MET_Broker: Sending Cloudlet #295 to Vm #15
0.01: MET_Broker: Sending Cloudlet #296 to Vm #15
0.01: MET_Broker: Sending Cloudlet #297 to Vm #15
0.01: MET_Broker: Sending Cloudlet #298 to Vm #15
0.01: MET_Broker: Sending Cloudlet #299 to Vm #15
0.01: MET_Broker: Sending Cloudlet #300 to Vm #15
0.01: MET_Broker: Sending Cloudlet #301 to Vm #15
0.01: MET_Broker: Sending Cloudlet #302 to Vm #15
0.01: MET_Broker: Sending Cloudlet #303 to Vm #15
0.01: MET_Broker: Sending Cloudlet #304 to Vm #15
0.01: MET_Broker: Sending Cloudlet #305 to Vm #15
0.01: MET_Broker: Sending Cloudlet #306 to Vm #15
0.01: MET_Broker: Sending Cloudlet #307 to Vm #15
0.01: MET_Broker: Sending Cloudlet #308 to Vm #15
0.01: MET_Broker: Sending Cloudlet #309 to Vm #15
0.01: MET_Broker: Sending Cloudlet #310 to Vm #15
0.01: MET_Broker: Sending Cloudlet #311 to Vm #15
0.01: MET_Broker: Sending Cloudlet #312 to Vm #15
0.01: MET_Broker: Sending Cloudlet #313 to Vm #15
0.01: MET_Broker: Sending Cloudlet #314 to Vm #15
0.01: MET_Broker: Sending Cloudlet #315 to Vm #15
0.01: MET_Broker: Sending Cloudlet #316 to Vm #15
0.01: MET_Broker: Sending Cloudlet #317 to Vm #15
0.01: MET_Broker: Sending Cloudlet #318 to Vm #15
0.01: MET_Broker: Sending Cloudlet #319 to Vm #15
0.01: MET_Broker: Sending Cloudlet #320 to Vm #15
0.01: MET_Broker: Sending Cloudlet #321 to Vm #15
0.01: MET_Broker: Sending Cloudlet #322 to Vm #15
0.01: MET_Broker: Sending Cloudlet #323 to Vm #15
0.01: MET_Broker: Sending Cloudlet #324 to Vm #15
0.01: MET_Broker: Sending Cloudlet #325 to Vm #15
0.01: MET_Broker: Sending Cloudlet #326 to Vm #15
0.01: MET_Broker: Sending Cloudlet #327 to Vm #15
0.01: MET_Broker: Sending Cloudlet #328 to Vm #15
0.01: MET_Broker: Sending Cloudlet #329 to Vm #15
0.01: MET_Broker: Sending Cloudlet #330 to Vm #15
0.01: MET_Broker: Sending Cloudlet #331 to Vm #15
0.01: MET_Broker: Sending Cloudlet #332 to Vm #15
0.01: MET_Broker: Sending Cloudlet #333 to Vm #15
0.01: MET_Broker: Sending Cloudlet #334 to Vm #15
0.01: MET_Broker: Sending Cloudlet #335 to Vm #15
0.01: MET_Broker: Sending Cloudlet #336 to Vm #15
0.01: MET_Broker: Sending Cloudlet #337 to Vm #15
0.01: MET_Broker: Sending Cloudlet #338 to Vm #15
0.01: MET_Broker: Sending Cloudlet #339 to Vm #15
0.01: MET_Broker: Sending Cloudlet #340 to Vm #15
0.01: MET_Broker: Sending Cloudlet #341 to Vm #15
0.01: MET_Broker: Sending Cloudlet #342 to Vm #15
0.01: MET_Broker: Sending Cloudlet #343 to Vm #15
0.01: MET_Broker: Sending Cloudlet #344 to Vm #15
0.01: MET_Broker: Sending Cloudlet #345 to Vm #15
0.01: MET_Broker: Sending Cloudlet #346 to Vm #15
0.01: MET_Broker: Sending Cloudlet #347 to Vm #15
0.01: MET_Broker: Sending Cloudlet #348 to Vm #15
0.01: MET_Broker: Sending Cloudlet #349 to Vm #15
0.01: MET_Broker: Sending Cloudlet #350 to Vm #15
0.01: MET_Broker: Sending Cloudlet #351 to Vm #15
0.01: MET_Broker: Sending Cloudlet #352 to Vm #15
0.01: MET_Broker: Sending Cloudlet #353 to Vm #15
0.01: MET_Broker: Sending Cloudlet #354 to Vm #15
0.01: MET_Broker: Sending Cloudlet #355 to Vm #15
0.01: MET_Broker: Sending Cloudlet #356 to Vm #15
0.01: MET_Broker: Sending Cloudlet #357 to Vm #15
0.01: MET_Broker: Sending Cloudlet #358 to Vm #15
0.01: MET_Broker: Sending Cloudlet #359 to Vm #15
0.01: MET_Broker: Sending Cloudlet #360 to Vm #15
0.01: MET_Broker: Sending Cloudlet #361 to Vm #15
0.01: MET_Broker: Sending Cloudlet #362 to Vm #15
0.01: MET_Broker: Sending Cloudlet #363 to Vm #15
0.01: MET_Broker: Sending Cloudlet #364 to Vm #15
0.01: MET_Broker: Sending Cloudlet #365 to Vm #15
0.01: MET_Broker: Sending Cloudlet #366 to Vm #15
0.01: MET_Broker: Sending Cloudlet #367 to Vm #15
0.01: MET_Broker: Sending Cloudlet #368 to Vm #15
0.01: MET_Broker: Sending Cloudlet #369 to Vm #15
0.01: MET_Broker: Sending Cloudlet #370 to Vm #15
0.01: MET_Broker: Sending Cloudlet #371 to Vm #15
0.01: MET_Broker: Sending Cloudlet #372 to Vm #15
0.01: MET_Broker: Sending Cloudlet #373 to Vm #15
0.01: MET_Broker: Sending Cloudlet #374 to Vm #15
0.01: MET_Broker: Sending Cloudlet #375 to Vm #15
0.01: MET_Broker: Sending Cloudlet #376 to Vm #15
0.01: MET_Broker: Sending Cloudlet #377 to Vm #15
0.01: MET_Broker: Sending Cloudlet #378 to Vm #15
0.01: MET_Broker: Sending Cloudlet #379 to Vm #15
0.01: MET_Broker: Sending Cloudlet #380 to Vm #15
0.01: MET_Broker: Sending Cloudlet #381 to Vm #15
0.01: MET_Broker: Sending Cloudlet #382 to Vm #15
0.01: MET_Broker: Sending Cloudlet #383 to Vm #15
0.01: MET_Broker: Sending Cloudlet #384 to Vm #15
0.01: MET_Broker: Sending Cloudlet #385 to Vm #15
0.01: MET_Broker: Sending Cloudlet #386 to Vm #15
0.01: MET_Broker: Sending Cloudlet #387 to Vm #15
0.01: MET_Broker: Sending Cloudlet #388 to Vm #15
0.01: MET_Broker: Sending Cloudlet #389 to Vm #15
0.01: MET_Broker: Sending Cloudlet #390 to Vm #15
0.01: MET_Broker: Sending Cloudlet #391 to Vm #15
0.01: MET_Broker: Sending Cloudlet #392 to Vm #15
0.01: MET_Broker: Sending Cloudlet #393 to Vm #15
0.01: MET_Broker: Sending Cloudlet #394 to Vm #15
0.01: MET_Broker: Sending Cloudlet #395 to Vm #15
0.01: MET_Broker: Sending Cloudlet #396 to Vm #15
0.01: MET_Broker: Sending Cloudlet #397 to Vm #15
0.01: MET_Broker: Sending Cloudlet #398 to Vm #15
0.01: MET_Broker: Sending Cloudlet #399 to Vm #15
0.01: MET_Broker: Sending Cloudlet #400 to Vm #15
0.01: MET_Broker: Sending Cloudlet #401 to Vm #15
0.01: MET_Broker: Sending Cloudlet #402 to Vm #15
0.01: MET_Broker: Sending Cloudlet #403 to Vm #15
0.01: MET_Broker: Sending Cloudlet #404 to Vm #15
0.01: MET_Broker: Sending Cloudlet #405 to Vm #15
0.01: MET_Broker: Sending Cloudlet #406 to Vm #15
0.01: MET_Broker: Sending Cloudlet #407 to Vm #15
0.01: MET_Broker: Sending Cloudlet #408 to Vm #15
0.01: MET_Broker: Sending Cloudlet #409 to Vm #15
0.01: MET_Broker: Sending Cloudlet #410 to Vm #15
0.01: MET_Broker: Sending Cloudlet #411 to Vm #15
0.01: MET_Broker: Sending Cloudlet #412 to Vm #15
0.01: MET_Broker: Sending Cloudlet #413 to Vm #15
0.01: MET_Broker: Sending Cloudlet #414 to Vm #15
0.01: MET_Broker: Sending Cloudlet #415 to Vm #15
0.01: MET_Broker: Sending Cloudlet #416 to Vm #15
0.01: MET_Broker: Sending Cloudlet #417 to Vm #15
0.01: MET_Broker: Sending Cloudlet #418 to Vm #15
0.01: MET_Broker: Sending Cloudlet #419 to Vm #15
0.01: MET_Broker: Sending Cloudlet #420 to Vm #15
0.01: MET_Broker: Sending Cloudlet #421 to Vm #15
0.01: MET_Broker: Sending Cloudlet #422 to Vm #15
0.01: MET_Broker: Sending Cloudlet #423 to Vm #15
0.01: MET_Broker: Sending Cloudlet #424 to Vm #15
0.01: MET_Broker: Sending Cloudlet #425 to Vm #15
0.01: MET_Broker: Sending Cloudlet #426 to Vm #15
0.01: MET_Broker: Sending Cloudlet #427 to Vm #15
0.01: MET_Broker: Sending Cloudlet #428 to Vm #15
0.01: MET_Broker: Sending Cloudlet #429 to Vm #15
0.01: MET_Broker: Sending Cloudlet #430 to Vm #15
0.01: MET_Broker: Sending Cloudlet #431 to Vm #15
0.01: MET_Broker: Sending Cloudlet #432 to Vm #15
0.01: MET_Broker: Sending Cloudlet #433 to Vm #15
0.01: MET_Broker: Sending Cloudlet #434 to Vm #15
0.01: MET_Broker: Sending Cloudlet #435 to Vm #15
0.01: MET_Broker: Sending Cloudlet #436 to Vm #15
0.01: MET_Broker: Sending Cloudlet #437 to Vm #15
0.01: MET_Broker: Sending Cloudlet #438 to Vm #15
0.01: MET_Broker: Sending Cloudlet #439 to Vm #15
0.01: MET_Broker: Sending Cloudlet #440 to Vm #15
0.01: MET_Broker: Sending Cloudlet #441 to Vm #15
0.01: MET_Broker: Sending Cloudlet #442 to Vm #15
0.01: MET_Broker: Sending Cloudlet #443 to Vm #15
0.01: MET_Broker: Sending Cloudlet #444 to Vm #15
0.01: MET_Broker: Sending Cloudlet #445 to Vm #15
0.01: MET_Broker: Sending Cloudlet #446 to Vm #15
0.01: MET_Broker: Sending Cloudlet #447 to Vm #15
0.01: MET_Broker: Sending Cloudlet #448 to Vm #15
0.01: MET_Broker: Sending Cloudlet #449 to Vm #15
0.01: MET_Broker: Sending Cloudlet #450 to Vm #15
0.01: MET_Broker: Sending Cloudlet #451 to Vm #15
0.01: MET_Broker: Sending Cloudlet #452 to Vm #15
0.01: MET_Broker: Sending Cloudlet #453 to Vm #15
0.01: MET_Broker: Sending Cloudlet #454 to Vm #15
0.01: MET_Broker: Sending Cloudlet #455 to Vm #15
0.01: MET_Broker: Sending Cloudlet #456 to Vm #15
0.01: MET_Broker: Sending Cloudlet #457 to Vm #15
0.01: MET_Broker: Sending Cloudlet #458 to Vm #15
0.01: MET_Broker: Sending Cloudlet #459 to Vm #15
0.01: MET_Broker: Sending Cloudlet #460 to Vm #15
0.01: MET_Broker: Sending Cloudlet #461 to Vm #15
0.01: MET_Broker: Sending Cloudlet #462 to Vm #15
0.01: MET_Broker: Sending Cloudlet #463 to Vm #15
0.01: MET_Broker: Sending Cloudlet #464 to Vm #15
0.01: MET_Broker: Sending Cloudlet #465 to Vm #15
0.01: MET_Broker: Sending Cloudlet #466 to Vm #15
0.01: MET_Broker: Sending Cloudlet #467 to Vm #15
0.01: MET_Broker: Sending Cloudlet #468 to Vm #15
0.01: MET_Broker: Sending Cloudlet #469 to Vm #15
0.01: MET_Broker: Sending Cloudlet #470 to Vm #15
0.01: MET_Broker: Sending Cloudlet #471 to Vm #15
0.01: MET_Broker: Sending Cloudlet #472 to Vm #15
0.01: MET_Broker: Sending Cloudlet #473 to Vm #15
0.01: MET_Broker: Sending Cloudlet #474 to Vm #15
0.01: MET_Broker: Sending Cloudlet #475 to Vm #15
0.01: MET_Broker: Sending Cloudlet #476 to Vm #15
0.01: MET_Broker: Sending Cloudlet #477 to Vm #15
0.01: MET_Broker: Sending Cloudlet #478 to Vm #15
0.01: MET_Broker: Sending Cloudlet #479 to Vm #15
0.01: MET_Broker: Sending Cloudlet #480 to Vm #15
0.01: MET_Broker: Sending Cloudlet #481 to Vm #15
0.01: MET_Broker: Sending Cloudlet #482 to Vm #15
0.01: MET_Broker: Sending Cloudlet #483 to Vm #15
0.01: MET_Broker: Sending Cloudlet #484 to Vm #15
0.01: MET_Broker: Sending Cloudlet #485 to Vm #15
0.01: MET_Broker: Sending Cloudlet #486 to Vm #15
0.01: MET_Broker: Sending Cloudlet #487 to Vm #15
0.01: MET_Broker: Sending Cloudlet #488 to Vm #15
0.01: MET_Broker: Sending Cloudlet #489 to Vm #15
0.01: MET_Broker: Sending Cloudlet #490 to Vm #15
0.01: MET_Broker: Sending Cloudlet #491 to Vm #15
0.01: MET_Broker: Sending Cloudlet #492 to Vm #15
0.01: MET_Broker: Sending Cloudlet #493 to Vm #15
0.01: MET_Broker: Sending Cloudlet #494 to Vm #15
0.01: MET_Broker: Sending Cloudlet #495 to Vm #15
0.01: MET_Broker: Sending Cloudlet #496 to Vm #15
0.01: MET_Broker: Sending Cloudlet #497 to Vm #15
0.01: MET_Broker: Sending Cloudlet #498 to Vm #15
0.01: MET_Broker: Sending Cloudlet #499 to Vm #15
0.01: MET_Broker: Sending Cloudlet #500 to Vm #15
0.01: MET_Broker: Sending Cloudlet #501 to Vm #15
0.01: MET_Broker: Sending Cloudlet #502 to Vm #15
0.01: MET_Broker: Sending Cloudlet #503 to Vm #15
0.01: MET_Broker: Sending Cloudlet #504 to Vm #15
0.01: MET_Broker: Sending Cloudlet #505 to Vm #15
0.01: MET_Broker: Sending Cloudlet #506 to Vm #15
0.01: MET_Broker: Sending Cloudlet #507 to Vm #15
0.01: MET_Broker: Sending Cloudlet #508 to Vm #15
0.01: MET_Broker: Sending Cloudlet #509 to Vm #15
0.01: MET_Broker: Sending Cloudlet #510 to Vm #15
0.01: MET_Broker: Sending Cloudlet #511 to Vm #15
0.01: MET_Broker: Sending Cloudlet #512 to Vm #15
0.01: MET_Broker: Sending Cloudlet #513 to Vm #15
0.01: MET_Broker: Sending Cloudlet #514 to Vm #15
0.01: MET_Broker: Sending Cloudlet #515 to Vm #15
0.01: MET_Broker: Sending Cloudlet #516 to Vm #15
0.01: MET_Broker: Sending Cloudlet #517 to Vm #15
0.01: MET_Broker: Sending Cloudlet #518 to Vm #15
0.01: MET_Broker: Sending Cloudlet #519 to Vm #15
0.01: MET_Broker: Sending Cloudlet #520 to Vm #15
0.01: MET_Broker: Sending Cloudlet #521 to Vm #15
0.01: MET_Broker: Sending Cloudlet #522 to Vm #15
0.01: MET_Broker: Sending Cloudlet #523 to Vm #15
0.01: MET_Broker: Sending Cloudlet #524 to Vm #15
0.01: MET_Broker: Sending Cloudlet #525 to Vm #15
0.01: MET_Broker: Sending Cloudlet #526 to Vm #15
0.01: MET_Broker: Sending Cloudlet #527 to Vm #15
0.01: MET_Broker: Sending Cloudlet #528 to Vm #15
0.01: MET_Broker: Sending Cloudlet #529 to Vm #15
0.01: MET_Broker: Sending Cloudlet #530 to Vm #15
0.01: MET_Broker: Sending Cloudlet #531 to Vm #15
0.01: MET_Broker: Sending Cloudlet #532 to Vm #15
0.01: MET_Broker: Sending Cloudlet #533 to Vm #15
0.01: MET_Broker: Sending Cloudlet #534 to Vm #15
0.01: MET_Broker: Sending Cloudlet #535 to Vm #15
0.01: MET_Broker: Sending Cloudlet #536 to Vm #15
0.01: MET_Broker: Sending Cloudlet #537 to Vm #15
0.01: MET_Broker: Sending Cloudlet #538 to Vm #15
0.01: MET_Broker: Sending Cloudlet #539 to Vm #15
0.01: MET_Broker: Sending Cloudlet #540 to Vm #15
0.01: MET_Broker: Sending Cloudlet #541 to Vm #15
0.01: MET_Broker: Sending Cloudlet #542 to Vm #15
0.01: MET_Broker: Sending Cloudlet #543 to Vm #15
0.01: MET_Broker: Sending Cloudlet #544 to Vm #15
0.01: MET_Broker: Sending Cloudlet #545 to Vm #15
0.01: MET_Broker: Sending Cloudlet #546 to Vm #15
0.01: MET_Broker: Sending Cloudlet #547 to Vm #15
0.01: MET_Broker: Sending Cloudlet #548 to Vm #15
0.01: MET_Broker: Sending Cloudlet #549 to Vm #15
0.01: MET_Broker: Sending Cloudlet #550 to Vm #15
0.01: MET_Broker: Sending Cloudlet #551 to Vm #15
0.01: MET_Broker: Sending Cloudlet #552 to Vm #15
0.01: MET_Broker: Sending Cloudlet #553 to Vm #15
0.01: MET_Broker: Sending Cloudlet #554 to Vm #15
0.01: MET_Broker: Sending Cloudlet #555 to Vm #15
0.01: MET_Broker: Sending Cloudlet #556 to Vm #15
0.01: MET_Broker: Sending Cloudlet #557 to Vm #15
0.01: MET_Broker: Sending Cloudlet #558 to Vm #15
0.01: MET_Broker: Sending Cloudlet #559 to Vm #15
0.01: MET_Broker: Sending Cloudlet #560 to Vm #15
0.01: MET_Broker: Sending Cloudlet #561 to Vm #15
0.01: MET_Broker: Sending Cloudlet #562 to Vm #15
0.01: MET_Broker: Sending Cloudlet #563 to Vm #15
0.01: MET_Broker: Sending Cloudlet #564 to Vm #15
0.01: MET_Broker: Sending Cloudlet #565 to Vm #15
0.01: MET_Broker: Sending Cloudlet #566 to Vm #15
0.01: MET_Broker: Sending Cloudlet #567 to Vm #15
0.01: MET_Broker: Sending Cloudlet #568 to Vm #15
0.01: MET_Broker: Sending Cloudlet #569 to Vm #15
0.01: MET_Broker: Sending Cloudlet #570 to Vm #15
0.01: MET_Broker: Sending Cloudlet #571 to Vm #15
0.01: MET_Broker: Sending Cloudlet #572 to Vm #15
0.01: MET_Broker: Sending Cloudlet #573 to Vm #15
0.01: MET_Broker: Sending Cloudlet #574 to Vm #15
0.01: MET_Broker: Sending Cloudlet #575 to Vm #15
0.01: MET_Broker: Sending Cloudlet #576 to Vm #15
0.01: MET_Broker: Sending Cloudlet #577 to Vm #15
0.01: MET_Broker: Sending Cloudlet #578 to Vm #15
0.01: MET_Broker: Sending Cloudlet #579 to Vm #15
0.01: MET_Broker: Sending Cloudlet #580 to Vm #15
0.01: MET_Broker: Sending Cloudlet #581 to Vm #15
0.01: MET_Broker: Sending Cloudlet #582 to Vm #15
0.01: MET_Broker: Sending Cloudlet #583 to Vm #15
0.01: MET_Broker: Sending Cloudlet #584 to Vm #15
0.01: MET_Broker: Sending Cloudlet #585 to Vm #15
0.01: MET_Broker: Sending Cloudlet #586 to Vm #15
0.01: MET_Broker: Sending Cloudlet #587 to Vm #15
0.01: MET_Broker: Sending Cloudlet #588 to Vm #15
0.01: MET_Broker: Sending Cloudlet #589 to Vm #15
0.01: MET_Broker: Sending Cloudlet #590 to Vm #15
0.01: MET_Broker: Sending Cloudlet #591 to Vm #15
0.01: MET_Broker: Sending Cloudlet #592 to Vm #15
0.01: MET_Broker: Sending Cloudlet #593 to Vm #15
0.01: MET_Broker: Sending Cloudlet #594 to Vm #15
0.01: MET_Broker: Sending Cloudlet #595 to Vm #15
0.01: MET_Broker: Sending Cloudlet #596 to Vm #15
0.01: MET_Broker: Sending Cloudlet #597 to Vm #15
0.01: MET_Broker: Sending Cloudlet #598 to Vm #15
0.01: MET_Broker: Sending Cloudlet #599 to Vm #15
0.01: MET_Broker: Sending Cloudlet #600 to Vm #15
0.01: MET_Broker: Sending Cloudlet #601 to Vm #15
0.01: MET_Broker: Sending Cloudlet #602 to Vm #15
0.01: MET_Broker: Sending Cloudlet #603 to Vm #15
0.01: MET_Broker: Sending Cloudlet #604 to Vm #15
0.01: MET_Broker: Sending Cloudlet #605 to Vm #15
0.01: MET_Broker: Sending Cloudlet #606 to Vm #15
0.01: MET_Broker: Sending Cloudlet #607 to Vm #15
0.01: MET_Broker: Sending Cloudlet #608 to Vm #15
0.01: MET_Broker: Sending Cloudlet #609 to Vm #15
0.01: MET_Broker: Sending Cloudlet #610 to Vm #15
0.01: MET_Broker: Sending Cloudlet #611 to Vm #15
0.01: MET_Broker: Sending Cloudlet #612 to Vm #15
0.01: MET_Broker: Sending Cloudlet #613 to Vm #15
0.01: MET_Broker: Sending Cloudlet #614 to Vm #15
0.01: MET_Broker: Sending Cloudlet #615 to Vm #15
0.01: MET_Broker: Sending Cloudlet #616 to Vm #15
0.01: MET_Broker: Sending Cloudlet #617 to Vm #15
0.01: MET_Broker: Sending Cloudlet #618 to Vm #15
0.01: MET_Broker: Sending Cloudlet #619 to Vm #15
0.01: MET_Broker: Sending Cloudlet #620 to Vm #15
0.01: MET_Broker: Sending Cloudlet #621 to Vm #15
0.01: MET_Broker: Sending Cloudlet #622 to Vm #15
0.01: MET_Broker: Sending Cloudlet #623 to Vm #15
0.01: MET_Broker: Sending Cloudlet #624 to Vm #15
0.01: MET_Broker: Sending Cloudlet #625 to Vm #15
0.01: MET_Broker: Sending Cloudlet #626 to Vm #15
0.01: MET_Broker: Sending Cloudlet #627 to Vm #15
0.01: MET_Broker: Sending Cloudlet #628 to Vm #15
0.01: MET_Broker: Sending Cloudlet #629 to Vm #15
0.01: MET_Broker: Sending Cloudlet #630 to Vm #15
0.01: MET_Broker: Sending Cloudlet #631 to Vm #15
0.01: MET_Broker: Sending Cloudlet #632 to Vm #15
0.01: MET_Broker: Sending Cloudlet #633 to Vm #15
0.01: MET_Broker: Sending Cloudlet #634 to Vm #15
0.01: MET_Broker: Sending Cloudlet #635 to Vm #15
0.01: MET_Broker: Sending Cloudlet #636 to Vm #15
0.01: MET_Broker: Sending Cloudlet #637 to Vm #15
0.01: MET_Broker: Sending Cloudlet #638 to Vm #15
0.01: MET_Broker: Sending Cloudlet #639 to Vm #15
0.01: MET_Broker: Sending Cloudlet #640 to Vm #15
0.01: MET_Broker: Sending Cloudlet #641 to Vm #15
0.01: MET_Broker: Sending Cloudlet #642 to Vm #15
0.01: MET_Broker: Sending Cloudlet #643 to Vm #15
0.01: MET_Broker: Sending Cloudlet #644 to Vm #15
0.01: MET_Broker: Sending Cloudlet #645 to Vm #15
0.01: MET_Broker: Sending Cloudlet #646 to Vm #15
0.01: MET_Broker: Sending Cloudlet #647 to Vm #15
0.01: MET_Broker: Sending Cloudlet #648 to Vm #15
0.01: MET_Broker: Sending Cloudlet #649 to Vm #15
0.01: MET_Broker: Sending Cloudlet #650 to Vm #15
0.01: MET_Broker: Sending Cloudlet #651 to Vm #15
0.01: MET_Broker: Sending Cloudlet #652 to Vm #15
0.01: MET_Broker: Sending Cloudlet #653 to Vm #15
0.01: MET_Broker: Sending Cloudlet #654 to Vm #15
0.01: MET_Broker: Sending Cloudlet #655 to Vm #15
0.01: MET_Broker: Sending Cloudlet #656 to Vm #15
0.01: MET_Broker: Sending Cloudlet #657 to Vm #15
0.01: MET_Broker: Sending Cloudlet #658 to Vm #15
0.01: MET_Broker: Sending Cloudlet #659 to Vm #15
0.01: MET_Broker: Sending Cloudlet #660 to Vm #15
0.01: MET_Broker: Sending Cloudlet #661 to Vm #15
0.01: MET_Broker: Sending Cloudlet #662 to Vm #15
0.01: MET_Broker: Sending Cloudlet #663 to Vm #15
0.01: MET_Broker: Sending Cloudlet #664 to Vm #15
0.01: MET_Broker: Sending Cloudlet #665 to Vm #15
0.01: MET_Broker: Sending Cloudlet #666 to Vm #15
0.01: MET_Broker: Sending Cloudlet #667 to Vm #15
0.01: MET_Broker: Sending Cloudlet #668 to Vm #15
0.01: MET_Broker: Sending Cloudlet #669 to Vm #15
0.01: MET_Broker: Sending Cloudlet #670 to Vm #15
0.01: MET_Broker: Sending Cloudlet #671 to Vm #15
0.01: MET_Broker: Sending Cloudlet #672 to Vm #15
0.01: MET_Broker: Sending Cloudlet #673 to Vm #15
0.01: MET_Broker: Sending Cloudlet #674 to Vm #15
0.01: MET_Broker: Sending Cloudlet #675 to Vm #15
0.01: MET_Broker: Sending Cloudlet #676 to Vm #15
0.01: MET_Broker: Sending Cloudlet #677 to Vm #15
0.01: MET_Broker: Sending Cloudlet #678 to Vm #15
0.01: MET_Broker: Sending Cloudlet #679 to Vm #15
0.01: MET_Broker: Sending Cloudlet #680 to Vm #15
0.01: MET_Broker: Sending Cloudlet #681 to Vm #15
0.01: MET_Broker: Sending Cloudlet #682 to Vm #15
0.01: MET_Broker: Sending Cloudlet #683 to Vm #15
0.01: MET_Broker: Sending Cloudlet #684 to Vm #15
0.01: MET_Broker: Sending Cloudlet #685 to Vm #15
0.01: MET_Broker: Sending Cloudlet #686 to Vm #15
0.01: MET_Broker: Sending Cloudlet #687 to Vm #15
0.01: MET_Broker: Sending Cloudlet #688 to Vm #15
0.01: MET_Broker: Sending Cloudlet #689 to Vm #15
0.01: MET_Broker: Sending Cloudlet #690 to Vm #15
0.01: MET_Broker: Sending Cloudlet #691 to Vm #15
0.01: MET_Broker: Sending Cloudlet #692 to Vm #15
0.01: MET_Broker: Sending Cloudlet #693 to Vm #15
0.01: MET_Broker: Sending Cloudlet #694 to Vm #15
0.01: MET_Broker: Sending Cloudlet #695 to Vm #15
0.01: MET_Broker: Sending Cloudlet #696 to Vm #15
0.01: MET_Broker: Sending Cloudlet #697 to Vm #15
0.01: MET_Broker: Sending Cloudlet #698 to Vm #15
0.01: MET_Broker: Sending Cloudlet #699 to Vm #15
0.01: MET_Broker: Sending Cloudlet #700 to Vm #15
0.01: MET_Broker: Sending Cloudlet #701 to Vm #15
0.01: MET_Broker: Sending Cloudlet #702 to Vm #15
0.01: MET_Broker: Sending Cloudlet #703 to Vm #15
0.01: MET_Broker: Sending Cloudlet #704 to Vm #15
0.01: MET_Broker: Sending Cloudlet #705 to Vm #15
0.01: MET_Broker: Sending Cloudlet #706 to Vm #15
0.01: MET_Broker: Sending Cloudlet #707 to Vm #15
0.01: MET_Broker: Sending Cloudlet #708 to Vm #15
0.01: MET_Broker: Sending Cloudlet #709 to Vm #15
0.01: MET_Broker: Sending Cloudlet #710 to Vm #15
0.01: MET_Broker: Sending Cloudlet #711 to Vm #15
0.01: MET_Broker: Sending Cloudlet #712 to Vm #15
0.01: MET_Broker: Sending Cloudlet #713 to Vm #15
0.01: MET_Broker: Sending Cloudlet #714 to Vm #15
0.01: MET_Broker: Sending Cloudlet #715 to Vm #15
0.01: MET_Broker: Sending Cloudlet #716 to Vm #15
0.01: MET_Broker: Sending Cloudlet #717 to Vm #15
0.01: MET_Broker: Sending Cloudlet #718 to Vm #15
0.01: MET_Broker: Sending Cloudlet #719 to Vm #15
0.01: MET_Broker: Sending Cloudlet #720 to Vm #15
0.01: MET_Broker: Sending Cloudlet #721 to Vm #15
0.01: MET_Broker: Sending Cloudlet #722 to Vm #15
0.01: MET_Broker: Sending Cloudlet #723 to Vm #15
0.01: MET_Broker: Sending Cloudlet #724 to Vm #15
0.01: MET_Broker: Sending Cloudlet #725 to Vm #15
0.01: MET_Broker: Sending Cloudlet #726 to Vm #15
0.01: MET_Broker: Sending Cloudlet #727 to Vm #15
0.01: MET_Broker: Sending Cloudlet #728 to Vm #15
0.01: MET_Broker: Sending Cloudlet #729 to Vm #15
0.01: MET_Broker: Sending Cloudlet #730 to Vm #15
0.01: MET_Broker: Sending Cloudlet #731 to Vm #15
0.01: MET_Broker: Sending Cloudlet #732 to Vm #15
0.01: MET_Broker: Sending Cloudlet #733 to Vm #15
0.01: MET_Broker: Sending Cloudlet #734 to Vm #15
0.01: MET_Broker: Sending Cloudlet #735 to Vm #15
0.01: MET_Broker: Sending Cloudlet #736 to Vm #15
0.01: MET_Broker: Sending Cloudlet #737 to Vm #15
0.01: MET_Broker: Sending Cloudlet #738 to Vm #15
0.01: MET_Broker: Sending Cloudlet #739 to Vm #15
0.01: MET_Broker: Sending Cloudlet #740 to Vm #15
0.01: MET_Broker: Sending Cloudlet #741 to Vm #15
0.01: MET_Broker: Sending Cloudlet #742 to Vm #15
0.01: MET_Broker: Sending Cloudlet #743 to Vm #15
0.01: MET_Broker: Sending Cloudlet #744 to Vm #15
0.01: MET_Broker: Sending Cloudlet #745 to Vm #15
0.01: MET_Broker: Sending Cloudlet #746 to Vm #15
0.01: MET_Broker: Sending Cloudlet #747 to Vm #15
0.01: MET_Broker: Sending Cloudlet #748 to Vm #15
0.01: MET_Broker: Sending Cloudlet #749 to Vm #15
0.01: MET_Broker: Sending Cloudlet #750 to Vm #15
0.01: MET_Broker: Sending Cloudlet #751 to Vm #15
0.01: MET_Broker: Sending Cloudlet #752 to Vm #15
0.01: MET_Broker: Sending Cloudlet #753 to Vm #15
0.01: MET_Broker: Sending Cloudlet #754 to Vm #15
0.01: MET_Broker: Sending Cloudlet #755 to Vm #15
0.01: MET_Broker: Sending Cloudlet #756 to Vm #15
0.01: MET_Broker: Sending Cloudlet #757 to Vm #15
0.01: MET_Broker: Sending Cloudlet #758 to Vm #15
0.01: MET_Broker: Sending Cloudlet #759 to Vm #15
0.01: MET_Broker: Sending Cloudlet #760 to Vm #15
0.01: MET_Broker: Sending Cloudlet #761 to Vm #15
0.01: MET_Broker: Sending Cloudlet #762 to Vm #15
0.01: MET_Broker: Sending Cloudlet #763 to Vm #15
0.01: MET_Broker: Sending Cloudlet #764 to Vm #15
0.01: MET_Broker: Sending Cloudlet #765 to Vm #15
0.01: MET_Broker: Sending Cloudlet #766 to Vm #15
0.01: MET_Broker: Sending Cloudlet #767 to Vm #15
0.01: MET_Broker: Sending Cloudlet #768 to Vm #15
0.01: MET_Broker: Sending Cloudlet #769 to Vm #15
0.01: MET_Broker: Sending Cloudlet #770 to Vm #15
0.01: MET_Broker: Sending Cloudlet #771 to Vm #15
0.01: MET_Broker: Sending Cloudlet #772 to Vm #15
0.01: MET_Broker: Sending Cloudlet #773 to Vm #15
0.01: MET_Broker: Sending Cloudlet #774 to Vm #15
0.01: MET_Broker: Sending Cloudlet #775 to Vm #15
0.01: MET_Broker: Sending Cloudlet #776 to Vm #15
0.01: MET_Broker: Sending Cloudlet #777 to Vm #15
0.01: MET_Broker: Sending Cloudlet #778 to Vm #15
0.01: MET_Broker: Sending Cloudlet #779 to Vm #15
0.01: MET_Broker: Sending Cloudlet #780 to Vm #15
0.01: MET_Broker: Sending Cloudlet #781 to Vm #15
0.01: MET_Broker: Sending Cloudlet #782 to Vm #15
0.01: MET_Broker: Sending Cloudlet #783 to Vm #15
0.01: MET_Broker: Sending Cloudlet #784 to Vm #15
0.01: MET_Broker: Sending Cloudlet #785 to Vm #15
0.01: MET_Broker: Sending Cloudlet #786 to Vm #15
0.01: MET_Broker: Sending Cloudlet #787 to Vm #15
0.01: MET_Broker: Sending Cloudlet #788 to Vm #15
0.01: MET_Broker: Sending Cloudlet #789 to Vm #15
0.01: MET_Broker: Sending Cloudlet #790 to Vm #15
0.01: MET_Broker: Sending Cloudlet #791 to Vm #15
0.01: MET_Broker: Sending Cloudlet #792 to Vm #15
0.01: MET_Broker: Sending Cloudlet #793 to Vm #15
0.01: MET_Broker: Sending Cloudlet #794 to Vm #15
0.01: MET_Broker: Sending Cloudlet #795 to Vm #15
0.01: MET_Broker: Sending Cloudlet #796 to Vm #15
0.01: MET_Broker: Sending Cloudlet #797 to Vm #15
0.01: MET_Broker: Sending Cloudlet #798 to Vm #15
0.01: MET_Broker: Sending Cloudlet #799 to Vm #15
0.01: MET_Broker: Sending Cloudlet #800 to Vm #15
0.01: MET_Broker: Sending Cloudlet #801 to Vm #15
0.01: MET_Broker: Sending Cloudlet #802 to Vm #15
0.01: MET_Broker: Sending Cloudlet #803 to Vm #15
0.01: MET_Broker: Sending Cloudlet #804 to Vm #15
0.01: MET_Broker: Sending Cloudlet #805 to Vm #15
0.01: MET_Broker: Sending Cloudlet #806 to Vm #15
0.01: MET_Broker: Sending Cloudlet #807 to Vm #15
0.01: MET_Broker: Sending Cloudlet #808 to Vm #15
0.01: MET_Broker: Sending Cloudlet #809 to Vm #15
0.01: MET_Broker: Sending Cloudlet #810 to Vm #15
0.01: MET_Broker: Sending Cloudlet #811 to Vm #15
0.01: MET_Broker: Sending Cloudlet #812 to Vm #15
0.01: MET_Broker: Sending Cloudlet #813 to Vm #15
0.01: MET_Broker: Sending Cloudlet #814 to Vm #15
0.01: MET_Broker: Sending Cloudlet #815 to Vm #15
0.01: MET_Broker: Sending Cloudlet #816 to Vm #15
0.01: MET_Broker: Sending Cloudlet #817 to Vm #15
0.01: MET_Broker: Sending Cloudlet #818 to Vm #15
0.01: MET_Broker: Sending Cloudlet #819 to Vm #15
0.01: MET_Broker: Sending Cloudlet #820 to Vm #15
0.01: MET_Broker: Sending Cloudlet #821 to Vm #15
0.01: MET_Broker: Sending Cloudlet #822 to Vm #15
0.01: MET_Broker: Sending Cloudlet #823 to Vm #15
0.01: MET_Broker: Sending Cloudlet #824 to Vm #15
0.01: MET_Broker: Sending Cloudlet #825 to Vm #15
0.01: MET_Broker: Sending Cloudlet #826 to Vm #15
0.01: MET_Broker: Sending Cloudlet #827 to Vm #15
0.01: MET_Broker: Sending Cloudlet #828 to Vm #15
0.01: MET_Broker: Sending Cloudlet #829 to Vm #15
0.01: MET_Broker: Sending Cloudlet #830 to Vm #15
0.01: MET_Broker: Sending Cloudlet #831 to Vm #15
0.01: MET_Broker: Sending Cloudlet #832 to Vm #15
0.01: MET_Broker: Sending Cloudlet #833 to Vm #15
0.01: MET_Broker: Sending Cloudlet #834 to Vm #15
0.01: MET_Broker: Sending Cloudlet #835 to Vm #15
0.01: MET_Broker: Sending Cloudlet #836 to Vm #15
0.01: MET_Broker: Sending Cloudlet #837 to Vm #15
0.01: MET_Broker: Sending Cloudlet #838 to Vm #15
0.01: MET_Broker: Sending Cloudlet #839 to Vm #15
0.01: MET_Broker: Sending Cloudlet #840 to Vm #15
0.01: MET_Broker: Sending Cloudlet #841 to Vm #15
0.01: MET_Broker: Sending Cloudlet #842 to Vm #15
0.01: MET_Broker: Sending Cloudlet #843 to Vm #15
0.01: MET_Broker: Sending Cloudlet #844 to Vm #15
0.01: MET_Broker: Sending Cloudlet #845 to Vm #15
0.01: MET_Broker: Sending Cloudlet #846 to Vm #15
0.01: MET_Broker: Sending Cloudlet #847 to Vm #15
0.01: MET_Broker: Sending Cloudlet #848 to Vm #15
0.01: MET_Broker: Sending Cloudlet #849 to Vm #15
0.01: MET_Broker: Sending Cloudlet #850 to Vm #15
0.01: MET_Broker: Sending Cloudlet #851 to Vm #15
0.01: MET_Broker: Sending Cloudlet #852 to Vm #15
0.01: MET_Broker: Sending Cloudlet #853 to Vm #15
0.01: MET_Broker: Sending Cloudlet #854 to Vm #15
0.01: MET_Broker: Sending Cloudlet #855 to Vm #15
0.01: MET_Broker: Sending Cloudlet #856 to Vm #15
0.01: MET_Broker: Sending Cloudlet #857 to Vm #15
0.01: MET_Broker: Sending Cloudlet #858 to Vm #15
0.01: MET_Broker: Sending Cloudlet #859 to Vm #15
0.01: MET_Broker: Sending Cloudlet #860 to Vm #15
0.01: MET_Broker: Sending Cloudlet #861 to Vm #15
0.01: MET_Broker: Sending Cloudlet #862 to Vm #15
0.01: MET_Broker: Sending Cloudlet #863 to Vm #15
0.01: MET_Broker: Sending Cloudlet #864 to Vm #15
0.01: MET_Broker: Sending Cloudlet #865 to Vm #15
0.01: MET_Broker: Sending Cloudlet #866 to Vm #15
0.01: MET_Broker: Sending Cloudlet #867 to Vm #15
0.01: MET_Broker: Sending Cloudlet #868 to Vm #15
0.01: MET_Broker: Sending Cloudlet #869 to Vm #15
0.01: MET_Broker: Sending Cloudlet #870 to Vm #15
0.01: MET_Broker: Sending Cloudlet #871 to Vm #15
0.01: MET_Broker: Sending Cloudlet #872 to Vm #15
0.01: MET_Broker: Sending Cloudlet #873 to Vm #15
0.01: MET_Broker: Sending Cloudlet #874 to Vm #15
0.01: MET_Broker: Sending Cloudlet #875 to Vm #15
0.01: MET_Broker: Sending Cloudlet #876 to Vm #15
0.01: MET_Broker: Sending Cloudlet #877 to Vm #15
0.01: MET_Broker: Sending Cloudlet #878 to Vm #15
0.01: MET_Broker: Sending Cloudlet #879 to Vm #15
0.01: MET_Broker: Sending Cloudlet #880 to Vm #15
0.01: MET_Broker: Sending Cloudlet #881 to Vm #15
0.01: MET_Broker: Sending Cloudlet #882 to Vm #15
0.01: MET_Broker: Sending Cloudlet #883 to Vm #15
0.01: MET_Broker: Sending Cloudlet #884 to Vm #15
0.01: MET_Broker: Sending Cloudlet #885 to Vm #15
0.01: MET_Broker: Sending Cloudlet #886 to Vm #15
0.01: MET_Broker: Sending Cloudlet #887 to Vm #15
0.01: MET_Broker: Sending Cloudlet #888 to Vm #15
0.01: MET_Broker: Sending Cloudlet #889 to Vm #15
0.01: MET_Broker: Sending Cloudlet #890 to Vm #15
0.01: MET_Broker: Sending Cloudlet #891 to Vm #15
0.01: MET_Broker: Sending Cloudlet #892 to Vm #15
0.01: MET_Broker: Sending Cloudlet #893 to Vm #15
0.01: MET_Broker: Sending Cloudlet #894 to Vm #15
0.01: MET_Broker: Sending Cloudlet #895 to Vm #15
0.01: MET_Broker: Sending Cloudlet #896 to Vm #15
0.01: MET_Broker: Sending Cloudlet #897 to Vm #15
0.01: MET_Broker: Sending Cloudlet #898 to Vm #15
0.01: MET_Broker: Sending Cloudlet #899 to Vm #15
0.01: MET_Broker: Sending Cloudlet #900 to Vm #15
0.01: MET_Broker: Sending Cloudlet #901 to Vm #15
0.01: MET_Broker: Sending Cloudlet #902 to Vm #15
0.01: MET_Broker: Sending Cloudlet #903 to Vm #15
0.01: MET_Broker: Sending Cloudlet #904 to Vm #15
0.01: MET_Broker: Sending Cloudlet #905 to Vm #15
0.01: MET_Broker: Sending Cloudlet #906 to Vm #15
0.01: MET_Broker: Sending Cloudlet #907 to Vm #15
0.01: MET_Broker: Sending Cloudlet #908 to Vm #15
0.01: MET_Broker: Sending Cloudlet #909 to Vm #15
0.01: MET_Broker: Sending Cloudlet #910 to Vm #15
0.01: MET_Broker: Sending Cloudlet #911 to Vm #15
0.01: MET_Broker: Sending Cloudlet #912 to Vm #15
0.01: MET_Broker: Sending Cloudlet #913 to Vm #15
0.01: MET_Broker: Sending Cloudlet #914 to Vm #15
0.01: MET_Broker: Sending Cloudlet #915 to Vm #15
0.01: MET_Broker: Sending Cloudlet #916 to Vm #15
0.01: MET_Broker: Sending Cloudlet #917 to Vm #15
0.01: MET_Broker: Sending Cloudlet #918 to Vm #15
0.01: MET_Broker: Sending Cloudlet #919 to Vm #15
0.01: MET_Broker: Sending Cloudlet #920 to Vm #15
0.01: MET_Broker: Sending Cloudlet #921 to Vm #15
0.01: MET_Broker: Sending Cloudlet #922 to Vm #15
0.01: MET_Broker: Sending Cloudlet #923 to Vm #15
0.01: MET_Broker: Sending Cloudlet #924 to Vm #15
0.01: MET_Broker: Sending Cloudlet #925 to Vm #15
0.01: MET_Broker: Sending Cloudlet #926 to Vm #15
0.01: MET_Broker: Sending Cloudlet #927 to Vm #15
0.01: MET_Broker: Sending Cloudlet #928 to Vm #15
0.01: MET_Broker: Sending Cloudlet #929 to Vm #15
0.01: MET_Broker: Sending Cloudlet #930 to Vm #15
0.01: MET_Broker: Sending Cloudlet #931 to Vm #15
0.01: MET_Broker: Sending Cloudlet #932 to Vm #15
0.01: MET_Broker: Sending Cloudlet #933 to Vm #15
0.01: MET_Broker: Sending Cloudlet #934 to Vm #15
0.01: MET_Broker: Sending Cloudlet #935 to Vm #15
0.01: MET_Broker: Sending Cloudlet #936 to Vm #15
0.01: MET_Broker: Sending Cloudlet #937 to Vm #15
0.01: MET_Broker: Sending Cloudlet #938 to Vm #15
0.01: MET_Broker: Sending Cloudlet #939 to Vm #15
0.01: MET_Broker: Sending Cloudlet #940 to Vm #15
0.01: MET_Broker: Sending Cloudlet #941 to Vm #15
0.01: MET_Broker: Sending Cloudlet #942 to Vm #15
0.01: MET_Broker: Sending Cloudlet #943 to Vm #15
0.01: MET_Broker: Sending Cloudlet #944 to Vm #15
0.01: MET_Broker: Sending Cloudlet #945 to Vm #15
0.01: MET_Broker: Sending Cloudlet #946 to Vm #15
0.01: MET_Broker: Sending Cloudlet #947 to Vm #15
0.01: MET_Broker: Sending Cloudlet #948 to Vm #15
0.01: MET_Broker: Sending Cloudlet #949 to Vm #15
0.01: MET_Broker: Sending Cloudlet #950 to Vm #15
0.01: MET_Broker: Sending Cloudlet #951 to Vm #15
0.01: MET_Broker: Sending Cloudlet #952 to Vm #15
0.01: MET_Broker: Sending Cloudlet #953 to Vm #15
0.01: MET_Broker: Sending Cloudlet #954 to Vm #15
0.01: MET_Broker: Sending Cloudlet #955 to Vm #15
0.01: MET_Broker: Sending Cloudlet #956 to Vm #15
0.01: MET_Broker: Sending Cloudlet #957 to Vm #15
0.01: MET_Broker: Sending Cloudlet #958 to Vm #15
0.01: MET_Broker: Sending Cloudlet #959 to Vm #15
0.01: MET_Broker: Sending Cloudlet #960 to Vm #15
0.01: MET_Broker: Sending Cloudlet #961 to Vm #15
0.01: MET_Broker: Sending Cloudlet #962 to Vm #15
0.01: MET_Broker: Sending Cloudlet #963 to Vm #15
0.01: MET_Broker: Sending Cloudlet #964 to Vm #15
0.01: MET_Broker: Sending Cloudlet #965 to Vm #15
0.01: MET_Broker: Sending Cloudlet #966 to Vm #15
0.01: MET_Broker: Sending Cloudlet #967 to Vm #15
0.01: MET_Broker: Sending Cloudlet #968 to Vm #15
0.01: MET_Broker: Sending Cloudlet #969 to Vm #15
0.01: MET_Broker: Sending Cloudlet #970 to Vm #15
0.01: MET_Broker: Sending Cloudlet #971 to Vm #15
0.01: MET_Broker: Sending Cloudlet #972 to Vm #15
0.01: MET_Broker: Sending Cloudlet #973 to Vm #15
0.01: MET_Broker: Sending Cloudlet #974 to Vm #15
0.01: MET_Broker: Sending Cloudlet #975 to Vm #15
0.01: MET_Broker: Sending Cloudlet #976 to Vm #15
0.01: MET_Broker: Sending Cloudlet #977 to Vm #15
0.01: MET_Broker: Sending Cloudlet #978 to Vm #15
0.01: MET_Broker: Sending Cloudlet #979 to Vm #15
0.01: MET_Broker: Sending Cloudlet #980 to Vm #15
0.01: MET_Broker: Sending Cloudlet #981 to Vm #15
0.01: MET_Broker: Sending Cloudlet #982 to Vm #15
0.01: MET_Broker: Sending Cloudlet #983 to Vm #15
0.01: MET_Broker: Sending Cloudlet #984 to Vm #15
0.01: MET_Broker: Sending Cloudlet #985 to Vm #15
0.01: MET_Broker: Sending Cloudlet #986 to Vm #15
0.01: MET_Broker: Sending Cloudlet #987 to Vm #15
0.01: MET_Broker: Sending Cloudlet #988 to Vm #15
0.01: MET_Broker: Sending Cloudlet #989 to Vm #15
0.01: MET_Broker: Sending Cloudlet #990 to Vm #15
0.01: MET_Broker: Sending Cloudlet #991 to Vm #15
0.01: MET_Broker: Sending Cloudlet #992 to Vm #15
0.01: MET_Broker: Sending Cloudlet #993 to Vm #15
0.01: MET_Broker: Sending Cloudlet #994 to Vm #15
0.01: MET_Broker: Sending Cloudlet #995 to Vm #15
0.01: MET_Broker: Sending Cloudlet #996 to Vm #15
0.01: MET_Broker: Sending Cloudlet #997 to Vm #15
0.01: MET_Broker: Sending Cloudlet #998 to Vm #15
0.01: MET_Broker: Sending Cloudlet #999 to Vm #15
0.01: MET_Broker: Sending Cloudlet #1000 to Vm #15
0.01: MET_Broker: Sending Cloudlet #1001 to Vm #15
0.01: MET_Broker: Sending Cloudlet #1002 to Vm #15
0.01: MET_Broker: Sending Cloudlet #1003 to Vm #15
0.01: MET_Broker: Sending Cloudlet #1004 to Vm #15
0.01: MET_Broker: Sending Cloudlet #1005 to Vm #15
0.01: MET_Broker: Sending Cloudlet #1006 to Vm #15
0.01: MET_Broker: Sending Cloudlet #1007 to Vm #15
0.01: MET_Broker: Sending Cloudlet #1008 to Vm #15
0.01: MET_Broker: Sending Cloudlet #1009 to Vm #15
0.01: MET_Broker: Sending Cloudlet #1010 to Vm #15
0.01: MET_Broker: Sending Cloudlet #1011 to Vm #15
0.01: MET_Broker: Sending Cloudlet #1012 to Vm #15
0.01: MET_Broker: Sending Cloudlet #1013 to Vm #15
0.01: MET_Broker: Sending Cloudlet #1014 to Vm #15
0.01: MET_Broker: Sending Cloudlet #1015 to Vm #15
0.01: MET_Broker: Sending Cloudlet #1016 to Vm #15
0.01: MET_Broker: Sending Cloudlet #1017 to Vm #15
0.01: MET_Broker: Sending Cloudlet #1018 to Vm #15
0.01: MET_Broker: Sending Cloudlet #1019 to Vm #15
0.01: MET_Broker: Sending Cloudlet #1020 to Vm #15
0.01: MET_Broker: Sending Cloudlet #1021 to Vm #15
0.01: MET_Broker: Sending Cloudlet #1022 to Vm #15
0.01: MET_Broker: Sending Cloudlet #1023 to Vm #15
0.01: MET_Broker: Sending Cloudlet #1024 to Vm #15
0.01: MET_Broker: Sending Cloudlet #1025 to Vm #15
0.01: MET_Broker: Sending Cloudlet #1026 to Vm #15
0.01: MET_Broker: Sending Cloudlet #1027 to Vm #15
0.01: MET_Broker: Sending Cloudlet #1028 to Vm #15
0.01: MET_Broker: Sending Cloudlet #1029 to Vm #15
0.01: MET_Broker: Sending Cloudlet #1030 to Vm #15
0.01: MET_Broker: Sending Cloudlet #1031 to Vm #15
0.01: MET_Broker: Sending Cloudlet #1032 to Vm #15
0.01: MET_Broker: Sending Cloudlet #1033 to Vm #15
0.01: MET_Broker: Sending Cloudlet #1034 to Vm #15
0.01: MET_Broker: Sending Cloudlet #1035 to Vm #15
0.01: MET_Broker: Sending Cloudlet #1036 to Vm #15
0.01: MET_Broker: Sending Cloudlet #1037 to Vm #15
0.01: MET_Broker: Sending Cloudlet #1038 to Vm #15
0.01: MET_Broker: Sending Cloudlet #1039 to Vm #15
0.01: MET_Broker: Sending Cloudlet #1040 to Vm #15
0.01: MET_Broker: Sending Cloudlet #1041 to Vm #15
0.01: MET_Broker: Sending Cloudlet #1042 to Vm #15
0.01: MET_Broker: Sending Cloudlet #1043 to Vm #15
0.01: MET_Broker: Sending Cloudlet #1044 to Vm #15
0.01: MET_Broker: Sending Cloudlet #1045 to Vm #15
0.01: MET_Broker: Sending Cloudlet #1046 to Vm #15
0.01: MET_Broker: Sending Cloudlet #1047 to Vm #15
0.01: MET_Broker: Sending Cloudlet #1048 to Vm #15
0.01: MET_Broker: Sending Cloudlet #1049 to Vm #15
0.01: MET_Broker: Sending Cloudlet #1050 to Vm #15
0.01: MET_Broker: Sending Cloudlet #1051 to Vm #15
0.01: MET_Broker: Sending Cloudlet #1052 to Vm #15
0.01: MET_Broker: Sending Cloudlet #1053 to Vm #15
0.01: MET_Broker: Sending Cloudlet #1054 to Vm #15
0.01: MET_Broker: Sending Cloudlet #1055 to Vm #15
0.01: MET_Broker: Sending Cloudlet #1056 to Vm #15
0.01: MET_Broker: Sending Cloudlet #1057 to Vm #15
0.01: MET_Broker: Sending Cloudlet #1058 to Vm #15
0.01: MET_Broker: Sending Cloudlet #1059 to Vm #15
0.01: MET_Broker: Sending Cloudlet #1060 to Vm #15
0.01: MET_Broker: Sending Cloudlet #1061 to Vm #15
0.01: MET_Broker: Sending Cloudlet #1062 to Vm #15
0.01: MET_Broker: Sending Cloudlet #1063 to Vm #15
0.01: MET_Broker: Sending Cloudlet #1064 to Vm #15
0.01: MET_Broker: Sending Cloudlet #1065 to Vm #15
0.01: MET_Broker: Sending Cloudlet #1066 to Vm #15
0.01: MET_Broker: Sending Cloudlet #1067 to Vm #15
0.01: MET_Broker: Sending Cloudlet #1068 to Vm #15
0.01: MET_Broker: Sending Cloudlet #1069 to Vm #15
0.01: MET_Broker: Sending Cloudlet #1070 to Vm #15
0.01: MET_Broker: Sending Cloudlet #1071 to Vm #15
0.01: MET_Broker: Sending Cloudlet #1072 to Vm #15
0.01: MET_Broker: Sending Cloudlet #1073 to Vm #15
0.01: MET_Broker: Sending Cloudlet #1074 to Vm #15
0.01: MET_Broker: Sending Cloudlet #1075 to Vm #15
0.01: MET_Broker: Sending Cloudlet #1076 to Vm #15
0.01: MET_Broker: Sending Cloudlet #1077 to Vm #15
0.01: MET_Broker: Sending Cloudlet #1078 to Vm #15
0.01: MET_Broker: Sending Cloudlet #1079 to Vm #15
0.01: MET_Broker: Sending Cloudlet #1080 to Vm #15
0.01: MET_Broker: Sending Cloudlet #1081 to Vm #15
0.01: MET_Broker: Sending Cloudlet #1082 to Vm #15
0.01: MET_Broker: Sending Cloudlet #1083 to Vm #15
0.01: MET_Broker: Sending Cloudlet #1084 to Vm #15
0.01: MET_Broker: Sending Cloudlet #1085 to Vm #15
0.01: MET_Broker: Sending Cloudlet #1086 to Vm #15
0.01: MET_Broker: Sending Cloudlet #1087 to Vm #15
0.01: MET_Broker: Sending Cloudlet #1088 to Vm #15
0.01: MET_Broker: Sending Cloudlet #1089 to Vm #15
0.01: MET_Broker: Sending Cloudlet #1090 to Vm #15
0.01: MET_Broker: Sending Cloudlet #1091 to Vm #15
0.01: MET_Broker: Sending Cloudlet #1092 to Vm #15
0.01: MET_Broker: Sending Cloudlet #1093 to Vm #15
0.01: MET_Broker: Sending Cloudlet #1094 to Vm #15
0.01: MET_Broker: Sending Cloudlet #1095 to Vm #15
0.01: MET_Broker: Sending Cloudlet #1096 to Vm #15
0.01: MET_Broker: Sending Cloudlet #1097 to Vm #15
0.01: MET_Broker: Sending Cloudlet #1098 to Vm #15
0.01: MET_Broker: Sending Cloudlet #1099 to Vm #15
0.01: MET_Broker: Sending Cloudlet #1100 to Vm #15
0.01: MET_Broker: Sending Cloudlet #1101 to Vm #15
0.01: MET_Broker: Sending Cloudlet #1102 to Vm #15
0.01: MET_Broker: Sending Cloudlet #1103 to Vm #15
0.01: MET_Broker: Sending Cloudlet #1104 to Vm #15
0.01: MET_Broker: Sending Cloudlet #1105 to Vm #15
0.01: MET_Broker: Sending Cloudlet #1106 to Vm #15
0.01: MET_Broker: Sending Cloudlet #1107 to Vm #15
0.01: MET_Broker: Sending Cloudlet #1108 to Vm #15
0.01: MET_Broker: Sending Cloudlet #1109 to Vm #15
0.01: MET_Broker: Sending Cloudlet #1110 to Vm #15
0.01: MET_Broker: Sending Cloudlet #1111 to Vm #15
0.01: MET_Broker: Sending Cloudlet #1112 to Vm #15
0.01: MET_Broker: Sending Cloudlet #1113 to Vm #15
0.01: MET_Broker: Sending Cloudlet #1114 to Vm #15
0.01: MET_Broker: Sending Cloudlet #1115 to Vm #15
0.01: MET_Broker: Sending Cloudlet #1116 to Vm #15
0.01: MET_Broker: Sending Cloudlet #1117 to Vm #15
0.01: MET_Broker: Sending Cloudlet #1118 to Vm #15
0.01: MET_Broker: Sending Cloudlet #1119 to Vm #15
0.01: MET_Broker: Sending Cloudlet #1120 to Vm #15
0.01: MET_Broker: Sending Cloudlet #1121 to Vm #15
0.01: MET_Broker: Sending Cloudlet #1122 to Vm #15
0.01: MET_Broker: Sending Cloudlet #1123 to Vm #15
0.01: MET_Broker: Sending Cloudlet #1124 to Vm #15
0.01: MET_Broker: Sending Cloudlet #1125 to Vm #15
0.01: MET_Broker: Sending Cloudlet #1126 to Vm #15
0.01: MET_Broker: Sending Cloudlet #1127 to Vm #15
0.01: MET_Broker: Sending Cloudlet #1128 to Vm #15
0.01: MET_Broker: Sending Cloudlet #1129 to Vm #15
0.01: MET_Broker: Sending Cloudlet #1130 to Vm #15
0.01: MET_Broker: Sending Cloudlet #1131 to Vm #15
0.01: MET_Broker: Sending Cloudlet #1132 to Vm #15
0.01: MET_Broker: Sending Cloudlet #1133 to Vm #15
0.01: MET_Broker: Sending Cloudlet #1134 to Vm #15
0.01: MET_Broker: Sending Cloudlet #1135 to Vm #15
0.01: MET_Broker: Sending Cloudlet #1136 to Vm #15
0.01: MET_Broker: Sending Cloudlet #1137 to Vm #15
0.01: MET_Broker: Sending Cloudlet #1138 to Vm #15
0.01: MET_Broker: Sending Cloudlet #1139 to Vm #15
0.01: MET_Broker: Sending Cloudlet #1140 to Vm #15
0.01: MET_Broker: Sending Cloudlet #1141 to Vm #15
0.01: MET_Broker: Sending Cloudlet #1142 to Vm #15
0.01: MET_Broker: Sending Cloudlet #1143 to Vm #15
0.01: MET_Broker: Sending Cloudlet #1144 to Vm #15
0.01: MET_Broker: Sending Cloudlet #1145 to Vm #15
0.01: MET_Broker: Sending Cloudlet #1146 to Vm #15
0.01: MET_Broker: Sending Cloudlet #1147 to Vm #15
0.01: MET_Broker: Sending Cloudlet #1148 to Vm #15
0.01: MET_Broker: Sending Cloudlet #1149 to Vm #15
0.01: MET_Broker: Sending Cloudlet #1150 to Vm #15
0.01: MET_Broker: Sending Cloudlet #1151 to Vm #15
0.01: MET_Broker: Sending Cloudlet #1152 to Vm #15
0.01: MET_Broker: Sending Cloudlet #1153 to Vm #15
0.01: MET_Broker: Sending Cloudlet #1154 to Vm #15
0.01: MET_Broker: Sending Cloudlet #1155 to Vm #15
0.01: MET_Broker: Sending Cloudlet #1156 to Vm #15
0.01: MET_Broker: Sending Cloudlet #1157 to Vm #15
0.01: MET_Broker: Sending Cloudlet #1158 to Vm #15
0.01: MET_Broker: Sending Cloudlet #1159 to Vm #15
0.01: MET_Broker: Sending Cloudlet #1160 to Vm #15
0.01: MET_Broker: Sending Cloudlet #1161 to Vm #15
0.01: MET_Broker: Sending Cloudlet #1162 to Vm #15
0.01: MET_Broker: Sending Cloudlet #1163 to Vm #15
0.01: MET_Broker: Sending Cloudlet #1164 to Vm #15
0.01: MET_Broker: Sending Cloudlet #1165 to Vm #15
0.01: MET_Broker: Sending Cloudlet #1166 to Vm #15
0.01: MET_Broker: Sending Cloudlet #1167 to Vm #15
0.01: MET_Broker: Sending Cloudlet #1168 to Vm #15
0.01: MET_Broker: Sending Cloudlet #1169 to Vm #15
0.01: MET_Broker: Sending Cloudlet #1170 to Vm #15
0.01: MET_Broker: Sending Cloudlet #1171 to Vm #15
0.01: MET_Broker: Sending Cloudlet #1172 to Vm #15
0.01: MET_Broker: Sending Cloudlet #1173 to Vm #15
0.01: MET_Broker: Sending Cloudlet #1174 to Vm #15
0.01: MET_Broker: Sending Cloudlet #1175 to Vm #15
0.01: MET_Broker: Sending Cloudlet #1176 to Vm #15
0.01: MET_Broker: Sending Cloudlet #1177 to Vm #15
0.01: MET_Broker: Sending Cloudlet #1178 to Vm #15
0.01: MET_Broker: Sending Cloudlet #1179 to Vm #15
0.01: MET_Broker: Sending Cloudlet #1180 to Vm #15
0.01: MET_Broker: Sending Cloudlet #1181 to Vm #15
0.01: MET_Broker: Sending Cloudlet #1182 to Vm #15
0.01: MET_Broker: Sending Cloudlet #1183 to Vm #15
0.01: MET_Broker: Sending Cloudlet #1184 to Vm #15
0.01: MET_Broker: Sending Cloudlet #1185 to Vm #15
0.01: MET_Broker: Sending Cloudlet #1186 to Vm #15
0.01: MET_Broker: Sending Cloudlet #1187 to Vm #15
0.01: MET_Broker: Sending Cloudlet #1188 to Vm #15
0.01: MET_Broker: Sending Cloudlet #1189 to Vm #15
0.01: MET_Broker: Sending Cloudlet #1190 to Vm #15
0.01: MET_Broker: Sending Cloudlet #1191 to Vm #15
0.01: MET_Broker: Sending Cloudlet #1192 to Vm #15
0.01: MET_Broker: Sending Cloudlet #1193 to Vm #15
0.01: MET_Broker: Sending Cloudlet #1194 to Vm #15
0.01: MET_Broker: Sending Cloudlet #1195 to Vm #15
0.01: MET_Broker: Sending Cloudlet #1196 to Vm #15
0.01: MET_Broker: Sending Cloudlet #1197 to Vm #15
0.01: MET_Broker: Sending Cloudlet #1198 to Vm #15
0.01: MET_Broker: Sending Cloudlet #1199 to Vm #15
0.01: MET_Broker: Sending Cloudlet #1200 to Vm #15
0.01: MET_Broker: Sending Cloudlet #1201 to Vm #15
0.01: MET_Broker: Sending Cloudlet #1202 to Vm #15
0.01: MET_Broker: Sending Cloudlet #1203 to Vm #15
0.01: MET_Broker: Sending Cloudlet #1204 to Vm #15
0.01: MET_Broker: Sending Cloudlet #1205 to Vm #15
0.01: MET_Broker: Sending Cloudlet #1206 to Vm #15
0.01: MET_Broker: Sending Cloudlet #1207 to Vm #15
0.01: MET_Broker: Sending Cloudlet #1208 to Vm #15
0.01: MET_Broker: Sending Cloudlet #1209 to Vm #15
0.01: MET_Broker: Sending Cloudlet #1210 to Vm #15
0.01: MET_Broker: Sending Cloudlet #1211 to Vm #15
0.01: MET_Broker: Sending Cloudlet #1212 to Vm #15
0.01: MET_Broker: Sending Cloudlet #1213 to Vm #15
0.01: MET_Broker: Sending Cloudlet #1214 to Vm #15
0.01: MET_Broker: Sending Cloudlet #1215 to Vm #15
0.01: MET_Broker: Sending Cloudlet #1216 to Vm #15
0.01: MET_Broker: Sending Cloudlet #1217 to Vm #15
0.01: MET_Broker: Sending Cloudlet #1218 to Vm #15
0.01: MET_Broker: Sending Cloudlet #1219 to Vm #15
0.01: MET_Broker: Sending Cloudlet #1220 to Vm #15
0.01: MET_Broker: Sending Cloudlet #1221 to Vm #15
0.01: MET_Broker: Sending Cloudlet #1222 to Vm #15
0.01: MET_Broker: Sending Cloudlet #1223 to Vm #15
0.01: MET_Broker: Sending Cloudlet #1224 to Vm #15
0.01: MET_Broker: Sending Cloudlet #1225 to Vm #15
0.01: MET_Broker: Sending Cloudlet #1226 to Vm #15
0.01: MET_Broker: Sending Cloudlet #1227 to Vm #15
0.01: MET_Broker: Sending Cloudlet #1228 to Vm #15
0.01: MET_Broker: Sending Cloudlet #1229 to Vm #15
0.01: MET_Broker: Sending Cloudlet #1230 to Vm #15
0.01: MET_Broker: Sending Cloudlet #1231 to Vm #15
0.01: MET_Broker: Sending Cloudlet #1232 to Vm #15
0.01: MET_Broker: Sending Cloudlet #1233 to Vm #15
0.01: MET_Broker: Sending Cloudlet #1234 to Vm #15
0.01: MET_Broker: Sending Cloudlet #1235 to Vm #15
0.01: MET_Broker: Sending Cloudlet #1236 to Vm #15
0.01: MET_Broker: Sending Cloudlet #1237 to Vm #15
0.01: MET_Broker: Sending Cloudlet #1238 to Vm #15
0.01: MET_Broker: Sending Cloudlet #1239 to Vm #15
0.01: MET_Broker: Sending Cloudlet #1240 to Vm #15
0.01: MET_Broker: Sending Cloudlet #1241 to Vm #15
0.01: MET_Broker: Sending Cloudlet #1242 to Vm #15
0.01: MET_Broker: Sending Cloudlet #1243 to Vm #15
0.01: MET_Broker: Sending Cloudlet #1244 to Vm #15
0.01: MET_Broker: Sending Cloudlet #1245 to Vm #15
0.01: MET_Broker: Sending Cloudlet #1246 to Vm #15
0.01: MET_Broker: Sending Cloudlet #1247 to Vm #15
0.01: MET_Broker: Sending Cloudlet #1248 to Vm #15
0.01: MET_Broker: Sending Cloudlet #1249 to Vm #15
0.01: MET_Broker: Sending Cloudlet #1250 to Vm #15
0.01: MET_Broker: Sending Cloudlet #1251 to Vm #15
0.01: MET_Broker: Sending Cloudlet #1252 to Vm #15
0.01: MET_Broker: Sending Cloudlet #1253 to Vm #15
0.01: MET_Broker: Sending Cloudlet #1254 to Vm #15
0.01: MET_Broker: Sending Cloudlet #1255 to Vm #15
0.01: MET_Broker: Sending Cloudlet #1256 to Vm #15
0.01: MET_Broker: Sending Cloudlet #1257 to Vm #15
0.01: MET_Broker: Sending Cloudlet #1258 to Vm #15
0.01: MET_Broker: Sending Cloudlet #1259 to Vm #15
0.01: MET_Broker: Sending Cloudlet #1260 to Vm #15
0.01: MET_Broker: Sending Cloudlet #1261 to Vm #15
0.01: MET_Broker: Sending Cloudlet #1262 to Vm #15
0.01: MET_Broker: Sending Cloudlet #1263 to Vm #15
0.01: MET_Broker: Sending Cloudlet #1264 to Vm #15
0.01: MET_Broker: Sending Cloudlet #1265 to Vm #15
0.01: MET_Broker: Sending Cloudlet #1266 to Vm #15
0.01: MET_Broker: Sending Cloudlet #1267 to Vm #15
0.01: MET_Broker: Sending Cloudlet #1268 to Vm #15
0.01: MET_Broker: Sending Cloudlet #1269 to Vm #15
0.01: MET_Broker: Sending Cloudlet #1270 to Vm #15
0.01: MET_Broker: Sending Cloudlet #1271 to Vm #15
0.01: MET_Broker: Sending Cloudlet #1272 to Vm #15
0.01: MET_Broker: Sending Cloudlet #1273 to Vm #15
0.01: MET_Broker: Sending Cloudlet #1274 to Vm #15
0.01: MET_Broker: Sending Cloudlet #1275 to Vm #15
0.01: MET_Broker: Sending Cloudlet #1276 to Vm #15
0.01: MET_Broker: Sending Cloudlet #1277 to Vm #15
0.01: MET_Broker: Sending Cloudlet #1278 to Vm #15
0.01: MET_Broker: Sending Cloudlet #1279 to Vm #15
0.01: MET_Broker: Sending Cloudlet #1280 to Vm #15
0.01: MET_Broker: Sending Cloudlet #1281 to Vm #15
0.01: MET_Broker: Sending Cloudlet #1282 to Vm #15
0.01: MET_Broker: Sending Cloudlet #1283 to Vm #15
0.01: MET_Broker: Sending Cloudlet #1284 to Vm #15
0.01: MET_Broker: Sending Cloudlet #1285 to Vm #15
0.01: MET_Broker: Sending Cloudlet #1286 to Vm #15
0.01: MET_Broker: Sending Cloudlet #1287 to Vm #15
0.01: MET_Broker: Sending Cloudlet #1288 to Vm #15
0.01: MET_Broker: Sending Cloudlet #1289 to Vm #15
0.01: MET_Broker: Sending Cloudlet #1290 to Vm #15
0.01: MET_Broker: Sending Cloudlet #1291 to Vm #15
0.01: MET_Broker: Sending Cloudlet #1292 to Vm #15
0.01: MET_Broker: Sending Cloudlet #1293 to Vm #15
0.01: MET_Broker: Sending Cloudlet #1294 to Vm #15
0.01: MET_Broker: Sending Cloudlet #1295 to Vm #15
0.01: MET_Broker: Sending Cloudlet #1296 to Vm #15
0.01: MET_Broker: Sending Cloudlet #1297 to Vm #15
0.01: MET_Broker: Sending Cloudlet #1298 to Vm #15
0.01: MET_Broker: Sending Cloudlet #1299 to Vm #15
0.01: MET_Broker: Sending Cloudlet #1300 to Vm #15
0.01: MET_Broker: Sending Cloudlet #1301 to Vm #15
0.01: MET_Broker: Sending Cloudlet #1302 to Vm #15
0.01: MET_Broker: Sending Cloudlet #1303 to Vm #15
0.01: MET_Broker: Sending Cloudlet #1304 to Vm #15
0.01: MET_Broker: Sending Cloudlet #1305 to Vm #15
0.01: MET_Broker: Sending Cloudlet #1306 to Vm #15
0.01: MET_Broker: Sending Cloudlet #1307 to Vm #15
0.01: MET_Broker: Sending Cloudlet #1308 to Vm #15
0.01: MET_Broker: Sending Cloudlet #1309 to Vm #15
0.01: MET_Broker: Sending Cloudlet #1310 to Vm #15
0.01: MET_Broker: Sending Cloudlet #1311 to Vm #15
0.01: MET_Broker: Sending Cloudlet #1312 to Vm #15
0.01: MET_Broker: Sending Cloudlet #1313 to Vm #15
0.01: MET_Broker: Sending Cloudlet #1314 to Vm #15
0.01: MET_Broker: Sending Cloudlet #1315 to Vm #15
0.01: MET_Broker: Sending Cloudlet #1316 to Vm #15
0.01: MET_Broker: Sending Cloudlet #1317 to Vm #15
0.01: MET_Broker: Sending Cloudlet #1318 to Vm #15
0.01: MET_Broker: Sending Cloudlet #1319 to Vm #15
0.01: MET_Broker: Sending Cloudlet #1320 to Vm #15
0.01: MET_Broker: Sending Cloudlet #1321 to Vm #15
0.01: MET_Broker: Sending Cloudlet #1322 to Vm #15
0.01: MET_Broker: Sending Cloudlet #1323 to Vm #15
0.01: MET_Broker: Sending Cloudlet #1324 to Vm #15
0.01: MET_Broker: Sending Cloudlet #1325 to Vm #15
0.01: MET_Broker: Sending Cloudlet #1326 to Vm #15
0.01: MET_Broker: Sending Cloudlet #1327 to Vm #15
0.01: MET_Broker: Sending Cloudlet #1328 to Vm #15
0.01: MET_Broker: Sending Cloudlet #1329 to Vm #15
0.01: MET_Broker: Sending Cloudlet #1330 to Vm #15
0.01: MET_Broker: Sending Cloudlet #1331 to Vm #15
0.01: MET_Broker: Sending Cloudlet #1332 to Vm #15
0.01: MET_Broker: Sending Cloudlet #1333 to Vm #15
0.01: MET_Broker: Sending Cloudlet #1334 to Vm #15
0.01: MET_Broker: Sending Cloudlet #1335 to Vm #15
0.01: MET_Broker: Sending Cloudlet #1336 to Vm #15
0.01: MET_Broker: Sending Cloudlet #1337 to Vm #15
0.01: MET_Broker: Sending Cloudlet #1338 to Vm #15
0.01: MET_Broker: Sending Cloudlet #1339 to Vm #15
0.01: MET_Broker: Sending Cloudlet #1340 to Vm #15
0.01: MET_Broker: Sending Cloudlet #1341 to Vm #15
0.01: MET_Broker: Sending Cloudlet #1342 to Vm #15
0.01: MET_Broker: Sending Cloudlet #1343 to Vm #15
0.01: MET_Broker: Sending Cloudlet #1344 to Vm #15
0.01: MET_Broker: Sending Cloudlet #1345 to Vm #15
0.01: MET_Broker: Sending Cloudlet #1346 to Vm #15
0.01: MET_Broker: Sending Cloudlet #1347 to Vm #15
0.01: MET_Broker: Sending Cloudlet #1348 to Vm #15
0.01: MET_Broker: Sending Cloudlet #1349 to Vm #15
0.01: MET_Broker: Sending Cloudlet #1350 to Vm #15
0.01: MET_Broker: Sending Cloudlet #1351 to Vm #15
0.01: MET_Broker: Sending Cloudlet #1352 to Vm #15
0.01: MET_Broker: Sending Cloudlet #1353 to Vm #15
0.01: MET_Broker: Sending Cloudlet #1354 to Vm #15
0.01: MET_Broker: Sending Cloudlet #1355 to Vm #15
0.01: MET_Broker: Sending Cloudlet #1356 to Vm #15
0.01: MET_Broker: Sending Cloudlet #1357 to Vm #15
0.01: MET_Broker: Sending Cloudlet #1358 to Vm #15
0.01: MET_Broker: Sending Cloudlet #1359 to Vm #15
0.01: MET_Broker: Sending Cloudlet #1360 to Vm #15
0.01: MET_Broker: Sending Cloudlet #1361 to Vm #15
0.01: MET_Broker: Sending Cloudlet #1362 to Vm #15
0.01: MET_Broker: Sending Cloudlet #1363 to Vm #15
0.01: MET_Broker: Sending Cloudlet #1364 to Vm #15
0.01: MET_Broker: Sending Cloudlet #1365 to Vm #15
0.01: MET_Broker: Sending Cloudlet #1366 to Vm #15
0.01: MET_Broker: Sending Cloudlet #1367 to Vm #15
0.01: MET_Broker: Sending Cloudlet #1368 to Vm #15
0.01: MET_Broker: Sending Cloudlet #1369 to Vm #15
0.01: MET_Broker: Sending Cloudlet #1370 to Vm #15
0.01: MET_Broker: Sending Cloudlet #1371 to Vm #15
0.01: MET_Broker: Sending Cloudlet #1372 to Vm #15
0.01: MET_Broker: Sending Cloudlet #1373 to Vm #15
0.01: MET_Broker: Sending Cloudlet #1374 to Vm #15
0.01: MET_Broker: Sending Cloudlet #1375 to Vm #15
0.01: MET_Broker: Sending Cloudlet #1376 to Vm #15
0.01: MET_Broker: Sending Cloudlet #1377 to Vm #15
0.01: MET_Broker: Sending Cloudlet #1378 to Vm #15
0.01: MET_Broker: Sending Cloudlet #1379 to Vm #15
0.01: MET_Broker: Sending Cloudlet #1380 to Vm #15
0.01: MET_Broker: Sending Cloudlet #1381 to Vm #15
0.01: MET_Broker: Sending Cloudlet #1382 to Vm #15
0.01: MET_Broker: Sending Cloudlet #1383 to Vm #15
0.01: MET_Broker: Sending Cloudlet #1384 to Vm #15
0.01: MET_Broker: Sending Cloudlet #1385 to Vm #15
0.01: MET_Broker: Sending Cloudlet #1386 to Vm #15
0.01: MET_Broker: Sending Cloudlet #1387 to Vm #15
0.01: MET_Broker: Sending Cloudlet #1388 to Vm #15
0.01: MET_Broker: Sending Cloudlet #1389 to Vm #15
0.01: MET_Broker: Sending Cloudlet #1390 to Vm #15
0.01: MET_Broker: Sending Cloudlet #1391 to Vm #15
0.01: MET_Broker: Sending Cloudlet #1392 to Vm #15
0.01: MET_Broker: Sending Cloudlet #1393 to Vm #15
0.01: MET_Broker: Sending Cloudlet #1394 to Vm #15
0.01: MET_Broker: Sending Cloudlet #1395 to Vm #15
0.01: MET_Broker: Sending Cloudlet #1396 to Vm #15
0.01: MET_Broker: Sending Cloudlet #1397 to Vm #15
0.01: MET_Broker: Sending Cloudlet #1398 to Vm #15
0.01: MET_Broker: Sending Cloudlet #1399 to Vm #15
0.01: MET_Broker: Sending Cloudlet #1400 to Vm #15
0.01: MET_Broker: Sending Cloudlet #1401 to Vm #15
0.01: MET_Broker: Sending Cloudlet #1402 to Vm #15
0.01: MET_Broker: Sending Cloudlet #1403 to Vm #15
0.01: MET_Broker: Sending Cloudlet #1404 to Vm #15
0.01: MET_Broker: Sending Cloudlet #1405 to Vm #15
0.01: MET_Broker: Sending Cloudlet #1406 to Vm #15
0.01: MET_Broker: Sending Cloudlet #1407 to Vm #15
0.01: MET_Broker: Sending Cloudlet #1408 to Vm #15
0.01: MET_Broker: Sending Cloudlet #1409 to Vm #15
0.01: MET_Broker: Sending Cloudlet #1410 to Vm #15
0.01: MET_Broker: Sending Cloudlet #1411 to Vm #15
0.01: MET_Broker: Sending Cloudlet #1412 to Vm #15
0.01: MET_Broker: Sending Cloudlet #1413 to Vm #15
0.01: MET_Broker: Sending Cloudlet #1414 to Vm #15
0.01: MET_Broker: Sending Cloudlet #1415 to Vm #15
0.01: MET_Broker: Sending Cloudlet #1416 to Vm #15
0.01: MET_Broker: Sending Cloudlet #1417 to Vm #15
0.01: MET_Broker: Sending Cloudlet #1418 to Vm #15
0.01: MET_Broker: Sending Cloudlet #1419 to Vm #15
0.01: MET_Broker: Sending Cloudlet #1420 to Vm #15
0.01: MET_Broker: Sending Cloudlet #1421 to Vm #15
0.01: MET_Broker: Sending Cloudlet #1422 to Vm #15
0.01: MET_Broker: Sending Cloudlet #1423 to Vm #15
0.01: MET_Broker: Sending Cloudlet #1424 to Vm #15
0.01: MET_Broker: Sending Cloudlet #1425 to Vm #15
0.01: MET_Broker: Sending Cloudlet #1426 to Vm #15
0.01: MET_Broker: Sending Cloudlet #1427 to Vm #15
0.01: MET_Broker: Sending Cloudlet #1428 to Vm #15
0.01: MET_Broker: Sending Cloudlet #1429 to Vm #15
0.01: MET_Broker: Sending Cloudlet #1430 to Vm #15
0.01: MET_Broker: Sending Cloudlet #1431 to Vm #15
0.01: MET_Broker: Sending Cloudlet #1432 to Vm #15
0.01: MET_Broker: Sending Cloudlet #1433 to Vm #15
0.01: MET_Broker: Sending Cloudlet #1434 to Vm #15
0.01: MET_Broker: Sending Cloudlet #1435 to Vm #15
0.01: MET_Broker: Sending Cloudlet #1436 to Vm #15
0.01: MET_Broker: Sending Cloudlet #1437 to Vm #15
0.01: MET_Broker: Sending Cloudlet #1438 to Vm #15
0.01: MET_Broker: Sending Cloudlet #1439 to Vm #15
0.01: MET_Broker: Sending Cloudlet #1440 to Vm #15
0.01: MET_Broker: Sending Cloudlet #1441 to Vm #15
0.01: MET_Broker: Sending Cloudlet #1442 to Vm #15
0.01: MET_Broker: Sending Cloudlet #1443 to Vm #15
0.01: MET_Broker: Sending Cloudlet #1444 to Vm #15
0.01: MET_Broker: Sending Cloudlet #1445 to Vm #15
0.01: MET_Broker: Sending Cloudlet #1446 to Vm #15
0.01: MET_Broker: Sending Cloudlet #1447 to Vm #15
0.01: MET_Broker: Sending Cloudlet #1448 to Vm #15
0.01: MET_Broker: Sending Cloudlet #1449 to Vm #15
0.01: MET_Broker: Sending Cloudlet #1450 to Vm #15
0.01: MET_Broker: Sending Cloudlet #1451 to Vm #15
0.01: MET_Broker: Sending Cloudlet #1452 to Vm #15
0.01: MET_Broker: Sending Cloudlet #1453 to Vm #15
0.01: MET_Broker: Sending Cloudlet #1454 to Vm #15
0.01: MET_Broker: Sending Cloudlet #1455 to Vm #15
0.01: MET_Broker: Sending Cloudlet #1456 to Vm #15
0.01: MET_Broker: Sending Cloudlet #1457 to Vm #15
0.01: MET_Broker: Sending Cloudlet #1458 to Vm #15
0.01: MET_Broker: Sending Cloudlet #1459 to Vm #15
0.01: MET_Broker: Sending Cloudlet #1460 to Vm #15
0.01: MET_Broker: Sending Cloudlet #1461 to Vm #15
0.01: MET_Broker: Sending Cloudlet #1462 to Vm #15
0.01: MET_Broker: Sending Cloudlet #1463 to Vm #15
0.01: MET_Broker: Sending Cloudlet #1464 to Vm #15
0.01: MET_Broker: Sending Cloudlet #1465 to Vm #15
0.01: MET_Broker: Sending Cloudlet #1466 to Vm #15
0.01: MET_Broker: Sending Cloudlet #1467 to Vm #15
0.01: MET_Broker: Sending Cloudlet #1468 to Vm #15
0.01: MET_Broker: Sending Cloudlet #1469 to Vm #15
0.01: MET_Broker: Sending Cloudlet #1470 to Vm #15
0.01: MET_Broker: Sending Cloudlet #1471 to Vm #15
0.01: MET_Broker: Sending Cloudlet #1472 to Vm #15
0.01: MET_Broker: Sending Cloudlet #1473 to Vm #15
0.01: MET_Broker: Sending Cloudlet #1474 to Vm #15
0.01: MET_Broker: Sending Cloudlet #1475 to Vm #15
0.01: MET_Broker: Sending Cloudlet #1476 to Vm #15
0.01: MET_Broker: Sending Cloudlet #1477 to Vm #15
0.01: MET_Broker: Sending Cloudlet #1478 to Vm #15
0.01: MET_Broker: Sending Cloudlet #1479 to Vm #15
0.01: MET_Broker: Sending Cloudlet #1480 to Vm #15
0.01: MET_Broker: Sending Cloudlet #1481 to Vm #15
0.01: MET_Broker: Sending Cloudlet #1482 to Vm #15
0.01: MET_Broker: Sending Cloudlet #1483 to Vm #15
0.01: MET_Broker: Sending Cloudlet #1484 to Vm #15
0.01: MET_Broker: Sending Cloudlet #1485 to Vm #15
0.01: MET_Broker: Sending Cloudlet #1486 to Vm #15
0.01: MET_Broker: Sending Cloudlet #1487 to Vm #15
0.01: MET_Broker: Sending Cloudlet #1488 to Vm #15
0.01: MET_Broker: Sending Cloudlet #1489 to Vm #15
0.01: MET_Broker: Sending Cloudlet #1490 to Vm #15
0.01: MET_Broker: Sending Cloudlet #1491 to Vm #15
0.01: MET_Broker: Sending Cloudlet #1492 to Vm #15
0.01: MET_Broker: Sending Cloudlet #1493 to Vm #15
0.01: MET_Broker: Sending Cloudlet #1494 to Vm #15
0.01: MET_Broker: Sending Cloudlet #1495 to Vm #15
0.01: MET_Broker: Sending Cloudlet #1496 to Vm #15
0.01: MET_Broker: Sending Cloudlet #1497 to Vm #15
0.01: MET_Broker: Sending Cloudlet #1498 to Vm #15
0.01: MET_Broker: Sending Cloudlet #1499 to Vm #15
0.01: MET_Broker: Sending Cloudlet #1500 to Vm #15
0.01: MET_Broker: Sending Cloudlet #1501 to Vm #15
0.01: MET_Broker: Sending Cloudlet #1502 to Vm #15
0.01: MET_Broker: Sending Cloudlet #1503 to Vm #15
0.01: MET_Broker: Sending Cloudlet #1504 to Vm #15
0.01: MET_Broker: Sending Cloudlet #1505 to Vm #15
0.01: MET_Broker: Sending Cloudlet #1506 to Vm #15
0.01: MET_Broker: Sending Cloudlet #1507 to Vm #15
0.01: MET_Broker: Sending Cloudlet #1508 to Vm #15
0.01: MET_Broker: Sending Cloudlet #1509 to Vm #15
0.01: MET_Broker: Sending Cloudlet #1510 to Vm #15
0.01: MET_Broker: Sending Cloudlet #1511 to Vm #15
0.01: MET_Broker: Sending Cloudlet #1512 to Vm #15
0.01: MET_Broker: Sending Cloudlet #1513 to Vm #15
0.01: MET_Broker: Sending Cloudlet #1514 to Vm #15
0.01: MET_Broker: Sending Cloudlet #1515 to Vm #15
0.01: MET_Broker: Sending Cloudlet #1516 to Vm #15
0.01: MET_Broker: Sending Cloudlet #1517 to Vm #15
0.01: MET_Broker: Sending Cloudlet #1518 to Vm #15
0.01: MET_Broker: Sending Cloudlet #1519 to Vm #15
0.01: MET_Broker: Sending Cloudlet #1520 to Vm #15
0.01: MET_Broker: Sending Cloudlet #1521 to Vm #15
0.01: MET_Broker: Sending Cloudlet #1522 to Vm #15
0.01: MET_Broker: Sending Cloudlet #1523 to Vm #15
0.01: MET_Broker: Sending Cloudlet #1524 to Vm #15
0.01: MET_Broker: Sending Cloudlet #1525 to Vm #15
0.01: MET_Broker: Sending Cloudlet #1526 to Vm #15
0.01: MET_Broker: Sending Cloudlet #1527 to Vm #15
0.01: MET_Broker: Sending Cloudlet #1528 to Vm #15
0.01: MET_Broker: Sending Cloudlet #1529 to Vm #15
0.01: MET_Broker: Sending Cloudlet #1530 to Vm #15
0.01: MET_Broker: Sending Cloudlet #1531 to Vm #15
0.01: MET_Broker: Sending Cloudlet #1532 to Vm #15
0.01: MET_Broker: Sending Cloudlet #1533 to Vm #15
0.01: MET_Broker: Sending Cloudlet #1534 to Vm #15
0.01: MET_Broker: Sending Cloudlet #1535 to Vm #15
0.01: MET_Broker: Sending Cloudlet #1536 to Vm #15
0.01: MET_Broker: Sending Cloudlet #1537 to Vm #15
0.01: MET_Broker: Sending Cloudlet #1538 to Vm #15
0.01: MET_Broker: Sending Cloudlet #1539 to Vm #15
0.01: MET_Broker: Sending Cloudlet #1540 to Vm #15
0.01: MET_Broker: Sending Cloudlet #1541 to Vm #15
0.01: MET_Broker: Sending Cloudlet #1542 to Vm #15
0.01: MET_Broker: Sending Cloudlet #1543 to Vm #15
0.01: MET_Broker: Sending Cloudlet #1544 to Vm #15
0.01: MET_Broker: Sending Cloudlet #1545 to Vm #15
0.01: MET_Broker: Sending Cloudlet #1546 to Vm #15
0.01: MET_Broker: Sending Cloudlet #1547 to Vm #15
0.01: MET_Broker: Sending Cloudlet #1548 to Vm #15
0.01: MET_Broker: Sending Cloudlet #1549 to Vm #15
0.01: MET_Broker: Sending Cloudlet #1550 to Vm #15
0.01: MET_Broker: Sending Cloudlet #1551 to Vm #15
0.01: MET_Broker: Sending Cloudlet #1552 to Vm #15
0.01: MET_Broker: Sending Cloudlet #1553 to Vm #15
0.01: MET_Broker: Sending Cloudlet #1554 to Vm #15
0.01: MET_Broker: Sending Cloudlet #1555 to Vm #15
0.01: MET_Broker: Sending Cloudlet #1556 to Vm #15
0.01: MET_Broker: Sending Cloudlet #1557 to Vm #15
0.01: MET_Broker: Sending Cloudlet #1558 to Vm #15
0.01: MET_Broker: Sending Cloudlet #1559 to Vm #15
0.01: MET_Broker: Sending Cloudlet #1560 to Vm #15
0.01: MET_Broker: Sending Cloudlet #1561 to Vm #15
0.01: MET_Broker: Sending Cloudlet #1562 to Vm #15
0.01: MET_Broker: Sending Cloudlet #1563 to Vm #15
0.01: MET_Broker: Sending Cloudlet #1564 to Vm #15
0.01: MET_Broker: Sending Cloudlet #1565 to Vm #15
0.01: MET_Broker: Sending Cloudlet #1566 to Vm #15
0.01: MET_Broker: Sending Cloudlet #1567 to Vm #15
0.01: MET_Broker: Sending Cloudlet #1568 to Vm #15
0.01: MET_Broker: Sending Cloudlet #1569 to Vm #15
0.01: MET_Broker: Sending Cloudlet #1570 to Vm #15
0.01: MET_Broker: Sending Cloudlet #1571 to Vm #15
0.01: MET_Broker: Sending Cloudlet #1572 to Vm #15
0.01: MET_Broker: Sending Cloudlet #1573 to Vm #15
0.01: MET_Broker: Sending Cloudlet #1574 to Vm #15
0.01: MET_Broker: Sending Cloudlet #1575 to Vm #15
0.01: MET_Broker: Sending Cloudlet #1576 to Vm #15
0.01: MET_Broker: Sending Cloudlet #1577 to Vm #15
0.01: MET_Broker: Sending Cloudlet #1578 to Vm #15
0.01: MET_Broker: Sending Cloudlet #1579 to Vm #15
0.01: MET_Broker: Sending Cloudlet #1580 to Vm #15
0.01: MET_Broker: Sending Cloudlet #1581 to Vm #15
0.01: MET_Broker: Sending Cloudlet #1582 to Vm #15
0.01: MET_Broker: Sending Cloudlet #1583 to Vm #15
0.01: MET_Broker: Sending Cloudlet #1584 to Vm #15
0.01: MET_Broker: Sending Cloudlet #1585 to Vm #15
0.01: MET_Broker: Sending Cloudlet #1586 to Vm #15
0.01: MET_Broker: Sending Cloudlet #1587 to Vm #15
0.01: MET_Broker: Sending Cloudlet #1588 to Vm #15
0.01: MET_Broker: Sending Cloudlet #1589 to Vm #15
0.01: MET_Broker: Sending Cloudlet #1590 to Vm #15
0.01: MET_Broker: Sending Cloudlet #1591 to Vm #15
0.01: MET_Broker: Sending Cloudlet #1592 to Vm #15
0.01: MET_Broker: Sending Cloudlet #1593 to Vm #15
0.01: MET_Broker: Sending Cloudlet #1594 to Vm #15
0.01: MET_Broker: Sending Cloudlet #1595 to Vm #15
0.01: MET_Broker: Sending Cloudlet #1596 to Vm #15
0.01: MET_Broker: Sending Cloudlet #1597 to Vm #15
0.01: MET_Broker: Sending Cloudlet #1598 to Vm #15
0.01: MET_Broker: Sending Cloudlet #1599 to Vm #15
0.01: MET_Broker: Sending Cloudlet #1600 to Vm #15
0.01: MET_Broker: Sending Cloudlet #1601 to Vm #15
0.01: MET_Broker: Sending Cloudlet #1602 to Vm #15
0.01: MET_Broker: Sending Cloudlet #1603 to Vm #15
0.01: MET_Broker: Sending Cloudlet #1604 to Vm #15
0.01: MET_Broker: Sending Cloudlet #1605 to Vm #15
0.01: MET_Broker: Sending Cloudlet #1606 to Vm #15
0.01: MET_Broker: Sending Cloudlet #1607 to Vm #15
0.01: MET_Broker: Sending Cloudlet #1608 to Vm #15
0.01: MET_Broker: Sending Cloudlet #1609 to Vm #15
0.01: MET_Broker: Sending Cloudlet #1610 to Vm #15
0.01: MET_Broker: Sending Cloudlet #1611 to Vm #15
0.01: MET_Broker: Sending Cloudlet #1612 to Vm #15
0.01: MET_Broker: Sending Cloudlet #1613 to Vm #15
0.01: MET_Broker: Sending Cloudlet #1614 to Vm #15
0.01: MET_Broker: Sending Cloudlet #1615 to Vm #15
0.01: MET_Broker: Sending Cloudlet #1616 to Vm #15
0.01: MET_Broker: Sending Cloudlet #1617 to Vm #15
0.01: MET_Broker: Sending Cloudlet #1618 to Vm #15
0.01: MET_Broker: Sending Cloudlet #1619 to Vm #15
0.01: MET_Broker: Sending Cloudlet #1620 to Vm #15
0.01: MET_Broker: Sending Cloudlet #1621 to Vm #15
0.01: MET_Broker: Sending Cloudlet #1622 to Vm #15
0.01: MET_Broker: Sending Cloudlet #1623 to Vm #15
0.01: MET_Broker: Sending Cloudlet #1624 to Vm #15
0.01: MET_Broker: Sending Cloudlet #1625 to Vm #15
0.01: MET_Broker: Sending Cloudlet #1626 to Vm #15
0.01: MET_Broker: Sending Cloudlet #1627 to Vm #15
0.01: MET_Broker: Sending Cloudlet #1628 to Vm #15
0.01: MET_Broker: Sending Cloudlet #1629 to Vm #15
0.01: MET_Broker: Sending Cloudlet #1630 to Vm #15
0.01: MET_Broker: Sending Cloudlet #1631 to Vm #15
0.01: MET_Broker: Sending Cloudlet #1632 to Vm #15
0.01: MET_Broker: Sending Cloudlet #1633 to Vm #15
0.01: MET_Broker: Sending Cloudlet #1634 to Vm #15
0.01: MET_Broker: Sending Cloudlet #1635 to Vm #15
0.01: MET_Broker: Sending Cloudlet #1636 to Vm #15
0.01: MET_Broker: Sending Cloudlet #1637 to Vm #15
0.01: MET_Broker: Sending Cloudlet #1638 to Vm #15
0.01: MET_Broker: Sending Cloudlet #1639 to Vm #15
0.01: MET_Broker: Sending Cloudlet #1640 to Vm #15
0.01: MET_Broker: Sending Cloudlet #1641 to Vm #15
0.01: MET_Broker: Sending Cloudlet #1642 to Vm #15
0.01: MET_Broker: Sending Cloudlet #1643 to Vm #15
0.01: MET_Broker: Sending Cloudlet #1644 to Vm #15
0.01: MET_Broker: Sending Cloudlet #1645 to Vm #15
0.01: MET_Broker: Sending Cloudlet #1646 to Vm #15
0.01: MET_Broker: Sending Cloudlet #1647 to Vm #15
0.01: MET_Broker: Sending Cloudlet #1648 to Vm #15
0.01: MET_Broker: Sending Cloudlet #1649 to Vm #15
0.01: MET_Broker: Sending Cloudlet #1650 to Vm #15
0.01: MET_Broker: Sending Cloudlet #1651 to Vm #15
0.01: MET_Broker: Sending Cloudlet #1652 to Vm #15
0.01: MET_Broker: Sending Cloudlet #1653 to Vm #15
0.01: MET_Broker: Sending Cloudlet #1654 to Vm #15
0.01: MET_Broker: Sending Cloudlet #1655 to Vm #15
0.01: MET_Broker: Sending Cloudlet #1656 to Vm #15
0.01: MET_Broker: Sending Cloudlet #1657 to Vm #15
0.01: MET_Broker: Sending Cloudlet #1658 to Vm #15
0.01: MET_Broker: Sending Cloudlet #1659 to Vm #15
0.01: MET_Broker: Sending Cloudlet #1660 to Vm #15
0.01: MET_Broker: Sending Cloudlet #1661 to Vm #15
0.01: MET_Broker: Sending Cloudlet #1662 to Vm #15
0.01: MET_Broker: Sending Cloudlet #1663 to Vm #15
0.01: MET_Broker: Sending Cloudlet #1664 to Vm #15
0.01: MET_Broker: Sending Cloudlet #1665 to Vm #15
0.01: MET_Broker: Sending Cloudlet #1666 to Vm #15
0.01: MET_Broker: Sending Cloudlet #1667 to Vm #15
0.01: MET_Broker: Sending Cloudlet #1668 to Vm #15
0.01: MET_Broker: Sending Cloudlet #1669 to Vm #15
0.01: MET_Broker: Sending Cloudlet #1670 to Vm #15
0.01: MET_Broker: Sending Cloudlet #1671 to Vm #15
0.01: MET_Broker: Sending Cloudlet #1672 to Vm #15
0.01: MET_Broker: Sending Cloudlet #1673 to Vm #15
0.01: MET_Broker: Sending Cloudlet #1674 to Vm #15
0.01: MET_Broker: Sending Cloudlet #1675 to Vm #15
0.01: MET_Broker: Sending Cloudlet #1676 to Vm #15
0.01: MET_Broker: Sending Cloudlet #1677 to Vm #15
0.01: MET_Broker: Sending Cloudlet #1678 to Vm #15
0.01: MET_Broker: Sending Cloudlet #1679 to Vm #15
0.01: MET_Broker: Sending Cloudlet #1680 to Vm #15
0.01: MET_Broker: Sending Cloudlet #1681 to Vm #15
0.01: MET_Broker: Sending Cloudlet #1682 to Vm #15
0.01: MET_Broker: Sending Cloudlet #1683 to Vm #15
0.01: MET_Broker: Sending Cloudlet #1684 to Vm #15
0.01: MET_Broker: Sending Cloudlet #1685 to Vm #15
0.01: MET_Broker: Sending Cloudlet #1686 to Vm #15
0.01: MET_Broker: Sending Cloudlet #1687 to Vm #15
0.01: MET_Broker: Sending Cloudlet #1688 to Vm #15
0.01: MET_Broker: Sending Cloudlet #1689 to Vm #15
0.01: MET_Broker: Sending Cloudlet #1690 to Vm #15
0.01: MET_Broker: Sending Cloudlet #1691 to Vm #15
0.01: MET_Broker: Sending Cloudlet #1692 to Vm #15
0.01: MET_Broker: Sending Cloudlet #1693 to Vm #15
0.01: MET_Broker: Sending Cloudlet #1694 to Vm #15
0.01: MET_Broker: Sending Cloudlet #1695 to Vm #15
0.01: MET_Broker: Sending Cloudlet #1696 to Vm #15
0.01: MET_Broker: Sending Cloudlet #1697 to Vm #15
0.01: MET_Broker: Sending Cloudlet #1698 to Vm #15
0.01: MET_Broker: Sending Cloudlet #1699 to Vm #15
0.01: MET_Broker: Sending Cloudlet #1700 to Vm #15
0.01: MET_Broker: Sending Cloudlet #1701 to Vm #15
0.01: MET_Broker: Sending Cloudlet #1702 to Vm #15
0.01: MET_Broker: Sending Cloudlet #1703 to Vm #15
0.01: MET_Broker: Sending Cloudlet #1704 to Vm #15
0.01: MET_Broker: Sending Cloudlet #1705 to Vm #15
0.01: MET_Broker: Sending Cloudlet #1706 to Vm #15
0.01: MET_Broker: Sending Cloudlet #1707 to Vm #15
0.01: MET_Broker: Sending Cloudlet #1708 to Vm #15
0.01: MET_Broker: Sending Cloudlet #1709 to Vm #15
0.01: MET_Broker: Sending Cloudlet #1710 to Vm #15
0.01: MET_Broker: Sending Cloudlet #1711 to Vm #15
0.01: MET_Broker: Sending Cloudlet #1712 to Vm #15
0.01: MET_Broker: Sending Cloudlet #1713 to Vm #15
0.01: MET_Broker: Sending Cloudlet #1714 to Vm #15
0.01: MET_Broker: Sending Cloudlet #1715 to Vm #15
0.01: MET_Broker: Sending Cloudlet #1716 to Vm #15
0.01: MET_Broker: Sending Cloudlet #1717 to Vm #15
0.01: MET_Broker: Sending Cloudlet #1718 to Vm #15
0.01: MET_Broker: Sending Cloudlet #1719 to Vm #15
0.01: MET_Broker: Sending Cloudlet #1720 to Vm #15
0.01: MET_Broker: Sending Cloudlet #1721 to Vm #15
0.01: MET_Broker: Sending Cloudlet #1722 to Vm #15
0.01: MET_Broker: Sending Cloudlet #1723 to Vm #15
0.01: MET_Broker: Sending Cloudlet #1724 to Vm #15
0.01: MET_Broker: Sending Cloudlet #1725 to Vm #15
0.01: MET_Broker: Sending Cloudlet #1726 to Vm #15
0.01: MET_Broker: Sending Cloudlet #1727 to Vm #15
0.01: MET_Broker: Sending Cloudlet #1728 to Vm #15
0.01: MET_Broker: Sending Cloudlet #1729 to Vm #15
0.01: MET_Broker: Sending Cloudlet #1730 to Vm #15
0.01: MET_Broker: Sending Cloudlet #1731 to Vm #15
0.01: MET_Broker: Sending Cloudlet #1732 to Vm #15
0.01: MET_Broker: Sending Cloudlet #1733 to Vm #15
0.01: MET_Broker: Sending Cloudlet #1734 to Vm #15
0.01: MET_Broker: Sending Cloudlet #1735 to Vm #15
0.01: MET_Broker: Sending Cloudlet #1736 to Vm #15
0.01: MET_Broker: Sending Cloudlet #1737 to Vm #15
0.01: MET_Broker: Sending Cloudlet #1738 to Vm #15
0.01: MET_Broker: Sending Cloudlet #1739 to Vm #15
0.01: MET_Broker: Sending Cloudlet #1740 to Vm #15
0.01: MET_Broker: Sending Cloudlet #1741 to Vm #15
0.01: MET_Broker: Sending Cloudlet #1742 to Vm #15
0.01: MET_Broker: Sending Cloudlet #1743 to Vm #15
0.01: MET_Broker: Sending Cloudlet #1744 to Vm #15
0.01: MET_Broker: Sending Cloudlet #1745 to Vm #15
0.01: MET_Broker: Sending Cloudlet #1746 to Vm #15
0.01: MET_Broker: Sending Cloudlet #1747 to Vm #15
0.01: MET_Broker: Sending Cloudlet #1748 to Vm #15
0.01: MET_Broker: Sending Cloudlet #1749 to Vm #15
0.01: MET_Broker: Sending Cloudlet #1750 to Vm #15
0.01: MET_Broker: Sending Cloudlet #1751 to Vm #15
0.01: MET_Broker: Sending Cloudlet #1752 to Vm #15
0.01: MET_Broker: Sending Cloudlet #1753 to Vm #15
0.01: MET_Broker: Sending Cloudlet #1754 to Vm #15
0.01: MET_Broker: Sending Cloudlet #1755 to Vm #15
0.01: MET_Broker: Sending Cloudlet #1756 to Vm #15
0.01: MET_Broker: Sending Cloudlet #1757 to Vm #15
0.01: MET_Broker: Sending Cloudlet #1758 to Vm #15
0.01: MET_Broker: Sending Cloudlet #1759 to Vm #15
0.01: MET_Broker: Sending Cloudlet #1760 to Vm #15
0.01: MET_Broker: Sending Cloudlet #1761 to Vm #15
0.01: MET_Broker: Sending Cloudlet #1762 to Vm #15
0.01: MET_Broker: Sending Cloudlet #1763 to Vm #15
0.01: MET_Broker: Sending Cloudlet #1764 to Vm #15
0.01: MET_Broker: Sending Cloudlet #1765 to Vm #15
0.01: MET_Broker: Sending Cloudlet #1766 to Vm #15
0.01: MET_Broker: Sending Cloudlet #1767 to Vm #15
0.01: MET_Broker: Sending Cloudlet #1768 to Vm #15
0.01: MET_Broker: Sending Cloudlet #1769 to Vm #15
0.01: MET_Broker: Sending Cloudlet #1770 to Vm #15
0.01: MET_Broker: Sending Cloudlet #1771 to Vm #15
0.01: MET_Broker: Sending Cloudlet #1772 to Vm #15
0.01: MET_Broker: Sending Cloudlet #1773 to Vm #15
0.01: MET_Broker: Sending Cloudlet #1774 to Vm #15
0.01: MET_Broker: Sending Cloudlet #1775 to Vm #15
0.01: MET_Broker: Sending Cloudlet #1776 to Vm #15
0.01: MET_Broker: Sending Cloudlet #1777 to Vm #15
0.01: MET_Broker: Sending Cloudlet #1778 to Vm #15
0.01: MET_Broker: Sending Cloudlet #1779 to Vm #15
0.01: MET_Broker: Sending Cloudlet #1780 to Vm #15
0.01: MET_Broker: Sending Cloudlet #1781 to Vm #15
0.01: MET_Broker: Sending Cloudlet #1782 to Vm #15
0.01: MET_Broker: Sending Cloudlet #1783 to Vm #15
0.01: MET_Broker: Sending Cloudlet #1784 to Vm #15
0.01: MET_Broker: Sending Cloudlet #1785 to Vm #15
0.01: MET_Broker: Sending Cloudlet #1786 to Vm #15
0.01: MET_Broker: Sending Cloudlet #1787 to Vm #15
0.01: MET_Broker: Sending Cloudlet #1788 to Vm #15
0.01: MET_Broker: Sending Cloudlet #1789 to Vm #15
0.01: MET_Broker: Sending Cloudlet #1790 to Vm #15
0.01: MET_Broker: Sending Cloudlet #1791 to Vm #15
0.01: MET_Broker: Sending Cloudlet #1792 to Vm #15
0.01: MET_Broker: Sending Cloudlet #1793 to Vm #15
0.01: MET_Broker: Sending Cloudlet #1794 to Vm #15
0.01: MET_Broker: Sending Cloudlet #1795 to Vm #15
0.01: MET_Broker: Sending Cloudlet #1796 to Vm #15
0.01: MET_Broker: Sending Cloudlet #1797 to Vm #15
0.01: MET_Broker: Sending Cloudlet #1798 to Vm #15
0.01: MET_Broker: Sending Cloudlet #1799 to Vm #15
0.01: MET_Broker: Sending Cloudlet #1800 to Vm #15
0.01: MET_Broker: Sending Cloudlet #1801 to Vm #15
0.01: MET_Broker: Sending Cloudlet #1802 to Vm #15
0.01: MET_Broker: Sending Cloudlet #1803 to Vm #15
0.01: MET_Broker: Sending Cloudlet #1804 to Vm #15
0.01: MET_Broker: Sending Cloudlet #1805 to Vm #15
0.01: MET_Broker: Sending Cloudlet #1806 to Vm #15
0.01: MET_Broker: Sending Cloudlet #1807 to Vm #15
0.01: MET_Broker: Sending Cloudlet #1808 to Vm #15
0.01: MET_Broker: Sending Cloudlet #1809 to Vm #15
0.01: MET_Broker: Sending Cloudlet #1810 to Vm #15
0.01: MET_Broker: Sending Cloudlet #1811 to Vm #15
0.01: MET_Broker: Sending Cloudlet #1812 to Vm #15
0.01: MET_Broker: Sending Cloudlet #1813 to Vm #15
0.01: MET_Broker: Sending Cloudlet #1814 to Vm #15
0.01: MET_Broker: Sending Cloudlet #1815 to Vm #15
0.01: MET_Broker: Sending Cloudlet #1816 to Vm #15
0.01: MET_Broker: Sending Cloudlet #1817 to Vm #15
0.01: MET_Broker: Sending Cloudlet #1818 to Vm #15
0.01: MET_Broker: Sending Cloudlet #1819 to Vm #15
0.01: MET_Broker: Sending Cloudlet #1820 to Vm #15
0.01: MET_Broker: Sending Cloudlet #1821 to Vm #15
0.01: MET_Broker: Sending Cloudlet #1822 to Vm #15
0.01: MET_Broker: Sending Cloudlet #1823 to Vm #15
0.01: MET_Broker: Sending Cloudlet #1824 to Vm #15
0.01: MET_Broker: Sending Cloudlet #1825 to Vm #15
0.01: MET_Broker: Sending Cloudlet #1826 to Vm #15
0.01: MET_Broker: Sending Cloudlet #1827 to Vm #15
0.01: MET_Broker: Sending Cloudlet #1828 to Vm #15
0.01: MET_Broker: Sending Cloudlet #1829 to Vm #15
0.01: MET_Broker: Sending Cloudlet #1830 to Vm #15
0.01: MET_Broker: Sending Cloudlet #1831 to Vm #15
0.01: MET_Broker: Sending Cloudlet #1832 to Vm #15
0.01: MET_Broker: Sending Cloudlet #1833 to Vm #15
0.01: MET_Broker: Sending Cloudlet #1834 to Vm #15
0.01: MET_Broker: Sending Cloudlet #1835 to Vm #15
0.01: MET_Broker: Sending Cloudlet #1836 to Vm #15
0.01: MET_Broker: Sending Cloudlet #1837 to Vm #15
0.01: MET_Broker: Sending Cloudlet #1838 to Vm #15
0.01: MET_Broker: Sending Cloudlet #1839 to Vm #15
0.01: MET_Broker: Sending Cloudlet #1840 to Vm #15
0.01: MET_Broker: Sending Cloudlet #1841 to Vm #15
0.01: MET_Broker: Sending Cloudlet #1842 to Vm #15
0.01: MET_Broker: Sending Cloudlet #1843 to Vm #15
0.01: MET_Broker: Sending Cloudlet #1844 to Vm #15
0.01: MET_Broker: Sending Cloudlet #1845 to Vm #15
0.01: MET_Broker: Sending Cloudlet #1846 to Vm #15
0.01: MET_Broker: Sending Cloudlet #1847 to Vm #15
0.01: MET_Broker: Sending Cloudlet #1848 to Vm #15
0.01: MET_Broker: Sending Cloudlet #1849 to Vm #15
0.01: MET_Broker: Sending Cloudlet #1850 to Vm #15
0.01: MET_Broker: Sending Cloudlet #1851 to Vm #15
0.01: MET_Broker: Sending Cloudlet #1852 to Vm #15
0.01: MET_Broker: Sending Cloudlet #1853 to Vm #15
0.01: MET_Broker: Sending Cloudlet #1854 to Vm #15
0.01: MET_Broker: Sending Cloudlet #1855 to Vm #15
0.01: MET_Broker: Sending Cloudlet #1856 to Vm #15
0.01: MET_Broker: Sending Cloudlet #1857 to Vm #15
0.01: MET_Broker: Sending Cloudlet #1858 to Vm #15
0.01: MET_Broker: Sending Cloudlet #1859 to Vm #15
0.01: MET_Broker: Sending Cloudlet #1860 to Vm #15
0.01: MET_Broker: Sending Cloudlet #1861 to Vm #15
0.01: MET_Broker: Sending Cloudlet #1862 to Vm #15
0.01: MET_Broker: Sending Cloudlet #1863 to Vm #15
0.01: MET_Broker: Sending Cloudlet #1864 to Vm #15
0.01: MET_Broker: Sending Cloudlet #1865 to Vm #15
0.01: MET_Broker: Sending Cloudlet #1866 to Vm #15
0.01: MET_Broker: Sending Cloudlet #1867 to Vm #15
0.01: MET_Broker: Sending Cloudlet #1868 to Vm #15
0.01: MET_Broker: Sending Cloudlet #1869 to Vm #15
0.01: MET_Broker: Sending Cloudlet #1870 to Vm #15
0.01: MET_Broker: Sending Cloudlet #1871 to Vm #15
0.01: MET_Broker: Sending Cloudlet #1872 to Vm #15
0.01: MET_Broker: Sending Cloudlet #1873 to Vm #15
0.01: MET_Broker: Sending Cloudlet #1874 to Vm #15
0.01: MET_Broker: Sending Cloudlet #1875 to Vm #15
0.01: MET_Broker: Sending Cloudlet #1876 to Vm #15
0.01: MET_Broker: Sending Cloudlet #1877 to Vm #15
0.01: MET_Broker: Sending Cloudlet #1878 to Vm #15
0.01: MET_Broker: Sending Cloudlet #1879 to Vm #15
0.01: MET_Broker: Sending Cloudlet #1880 to Vm #15
0.01: MET_Broker: Sending Cloudlet #1881 to Vm #15
0.01: MET_Broker: Sending Cloudlet #1882 to Vm #15
0.01: MET_Broker: Sending Cloudlet #1883 to Vm #15
0.01: MET_Broker: Sending Cloudlet #1884 to Vm #15
0.01: MET_Broker: Sending Cloudlet #1885 to Vm #15
0.01: MET_Broker: Sending Cloudlet #1886 to Vm #15
0.01: MET_Broker: Sending Cloudlet #1887 to Vm #15
0.01: MET_Broker: Sending Cloudlet #1888 to Vm #15
0.01: MET_Broker: Sending Cloudlet #1889 to Vm #15
0.01: MET_Broker: Sending Cloudlet #1890 to Vm #15
0.01: MET_Broker: Sending Cloudlet #1891 to Vm #15
0.01: MET_Broker: Sending Cloudlet #1892 to Vm #15
0.01: MET_Broker: Sending Cloudlet #1893 to Vm #15
0.01: MET_Broker: Sending Cloudlet #1894 to Vm #15
0.01: MET_Broker: Sending Cloudlet #1895 to Vm #15
0.01: MET_Broker: Sending Cloudlet #1896 to Vm #15
0.01: MET_Broker: Sending Cloudlet #1897 to Vm #15
0.01: MET_Broker: Sending Cloudlet #1898 to Vm #15
0.01: MET_Broker: Sending Cloudlet #1899 to Vm #15
0.01: MET_Broker: Sending Cloudlet #1900 to Vm #15
0.01: MET_Broker: Sending Cloudlet #1901 to Vm #15
0.01: MET_Broker: Sending Cloudlet #1902 to Vm #15
0.01: MET_Broker: Sending Cloudlet #1903 to Vm #15
0.01: MET_Broker: Sending Cloudlet #1904 to Vm #15
0.01: MET_Broker: Sending Cloudlet #1905 to Vm #15
0.01: MET_Broker: Sending Cloudlet #1906 to Vm #15
0.01: MET_Broker: Sending Cloudlet #1907 to Vm #15
0.01: MET_Broker: Sending Cloudlet #1908 to Vm #15
0.01: MET_Broker: Sending Cloudlet #1909 to Vm #15
0.01: MET_Broker: Sending Cloudlet #1910 to Vm #15
0.01: MET_Broker: Sending Cloudlet #1911 to Vm #15
0.01: MET_Broker: Sending Cloudlet #1912 to Vm #15
0.01: MET_Broker: Sending Cloudlet #1913 to Vm #15
0.01: MET_Broker: Sending Cloudlet #1914 to Vm #15
0.01: MET_Broker: Sending Cloudlet #1915 to Vm #15
0.01: MET_Broker: Sending Cloudlet #1916 to Vm #15
0.01: MET_Broker: Sending Cloudlet #1917 to Vm #15
0.01: MET_Broker: Sending Cloudlet #1918 to Vm #15
0.01: MET_Broker: Sending Cloudlet #1919 to Vm #15
0.01: MET_Broker: Sending Cloudlet #1920 to Vm #15
0.01: MET_Broker: Sending Cloudlet #1921 to Vm #15
0.01: MET_Broker: Sending Cloudlet #1922 to Vm #15
0.01: MET_Broker: Sending Cloudlet #1923 to Vm #15
0.01: MET_Broker: Sending Cloudlet #1924 to Vm #15
0.01: MET_Broker: Sending Cloudlet #1925 to Vm #15
0.01: MET_Broker: Sending Cloudlet #1926 to Vm #15
0.01: MET_Broker: Sending Cloudlet #1927 to Vm #15
0.01: MET_Broker: Sending Cloudlet #1928 to Vm #15
0.01: MET_Broker: Sending Cloudlet #1929 to Vm #15
0.01: MET_Broker: Sending Cloudlet #1930 to Vm #15
0.01: MET_Broker: Sending Cloudlet #1931 to Vm #15
0.01: MET_Broker: Sending Cloudlet #1932 to Vm #15
0.01: MET_Broker: Sending Cloudlet #1933 to Vm #15
0.01: MET_Broker: Sending Cloudlet #1934 to Vm #15
0.01: MET_Broker: Sending Cloudlet #1935 to Vm #15
0.01: MET_Broker: Sending Cloudlet #1936 to Vm #15
0.01: MET_Broker: Sending Cloudlet #1937 to Vm #15
0.01: MET_Broker: Sending Cloudlet #1938 to Vm #15
0.01: MET_Broker: Sending Cloudlet #1939 to Vm #15
0.01: MET_Broker: Sending Cloudlet #1940 to Vm #15
0.01: MET_Broker: Sending Cloudlet #1941 to Vm #15
0.01: MET_Broker: Sending Cloudlet #1942 to Vm #15
0.01: MET_Broker: Sending Cloudlet #1943 to Vm #15
0.01: MET_Broker: Sending Cloudlet #1944 to Vm #15
0.01: MET_Broker: Sending Cloudlet #1945 to Vm #15
0.01: MET_Broker: Sending Cloudlet #1946 to Vm #15
0.01: MET_Broker: Sending Cloudlet #1947 to Vm #15
0.01: MET_Broker: Sending Cloudlet #1948 to Vm #15
0.01: MET_Broker: Sending Cloudlet #1949 to Vm #15
0.01: MET_Broker: Sending Cloudlet #1950 to Vm #15
0.01: MET_Broker: Sending Cloudlet #1951 to Vm #15
0.01: MET_Broker: Sending Cloudlet #1952 to Vm #15
0.01: MET_Broker: Sending Cloudlet #1953 to Vm #15
0.01: MET_Broker: Sending Cloudlet #1954 to Vm #15
0.01: MET_Broker: Sending Cloudlet #1955 to Vm #15
0.01: MET_Broker: Sending Cloudlet #1956 to Vm #15
0.01: MET_Broker: Sending Cloudlet #1957 to Vm #15
0.01: MET_Broker: Sending Cloudlet #1958 to Vm #15
0.01: MET_Broker: Sending Cloudlet #1959 to Vm #15
0.01: MET_Broker: Sending Cloudlet #1960 to Vm #15
0.01: MET_Broker: Sending Cloudlet #1961 to Vm #15
0.01: MET_Broker: Sending Cloudlet #1962 to Vm #15
0.01: MET_Broker: Sending Cloudlet #1963 to Vm #15
0.01: MET_Broker: Sending Cloudlet #1964 to Vm #15
0.01: MET_Broker: Sending Cloudlet #1965 to Vm #15
0.01: MET_Broker: Sending Cloudlet #1966 to Vm #15
0.01: MET_Broker: Sending Cloudlet #1967 to Vm #15
0.01: MET_Broker: Sending Cloudlet #1968 to Vm #15
0.01: MET_Broker: Sending Cloudlet #1969 to Vm #15
0.01: MET_Broker: Sending Cloudlet #1970 to Vm #15
0.01: MET_Broker: Sending Cloudlet #1971 to Vm #15
0.01: MET_Broker: Sending Cloudlet #1972 to Vm #15
0.01: MET_Broker: Sending Cloudlet #1973 to Vm #15
0.01: MET_Broker: Sending Cloudlet #1974 to Vm #15
0.01: MET_Broker: Sending Cloudlet #1975 to Vm #15
0.01: MET_Broker: Sending Cloudlet #1976 to Vm #15
0.01: MET_Broker: Sending Cloudlet #1977 to Vm #15
0.01: MET_Broker: Sending Cloudlet #1978 to Vm #15
0.01: MET_Broker: Sending Cloudlet #1979 to Vm #15
0.01: MET_Broker: Sending Cloudlet #1980 to Vm #15
0.01: MET_Broker: Sending Cloudlet #1981 to Vm #15
0.01: MET_Broker: Sending Cloudlet #1982 to Vm #15
0.01: MET_Broker: Sending Cloudlet #1983 to Vm #15
0.01: MET_Broker: Sending Cloudlet #1984 to Vm #15
0.01: MET_Broker: Sending Cloudlet #1985 to Vm #15
0.01: MET_Broker: Sending Cloudlet #1986 to Vm #15
0.01: MET_Broker: Sending Cloudlet #1987 to Vm #15
0.01: MET_Broker: Sending Cloudlet #1988 to Vm #15
0.01: MET_Broker: Sending Cloudlet #1989 to Vm #15
0.01: MET_Broker: Sending Cloudlet #1990 to Vm #15
0.01: MET_Broker: Sending Cloudlet #1991 to Vm #15
0.01: MET_Broker: Sending Cloudlet #1992 to Vm #15
0.01: MET_Broker: Sending Cloudlet #1993 to Vm #15
0.01: MET_Broker: Sending Cloudlet #1994 to Vm #15
0.01: MET_Broker: Sending Cloudlet #1995 to Vm #15
0.01: MET_Broker: Sending Cloudlet #1996 to Vm #15
0.01: MET_Broker: Sending Cloudlet #1997 to Vm #15
0.01: MET_Broker: Sending Cloudlet #1998 to Vm #15
0.01: MET_Broker: Sending Cloudlet #1999 to Vm #15
0.01: MET_Broker: Sending Cloudlet #2000 to Vm #15
0.01: MET_Broker: Sending Cloudlet #2001 to Vm #15
0.01: MET_Broker: Sending Cloudlet #2002 to Vm #15
0.01: MET_Broker: Sending Cloudlet #2003 to Vm #15
0.01: MET_Broker: Sending Cloudlet #2004 to Vm #15
0.01: MET_Broker: Sending Cloudlet #2005 to Vm #15
0.01: MET_Broker: Sending Cloudlet #2006 to Vm #15
0.01: MET_Broker: Sending Cloudlet #2007 to Vm #15
0.01: MET_Broker: Sending Cloudlet #2008 to Vm #15
0.01: MET_Broker: Sending Cloudlet #2009 to Vm #15
0.01: MET_Broker: Sending Cloudlet #2010 to Vm #15
0.01: MET_Broker: Sending Cloudlet #2011 to Vm #15
0.01: MET_Broker: Sending Cloudlet #2012 to Vm #15
0.01: MET_Broker: Sending Cloudlet #2013 to Vm #15
0.01: MET_Broker: Sending Cloudlet #2014 to Vm #15
0.01: MET_Broker: Sending Cloudlet #2015 to Vm #15
0.01: MET_Broker: Sending Cloudlet #2016 to Vm #15
0.01: MET_Broker: Sending Cloudlet #2017 to Vm #15
0.01: MET_Broker: Sending Cloudlet #2018 to Vm #15
0.01: MET_Broker: Sending Cloudlet #2019 to Vm #15
0.01: MET_Broker: Sending Cloudlet #2020 to Vm #15
0.01: MET_Broker: Sending Cloudlet #2021 to Vm #15
0.01: MET_Broker: Sending Cloudlet #2022 to Vm #15
0.01: MET_Broker: Sending Cloudlet #2023 to Vm #15
0.01: MET_Broker: Sending Cloudlet #2024 to Vm #15
0.01: MET_Broker: Sending Cloudlet #2025 to Vm #15
0.01: MET_Broker: Sending Cloudlet #2026 to Vm #15
0.01: MET_Broker: Sending Cloudlet #2027 to Vm #15
0.01: MET_Broker: Sending Cloudlet #2028 to Vm #15
0.01: MET_Broker: Sending Cloudlet #2029 to Vm #15
0.01: MET_Broker: Sending Cloudlet #2030 to Vm #15
0.01: MET_Broker: Sending Cloudlet #2031 to Vm #15
0.01: MET_Broker: Sending Cloudlet #2032 to Vm #15
0.01: MET_Broker: Sending Cloudlet #2033 to Vm #15
0.01: MET_Broker: Sending Cloudlet #2034 to Vm #15
0.01: MET_Broker: Sending Cloudlet #2035 to Vm #15
0.01: MET_Broker: Sending Cloudlet #2036 to Vm #15
0.01: MET_Broker: Sending Cloudlet #2037 to Vm #15
0.01: MET_Broker: Sending Cloudlet #2038 to Vm #15
0.01: MET_Broker: Sending Cloudlet #2039 to Vm #15
0.01: MET_Broker: Sending Cloudlet #2040 to Vm #15
0.01: MET_Broker: Sending Cloudlet #2041 to Vm #15
0.01: MET_Broker: Sending Cloudlet #2042 to Vm #15
0.01: MET_Broker: Sending Cloudlet #2043 to Vm #15
0.01: MET_Broker: Sending Cloudlet #2044 to Vm #15
0.01: MET_Broker: Sending Cloudlet #2045 to Vm #15
0.01: MET_Broker: Sending Cloudlet #2046 to Vm #15
0.01: MET_Broker: Sending Cloudlet #2047 to Vm #15
0.01: MET_Broker: Sending Cloudlet #2048 to Vm #15
0.01: MET_Broker: Sending Cloudlet #2049 to Vm #15
0.01: MET_Broker: Sending Cloudlet #2050 to Vm #15
0.01: MET_Broker: Sending Cloudlet #2051 to Vm #15
0.01: MET_Broker: Sending Cloudlet #2052 to Vm #15
0.01: MET_Broker: Sending Cloudlet #2053 to Vm #15
0.01: MET_Broker: Sending Cloudlet #2054 to Vm #15
0.01: MET_Broker: Sending Cloudlet #2055 to Vm #15
0.01: MET_Broker: Sending Cloudlet #2056 to Vm #15
0.01: MET_Broker: Sending Cloudlet #2057 to Vm #15
0.01: MET_Broker: Sending Cloudlet #2058 to Vm #15
0.01: MET_Broker: Sending Cloudlet #2059 to Vm #15
0.01: MET_Broker: Sending Cloudlet #2060 to Vm #15
0.01: MET_Broker: Sending Cloudlet #2061 to Vm #15
0.01: MET_Broker: Sending Cloudlet #2062 to Vm #15
0.01: MET_Broker: Sending Cloudlet #2063 to Vm #15
0.01: MET_Broker: Sending Cloudlet #2064 to Vm #15
0.01: MET_Broker: Sending Cloudlet #2065 to Vm #15
0.01: MET_Broker: Sending Cloudlet #2066 to Vm #15
0.01: MET_Broker: Sending Cloudlet #2067 to Vm #15
0.01: MET_Broker: Sending Cloudlet #2068 to Vm #15
0.01: MET_Broker: Sending Cloudlet #2069 to Vm #15
0.01: MET_Broker: Sending Cloudlet #2070 to Vm #15
0.01: MET_Broker: Sending Cloudlet #2071 to Vm #15
0.01: MET_Broker: Sending Cloudlet #2072 to Vm #15
0.01: MET_Broker: Sending Cloudlet #2073 to Vm #15
0.01: MET_Broker: Sending Cloudlet #2074 to Vm #15
0.01: MET_Broker: Sending Cloudlet #2075 to Vm #15
0.01: MET_Broker: Sending Cloudlet #2076 to Vm #15
0.01: MET_Broker: Sending Cloudlet #2077 to Vm #15
0.01: MET_Broker: Sending Cloudlet #2078 to Vm #15
0.01: MET_Broker: Sending Cloudlet #2079 to Vm #15
0.01: MET_Broker: Sending Cloudlet #2080 to Vm #15
0.01: MET_Broker: Sending Cloudlet #2081 to Vm #15
0.01: MET_Broker: Sending Cloudlet #2082 to Vm #15
0.01: MET_Broker: Sending Cloudlet #2083 to Vm #15
0.01: MET_Broker: Sending Cloudlet #2084 to Vm #15
0.01: MET_Broker: Sending Cloudlet #2085 to Vm #15
0.01: MET_Broker: Sending Cloudlet #2086 to Vm #15
0.01: MET_Broker: Sending Cloudlet #2087 to Vm #15
0.01: MET_Broker: Sending Cloudlet #2088 to Vm #15
0.01: MET_Broker: Sending Cloudlet #2089 to Vm #15
0.01: MET_Broker: Sending Cloudlet #2090 to Vm #15
0.01: MET_Broker: Sending Cloudlet #2091 to Vm #15
0.01: MET_Broker: Sending Cloudlet #2092 to Vm #15
0.01: MET_Broker: Sending Cloudlet #2093 to Vm #15
0.01: MET_Broker: Sending Cloudlet #2094 to Vm #15
0.01: MET_Broker: Sending Cloudlet #2095 to Vm #15
0.01: MET_Broker: Sending Cloudlet #2096 to Vm #15
0.01: MET_Broker: Sending Cloudlet #2097 to Vm #15
0.01: MET_Broker: Sending Cloudlet #2098 to Vm #15
0.01: MET_Broker: Sending Cloudlet #2099 to Vm #15
0.01: MET_Broker: Sending Cloudlet #2100 to Vm #15
0.01: MET_Broker: Sending Cloudlet #2101 to Vm #15
0.01: MET_Broker: Sending Cloudlet #2102 to Vm #15
0.01: MET_Broker: Sending Cloudlet #2103 to Vm #15
0.01: MET_Broker: Sending Cloudlet #2104 to Vm #15
0.01: MET_Broker: Sending Cloudlet #2105 to Vm #15
0.01: MET_Broker: Sending Cloudlet #2106 to Vm #15
0.01: MET_Broker: Sending Cloudlet #2107 to Vm #15
0.01: MET_Broker: Sending Cloudlet #2108 to Vm #15
0.01: MET_Broker: Sending Cloudlet #2109 to Vm #15
0.01: MET_Broker: Sending Cloudlet #2110 to Vm #15
0.01: MET_Broker: Sending Cloudlet #2111 to Vm #15
0.01: MET_Broker: Sending Cloudlet #2112 to Vm #15
0.01: MET_Broker: Sending Cloudlet #2113 to Vm #15
0.01: MET_Broker: Sending Cloudlet #2114 to Vm #15
0.01: MET_Broker: Sending Cloudlet #2115 to Vm #15
0.01: MET_Broker: Sending Cloudlet #2116 to Vm #15
0.01: MET_Broker: Sending Cloudlet #2117 to Vm #15
0.01: MET_Broker: Sending Cloudlet #2118 to Vm #15
0.01: MET_Broker: Sending Cloudlet #2119 to Vm #15
0.01: MET_Broker: Sending Cloudlet #2120 to Vm #15
0.01: MET_Broker: Sending Cloudlet #2121 to Vm #15
0.01: MET_Broker: Sending Cloudlet #2122 to Vm #15
0.01: MET_Broker: Sending Cloudlet #2123 to Vm #15
0.01: MET_Broker: Sending Cloudlet #2124 to Vm #15
0.01: MET_Broker: Sending Cloudlet #2125 to Vm #15
0.01: MET_Broker: Sending Cloudlet #2126 to Vm #15
0.01: MET_Broker: Sending Cloudlet #2127 to Vm #15
0.01: MET_Broker: Sending Cloudlet #2128 to Vm #15
0.01: MET_Broker: Sending Cloudlet #2129 to Vm #15
0.01: MET_Broker: Sending Cloudlet #2130 to Vm #15
0.01: MET_Broker: Sending Cloudlet #2131 to Vm #15
0.01: MET_Broker: Sending Cloudlet #2132 to Vm #15
0.01: MET_Broker: Sending Cloudlet #2133 to Vm #15
0.01: MET_Broker: Sending Cloudlet #2134 to Vm #15
0.01: MET_Broker: Sending Cloudlet #2135 to Vm #15
0.01: MET_Broker: Sending Cloudlet #2136 to Vm #15
0.01: MET_Broker: Sending Cloudlet #2137 to Vm #15
0.01: MET_Broker: Sending Cloudlet #2138 to Vm #15
0.01: MET_Broker: Sending Cloudlet #2139 to Vm #15
0.01: MET_Broker: Sending Cloudlet #2140 to Vm #15
0.01: MET_Broker: Sending Cloudlet #2141 to Vm #15
0.01: MET_Broker: Sending Cloudlet #2142 to Vm #15
0.01: MET_Broker: Sending Cloudlet #2143 to Vm #15
0.01: MET_Broker: Sending Cloudlet #2144 to Vm #15
0.01: MET_Broker: Sending Cloudlet #2145 to Vm #15
0.01: MET_Broker: Sending Cloudlet #2146 to Vm #15
0.01: MET_Broker: Sending Cloudlet #2147 to Vm #15
0.01: MET_Broker: Sending Cloudlet #2148 to Vm #15
0.01: MET_Broker: Sending Cloudlet #2149 to Vm #15
0.01: MET_Broker: Sending Cloudlet #2150 to Vm #15
0.01: MET_Broker: Sending Cloudlet #2151 to Vm #15
0.01: MET_Broker: Sending Cloudlet #2152 to Vm #15
0.01: MET_Broker: Sending Cloudlet #2153 to Vm #15
0.01: MET_Broker: Sending Cloudlet #2154 to Vm #15
0.01: MET_Broker: Sending Cloudlet #2155 to Vm #15
0.01: MET_Broker: Sending Cloudlet #2156 to Vm #15
0.01: MET_Broker: Sending Cloudlet #2157 to Vm #15
0.01: MET_Broker: Sending Cloudlet #2158 to Vm #15
0.01: MET_Broker: Sending Cloudlet #2159 to Vm #15
0.01: MET_Broker: Sending Cloudlet #2160 to Vm #15
0.01: MET_Broker: Sending Cloudlet #2161 to Vm #15
0.01: MET_Broker: Sending Cloudlet #2162 to Vm #15
0.01: MET_Broker: Sending Cloudlet #2163 to Vm #15
0.01: MET_Broker: Sending Cloudlet #2164 to Vm #15
0.01: MET_Broker: Sending Cloudlet #2165 to Vm #15
0.01: MET_Broker: Sending Cloudlet #2166 to Vm #15
0.01: MET_Broker: Sending Cloudlet #2167 to Vm #15
0.01: MET_Broker: Sending Cloudlet #2168 to Vm #15
0.01: MET_Broker: Sending Cloudlet #2169 to Vm #15
0.01: MET_Broker: Sending Cloudlet #2170 to Vm #15
0.01: MET_Broker: Sending Cloudlet #2171 to Vm #15
0.01: MET_Broker: Sending Cloudlet #2172 to Vm #15
0.01: MET_Broker: Sending Cloudlet #2173 to Vm #15
0.01: MET_Broker: Sending Cloudlet #2174 to Vm #15
0.01: MET_Broker: Sending Cloudlet #2175 to Vm #15
0.01: MET_Broker: Sending Cloudlet #2176 to Vm #15
0.01: MET_Broker: Sending Cloudlet #2177 to Vm #15
0.01: MET_Broker: Sending Cloudlet #2178 to Vm #15
0.01: MET_Broker: Sending Cloudlet #2179 to Vm #15
0.01: MET_Broker: Sending Cloudlet #2180 to Vm #15
0.01: MET_Broker: Sending Cloudlet #2181 to Vm #15
0.01: MET_Broker: Sending Cloudlet #2182 to Vm #15
0.01: MET_Broker: Sending Cloudlet #2183 to Vm #15
0.01: MET_Broker: Sending Cloudlet #2184 to Vm #15
0.01: MET_Broker: Sending Cloudlet #2185 to Vm #15
0.01: MET_Broker: Sending Cloudlet #2186 to Vm #15
0.01: MET_Broker: Sending Cloudlet #2187 to Vm #15
0.01: MET_Broker: Sending Cloudlet #2188 to Vm #15
0.01: MET_Broker: Sending Cloudlet #2189 to Vm #15
0.01: MET_Broker: Sending Cloudlet #2190 to Vm #15
0.01: MET_Broker: Sending Cloudlet #2191 to Vm #15
0.01: MET_Broker: Sending Cloudlet #2192 to Vm #15
0.01: MET_Broker: Sending Cloudlet #2193 to Vm #15
0.01: MET_Broker: Sending Cloudlet #2194 to Vm #15
0.01: MET_Broker: Sending Cloudlet #2195 to Vm #15
0.01: MET_Broker: Sending Cloudlet #2196 to Vm #15
0.01: MET_Broker: Sending Cloudlet #2197 to Vm #15
0.01: MET_Broker: Sending Cloudlet #2198 to Vm #15
0.01: MET_Broker: Sending Cloudlet #2199 to Vm #15
0.01: MET_Broker: Sending Cloudlet #2200 to Vm #15
0.01: MET_Broker: Sending Cloudlet #2201 to Vm #15
0.01: MET_Broker: Sending Cloudlet #2202 to Vm #15
0.01: MET_Broker: Sending Cloudlet #2203 to Vm #15
0.01: MET_Broker: Sending Cloudlet #2204 to Vm #15
0.01: MET_Broker: Sending Cloudlet #2205 to Vm #15
0.01: MET_Broker: Sending Cloudlet #2206 to Vm #15
0.01: MET_Broker: Sending Cloudlet #2207 to Vm #15
0.01: MET_Broker: Sending Cloudlet #2208 to Vm #15
0.01: MET_Broker: Sending Cloudlet #2209 to Vm #15
0.01: MET_Broker: Sending Cloudlet #2210 to Vm #15
0.01: MET_Broker: Sending Cloudlet #2211 to Vm #15
0.01: MET_Broker: Sending Cloudlet #2212 to Vm #15
0.01: MET_Broker: Sending Cloudlet #2213 to Vm #15
0.01: MET_Broker: Sending Cloudlet #2214 to Vm #15
0.01: MET_Broker: Sending Cloudlet #2215 to Vm #15
0.01: MET_Broker: Sending Cloudlet #2216 to Vm #15
0.01: MET_Broker: Sending Cloudlet #2217 to Vm #15
0.01: MET_Broker: Sending Cloudlet #2218 to Vm #15
0.01: MET_Broker: Sending Cloudlet #2219 to Vm #15
0.01: MET_Broker: Sending Cloudlet #2220 to Vm #15
0.01: MET_Broker: Sending Cloudlet #2221 to Vm #15
0.01: MET_Broker: Sending Cloudlet #2222 to Vm #15
0.01: MET_Broker: Sending Cloudlet #2223 to Vm #15
0.01: MET_Broker: Sending Cloudlet #2224 to Vm #15
0.01: MET_Broker: Sending Cloudlet #2225 to Vm #15
0.01: MET_Broker: Sending Cloudlet #2226 to Vm #15
0.01: MET_Broker: Sending Cloudlet #2227 to Vm #15
0.01: MET_Broker: Sending Cloudlet #2228 to Vm #15
0.01: MET_Broker: Sending Cloudlet #2229 to Vm #15
0.01: MET_Broker: Sending Cloudlet #2230 to Vm #15
0.01: MET_Broker: Sending Cloudlet #2231 to Vm #15
0.01: MET_Broker: Sending Cloudlet #2232 to Vm #15
0.01: MET_Broker: Sending Cloudlet #2233 to Vm #15
0.01: MET_Broker: Sending Cloudlet #2234 to Vm #15
0.01: MET_Broker: Sending Cloudlet #2235 to Vm #15
0.01: MET_Broker: Sending Cloudlet #2236 to Vm #15
0.01: MET_Broker: Sending Cloudlet #2237 to Vm #15
0.01: MET_Broker: Sending Cloudlet #2238 to Vm #15
0.01: MET_Broker: Sending Cloudlet #2239 to Vm #15
0.01: MET_Broker: Sending Cloudlet #2240 to Vm #15
0.01: MET_Broker: Sending Cloudlet #2241 to Vm #15
0.01: MET_Broker: Sending Cloudlet #2242 to Vm #15
0.01: MET_Broker: Sending Cloudlet #2243 to Vm #15
0.01: MET_Broker: Sending Cloudlet #2244 to Vm #15
0.01: MET_Broker: Sending Cloudlet #2245 to Vm #15
0.01: MET_Broker: Sending Cloudlet #2246 to Vm #15
0.01: MET_Broker: Sending Cloudlet #2247 to Vm #15
0.01: MET_Broker: Sending Cloudlet #2248 to Vm #15
0.01: MET_Broker: Sending Cloudlet #2249 to Vm #15
0.01: MET_Broker: Sending Cloudlet #2250 to Vm #15
0.01: MET_Broker: Sending Cloudlet #2251 to Vm #15
0.01: MET_Broker: Sending Cloudlet #2252 to Vm #15
0.01: MET_Broker: Sending Cloudlet #2253 to Vm #15
0.01: MET_Broker: Sending Cloudlet #2254 to Vm #15
0.01: MET_Broker: Sending Cloudlet #2255 to Vm #15
0.01: MET_Broker: Sending Cloudlet #2256 to Vm #15
0.01: MET_Broker: Sending Cloudlet #2257 to Vm #15
0.01: MET_Broker: Sending Cloudlet #2258 to Vm #15
0.01: MET_Broker: Sending Cloudlet #2259 to Vm #15
0.01: MET_Broker: Sending Cloudlet #2260 to Vm #15
0.01: MET_Broker: Sending Cloudlet #2261 to Vm #15
0.01: MET_Broker: Sending Cloudlet #2262 to Vm #15
0.01: MET_Broker: Sending Cloudlet #2263 to Vm #15
0.01: MET_Broker: Sending Cloudlet #2264 to Vm #15
0.01: MET_Broker: Sending Cloudlet #2265 to Vm #15
0.01: MET_Broker: Sending Cloudlet #2266 to Vm #15
0.01: MET_Broker: Sending Cloudlet #2267 to Vm #15
0.01: MET_Broker: Sending Cloudlet #2268 to Vm #15
0.01: MET_Broker: Sending Cloudlet #2269 to Vm #15
0.01: MET_Broker: Sending Cloudlet #2270 to Vm #15
0.01: MET_Broker: Sending Cloudlet #2271 to Vm #15
0.01: MET_Broker: Sending Cloudlet #2272 to Vm #15
0.01: MET_Broker: Sending Cloudlet #2273 to Vm #15
0.01: MET_Broker: Sending Cloudlet #2274 to Vm #15
0.01: MET_Broker: Sending Cloudlet #2275 to Vm #15
0.01: MET_Broker: Sending Cloudlet #2276 to Vm #15
0.01: MET_Broker: Sending Cloudlet #2277 to Vm #15
0.01: MET_Broker: Sending Cloudlet #2278 to Vm #15
0.01: MET_Broker: Sending Cloudlet #2279 to Vm #15
0.01: MET_Broker: Sending Cloudlet #2280 to Vm #15
0.01: MET_Broker: Sending Cloudlet #2281 to Vm #15
0.01: MET_Broker: Sending Cloudlet #2282 to Vm #15
0.01: MET_Broker: Sending Cloudlet #2283 to Vm #15
0.01: MET_Broker: Sending Cloudlet #2284 to Vm #15
0.01: MET_Broker: Sending Cloudlet #2285 to Vm #15
0.01: MET_Broker: Sending Cloudlet #2286 to Vm #15
0.01: MET_Broker: Sending Cloudlet #2287 to Vm #15
0.01: MET_Broker: Sending Cloudlet #2288 to Vm #15
0.01: MET_Broker: Sending Cloudlet #2289 to Vm #15
0.01: MET_Broker: Sending Cloudlet #2290 to Vm #15
0.01: MET_Broker: Sending Cloudlet #2291 to Vm #15
0.01: MET_Broker: Sending Cloudlet #2292 to Vm #15
0.01: MET_Broker: Sending Cloudlet #2293 to Vm #15
0.01: MET_Broker: Sending Cloudlet #2294 to Vm #15
0.01: MET_Broker: Sending Cloudlet #2295 to Vm #15
0.01: MET_Broker: Sending Cloudlet #2296 to Vm #15
0.01: MET_Broker: Sending Cloudlet #2297 to Vm #15
0.01: MET_Broker: Sending Cloudlet #2298 to Vm #15
0.01: MET_Broker: Sending Cloudlet #2299 to Vm #15
0.01: MET_Broker: Sending Cloudlet #2300 to Vm #15
0.01: MET_Broker: Sending Cloudlet #2301 to Vm #15
0.01: MET_Broker: Sending Cloudlet #2302 to Vm #15
0.01: MET_Broker: Sending Cloudlet #2303 to Vm #15
0.01: MET_Broker: Sending Cloudlet #2304 to Vm #15
0.01: MET_Broker: Sending Cloudlet #2305 to Vm #15
0.01: MET_Broker: Sending Cloudlet #2306 to Vm #15
0.01: MET_Broker: Sending Cloudlet #2307 to Vm #15
0.01: MET_Broker: Sending Cloudlet #2308 to Vm #15
0.01: MET_Broker: Sending Cloudlet #2309 to Vm #15
0.01: MET_Broker: Sending Cloudlet #2310 to Vm #15
0.01: MET_Broker: Sending Cloudlet #2311 to Vm #15
0.01: MET_Broker: Sending Cloudlet #2312 to Vm #15
0.01: MET_Broker: Sending Cloudlet #2313 to Vm #15
0.01: MET_Broker: Sending Cloudlet #2314 to Vm #15
0.01: MET_Broker: Sending Cloudlet #2315 to Vm #15
0.01: MET_Broker: Sending Cloudlet #2316 to Vm #15
0.01: MET_Broker: Sending Cloudlet #2317 to Vm #15
0.01: MET_Broker: Sending Cloudlet #2318 to Vm #15
0.01: MET_Broker: Sending Cloudlet #2319 to Vm #15
0.01: MET_Broker: Sending Cloudlet #2320 to Vm #15
0.01: MET_Broker: Sending Cloudlet #2321 to Vm #15
0.01: MET_Broker: Sending Cloudlet #2322 to Vm #15
0.01: MET_Broker: Sending Cloudlet #2323 to Vm #15
0.01: MET_Broker: Sending Cloudlet #2324 to Vm #15
0.01: MET_Broker: Sending Cloudlet #2325 to Vm #15
0.01: MET_Broker: Sending Cloudlet #2326 to Vm #15
0.01: MET_Broker: Sending Cloudlet #2327 to Vm #15
0.01: MET_Broker: Sending Cloudlet #2328 to Vm #15
0.01: MET_Broker: Sending Cloudlet #2329 to Vm #15
0.01: MET_Broker: Sending Cloudlet #2330 to Vm #15
0.01: MET_Broker: Sending Cloudlet #2331 to Vm #15
0.01: MET_Broker: Sending Cloudlet #2332 to Vm #15
0.01: MET_Broker: Sending Cloudlet #2333 to Vm #15
0.01: MET_Broker: Sending Cloudlet #2334 to Vm #15
0.01: MET_Broker: Sending Cloudlet #2335 to Vm #15
0.01: MET_Broker: Sending Cloudlet #2336 to Vm #15
0.01: MET_Broker: Sending Cloudlet #2337 to Vm #15
0.01: MET_Broker: Sending Cloudlet #2338 to Vm #15
0.01: MET_Broker: Sending Cloudlet #2339 to Vm #15
0.01: MET_Broker: Sending Cloudlet #2340 to Vm #15
0.01: MET_Broker: Sending Cloudlet #2341 to Vm #15
0.01: MET_Broker: Sending Cloudlet #2342 to Vm #15
0.01: MET_Broker: Sending Cloudlet #2343 to Vm #15
0.01: MET_Broker: Sending Cloudlet #2344 to Vm #15
0.01: MET_Broker: Sending Cloudlet #2345 to Vm #15
0.01: MET_Broker: Sending Cloudlet #2346 to Vm #15
0.01: MET_Broker: Sending Cloudlet #2347 to Vm #15
0.01: MET_Broker: Sending Cloudlet #2348 to Vm #15
0.01: MET_Broker: Sending Cloudlet #2349 to Vm #15
0.01: MET_Broker: Sending Cloudlet #2350 to Vm #15
0.01: MET_Broker: Sending Cloudlet #2351 to Vm #15
0.01: MET_Broker: Sending Cloudlet #2352 to Vm #15
0.01: MET_Broker: Sending Cloudlet #2353 to Vm #15
0.01: MET_Broker: Sending Cloudlet #2354 to Vm #15
0.01: MET_Broker: Sending Cloudlet #2355 to Vm #15
0.01: MET_Broker: Sending Cloudlet #2356 to Vm #15
0.01: MET_Broker: Sending Cloudlet #2357 to Vm #15
0.01: MET_Broker: Sending Cloudlet #2358 to Vm #15
0.01: MET_Broker: Sending Cloudlet #2359 to Vm #15
0.01: MET_Broker: Sending Cloudlet #2360 to Vm #15
0.01: MET_Broker: Sending Cloudlet #2361 to Vm #15
0.01: MET_Broker: Sending Cloudlet #2362 to Vm #15
0.01: MET_Broker: Sending Cloudlet #2363 to Vm #15
0.01: MET_Broker: Sending Cloudlet #2364 to Vm #15
0.01: MET_Broker: Sending Cloudlet #2365 to Vm #15
0.01: MET_Broker: Sending Cloudlet #2366 to Vm #15
0.01: MET_Broker: Sending Cloudlet #2367 to Vm #15
0.01: MET_Broker: Sending Cloudlet #2368 to Vm #15
0.01: MET_Broker: Sending Cloudlet #2369 to Vm #15
0.01: MET_Broker: Sending Cloudlet #2370 to Vm #15
0.01: MET_Broker: Sending Cloudlet #2371 to Vm #15
0.01: MET_Broker: Sending Cloudlet #2372 to Vm #15
0.01: MET_Broker: Sending Cloudlet #2373 to Vm #15
0.01: MET_Broker: Sending Cloudlet #2374 to Vm #15
0.01: MET_Broker: Sending Cloudlet #2375 to Vm #15
0.01: MET_Broker: Sending Cloudlet #2376 to Vm #15
0.01: MET_Broker: Sending Cloudlet #2377 to Vm #15
0.01: MET_Broker: Sending Cloudlet #2378 to Vm #15
0.01: MET_Broker: Sending Cloudlet #2379 to Vm #15
0.01: MET_Broker: Sending Cloudlet #2380 to Vm #15
0.01: MET_Broker: Sending Cloudlet #2381 to Vm #15
0.01: MET_Broker: Sending Cloudlet #2382 to Vm #15
0.01: MET_Broker: Sending Cloudlet #2383 to Vm #15
0.01: MET_Broker: Sending Cloudlet #2384 to Vm #15
0.01: MET_Broker: Sending Cloudlet #2385 to Vm #15
0.01: MET_Broker: Sending Cloudlet #2386 to Vm #15
0.01: MET_Broker: Sending Cloudlet #2387 to Vm #15
0.01: MET_Broker: Sending Cloudlet #2388 to Vm #15
0.01: MET_Broker: Sending Cloudlet #2389 to Vm #15
0.01: MET_Broker: Sending Cloudlet #2390 to Vm #15
0.01: MET_Broker: Sending Cloudlet #2391 to Vm #15
0.01: MET_Broker: Sending Cloudlet #2392 to Vm #15
0.01: MET_Broker: Sending Cloudlet #2393 to Vm #15
0.01: MET_Broker: Sending Cloudlet #2394 to Vm #15
0.01: MET_Broker: Sending Cloudlet #2395 to Vm #15
0.01: MET_Broker: Sending Cloudlet #2396 to Vm #15
0.01: MET_Broker: Sending Cloudlet #2397 to Vm #15
0.01: MET_Broker: Sending Cloudlet #2398 to Vm #15
0.01: MET_Broker: Sending Cloudlet #2399 to Vm #15
0.01: MET_Broker: Sending Cloudlet #2400 to Vm #15
0.01: MET_Broker: Sending Cloudlet #2401 to Vm #15
0.01: MET_Broker: Sending Cloudlet #2402 to Vm #15
0.01: MET_Broker: Sending Cloudlet #2403 to Vm #15
0.01: MET_Broker: Sending Cloudlet #2404 to Vm #15
0.01: MET_Broker: Sending Cloudlet #2405 to Vm #15
0.01: MET_Broker: Sending Cloudlet #2406 to Vm #15
0.01: MET_Broker: Sending Cloudlet #2407 to Vm #15
0.01: MET_Broker: Sending Cloudlet #2408 to Vm #15
0.01: MET_Broker: Sending Cloudlet #2409 to Vm #15
0.01: MET_Broker: Sending Cloudlet #2410 to Vm #15
0.01: MET_Broker: Sending Cloudlet #2411 to Vm #15
0.01: MET_Broker: Sending Cloudlet #2412 to Vm #15
0.01: MET_Broker: Sending Cloudlet #2413 to Vm #15
0.01: MET_Broker: Sending Cloudlet #2414 to Vm #15
0.01: MET_Broker: Sending Cloudlet #2415 to Vm #15
0.01: MET_Broker: Sending Cloudlet #2416 to Vm #15
0.01: MET_Broker: Sending Cloudlet #2417 to Vm #15
0.01: MET_Broker: Sending Cloudlet #2418 to Vm #15
0.01: MET_Broker: Sending Cloudlet #2419 to Vm #15
0.01: MET_Broker: Sending Cloudlet #2420 to Vm #15
0.01: MET_Broker: Sending Cloudlet #2421 to Vm #15
0.01: MET_Broker: Sending Cloudlet #2422 to Vm #15
0.01: MET_Broker: Sending Cloudlet #2423 to Vm #15
0.01: MET_Broker: Sending Cloudlet #2424 to Vm #15
0.01: MET_Broker: Sending Cloudlet #2425 to Vm #15
0.01: MET_Broker: Sending Cloudlet #2426 to Vm #15
0.01: MET_Broker: Sending Cloudlet #2427 to Vm #15
0.01: MET_Broker: Sending Cloudlet #2428 to Vm #15
0.01: MET_Broker: Sending Cloudlet #2429 to Vm #15
0.01: MET_Broker: Sending Cloudlet #2430 to Vm #15
0.01: MET_Broker: Sending Cloudlet #2431 to Vm #15
0.01: MET_Broker: Sending Cloudlet #2432 to Vm #15
0.01: MET_Broker: Sending Cloudlet #2433 to Vm #15
0.01: MET_Broker: Sending Cloudlet #2434 to Vm #15
0.01: MET_Broker: Sending Cloudlet #2435 to Vm #15
0.01: MET_Broker: Sending Cloudlet #2436 to Vm #15
0.01: MET_Broker: Sending Cloudlet #2437 to Vm #15
0.01: MET_Broker: Sending Cloudlet #2438 to Vm #15
0.01: MET_Broker: Sending Cloudlet #2439 to Vm #15
0.01: MET_Broker: Sending Cloudlet #2440 to Vm #15
0.01: MET_Broker: Sending Cloudlet #2441 to Vm #15
0.01: MET_Broker: Sending Cloudlet #2442 to Vm #15
0.01: MET_Broker: Sending Cloudlet #2443 to Vm #15
0.01: MET_Broker: Sending Cloudlet #2444 to Vm #15
0.01: MET_Broker: Sending Cloudlet #2445 to Vm #15
0.01: MET_Broker: Sending Cloudlet #2446 to Vm #15
0.01: MET_Broker: Sending Cloudlet #2447 to Vm #15
0.01: MET_Broker: Sending Cloudlet #2448 to Vm #15
0.01: MET_Broker: Sending Cloudlet #2449 to Vm #15
0.01: MET_Broker: Sending Cloudlet #2450 to Vm #15
0.01: MET_Broker: Sending Cloudlet #2451 to Vm #15
0.01: MET_Broker: Sending Cloudlet #2452 to Vm #15
0.01: MET_Broker: Sending Cloudlet #2453 to Vm #15
0.01: MET_Broker: Sending Cloudlet #2454 to Vm #15
0.01: MET_Broker: Sending Cloudlet #2455 to Vm #15
0.01: MET_Broker: Sending Cloudlet #2456 to Vm #15
0.01: MET_Broker: Sending Cloudlet #2457 to Vm #15
0.01: MET_Broker: Sending Cloudlet #2458 to Vm #15
0.01: MET_Broker: Sending Cloudlet #2459 to Vm #15
0.01: MET_Broker: Sending Cloudlet #2460 to Vm #15
0.01: MET_Broker: Sending Cloudlet #2461 to Vm #15
0.01: MET_Broker: Sending Cloudlet #2462 to Vm #15
0.01: MET_Broker: Sending Cloudlet #2463 to Vm #15
0.01: MET_Broker: Sending Cloudlet #2464 to Vm #15
0.01: MET_Broker: Sending Cloudlet #2465 to Vm #15
0.01: MET_Broker: Sending Cloudlet #2466 to Vm #15
0.01: MET_Broker: Sending Cloudlet #2467 to Vm #15
0.01: MET_Broker: Sending Cloudlet #2468 to Vm #15
0.01: MET_Broker: Sending Cloudlet #2469 to Vm #15
0.01: MET_Broker: Sending Cloudlet #2470 to Vm #15
0.01: MET_Broker: Sending Cloudlet #2471 to Vm #15
0.01: MET_Broker: Sending Cloudlet #2472 to Vm #15
0.01: MET_Broker: Sending Cloudlet #2473 to Vm #15
0.01: MET_Broker: Sending Cloudlet #2474 to Vm #15
0.01: MET_Broker: Sending Cloudlet #2475 to Vm #15
0.01: MET_Broker: Sending Cloudlet #2476 to Vm #15
0.01: MET_Broker: Sending Cloudlet #2477 to Vm #15
0.01: MET_Broker: Sending Cloudlet #2478 to Vm #15
0.01: MET_Broker: Sending Cloudlet #2479 to Vm #15
0.01: MET_Broker: Sending Cloudlet #2480 to Vm #15
0.01: MET_Broker: Sending Cloudlet #2481 to Vm #15
0.01: MET_Broker: Sending Cloudlet #2482 to Vm #15
0.01: MET_Broker: Sending Cloudlet #2483 to Vm #15
0.01: MET_Broker: Sending Cloudlet #2484 to Vm #15
0.01: MET_Broker: Sending Cloudlet #2485 to Vm #15
0.01: MET_Broker: Sending Cloudlet #2486 to Vm #15
0.01: MET_Broker: Sending Cloudlet #2487 to Vm #15
0.01: MET_Broker: Sending Cloudlet #2488 to Vm #15
0.01: MET_Broker: Sending Cloudlet #2489 to Vm #15
0.01: MET_Broker: Sending Cloudlet #2490 to Vm #15
0.01: MET_Broker: Sending Cloudlet #2491 to Vm #15
0.01: MET_Broker: Sending Cloudlet #2492 to Vm #15
0.01: MET_Broker: Sending Cloudlet #2493 to Vm #15
0.01: MET_Broker: Sending Cloudlet #2494 to Vm #15
0.01: MET_Broker: Sending Cloudlet #2495 to Vm #15
0.01: MET_Broker: Sending Cloudlet #2496 to Vm #15
0.01: MET_Broker: Sending Cloudlet #2497 to Vm #15
0.01: MET_Broker: Sending Cloudlet #2498 to Vm #15
0.01: MET_Broker: Sending Cloudlet #2499 to Vm #15
0.01: MET_Broker: Sending Cloudlet #2500 to Vm #15
0.01: MET_Broker: Sending Cloudlet #2501 to Vm #15
0.01: MET_Broker: Sending Cloudlet #2502 to Vm #15
0.01: MET_Broker: Sending Cloudlet #2503 to Vm #15
0.01: MET_Broker: Sending Cloudlet #2504 to Vm #15
0.01: MET_Broker: Sending Cloudlet #2505 to Vm #15
0.01: MET_Broker: Sending Cloudlet #2506 to Vm #15
0.01: MET_Broker: Sending Cloudlet #2507 to Vm #15
0.01: MET_Broker: Sending Cloudlet #2508 to Vm #15
0.01: MET_Broker: Sending Cloudlet #2509 to Vm #15
0.01: MET_Broker: Sending Cloudlet #2510 to Vm #15
0.01: MET_Broker: Sending Cloudlet #2511 to Vm #15
0.01: MET_Broker: Sending Cloudlet #2512 to Vm #15
0.01: MET_Broker: Sending Cloudlet #2513 to Vm #15
0.01: MET_Broker: Sending Cloudlet #2514 to Vm #15
0.01: MET_Broker: Sending Cloudlet #2515 to Vm #15
0.01: MET_Broker: Sending Cloudlet #2516 to Vm #15
0.01: MET_Broker: Sending Cloudlet #2517 to Vm #15
0.01: MET_Broker: Sending Cloudlet #2518 to Vm #15
0.01: MET_Broker: Sending Cloudlet #2519 to Vm #15
0.01: MET_Broker: Sending Cloudlet #2520 to Vm #15
0.01: MET_Broker: Sending Cloudlet #2521 to Vm #15
0.01: MET_Broker: Sending Cloudlet #2522 to Vm #15
0.01: MET_Broker: Sending Cloudlet #2523 to Vm #15
0.01: MET_Broker: Sending Cloudlet #2524 to Vm #15
0.01: MET_Broker: Sending Cloudlet #2525 to Vm #15
0.01: MET_Broker: Sending Cloudlet #2526 to Vm #15
0.01: MET_Broker: Sending Cloudlet #2527 to Vm #15
0.01: MET_Broker: Sending Cloudlet #2528 to Vm #15
0.01: MET_Broker: Sending Cloudlet #2529 to Vm #15
0.01: MET_Broker: Sending Cloudlet #2530 to Vm #15
0.01: MET_Broker: Sending Cloudlet #2531 to Vm #15
0.01: MET_Broker: Sending Cloudlet #2532 to Vm #15
0.01: MET_Broker: Sending Cloudlet #2533 to Vm #15
0.01: MET_Broker: Sending Cloudlet #2534 to Vm #15
0.01: MET_Broker: Sending Cloudlet #2535 to Vm #15
0.01: MET_Broker: Sending Cloudlet #2536 to Vm #15
0.01: MET_Broker: Sending Cloudlet #2537 to Vm #15
0.01: MET_Broker: Sending Cloudlet #2538 to Vm #15
0.01: MET_Broker: Sending Cloudlet #2539 to Vm #15
0.01: MET_Broker: Sending Cloudlet #2540 to Vm #15
0.01: MET_Broker: Sending Cloudlet #2541 to Vm #15
0.01: MET_Broker: Sending Cloudlet #2542 to Vm #15
0.01: MET_Broker: Sending Cloudlet #2543 to Vm #15
0.01: MET_Broker: Sending Cloudlet #2544 to Vm #15
0.01: MET_Broker: Sending Cloudlet #2545 to Vm #15
0.01: MET_Broker: Sending Cloudlet #2546 to Vm #15
0.01: MET_Broker: Sending Cloudlet #2547 to Vm #15
0.01: MET_Broker: Sending Cloudlet #2548 to Vm #15
0.01: MET_Broker: Sending Cloudlet #2549 to Vm #15
0.01: MET_Broker: Sending Cloudlet #2550 to Vm #15
0.01: MET_Broker: Sending Cloudlet #2551 to Vm #15
0.01: MET_Broker: Sending Cloudlet #2552 to Vm #15
0.01: MET_Broker: Sending Cloudlet #2553 to Vm #15
0.01: MET_Broker: Sending Cloudlet #2554 to Vm #15
0.01: MET_Broker: Sending Cloudlet #2555 to Vm #15
0.01: MET_Broker: Sending Cloudlet #2556 to Vm #15
0.01: MET_Broker: Sending Cloudlet #2557 to Vm #15
0.01: MET_Broker: Sending Cloudlet #2558 to Vm #15
0.01: MET_Broker: Sending Cloudlet #2559 to Vm #15
0.01: MET_Broker: Sending Cloudlet #2560 to Vm #15
0.01: MET_Broker: Sending Cloudlet #2561 to Vm #15
0.01: MET_Broker: Sending Cloudlet #2562 to Vm #15
0.01: MET_Broker: Sending Cloudlet #2563 to Vm #15
0.01: MET_Broker: Sending Cloudlet #2564 to Vm #15
0.01: MET_Broker: Sending Cloudlet #2565 to Vm #15
0.01: MET_Broker: Sending Cloudlet #2566 to Vm #15
0.01: MET_Broker: Sending Cloudlet #2567 to Vm #15
0.01: MET_Broker: Sending Cloudlet #2568 to Vm #15
0.01: MET_Broker: Sending Cloudlet #2569 to Vm #15
0.01: MET_Broker: Sending Cloudlet #2570 to Vm #15
0.01: MET_Broker: Sending Cloudlet #2571 to Vm #15
0.01: MET_Broker: Sending Cloudlet #2572 to Vm #15
0.01: MET_Broker: Sending Cloudlet #2573 to Vm #15
0.01: MET_Broker: Sending Cloudlet #2574 to Vm #15
0.01: MET_Broker: Sending Cloudlet #2575 to Vm #15
0.01: MET_Broker: Sending Cloudlet #2576 to Vm #15
0.01: MET_Broker: Sending Cloudlet #2577 to Vm #15
0.01: MET_Broker: Sending Cloudlet #2578 to Vm #15
0.01: MET_Broker: Sending Cloudlet #2579 to Vm #15
0.01: MET_Broker: Sending Cloudlet #2580 to Vm #15
0.01: MET_Broker: Sending Cloudlet #2581 to Vm #15
0.01: MET_Broker: Sending Cloudlet #2582 to Vm #15
0.01: MET_Broker: Sending Cloudlet #2583 to Vm #15
0.01: MET_Broker: Sending Cloudlet #2584 to Vm #15
0.01: MET_Broker: Sending Cloudlet #2585 to Vm #15
0.01: MET_Broker: Sending Cloudlet #2586 to Vm #15
0.01: MET_Broker: Sending Cloudlet #2587 to Vm #15
0.01: MET_Broker: Sending Cloudlet #2588 to Vm #15
0.01: MET_Broker: Sending Cloudlet #2589 to Vm #15
0.01: MET_Broker: Sending Cloudlet #2590 to Vm #15
0.01: MET_Broker: Sending Cloudlet #2591 to Vm #15
0.01: MET_Broker: Sending Cloudlet #2592 to Vm #15
0.01: MET_Broker: Sending Cloudlet #2593 to Vm #15
0.01: MET_Broker: Sending Cloudlet #2594 to Vm #15
0.01: MET_Broker: Sending Cloudlet #2595 to Vm #15
0.01: MET_Broker: Sending Cloudlet #2596 to Vm #15
0.01: MET_Broker: Sending Cloudlet #2597 to Vm #15
0.01: MET_Broker: Sending Cloudlet #2598 to Vm #15
0.01: MET_Broker: Sending Cloudlet #2599 to Vm #15
0.01: MET_Broker: Sending Cloudlet #2600 to Vm #15
0.01: MET_Broker: Sending Cloudlet #2601 to Vm #15
0.01: MET_Broker: Sending Cloudlet #2602 to Vm #15
0.01: MET_Broker: Sending Cloudlet #2603 to Vm #15
0.01: MET_Broker: Sending Cloudlet #2604 to Vm #15
0.01: MET_Broker: Sending Cloudlet #2605 to Vm #15
0.01: MET_Broker: Sending Cloudlet #2606 to Vm #15
0.01: MET_Broker: Sending Cloudlet #2607 to Vm #15
0.01: MET_Broker: Sending Cloudlet #2608 to Vm #15
0.01: MET_Broker: Sending Cloudlet #2609 to Vm #15
0.01: MET_Broker: Sending Cloudlet #2610 to Vm #15
0.01: MET_Broker: Sending Cloudlet #2611 to Vm #15
0.01: MET_Broker: Sending Cloudlet #2612 to Vm #15
0.01: MET_Broker: Sending Cloudlet #2613 to Vm #15
0.01: MET_Broker: Sending Cloudlet #2614 to Vm #15
0.01: MET_Broker: Sending Cloudlet #2615 to Vm #15
0.01: MET_Broker: Sending Cloudlet #2616 to Vm #15
0.01: MET_Broker: Sending Cloudlet #2617 to Vm #15
0.01: MET_Broker: Sending Cloudlet #2618 to Vm #15
0.01: MET_Broker: Sending Cloudlet #2619 to Vm #15
0.01: MET_Broker: Sending Cloudlet #2620 to Vm #15
0.01: MET_Broker: Sending Cloudlet #2621 to Vm #15
0.01: MET_Broker: Sending Cloudlet #2622 to Vm #15
0.01: MET_Broker: Sending Cloudlet #2623 to Vm #15
0.01: MET_Broker: Sending Cloudlet #2624 to Vm #15
0.01: MET_Broker: Sending Cloudlet #2625 to Vm #15
0.01: MET_Broker: Sending Cloudlet #2626 to Vm #15
0.01: MET_Broker: Sending Cloudlet #2627 to Vm #15
0.01: MET_Broker: Sending Cloudlet #2628 to Vm #15
0.01: MET_Broker: Sending Cloudlet #2629 to Vm #15
0.01: MET_Broker: Sending Cloudlet #2630 to Vm #15
0.01: MET_Broker: Sending Cloudlet #2631 to Vm #15
0.01: MET_Broker: Sending Cloudlet #2632 to Vm #15
0.01: MET_Broker: Sending Cloudlet #2633 to Vm #15
0.01: MET_Broker: Sending Cloudlet #2634 to Vm #15
0.01: MET_Broker: Sending Cloudlet #2635 to Vm #15
0.01: MET_Broker: Sending Cloudlet #2636 to Vm #15
0.01: MET_Broker: Sending Cloudlet #2637 to Vm #15
0.01: MET_Broker: Sending Cloudlet #2638 to Vm #15
0.01: MET_Broker: Sending Cloudlet #2639 to Vm #15
0.01: MET_Broker: Sending Cloudlet #2640 to Vm #15
0.01: MET_Broker: Sending Cloudlet #2641 to Vm #15
0.01: MET_Broker: Sending Cloudlet #2642 to Vm #15
0.01: MET_Broker: Sending Cloudlet #2643 to Vm #15
0.01: MET_Broker: Sending Cloudlet #2644 to Vm #15
0.01: MET_Broker: Sending Cloudlet #2645 to Vm #15
0.01: MET_Broker: Sending Cloudlet #2646 to Vm #15
0.01: MET_Broker: Sending Cloudlet #2647 to Vm #15
0.01: MET_Broker: Sending Cloudlet #2648 to Vm #15
0.01: MET_Broker: Sending Cloudlet #2649 to Vm #15
0.01: MET_Broker: Sending Cloudlet #2650 to Vm #15
0.01: MET_Broker: Sending Cloudlet #2651 to Vm #15
0.01: MET_Broker: Sending Cloudlet #2652 to Vm #15
0.01: MET_Broker: Sending Cloudlet #2653 to Vm #15
0.01: MET_Broker: Sending Cloudlet #2654 to Vm #15
0.01: MET_Broker: Sending Cloudlet #2655 to Vm #15
0.01: MET_Broker: Sending Cloudlet #2656 to Vm #15
0.01: MET_Broker: Sending Cloudlet #2657 to Vm #15
0.01: MET_Broker: Sending Cloudlet #2658 to Vm #15
0.01: MET_Broker: Sending Cloudlet #2659 to Vm #15
0.01: MET_Broker: Sending Cloudlet #2660 to Vm #15
0.01: MET_Broker: Sending Cloudlet #2661 to Vm #15
0.01: MET_Broker: Sending Cloudlet #2662 to Vm #15
0.01: MET_Broker: Sending Cloudlet #2663 to Vm #15
0.01: MET_Broker: Sending Cloudlet #2664 to Vm #15
0.01: MET_Broker: Sending Cloudlet #2665 to Vm #15
0.01: MET_Broker: Sending Cloudlet #2666 to Vm #15
0.01: MET_Broker: Sending Cloudlet #2667 to Vm #15
0.01: MET_Broker: Sending Cloudlet #2668 to Vm #15
0.01: MET_Broker: Sending Cloudlet #2669 to Vm #15
0.01: MET_Broker: Sending Cloudlet #2670 to Vm #15
0.01: MET_Broker: Sending Cloudlet #2671 to Vm #15
0.01: MET_Broker: Sending Cloudlet #2672 to Vm #15
0.01: MET_Broker: Sending Cloudlet #2673 to Vm #15
0.01: MET_Broker: Sending Cloudlet #2674 to Vm #15
0.01: MET_Broker: Sending Cloudlet #2675 to Vm #15
0.01: MET_Broker: Sending Cloudlet #2676 to Vm #15
0.01: MET_Broker: Sending Cloudlet #2677 to Vm #15
0.01: MET_Broker: Sending Cloudlet #2678 to Vm #15
0.01: MET_Broker: Sending Cloudlet #2679 to Vm #15
0.01: MET_Broker: Sending Cloudlet #2680 to Vm #15
0.01: MET_Broker: Sending Cloudlet #2681 to Vm #15
0.01: MET_Broker: Sending Cloudlet #2682 to Vm #15
0.01: MET_Broker: Sending Cloudlet #2683 to Vm #15
0.01: MET_Broker: Sending Cloudlet #2684 to Vm #15
0.01: MET_Broker: Sending Cloudlet #2685 to Vm #15
0.01: MET_Broker: Sending Cloudlet #2686 to Vm #15
0.01: MET_Broker: Sending Cloudlet #2687 to Vm #15
0.01: MET_Broker: Sending Cloudlet #2688 to Vm #15
0.01: MET_Broker: Sending Cloudlet #2689 to Vm #15
0.01: MET_Broker: Sending Cloudlet #2690 to Vm #15
0.01: MET_Broker: Sending Cloudlet #2691 to Vm #15
0.01: MET_Broker: Sending Cloudlet #2692 to Vm #15
0.01: MET_Broker: Sending Cloudlet #2693 to Vm #15
0.01: MET_Broker: Sending Cloudlet #2694 to Vm #15
0.01: MET_Broker: Sending Cloudlet #2695 to Vm #15
0.01: MET_Broker: Sending Cloudlet #2696 to Vm #15
0.01: MET_Broker: Sending Cloudlet #2697 to Vm #15
0.01: MET_Broker: Sending Cloudlet #2698 to Vm #15
0.01: MET_Broker: Sending Cloudlet #2699 to Vm #15
0.01: MET_Broker: Sending Cloudlet #2700 to Vm #15
0.01: MET_Broker: Sending Cloudlet #2701 to Vm #15
0.01: MET_Broker: Sending Cloudlet #2702 to Vm #15
0.01: MET_Broker: Sending Cloudlet #2703 to Vm #15
0.01: MET_Broker: Sending Cloudlet #2704 to Vm #15
0.01: MET_Broker: Sending Cloudlet #2705 to Vm #15
0.01: MET_Broker: Sending Cloudlet #2706 to Vm #15
0.01: MET_Broker: Sending Cloudlet #2707 to Vm #15
0.01: MET_Broker: Sending Cloudlet #2708 to Vm #15
0.01: MET_Broker: Sending Cloudlet #2709 to Vm #15
0.01: MET_Broker: Sending Cloudlet #2710 to Vm #15
0.01: MET_Broker: Sending Cloudlet #2711 to Vm #15
0.01: MET_Broker: Sending Cloudlet #2712 to Vm #15
0.01: MET_Broker: Sending Cloudlet #2713 to Vm #15
0.01: MET_Broker: Sending Cloudlet #2714 to Vm #15
0.01: MET_Broker: Sending Cloudlet #2715 to Vm #15
0.01: MET_Broker: Sending Cloudlet #2716 to Vm #15
0.01: MET_Broker: Sending Cloudlet #2717 to Vm #15
0.01: MET_Broker: Sending Cloudlet #2718 to Vm #15
0.01: MET_Broker: Sending Cloudlet #2719 to Vm #15
0.01: MET_Broker: Sending Cloudlet #2720 to Vm #15
0.01: MET_Broker: Sending Cloudlet #2721 to Vm #15
0.01: MET_Broker: Sending Cloudlet #2722 to Vm #15
0.01: MET_Broker: Sending Cloudlet #2723 to Vm #15
0.01: MET_Broker: Sending Cloudlet #2724 to Vm #15
0.01: MET_Broker: Sending Cloudlet #2725 to Vm #15
0.01: MET_Broker: Sending Cloudlet #2726 to Vm #15
0.01: MET_Broker: Sending Cloudlet #2727 to Vm #15
0.01: MET_Broker: Sending Cloudlet #2728 to Vm #15
0.01: MET_Broker: Sending Cloudlet #2729 to Vm #15
0.01: MET_Broker: Sending Cloudlet #2730 to Vm #15
0.01: MET_Broker: Sending Cloudlet #2731 to Vm #15
0.01: MET_Broker: Sending Cloudlet #2732 to Vm #15
0.01: MET_Broker: Sending Cloudlet #2733 to Vm #15
0.01: MET_Broker: Sending Cloudlet #2734 to Vm #15
0.01: MET_Broker: Sending Cloudlet #2735 to Vm #15
0.01: MET_Broker: Sending Cloudlet #2736 to Vm #15
0.01: MET_Broker: Sending Cloudlet #2737 to Vm #15
0.01: MET_Broker: Sending Cloudlet #2738 to Vm #15
0.01: MET_Broker: Sending Cloudlet #2739 to Vm #15
0.01: MET_Broker: Sending Cloudlet #2740 to Vm #15
0.01: MET_Broker: Sending Cloudlet #2741 to Vm #15
0.01: MET_Broker: Sending Cloudlet #2742 to Vm #15
0.01: MET_Broker: Sending Cloudlet #2743 to Vm #15
0.01: MET_Broker: Sending Cloudlet #2744 to Vm #15
0.01: MET_Broker: Sending Cloudlet #2745 to Vm #15
0.01: MET_Broker: Sending Cloudlet #2746 to Vm #15
0.01: MET_Broker: Sending Cloudlet #2747 to Vm #15
0.01: MET_Broker: Sending Cloudlet #2748 to Vm #15
0.01: MET_Broker: Sending Cloudlet #2749 to Vm #15
0.01: MET_Broker: Sending Cloudlet #2750 to Vm #15
0.01: MET_Broker: Sending Cloudlet #2751 to Vm #15
0.01: MET_Broker: Sending Cloudlet #2752 to Vm #15
0.01: MET_Broker: Sending Cloudlet #2753 to Vm #15
0.01: MET_Broker: Sending Cloudlet #2754 to Vm #15
0.01: MET_Broker: Sending Cloudlet #2755 to Vm #15
0.01: MET_Broker: Sending Cloudlet #2756 to Vm #15
0.01: MET_Broker: Sending Cloudlet #2757 to Vm #15
0.01: MET_Broker: Sending Cloudlet #2758 to Vm #15
0.01: MET_Broker: Sending Cloudlet #2759 to Vm #15
0.01: MET_Broker: Sending Cloudlet #2760 to Vm #15
0.01: MET_Broker: Sending Cloudlet #2761 to Vm #15
0.01: MET_Broker: Sending Cloudlet #2762 to Vm #15
0.01: MET_Broker: Sending Cloudlet #2763 to Vm #15
0.01: MET_Broker: Sending Cloudlet #2764 to Vm #15
0.01: MET_Broker: Sending Cloudlet #2765 to Vm #15
0.01: MET_Broker: Sending Cloudlet #2766 to Vm #15
0.01: MET_Broker: Sending Cloudlet #2767 to Vm #15
0.01: MET_Broker: Sending Cloudlet #2768 to Vm #15
0.01: MET_Broker: Sending Cloudlet #2769 to Vm #15
0.01: MET_Broker: Sending Cloudlet #2770 to Vm #15
0.01: MET_Broker: Sending Cloudlet #2771 to Vm #15
0.01: MET_Broker: Sending Cloudlet #2772 to Vm #15
0.01: MET_Broker: Sending Cloudlet #2773 to Vm #15
0.01: MET_Broker: Sending Cloudlet #2774 to Vm #15
0.01: MET_Broker: Sending Cloudlet #2775 to Vm #15
0.01: MET_Broker: Sending Cloudlet #2776 to Vm #15
0.01: MET_Broker: Sending Cloudlet #2777 to Vm #15
0.01: MET_Broker: Sending Cloudlet #2778 to Vm #15
0.01: MET_Broker: Sending Cloudlet #2779 to Vm #15
0.01: MET_Broker: Sending Cloudlet #2780 to Vm #15
0.01: MET_Broker: Sending Cloudlet #2781 to Vm #15
0.01: MET_Broker: Sending Cloudlet #2782 to Vm #15
0.01: MET_Broker: Sending Cloudlet #2783 to Vm #15
0.01: MET_Broker: Sending Cloudlet #2784 to Vm #15
0.01: MET_Broker: Sending Cloudlet #2785 to Vm #15
0.01: MET_Broker: Sending Cloudlet #2786 to Vm #15
0.01: MET_Broker: Sending Cloudlet #2787 to Vm #15
0.01: MET_Broker: Sending Cloudlet #2788 to Vm #15
0.01: MET_Broker: Sending Cloudlet #2789 to Vm #15
0.01: MET_Broker: Sending Cloudlet #2790 to Vm #15
0.01: MET_Broker: Sending Cloudlet #2791 to Vm #15
0.01: MET_Broker: Sending Cloudlet #2792 to Vm #15
0.01: MET_Broker: Sending Cloudlet #2793 to Vm #15
0.01: MET_Broker: Sending Cloudlet #2794 to Vm #15
0.01: MET_Broker: Sending Cloudlet #2795 to Vm #15
0.01: MET_Broker: Sending Cloudlet #2796 to Vm #15
0.01: MET_Broker: Sending Cloudlet #2797 to Vm #15
0.01: MET_Broker: Sending Cloudlet #2798 to Vm #15
0.01: MET_Broker: Sending Cloudlet #2799 to Vm #15
0.01: MET_Broker: Sending Cloudlet #2800 to Vm #15
0.01: MET_Broker: Sending Cloudlet #2801 to Vm #15
0.01: MET_Broker: Sending Cloudlet #2802 to Vm #15
0.01: MET_Broker: Sending Cloudlet #2803 to Vm #15
0.01: MET_Broker: Sending Cloudlet #2804 to Vm #15
0.01: MET_Broker: Sending Cloudlet #2805 to Vm #15
0.01: MET_Broker: Sending Cloudlet #2806 to Vm #15
0.01: MET_Broker: Sending Cloudlet #2807 to Vm #15
0.01: MET_Broker: Sending Cloudlet #2808 to Vm #15
0.01: MET_Broker: Sending Cloudlet #2809 to Vm #15
0.01: MET_Broker: Sending Cloudlet #2810 to Vm #15
0.01: MET_Broker: Sending Cloudlet #2811 to Vm #15
0.01: MET_Broker: Sending Cloudlet #2812 to Vm #15
0.01: MET_Broker: Sending Cloudlet #2813 to Vm #15
0.01: MET_Broker: Sending Cloudlet #2814 to Vm #15
0.01: MET_Broker: Sending Cloudlet #2815 to Vm #15
0.01: MET_Broker: Sending Cloudlet #2816 to Vm #15
0.01: MET_Broker: Sending Cloudlet #2817 to Vm #15
0.01: MET_Broker: Sending Cloudlet #2818 to Vm #15
0.01: MET_Broker: Sending Cloudlet #2819 to Vm #15
0.01: MET_Broker: Sending Cloudlet #2820 to Vm #15
0.01: MET_Broker: Sending Cloudlet #2821 to Vm #15
0.01: MET_Broker: Sending Cloudlet #2822 to Vm #15
0.01: MET_Broker: Sending Cloudlet #2823 to Vm #15
0.01: MET_Broker: Sending Cloudlet #2824 to Vm #15
0.01: MET_Broker: Sending Cloudlet #2825 to Vm #15
0.01: MET_Broker: Sending Cloudlet #2826 to Vm #15
0.01: MET_Broker: Sending Cloudlet #2827 to Vm #15
0.01: MET_Broker: Sending Cloudlet #2828 to Vm #15
0.01: MET_Broker: Sending Cloudlet #2829 to Vm #15
0.01: MET_Broker: Sending Cloudlet #2830 to Vm #15
0.01: MET_Broker: Sending Cloudlet #2831 to Vm #15
0.01: MET_Broker: Sending Cloudlet #2832 to Vm #15
0.01: MET_Broker: Sending Cloudlet #2833 to Vm #15
0.01: MET_Broker: Sending Cloudlet #2834 to Vm #15
0.01: MET_Broker: Sending Cloudlet #2835 to Vm #15
0.01: MET_Broker: Sending Cloudlet #2836 to Vm #15
0.01: MET_Broker: Sending Cloudlet #2837 to Vm #15
0.01: MET_Broker: Sending Cloudlet #2838 to Vm #15
0.01: MET_Broker: Sending Cloudlet #2839 to Vm #15
0.01: MET_Broker: Sending Cloudlet #2840 to Vm #15
0.01: MET_Broker: Sending Cloudlet #2841 to Vm #15
0.01: MET_Broker: Sending Cloudlet #2842 to Vm #15
0.01: MET_Broker: Sending Cloudlet #2843 to Vm #15
0.01: MET_Broker: Sending Cloudlet #2844 to Vm #15
0.01: MET_Broker: Sending Cloudlet #2845 to Vm #15
0.01: MET_Broker: Sending Cloudlet #2846 to Vm #15
0.01: MET_Broker: Sending Cloudlet #2847 to Vm #15
0.01: MET_Broker: Sending Cloudlet #2848 to Vm #15
0.01: MET_Broker: Sending Cloudlet #2849 to Vm #15
0.01: MET_Broker: Sending Cloudlet #2850 to Vm #15
0.01: MET_Broker: Sending Cloudlet #2851 to Vm #15
0.01: MET_Broker: Sending Cloudlet #2852 to Vm #15
0.01: MET_Broker: Sending Cloudlet #2853 to Vm #15
0.01: MET_Broker: Sending Cloudlet #2854 to Vm #15
0.01: MET_Broker: Sending Cloudlet #2855 to Vm #15
0.01: MET_Broker: Sending Cloudlet #2856 to Vm #15
0.01: MET_Broker: Sending Cloudlet #2857 to Vm #15
0.01: MET_Broker: Sending Cloudlet #2858 to Vm #15
0.01: MET_Broker: Sending Cloudlet #2859 to Vm #15
0.01: MET_Broker: Sending Cloudlet #2860 to Vm #15
0.01: MET_Broker: Sending Cloudlet #2861 to Vm #15
0.01: MET_Broker: Sending Cloudlet #2862 to Vm #15
0.01: MET_Broker: Sending Cloudlet #2863 to Vm #15
0.01: MET_Broker: Sending Cloudlet #2864 to Vm #15
0.01: MET_Broker: Sending Cloudlet #2865 to Vm #15
0.01: MET_Broker: Sending Cloudlet #2866 to Vm #15
0.01: MET_Broker: Sending Cloudlet #2867 to Vm #15
0.01: MET_Broker: Sending Cloudlet #2868 to Vm #15
0.01: MET_Broker: Sending Cloudlet #2869 to Vm #15
0.01: MET_Broker: Sending Cloudlet #2870 to Vm #15
0.01: MET_Broker: Sending Cloudlet #2871 to Vm #15
0.01: MET_Broker: Sending Cloudlet #2872 to Vm #15
0.01: MET_Broker: Sending Cloudlet #2873 to Vm #15
0.01: MET_Broker: Sending Cloudlet #2874 to Vm #15
0.01: MET_Broker: Sending Cloudlet #2875 to Vm #15
0.01: MET_Broker: Sending Cloudlet #2876 to Vm #15
0.01: MET_Broker: Sending Cloudlet #2877 to Vm #15
0.01: MET_Broker: Sending Cloudlet #2878 to Vm #15
0.01: MET_Broker: Sending Cloudlet #2879 to Vm #15
0.01: MET_Broker: Sending Cloudlet #2880 to Vm #15
0.01: MET_Broker: Sending Cloudlet #2881 to Vm #15
0.01: MET_Broker: Sending Cloudlet #2882 to Vm #15
0.01: MET_Broker: Sending Cloudlet #2883 to Vm #15
0.01: MET_Broker: Sending Cloudlet #2884 to Vm #15
0.01: MET_Broker: Sending Cloudlet #2885 to Vm #15
0.01: MET_Broker: Sending Cloudlet #2886 to Vm #15
0.01: MET_Broker: Sending Cloudlet #2887 to Vm #15
0.01: MET_Broker: Sending Cloudlet #2888 to Vm #15
0.01: MET_Broker: Sending Cloudlet #2889 to Vm #15
0.01: MET_Broker: Sending Cloudlet #2890 to Vm #15
0.01: MET_Broker: Sending Cloudlet #2891 to Vm #15
0.01: MET_Broker: Sending Cloudlet #2892 to Vm #15
0.01: MET_Broker: Sending Cloudlet #2893 to Vm #15
0.01: MET_Broker: Sending Cloudlet #2894 to Vm #15
0.01: MET_Broker: Sending Cloudlet #2895 to Vm #15
0.01: MET_Broker: Sending Cloudlet #2896 to Vm #15
0.01: MET_Broker: Sending Cloudlet #2897 to Vm #15
0.01: MET_Broker: Sending Cloudlet #2898 to Vm #15
0.01: MET_Broker: Sending Cloudlet #2899 to Vm #15
0.01: MET_Broker: Sending Cloudlet #2900 to Vm #15
0.01: MET_Broker: Sending Cloudlet #2901 to Vm #15
0.01: MET_Broker: Sending Cloudlet #2902 to Vm #15
0.01: MET_Broker: Sending Cloudlet #2903 to Vm #15
0.01: MET_Broker: Sending Cloudlet #2904 to Vm #15
0.01: MET_Broker: Sending Cloudlet #2905 to Vm #15
0.01: MET_Broker: Sending Cloudlet #2906 to Vm #15
0.01: MET_Broker: Sending Cloudlet #2907 to Vm #15
0.01: MET_Broker: Sending Cloudlet #2908 to Vm #15
0.01: MET_Broker: Sending Cloudlet #2909 to Vm #15
0.01: MET_Broker: Sending Cloudlet #2910 to Vm #15
0.01: MET_Broker: Sending Cloudlet #2911 to Vm #15
0.01: MET_Broker: Sending Cloudlet #2912 to Vm #15
0.01: MET_Broker: Sending Cloudlet #2913 to Vm #15
0.01: MET_Broker: Sending Cloudlet #2914 to Vm #15
0.01: MET_Broker: Sending Cloudlet #2915 to Vm #15
0.01: MET_Broker: Sending Cloudlet #2916 to Vm #15
0.01: MET_Broker: Sending Cloudlet #2917 to Vm #15
0.01: MET_Broker: Sending Cloudlet #2918 to Vm #15
0.01: MET_Broker: Sending Cloudlet #2919 to Vm #15
0.01: MET_Broker: Sending Cloudlet #2920 to Vm #15
0.01: MET_Broker: Sending Cloudlet #2921 to Vm #15
0.01: MET_Broker: Sending Cloudlet #2922 to Vm #15
0.01: MET_Broker: Sending Cloudlet #2923 to Vm #15
0.01: MET_Broker: Sending Cloudlet #2924 to Vm #15
0.01: MET_Broker: Sending Cloudlet #2925 to Vm #15
0.01: MET_Broker: Sending Cloudlet #2926 to Vm #15
0.01: MET_Broker: Sending Cloudlet #2927 to Vm #15
0.01: MET_Broker: Sending Cloudlet #2928 to Vm #15
0.01: MET_Broker: Sending Cloudlet #2929 to Vm #15
0.01: MET_Broker: Sending Cloudlet #2930 to Vm #15
0.01: MET_Broker: Sending Cloudlet #2931 to Vm #15
0.01: MET_Broker: Sending Cloudlet #2932 to Vm #15
0.01: MET_Broker: Sending Cloudlet #2933 to Vm #15
0.01: MET_Broker: Sending Cloudlet #2934 to Vm #15
0.01: MET_Broker: Sending Cloudlet #2935 to Vm #15
0.01: MET_Broker: Sending Cloudlet #2936 to Vm #15
0.01: MET_Broker: Sending Cloudlet #2937 to Vm #15
0.01: MET_Broker: Sending Cloudlet #2938 to Vm #15
0.01: MET_Broker: Sending Cloudlet #2939 to Vm #15
0.01: MET_Broker: Sending Cloudlet #2940 to Vm #15
0.01: MET_Broker: Sending Cloudlet #2941 to Vm #15
0.01: MET_Broker: Sending Cloudlet #2942 to Vm #15
0.01: MET_Broker: Sending Cloudlet #2943 to Vm #15
0.01: MET_Broker: Sending Cloudlet #2944 to Vm #15
0.01: MET_Broker: Sending Cloudlet #2945 to Vm #15
0.01: MET_Broker: Sending Cloudlet #2946 to Vm #15
0.01: MET_Broker: Sending Cloudlet #2947 to Vm #15
0.01: MET_Broker: Sending Cloudlet #2948 to Vm #15
0.01: MET_Broker: Sending Cloudlet #2949 to Vm #15
0.01: MET_Broker: Sending Cloudlet #2950 to Vm #15
0.01: MET_Broker: Sending Cloudlet #2951 to Vm #15
0.01: MET_Broker: Sending Cloudlet #2952 to Vm #15
0.01: MET_Broker: Sending Cloudlet #2953 to Vm #15
0.01: MET_Broker: Sending Cloudlet #2954 to Vm #15
0.01: MET_Broker: Sending Cloudlet #2955 to Vm #15
0.01: MET_Broker: Sending Cloudlet #2956 to Vm #15
0.01: MET_Broker: Sending Cloudlet #2957 to Vm #15
0.01: MET_Broker: Sending Cloudlet #2958 to Vm #15
0.01: MET_Broker: Sending Cloudlet #2959 to Vm #15
0.01: MET_Broker: Sending Cloudlet #2960 to Vm #15
0.01: MET_Broker: Sending Cloudlet #2961 to Vm #15
0.01: MET_Broker: Sending Cloudlet #2962 to Vm #15
0.01: MET_Broker: Sending Cloudlet #2963 to Vm #15
0.01: MET_Broker: Sending Cloudlet #2964 to Vm #15
0.01: MET_Broker: Sending Cloudlet #2965 to Vm #15
0.01: MET_Broker: Sending Cloudlet #2966 to Vm #15
0.01: MET_Broker: Sending Cloudlet #2967 to Vm #15
0.01: MET_Broker: Sending Cloudlet #2968 to Vm #15
0.01: MET_Broker: Sending Cloudlet #2969 to Vm #15
0.01: MET_Broker: Sending Cloudlet #2970 to Vm #15
0.01: MET_Broker: Sending Cloudlet #2971 to Vm #15
0.01: MET_Broker: Sending Cloudlet #2972 to Vm #15
0.01: MET_Broker: Sending Cloudlet #2973 to Vm #15
0.01: MET_Broker: Sending Cloudlet #2974 to Vm #15
0.01: MET_Broker: Sending Cloudlet #2975 to Vm #15
0.01: MET_Broker: Sending Cloudlet #2976 to Vm #15
0.01: MET_Broker: Sending Cloudlet #2977 to Vm #15
0.01: MET_Broker: Sending Cloudlet #2978 to Vm #15
0.01: MET_Broker: Sending Cloudlet #2979 to Vm #15
0.01: MET_Broker: Sending Cloudlet #2980 to Vm #15
0.01: MET_Broker: Sending Cloudlet #2981 to Vm #15
0.01: MET_Broker: Sending Cloudlet #2982 to Vm #15
0.01: MET_Broker: Sending Cloudlet #2983 to Vm #15
0.01: MET_Broker: Sending Cloudlet #2984 to Vm #15
0.01: MET_Broker: Sending Cloudlet #2985 to Vm #15
0.01: MET_Broker: Sending Cloudlet #2986 to Vm #15
0.01: MET_Broker: Sending Cloudlet #2987 to Vm #15
0.01: MET_Broker: Sending Cloudlet #2988 to Vm #15
0.01: MET_Broker: Sending Cloudlet #2989 to Vm #15
0.01: MET_Broker: Sending Cloudlet #2990 to Vm #15
0.01: MET_Broker: Sending Cloudlet #2991 to Vm #15
0.01: MET_Broker: Sending Cloudlet #2992 to Vm #15
0.01: MET_Broker: Sending Cloudlet #2993 to Vm #15
0.01: MET_Broker: Sending Cloudlet #2994 to Vm #15
0.01: MET_Broker: Sending Cloudlet #2995 to Vm #15
0.01: MET_Broker: Sending Cloudlet #2996 to Vm #15
0.01: MET_Broker: Sending Cloudlet #2997 to Vm #15
0.01: MET_Broker: Sending Cloudlet #2998 to Vm #15
0.01: MET_Broker: Sending Cloudlet #2999 to Vm #15
0.01: MET_Broker: Sending Cloudlet #3000 to Vm #15
0.01: MET_Broker: Sending Cloudlet #3001 to Vm #15
0.01: MET_Broker: Sending Cloudlet #3002 to Vm #15
0.01: MET_Broker: Sending Cloudlet #3003 to Vm #15
0.01: MET_Broker: Sending Cloudlet #3004 to Vm #15
0.01: MET_Broker: Sending Cloudlet #3005 to Vm #15
0.01: MET_Broker: Sending Cloudlet #3006 to Vm #15
0.01: MET_Broker: Sending Cloudlet #3007 to Vm #15
0.01: MET_Broker: Sending Cloudlet #3008 to Vm #15
0.01: MET_Broker: Sending Cloudlet #3009 to Vm #15
0.01: MET_Broker: Sending Cloudlet #3010 to Vm #15
0.01: MET_Broker: Sending Cloudlet #3011 to Vm #15
0.01: MET_Broker: Sending Cloudlet #3012 to Vm #15
0.01: MET_Broker: Sending Cloudlet #3013 to Vm #15
0.01: MET_Broker: Sending Cloudlet #3014 to Vm #15
0.01: MET_Broker: Sending Cloudlet #3015 to Vm #15
0.01: MET_Broker: Sending Cloudlet #3016 to Vm #15
0.01: MET_Broker: Sending Cloudlet #3017 to Vm #15
0.01: MET_Broker: Sending Cloudlet #3018 to Vm #15
0.01: MET_Broker: Sending Cloudlet #3019 to Vm #15
0.01: MET_Broker: Sending Cloudlet #3020 to Vm #15
0.01: MET_Broker: Sending Cloudlet #3021 to Vm #15
0.01: MET_Broker: Sending Cloudlet #3022 to Vm #15
0.01: MET_Broker: Sending Cloudlet #3023 to Vm #15
0.01: MET_Broker: Sending Cloudlet #3024 to Vm #15
0.01: MET_Broker: Sending Cloudlet #3025 to Vm #15
0.01: MET_Broker: Sending Cloudlet #3026 to Vm #15
0.01: MET_Broker: Sending Cloudlet #3027 to Vm #15
0.01: MET_Broker: Sending Cloudlet #3028 to Vm #15
0.01: MET_Broker: Sending Cloudlet #3029 to Vm #15
0.01: MET_Broker: Sending Cloudlet #3030 to Vm #15
0.01: MET_Broker: Sending Cloudlet #3031 to Vm #15
0.01: MET_Broker: Sending Cloudlet #3032 to Vm #15
0.01: MET_Broker: Sending Cloudlet #3033 to Vm #15
0.01: MET_Broker: Sending Cloudlet #3034 to Vm #15
0.01: MET_Broker: Sending Cloudlet #3035 to Vm #15
0.01: MET_Broker: Sending Cloudlet #3036 to Vm #15
0.01: MET_Broker: Sending Cloudlet #3037 to Vm #15
0.01: MET_Broker: Sending Cloudlet #3038 to Vm #15
0.01: MET_Broker: Sending Cloudlet #3039 to Vm #15
0.01: MET_Broker: Sending Cloudlet #3040 to Vm #15
0.01: MET_Broker: Sending Cloudlet #3041 to Vm #15
0.01: MET_Broker: Sending Cloudlet #3042 to Vm #15
0.01: MET_Broker: Sending Cloudlet #3043 to Vm #15
0.01: MET_Broker: Sending Cloudlet #3044 to Vm #15
0.01: MET_Broker: Sending Cloudlet #3045 to Vm #15
0.01: MET_Broker: Sending Cloudlet #3046 to Vm #15
0.01: MET_Broker: Sending Cloudlet #3047 to Vm #15
0.01: MET_Broker: Sending Cloudlet #3048 to Vm #15
0.01: MET_Broker: Sending Cloudlet #3049 to Vm #15
0.01: MET_Broker: Sending Cloudlet #3050 to Vm #15
0.01: MET_Broker: Sending Cloudlet #3051 to Vm #15
0.01: MET_Broker: Sending Cloudlet #3052 to Vm #15
0.01: MET_Broker: Sending Cloudlet #3053 to Vm #15
0.01: MET_Broker: Sending Cloudlet #3054 to Vm #15
0.01: MET_Broker: Sending Cloudlet #3055 to Vm #15
0.01: MET_Broker: Sending Cloudlet #3056 to Vm #15
0.01: MET_Broker: Sending Cloudlet #3057 to Vm #15
0.01: MET_Broker: Sending Cloudlet #3058 to Vm #15
0.01: MET_Broker: Sending Cloudlet #3059 to Vm #15
0.01: MET_Broker: Sending Cloudlet #3060 to Vm #15
0.01: MET_Broker: Sending Cloudlet #3061 to Vm #15
0.01: MET_Broker: Sending Cloudlet #3062 to Vm #15
0.01: MET_Broker: Sending Cloudlet #3063 to Vm #15
0.01: MET_Broker: Sending Cloudlet #3064 to Vm #15
0.01: MET_Broker: Sending Cloudlet #3065 to Vm #15
0.01: MET_Broker: Sending Cloudlet #3066 to Vm #15
0.01: MET_Broker: Sending Cloudlet #3067 to Vm #15
0.01: MET_Broker: Sending Cloudlet #3068 to Vm #15
0.01: MET_Broker: Sending Cloudlet #3069 to Vm #15
0.01: MET_Broker: Sending Cloudlet #3070 to Vm #15
0.01: MET_Broker: Sending Cloudlet #3071 to Vm #15
0.01: MET_Broker: Sending Cloudlet #3072 to Vm #15
0.01: MET_Broker: Sending Cloudlet #3073 to Vm #15
0.01: MET_Broker: Sending Cloudlet #3074 to Vm #15
0.01: MET_Broker: Sending Cloudlet #3075 to Vm #15
0.01: MET_Broker: Sending Cloudlet #3076 to Vm #15
0.01: MET_Broker: Sending Cloudlet #3077 to Vm #15
0.01: MET_Broker: Sending Cloudlet #3078 to Vm #15
0.01: MET_Broker: Sending Cloudlet #3079 to Vm #15
0.01: MET_Broker: Sending Cloudlet #3080 to Vm #15
0.01: MET_Broker: Sending Cloudlet #3081 to Vm #15
0.01: MET_Broker: Sending Cloudlet #3082 to Vm #15
0.01: MET_Broker: Sending Cloudlet #3083 to Vm #15
0.01: MET_Broker: Sending Cloudlet #3084 to Vm #15
0.01: MET_Broker: Sending Cloudlet #3085 to Vm #15
0.01: MET_Broker: Sending Cloudlet #3086 to Vm #15
0.01: MET_Broker: Sending Cloudlet #3087 to Vm #15
0.01: MET_Broker: Sending Cloudlet #3088 to Vm #15
0.01: MET_Broker: Sending Cloudlet #3089 to Vm #15
0.01: MET_Broker: Sending Cloudlet #3090 to Vm #15
0.01: MET_Broker: Sending Cloudlet #3091 to Vm #15
0.01: MET_Broker: Sending Cloudlet #3092 to Vm #15
0.01: MET_Broker: Sending Cloudlet #3093 to Vm #15
0.01: MET_Broker: Sending Cloudlet #3094 to Vm #15
0.01: MET_Broker: Sending Cloudlet #3095 to Vm #15
0.01: MET_Broker: Sending Cloudlet #3096 to Vm #15
0.01: MET_Broker: Sending Cloudlet #3097 to Vm #15
0.01: MET_Broker: Sending Cloudlet #3098 to Vm #15
0.01: MET_Broker: Sending Cloudlet #3099 to Vm #15
0.01: MET_Broker: Sending Cloudlet #3100 to Vm #15
0.01: MET_Broker: Sending Cloudlet #3101 to Vm #15
0.01: MET_Broker: Sending Cloudlet #3102 to Vm #15
0.01: MET_Broker: Sending Cloudlet #3103 to Vm #15
0.01: MET_Broker: Sending Cloudlet #3104 to Vm #15
0.01: MET_Broker: Sending Cloudlet #3105 to Vm #15
0.01: MET_Broker: Sending Cloudlet #3106 to Vm #15
0.01: MET_Broker: Sending Cloudlet #3107 to Vm #15
0.01: MET_Broker: Sending Cloudlet #3108 to Vm #15
0.01: MET_Broker: Sending Cloudlet #3109 to Vm #15
0.01: MET_Broker: Sending Cloudlet #3110 to Vm #15
0.01: MET_Broker: Sending Cloudlet #3111 to Vm #15
0.01: MET_Broker: Sending Cloudlet #3112 to Vm #15
0.01: MET_Broker: Sending Cloudlet #3113 to Vm #15
0.01: MET_Broker: Sending Cloudlet #3114 to Vm #15
0.01: MET_Broker: Sending Cloudlet #3115 to Vm #15
0.01: MET_Broker: Sending Cloudlet #3116 to Vm #15
0.01: MET_Broker: Sending Cloudlet #3117 to Vm #15
0.01: MET_Broker: Sending Cloudlet #3118 to Vm #15
0.01: MET_Broker: Sending Cloudlet #3119 to Vm #15
0.01: MET_Broker: Sending Cloudlet #3120 to Vm #15
0.01: MET_Broker: Sending Cloudlet #3121 to Vm #15
0.01: MET_Broker: Sending Cloudlet #3122 to Vm #15
0.01: MET_Broker: Sending Cloudlet #3123 to Vm #15
0.01: MET_Broker: Sending Cloudlet #3124 to Vm #15
0.01: MET_Broker: Sending Cloudlet #3125 to Vm #15
0.01: MET_Broker: Sending Cloudlet #3126 to Vm #15
0.01: MET_Broker: Sending Cloudlet #3127 to Vm #15
0.01: MET_Broker: Sending Cloudlet #3128 to Vm #15
0.01: MET_Broker: Sending Cloudlet #3129 to Vm #15
0.01: MET_Broker: Sending Cloudlet #3130 to Vm #15
0.01: MET_Broker: Sending Cloudlet #3131 to Vm #15
0.01: MET_Broker: Sending Cloudlet #3132 to Vm #15
0.01: MET_Broker: Sending Cloudlet #3133 to Vm #15
0.01: MET_Broker: Sending Cloudlet #3134 to Vm #15
0.01: MET_Broker: Sending Cloudlet #3135 to Vm #15
0.01: MET_Broker: Sending Cloudlet #3136 to Vm #15
0.01: MET_Broker: Sending Cloudlet #3137 to Vm #15
0.01: MET_Broker: Sending Cloudlet #3138 to Vm #15
0.01: MET_Broker: Sending Cloudlet #3139 to Vm #15
0.01: MET_Broker: Sending Cloudlet #3140 to Vm #15
0.01: MET_Broker: Sending Cloudlet #3141 to Vm #15
0.01: MET_Broker: Sending Cloudlet #3142 to Vm #15
0.01: MET_Broker: Sending Cloudlet #3143 to Vm #15
0.01: MET_Broker: Sending Cloudlet #3144 to Vm #15
0.01: MET_Broker: Sending Cloudlet #3145 to Vm #15
0.01: MET_Broker: Sending Cloudlet #3146 to Vm #15
0.01: MET_Broker: Sending Cloudlet #3147 to Vm #15
0.01: MET_Broker: Sending Cloudlet #3148 to Vm #15
0.01: MET_Broker: Sending Cloudlet #3149 to Vm #15
0.01: MET_Broker: Sending Cloudlet #3150 to Vm #15
0.01: MET_Broker: Sending Cloudlet #3151 to Vm #15
0.01: MET_Broker: Sending Cloudlet #3152 to Vm #15
0.01: MET_Broker: Sending Cloudlet #3153 to Vm #15
0.01: MET_Broker: Sending Cloudlet #3154 to Vm #15
0.01: MET_Broker: Sending Cloudlet #3155 to Vm #15
0.01: MET_Broker: Sending Cloudlet #3156 to Vm #15
0.01: MET_Broker: Sending Cloudlet #3157 to Vm #15
0.01: MET_Broker: Sending Cloudlet #3158 to Vm #15
0.01: MET_Broker: Sending Cloudlet #3159 to Vm #15
0.01: MET_Broker: Sending Cloudlet #3160 to Vm #15
0.01: MET_Broker: Sending Cloudlet #3161 to Vm #15
0.01: MET_Broker: Sending Cloudlet #3162 to Vm #15
0.01: MET_Broker: Sending Cloudlet #3163 to Vm #15
0.01: MET_Broker: Sending Cloudlet #3164 to Vm #15
0.01: MET_Broker: Sending Cloudlet #3165 to Vm #15
0.01: MET_Broker: Sending Cloudlet #3166 to Vm #15
0.01: MET_Broker: Sending Cloudlet #3167 to Vm #15
0.01: MET_Broker: Sending Cloudlet #3168 to Vm #15
0.01: MET_Broker: Sending Cloudlet #3169 to Vm #15
0.01: MET_Broker: Sending Cloudlet #3170 to Vm #15
0.01: MET_Broker: Sending Cloudlet #3171 to Vm #15
0.01: MET_Broker: Sending Cloudlet #3172 to Vm #15
0.01: MET_Broker: Sending Cloudlet #3173 to Vm #15
0.01: MET_Broker: Sending Cloudlet #3174 to Vm #15
0.01: MET_Broker: Sending Cloudlet #3175 to Vm #15
0.01: MET_Broker: Sending Cloudlet #3176 to Vm #15
0.01: MET_Broker: Sending Cloudlet #3177 to Vm #15
0.01: MET_Broker: Sending Cloudlet #3178 to Vm #15
0.01: MET_Broker: Sending Cloudlet #3179 to Vm #15
0.01: MET_Broker: Sending Cloudlet #3180 to Vm #15
0.01: MET_Broker: Sending Cloudlet #3181 to Vm #15
0.01: MET_Broker: Sending Cloudlet #3182 to Vm #15
0.01: MET_Broker: Sending Cloudlet #3183 to Vm #15
0.01: MET_Broker: Sending Cloudlet #3184 to Vm #15
0.01: MET_Broker: Sending Cloudlet #3185 to Vm #15
0.01: MET_Broker: Sending Cloudlet #3186 to Vm #15
0.01: MET_Broker: Sending Cloudlet #3187 to Vm #15
0.01: MET_Broker: Sending Cloudlet #3188 to Vm #15
0.01: MET_Broker: Sending Cloudlet #3189 to Vm #15
0.01: MET_Broker: Sending Cloudlet #3190 to Vm #15
0.01: MET_Broker: Sending Cloudlet #3191 to Vm #15
0.01: MET_Broker: Sending Cloudlet #3192 to Vm #15
0.01: MET_Broker: Sending Cloudlet #3193 to Vm #15
0.01: MET_Broker: Sending Cloudlet #3194 to Vm #15
0.01: MET_Broker: Sending Cloudlet #3195 to Vm #15
0.01: MET_Broker: Sending Cloudlet #3196 to Vm #15
0.01: MET_Broker: Sending Cloudlet #3197 to Vm #15
0.01: MET_Broker: Sending Cloudlet #3198 to Vm #15
0.01: MET_Broker: Sending Cloudlet #3199 to Vm #15
0.01: MET_Broker: Sending Cloudlet #3200 to Vm #15
0.01: MET_Broker: Sending Cloudlet #3201 to Vm #15
0.01: MET_Broker: Sending Cloudlet #3202 to Vm #15
0.01: MET_Broker: Sending Cloudlet #3203 to Vm #15
0.01: MET_Broker: Sending Cloudlet #3204 to Vm #15
0.01: MET_Broker: Sending Cloudlet #3205 to Vm #15
0.01: MET_Broker: Sending Cloudlet #3206 to Vm #15
0.01: MET_Broker: Sending Cloudlet #3207 to Vm #15
0.01: MET_Broker: Sending Cloudlet #3208 to Vm #15
0.01: MET_Broker: Sending Cloudlet #3209 to Vm #15
0.01: MET_Broker: Sending Cloudlet #3210 to Vm #15
0.01: MET_Broker: Sending Cloudlet #3211 to Vm #15
0.01: MET_Broker: Sending Cloudlet #3212 to Vm #15
0.01: MET_Broker: Sending Cloudlet #3213 to Vm #15
0.01: MET_Broker: Sending Cloudlet #3214 to Vm #15
0.01: MET_Broker: Sending Cloudlet #3215 to Vm #15
0.01: MET_Broker: Sending Cloudlet #3216 to Vm #15
0.01: MET_Broker: Sending Cloudlet #3217 to Vm #15
0.01: MET_Broker: Sending Cloudlet #3218 to Vm #15
0.01: MET_Broker: Sending Cloudlet #3219 to Vm #15
0.01: MET_Broker: Sending Cloudlet #3220 to Vm #15
0.01: MET_Broker: Sending Cloudlet #3221 to Vm #15
0.01: MET_Broker: Sending Cloudlet #3222 to Vm #15
0.01: MET_Broker: Sending Cloudlet #3223 to Vm #15
0.01: MET_Broker: Sending Cloudlet #3224 to Vm #15
0.01: MET_Broker: Sending Cloudlet #3225 to Vm #15
0.01: MET_Broker: Sending Cloudlet #3226 to Vm #15
0.01: MET_Broker: Sending Cloudlet #3227 to Vm #15
0.01: MET_Broker: Sending Cloudlet #3228 to Vm #15
0.01: MET_Broker: Sending Cloudlet #3229 to Vm #15
0.01: MET_Broker: Sending Cloudlet #3230 to Vm #15
0.01: MET_Broker: Sending Cloudlet #3231 to Vm #15
0.01: MET_Broker: Sending Cloudlet #3232 to Vm #15
0.01: MET_Broker: Sending Cloudlet #3233 to Vm #15
0.01: MET_Broker: Sending Cloudlet #3234 to Vm #15
0.01: MET_Broker: Sending Cloudlet #3235 to Vm #15
0.01: MET_Broker: Sending Cloudlet #3236 to Vm #15
0.01: MET_Broker: Sending Cloudlet #3237 to Vm #15
0.01: MET_Broker: Sending Cloudlet #3238 to Vm #15
0.01: MET_Broker: Sending Cloudlet #3239 to Vm #15
0.01: MET_Broker: Sending Cloudlet #3240 to Vm #15
0.01: MET_Broker: Sending Cloudlet #3241 to Vm #15
0.01: MET_Broker: Sending Cloudlet #3242 to Vm #15
0.01: MET_Broker: Sending Cloudlet #3243 to Vm #15
0.01: MET_Broker: Sending Cloudlet #3244 to Vm #15
0.01: MET_Broker: Sending Cloudlet #3245 to Vm #15
0.01: MET_Broker: Sending Cloudlet #3246 to Vm #15
0.01: MET_Broker: Sending Cloudlet #3247 to Vm #15
0.01: MET_Broker: Sending Cloudlet #3248 to Vm #15
0.01: MET_Broker: Sending Cloudlet #3249 to Vm #15
0.01: MET_Broker: Sending Cloudlet #3250 to Vm #15
0.01: MET_Broker: Sending Cloudlet #3251 to Vm #15
0.01: MET_Broker: Sending Cloudlet #3252 to Vm #15
0.01: MET_Broker: Sending Cloudlet #3253 to Vm #15
0.01: MET_Broker: Sending Cloudlet #3254 to Vm #15
0.01: MET_Broker: Sending Cloudlet #3255 to Vm #15
0.01: MET_Broker: Sending Cloudlet #3256 to Vm #15
0.01: MET_Broker: Sending Cloudlet #3257 to Vm #15
0.01: MET_Broker: Sending Cloudlet #3258 to Vm #15
0.01: MET_Broker: Sending Cloudlet #3259 to Vm #15
0.01: MET_Broker: Sending Cloudlet #3260 to Vm #15
0.01: MET_Broker: Sending Cloudlet #3261 to Vm #15
0.01: MET_Broker: Sending Cloudlet #3262 to Vm #15
0.01: MET_Broker: Sending Cloudlet #3263 to Vm #15
0.01: MET_Broker: Sending Cloudlet #3264 to Vm #15
0.01: MET_Broker: Sending Cloudlet #3265 to Vm #15
0.01: MET_Broker: Sending Cloudlet #3266 to Vm #15
0.01: MET_Broker: Sending Cloudlet #3267 to Vm #15
0.01: MET_Broker: Sending Cloudlet #3268 to Vm #15
0.01: MET_Broker: Sending Cloudlet #3269 to Vm #15
0.01: MET_Broker: Sending Cloudlet #3270 to Vm #15
0.01: MET_Broker: Sending Cloudlet #3271 to Vm #15
0.01: MET_Broker: Sending Cloudlet #3272 to Vm #15
0.01: MET_Broker: Sending Cloudlet #3273 to Vm #15
0.01: MET_Broker: Sending Cloudlet #3274 to Vm #15
0.01: MET_Broker: Sending Cloudlet #3275 to Vm #15
0.01: MET_Broker: Sending Cloudlet #3276 to Vm #15
0.01: MET_Broker: Sending Cloudlet #3277 to Vm #15
0.01: MET_Broker: Sending Cloudlet #3278 to Vm #15
0.01: MET_Broker: Sending Cloudlet #3279 to Vm #15
0.01: MET_Broker: Sending Cloudlet #3280 to Vm #15
0.01: MET_Broker: Sending Cloudlet #3281 to Vm #15
0.01: MET_Broker: Sending Cloudlet #3282 to Vm #15
0.01: MET_Broker: Sending Cloudlet #3283 to Vm #15
0.01: MET_Broker: Sending Cloudlet #3284 to Vm #15
0.01: MET_Broker: Sending Cloudlet #3285 to Vm #15
0.01: MET_Broker: Sending Cloudlet #3286 to Vm #15
0.01: MET_Broker: Sending Cloudlet #3287 to Vm #15
0.01: MET_Broker: Sending Cloudlet #3288 to Vm #15
0.01: MET_Broker: Sending Cloudlet #3289 to Vm #15
0.01: MET_Broker: Sending Cloudlet #3290 to Vm #15
0.01: MET_Broker: Sending Cloudlet #3291 to Vm #15
0.01: MET_Broker: Sending Cloudlet #3292 to Vm #15
0.01: MET_Broker: Sending Cloudlet #3293 to Vm #15
0.01: MET_Broker: Sending Cloudlet #3294 to Vm #15
0.01: MET_Broker: Sending Cloudlet #3295 to Vm #15
0.01: MET_Broker: Sending Cloudlet #3296 to Vm #15
0.01: MET_Broker: Sending Cloudlet #3297 to Vm #15
0.01: MET_Broker: Sending Cloudlet #3298 to Vm #15
0.01: MET_Broker: Sending Cloudlet #3299 to Vm #15
0.01: MET_Broker: Sending Cloudlet #3300 to Vm #15
0.01: MET_Broker: Sending Cloudlet #3301 to Vm #15
0.01: MET_Broker: Sending Cloudlet #3302 to Vm #15
0.01: MET_Broker: Sending Cloudlet #3303 to Vm #15
0.01: MET_Broker: Sending Cloudlet #3304 to Vm #15
0.01: MET_Broker: Sending Cloudlet #3305 to Vm #15
0.01: MET_Broker: Sending Cloudlet #3306 to Vm #15
0.01: MET_Broker: Sending Cloudlet #3307 to Vm #15
0.01: MET_Broker: Sending Cloudlet #3308 to Vm #15
0.01: MET_Broker: Sending Cloudlet #3309 to Vm #15
0.01: MET_Broker: Sending Cloudlet #3310 to Vm #15
0.01: MET_Broker: Sending Cloudlet #3311 to Vm #15
0.01: MET_Broker: Sending Cloudlet #3312 to Vm #15
0.01: MET_Broker: Sending Cloudlet #3313 to Vm #15
0.01: MET_Broker: Sending Cloudlet #3314 to Vm #15
0.01: MET_Broker: Sending Cloudlet #3315 to Vm #15
0.01: MET_Broker: Sending Cloudlet #3316 to Vm #15
0.01: MET_Broker: Sending Cloudlet #3317 to Vm #15
0.01: MET_Broker: Sending Cloudlet #3318 to Vm #15
0.01: MET_Broker: Sending Cloudlet #3319 to Vm #15
0.01: MET_Broker: Sending Cloudlet #3320 to Vm #15
0.01: MET_Broker: Sending Cloudlet #3321 to Vm #15
0.01: MET_Broker: Sending Cloudlet #3322 to Vm #15
0.01: MET_Broker: Sending Cloudlet #3323 to Vm #15
0.01: MET_Broker: Sending Cloudlet #3324 to Vm #15
0.01: MET_Broker: Sending Cloudlet #3325 to Vm #15
0.01: MET_Broker: Sending Cloudlet #3326 to Vm #15
0.01: MET_Broker: Sending Cloudlet #3327 to Vm #15
0.01: MET_Broker: Sending Cloudlet #3328 to Vm #15
0.01: MET_Broker: Sending Cloudlet #3329 to Vm #15
0.01: MET_Broker: Sending Cloudlet #3330 to Vm #15
0.01: MET_Broker: Sending Cloudlet #3331 to Vm #15
0.01: MET_Broker: Sending Cloudlet #3332 to Vm #15
0.01: MET_Broker: Sending Cloudlet #3333 to Vm #15
0.01: MET_Broker: Sending Cloudlet #3334 to Vm #15
0.01: MET_Broker: Sending Cloudlet #3335 to Vm #15
0.01: MET_Broker: Sending Cloudlet #3336 to Vm #15
0.01: MET_Broker: Sending Cloudlet #3337 to Vm #15
0.01: MET_Broker: Sending Cloudlet #3338 to Vm #15
0.01: MET_Broker: Sending Cloudlet #3339 to Vm #15
0.01: MET_Broker: Sending Cloudlet #3340 to Vm #15
0.01: MET_Broker: Sending Cloudlet #3341 to Vm #15
0.01: MET_Broker: Sending Cloudlet #3342 to Vm #15
0.01: MET_Broker: Sending Cloudlet #3343 to Vm #15
0.01: MET_Broker: Sending Cloudlet #3344 to Vm #15
0.01: MET_Broker: Sending Cloudlet #3345 to Vm #15
0.01: MET_Broker: Sending Cloudlet #3346 to Vm #15
0.01: MET_Broker: Sending Cloudlet #3347 to Vm #15
0.01: MET_Broker: Sending Cloudlet #3348 to Vm #15
0.01: MET_Broker: Sending Cloudlet #3349 to Vm #15
0.01: MET_Broker: Sending Cloudlet #3350 to Vm #15
0.01: MET_Broker: Sending Cloudlet #3351 to Vm #15
0.01: MET_Broker: Sending Cloudlet #3352 to Vm #15
0.01: MET_Broker: Sending Cloudlet #3353 to Vm #15
0.01: MET_Broker: Sending Cloudlet #3354 to Vm #15
0.01: MET_Broker: Sending Cloudlet #3355 to Vm #15
0.01: MET_Broker: Sending Cloudlet #3356 to Vm #15
0.01: MET_Broker: Sending Cloudlet #3357 to Vm #15
0.01: MET_Broker: Sending Cloudlet #3358 to Vm #15
0.01: MET_Broker: Sending Cloudlet #3359 to Vm #15
0.01: MET_Broker: Sending Cloudlet #3360 to Vm #15
0.01: MET_Broker: Sending Cloudlet #3361 to Vm #15
0.01: MET_Broker: Sending Cloudlet #3362 to Vm #15
0.01: MET_Broker: Sending Cloudlet #3363 to Vm #15
0.01: MET_Broker: Sending Cloudlet #3364 to Vm #15
0.01: MET_Broker: Sending Cloudlet #3365 to Vm #15
0.01: MET_Broker: Sending Cloudlet #3366 to Vm #15
0.01: MET_Broker: Sending Cloudlet #3367 to Vm #15
0.01: MET_Broker: Sending Cloudlet #3368 to Vm #15
0.01: MET_Broker: Sending Cloudlet #3369 to Vm #15
0.01: MET_Broker: Sending Cloudlet #3370 to Vm #15
0.01: MET_Broker: Sending Cloudlet #3371 to Vm #15
0.01: MET_Broker: Sending Cloudlet #3372 to Vm #15
0.01: MET_Broker: Sending Cloudlet #3373 to Vm #15
0.01: MET_Broker: Sending Cloudlet #3374 to Vm #15
0.01: MET_Broker: Sending Cloudlet #3375 to Vm #15
0.01: MET_Broker: Sending Cloudlet #3376 to Vm #15
0.01: MET_Broker: Sending Cloudlet #3377 to Vm #15
0.01: MET_Broker: Sending Cloudlet #3378 to Vm #15
0.01: MET_Broker: Sending Cloudlet #3379 to Vm #15
0.01: MET_Broker: Sending Cloudlet #3380 to Vm #15
0.01: MET_Broker: Sending Cloudlet #3381 to Vm #15
0.01: MET_Broker: Sending Cloudlet #3382 to Vm #15
0.01: MET_Broker: Sending Cloudlet #3383 to Vm #15
0.01: MET_Broker: Sending Cloudlet #3384 to Vm #15
0.01: MET_Broker: Sending Cloudlet #3385 to Vm #15
0.01: MET_Broker: Sending Cloudlet #3386 to Vm #15
0.01: MET_Broker: Sending Cloudlet #3387 to Vm #15
0.01: MET_Broker: Sending Cloudlet #3388 to Vm #15
0.01: MET_Broker: Sending Cloudlet #3389 to Vm #15
0.01: MET_Broker: Sending Cloudlet #3390 to Vm #15
0.01: MET_Broker: Sending Cloudlet #3391 to Vm #15
0.01: MET_Broker: Sending Cloudlet #3392 to Vm #15
0.01: MET_Broker: Sending Cloudlet #3393 to Vm #15
0.01: MET_Broker: Sending Cloudlet #3394 to Vm #15
0.01: MET_Broker: Sending Cloudlet #3395 to Vm #15
0.01: MET_Broker: Sending Cloudlet #3396 to Vm #15
0.01: MET_Broker: Sending Cloudlet #3397 to Vm #15
0.01: MET_Broker: Sending Cloudlet #3398 to Vm #15
0.01: MET_Broker: Sending Cloudlet #3399 to Vm #15
0.01: MET_Broker: Sending Cloudlet #3400 to Vm #15
0.01: MET_Broker: Sending Cloudlet #3401 to Vm #15
0.01: MET_Broker: Sending Cloudlet #3402 to Vm #15
0.01: MET_Broker: Sending Cloudlet #3403 to Vm #15
0.01: MET_Broker: Sending Cloudlet #3404 to Vm #15
0.01: MET_Broker: Sending Cloudlet #3405 to Vm #15
0.01: MET_Broker: Sending Cloudlet #3406 to Vm #15
0.01: MET_Broker: Sending Cloudlet #3407 to Vm #15
0.01: MET_Broker: Sending Cloudlet #3408 to Vm #15
0.01: MET_Broker: Sending Cloudlet #3409 to Vm #15
0.01: MET_Broker: Sending Cloudlet #3410 to Vm #15
0.01: MET_Broker: Sending Cloudlet #3411 to Vm #15
0.01: MET_Broker: Sending Cloudlet #3412 to Vm #15
0.01: MET_Broker: Sending Cloudlet #3413 to Vm #15
0.01: MET_Broker: Sending Cloudlet #3414 to Vm #15
0.01: MET_Broker: Sending Cloudlet #3415 to Vm #15
0.01: MET_Broker: Sending Cloudlet #3416 to Vm #15
0.01: MET_Broker: Sending Cloudlet #3417 to Vm #15
0.01: MET_Broker: Sending Cloudlet #3418 to Vm #15
0.01: MET_Broker: Sending Cloudlet #3419 to Vm #15
0.01: MET_Broker: Sending Cloudlet #3420 to Vm #15
0.01: MET_Broker: Sending Cloudlet #3421 to Vm #15
0.01: MET_Broker: Sending Cloudlet #3422 to Vm #15
0.01: MET_Broker: Sending Cloudlet #3423 to Vm #15
0.01: MET_Broker: Sending Cloudlet #3424 to Vm #15
0.01: MET_Broker: Sending Cloudlet #3425 to Vm #15
0.01: MET_Broker: Sending Cloudlet #3426 to Vm #15
0.01: MET_Broker: Sending Cloudlet #3427 to Vm #15
0.01: MET_Broker: Sending Cloudlet #3428 to Vm #15
0.01: MET_Broker: Sending Cloudlet #3429 to Vm #15
0.01: MET_Broker: Sending Cloudlet #3430 to Vm #15
0.01: MET_Broker: Sending Cloudlet #3431 to Vm #15
0.01: MET_Broker: Sending Cloudlet #3432 to Vm #15
0.01: MET_Broker: Sending Cloudlet #3433 to Vm #15
0.01: MET_Broker: Sending Cloudlet #3434 to Vm #15
0.01: MET_Broker: Sending Cloudlet #3435 to Vm #15
0.01: MET_Broker: Sending Cloudlet #3436 to Vm #15
0.01: MET_Broker: Sending Cloudlet #3437 to Vm #15
0.01: MET_Broker: Sending Cloudlet #3438 to Vm #15
0.01: MET_Broker: Sending Cloudlet #3439 to Vm #15
0.01: MET_Broker: Sending Cloudlet #3440 to Vm #15
0.01: MET_Broker: Sending Cloudlet #3441 to Vm #15
0.01: MET_Broker: Sending Cloudlet #3442 to Vm #15
0.01: MET_Broker: Sending Cloudlet #3443 to Vm #15
0.01: MET_Broker: Sending Cloudlet #3444 to Vm #15
0.01: MET_Broker: Sending Cloudlet #3445 to Vm #15
0.01: MET_Broker: Sending Cloudlet #3446 to Vm #15
0.01: MET_Broker: Sending Cloudlet #3447 to Vm #15
0.01: MET_Broker: Sending Cloudlet #3448 to Vm #15
0.01: MET_Broker: Sending Cloudlet #3449 to Vm #15
0.01: MET_Broker: Sending Cloudlet #3450 to Vm #15
0.01: MET_Broker: Sending Cloudlet #3451 to Vm #15
0.01: MET_Broker: Sending Cloudlet #3452 to Vm #15
0.01: MET_Broker: Sending Cloudlet #3453 to Vm #15
0.01: MET_Broker: Sending Cloudlet #3454 to Vm #15
0.01: MET_Broker: Sending Cloudlet #3455 to Vm #15
0.01: MET_Broker: Sending Cloudlet #3456 to Vm #15
0.01: MET_Broker: Sending Cloudlet #3457 to Vm #15
0.01: MET_Broker: Sending Cloudlet #3458 to Vm #15
0.01: MET_Broker: Sending Cloudlet #3459 to Vm #15
0.01: MET_Broker: Sending Cloudlet #3460 to Vm #15
0.01: MET_Broker: Sending Cloudlet #3461 to Vm #15
0.01: MET_Broker: Sending Cloudlet #3462 to Vm #15
0.01: MET_Broker: Sending Cloudlet #3463 to Vm #15
0.01: MET_Broker: Sending Cloudlet #3464 to Vm #15
0.01: MET_Broker: Sending Cloudlet #3465 to Vm #15
0.01: MET_Broker: Sending Cloudlet #3466 to Vm #15
0.01: MET_Broker: Sending Cloudlet #3467 to Vm #15
0.01: MET_Broker: Sending Cloudlet #3468 to Vm #15
0.01: MET_Broker: Sending Cloudlet #3469 to Vm #15
0.01: MET_Broker: Sending Cloudlet #3470 to Vm #15
0.01: MET_Broker: Sending Cloudlet #3471 to Vm #15
0.01: MET_Broker: Sending Cloudlet #3472 to Vm #15
0.01: MET_Broker: Sending Cloudlet #3473 to Vm #15
0.01: MET_Broker: Sending Cloudlet #3474 to Vm #15
0.01: MET_Broker: Sending Cloudlet #3475 to Vm #15
0.01: MET_Broker: Sending Cloudlet #3476 to Vm #15
0.01: MET_Broker: Sending Cloudlet #3477 to Vm #15
0.01: MET_Broker: Sending Cloudlet #3478 to Vm #15
0.01: MET_Broker: Sending Cloudlet #3479 to Vm #15
0.01: MET_Broker: Sending Cloudlet #3480 to Vm #15
0.01: MET_Broker: Sending Cloudlet #3481 to Vm #15
0.01: MET_Broker: Sending Cloudlet #3482 to Vm #15
0.01: MET_Broker: Sending Cloudlet #3483 to Vm #15
0.01: MET_Broker: Sending Cloudlet #3484 to Vm #15
0.01: MET_Broker: Sending Cloudlet #3485 to Vm #15
0.01: MET_Broker: Sending Cloudlet #3486 to Vm #15
0.01: MET_Broker: Sending Cloudlet #3487 to Vm #15
0.01: MET_Broker: Sending Cloudlet #3488 to Vm #15
0.01: MET_Broker: Sending Cloudlet #3489 to Vm #15
0.01: MET_Broker: Sending Cloudlet #3490 to Vm #15
0.01: MET_Broker: Sending Cloudlet #3491 to Vm #15
0.01: MET_Broker: Sending Cloudlet #3492 to Vm #15
0.01: MET_Broker: Sending Cloudlet #3493 to Vm #15
0.01: MET_Broker: Sending Cloudlet #3494 to Vm #15
0.01: MET_Broker: Sending Cloudlet #3495 to Vm #15
0.01: MET_Broker: Sending Cloudlet #3496 to Vm #15
0.01: MET_Broker: Sending Cloudlet #3497 to Vm #15
0.01: MET_Broker: Sending Cloudlet #3498 to Vm #15
0.01: MET_Broker: Sending Cloudlet #3499 to Vm #15
0.01: MET_Broker: Sending Cloudlet #3500 to Vm #15
0.01: MET_Broker: Sending Cloudlet #3501 to Vm #15
0.01: MET_Broker: Sending Cloudlet #3502 to Vm #15
0.01: MET_Broker: Sending Cloudlet #3503 to Vm #15
0.01: MET_Broker: Sending Cloudlet #3504 to Vm #15
0.01: MET_Broker: Sending Cloudlet #3505 to Vm #15
0.01: MET_Broker: Sending Cloudlet #3506 to Vm #15
0.01: MET_Broker: Sending Cloudlet #3507 to Vm #15
0.01: MET_Broker: Sending Cloudlet #3508 to Vm #15
0.01: MET_Broker: Sending Cloudlet #3509 to Vm #15
0.01: MET_Broker: Sending Cloudlet #3510 to Vm #15
0.01: MET_Broker: Sending Cloudlet #3511 to Vm #15
0.01: MET_Broker: Sending Cloudlet #3512 to Vm #15
0.01: MET_Broker: Sending Cloudlet #3513 to Vm #15
0.01: MET_Broker: Sending Cloudlet #3514 to Vm #15
0.01: MET_Broker: Sending Cloudlet #3515 to Vm #15
0.01: MET_Broker: Sending Cloudlet #3516 to Vm #15
0.01: MET_Broker: Sending Cloudlet #3517 to Vm #15
0.01: MET_Broker: Sending Cloudlet #3518 to Vm #15
0.01: MET_Broker: Sending Cloudlet #3519 to Vm #15
0.01: MET_Broker: Sending Cloudlet #3520 to Vm #15
0.01: MET_Broker: Sending Cloudlet #3521 to Vm #15
0.01: MET_Broker: Sending Cloudlet #3522 to Vm #15
0.01: MET_Broker: Sending Cloudlet #3523 to Vm #15
0.01: MET_Broker: Sending Cloudlet #3524 to Vm #15
0.01: MET_Broker: Sending Cloudlet #3525 to Vm #15
0.01: MET_Broker: Sending Cloudlet #3526 to Vm #15
0.01: MET_Broker: Sending Cloudlet #3527 to Vm #15
0.01: MET_Broker: Sending Cloudlet #3528 to Vm #15
0.01: MET_Broker: Sending Cloudlet #3529 to Vm #15
0.01: MET_Broker: Sending Cloudlet #3530 to Vm #15
0.01: MET_Broker: Sending Cloudlet #3531 to Vm #15
0.01: MET_Broker: Sending Cloudlet #3532 to Vm #15
0.01: MET_Broker: Sending Cloudlet #3533 to Vm #15
0.01: MET_Broker: Sending Cloudlet #3534 to Vm #15
0.01: MET_Broker: Sending Cloudlet #3535 to Vm #15
0.01: MET_Broker: Sending Cloudlet #3536 to Vm #15
0.01: MET_Broker: Sending Cloudlet #3537 to Vm #15
0.01: MET_Broker: Sending Cloudlet #3538 to Vm #15
0.01: MET_Broker: Sending Cloudlet #3539 to Vm #15
0.01: MET_Broker: Sending Cloudlet #3540 to Vm #15
0.01: MET_Broker: Sending Cloudlet #3541 to Vm #15
0.01: MET_Broker: Sending Cloudlet #3542 to Vm #15
0.01: MET_Broker: Sending Cloudlet #3543 to Vm #15
0.01: MET_Broker: Sending Cloudlet #3544 to Vm #15
0.01: MET_Broker: Sending Cloudlet #3545 to Vm #15
0.01: MET_Broker: Sending Cloudlet #3546 to Vm #15
0.01: MET_Broker: Sending Cloudlet #3547 to Vm #15
0.01: MET_Broker: Sending Cloudlet #3548 to Vm #15
0.01: MET_Broker: Sending Cloudlet #3549 to Vm #15
0.01: MET_Broker: Sending Cloudlet #3550 to Vm #15
0.01: MET_Broker: Sending Cloudlet #3551 to Vm #15
0.01: MET_Broker: Sending Cloudlet #3552 to Vm #15
0.01: MET_Broker: Sending Cloudlet #3553 to Vm #15
0.01: MET_Broker: Sending Cloudlet #3554 to Vm #15
0.01: MET_Broker: Sending Cloudlet #3555 to Vm #15
0.01: MET_Broker: Sending Cloudlet #3556 to Vm #15
0.01: MET_Broker: Sending Cloudlet #3557 to Vm #15
0.01: MET_Broker: Sending Cloudlet #3558 to Vm #15
0.01: MET_Broker: Sending Cloudlet #3559 to Vm #15
0.01: MET_Broker: Sending Cloudlet #3560 to Vm #15
0.01: MET_Broker: Sending Cloudlet #3561 to Vm #15
0.01: MET_Broker: Sending Cloudlet #3562 to Vm #15
0.01: MET_Broker: Sending Cloudlet #3563 to Vm #15
0.01: MET_Broker: Sending Cloudlet #3564 to Vm #15
0.01: MET_Broker: Sending Cloudlet #3565 to Vm #15
0.01: MET_Broker: Sending Cloudlet #3566 to Vm #15
0.01: MET_Broker: Sending Cloudlet #3567 to Vm #15
0.01: MET_Broker: Sending Cloudlet #3568 to Vm #15
0.01: MET_Broker: Sending Cloudlet #3569 to Vm #15
0.01: MET_Broker: Sending Cloudlet #3570 to Vm #15
0.01: MET_Broker: Sending Cloudlet #3571 to Vm #15
0.01: MET_Broker: Sending Cloudlet #3572 to Vm #15
0.01: MET_Broker: Sending Cloudlet #3573 to Vm #15
0.01: MET_Broker: Sending Cloudlet #3574 to Vm #15
0.01: MET_Broker: Sending Cloudlet #3575 to Vm #15
0.01: MET_Broker: Sending Cloudlet #3576 to Vm #15
0.01: MET_Broker: Sending Cloudlet #3577 to Vm #15
0.01: MET_Broker: Sending Cloudlet #3578 to Vm #15
0.01: MET_Broker: Sending Cloudlet #3579 to Vm #15
0.01: MET_Broker: Sending Cloudlet #3580 to Vm #15
0.01: MET_Broker: Sending Cloudlet #3581 to Vm #15
0.01: MET_Broker: Sending Cloudlet #3582 to Vm #15
0.01: MET_Broker: Sending Cloudlet #3583 to Vm #15
0.01: MET_Broker: Sending Cloudlet #3584 to Vm #15
0.01: MET_Broker: Sending Cloudlet #3585 to Vm #15
0.01: MET_Broker: Sending Cloudlet #3586 to Vm #15
0.01: MET_Broker: Sending Cloudlet #3587 to Vm #15
0.01: MET_Broker: Sending Cloudlet #3588 to Vm #15
0.01: MET_Broker: Sending Cloudlet #3589 to Vm #15
0.01: MET_Broker: Sending Cloudlet #3590 to Vm #15
0.01: MET_Broker: Sending Cloudlet #3591 to Vm #15
0.01: MET_Broker: Sending Cloudlet #3592 to Vm #15
0.01: MET_Broker: Sending Cloudlet #3593 to Vm #15
0.01: MET_Broker: Sending Cloudlet #3594 to Vm #15
0.01: MET_Broker: Sending Cloudlet #3595 to Vm #15
0.01: MET_Broker: Sending Cloudlet #3596 to Vm #15
0.01: MET_Broker: Sending Cloudlet #3597 to Vm #15
0.01: MET_Broker: Sending Cloudlet #3598 to Vm #15
0.01: MET_Broker: Sending Cloudlet #3599 to Vm #15
0.01: MET_Broker: Sending Cloudlet #3600 to Vm #15
0.01: MET_Broker: Sending Cloudlet #3601 to Vm #15
0.01: MET_Broker: Sending Cloudlet #3602 to Vm #15
0.01: MET_Broker: Sending Cloudlet #3603 to Vm #15
0.01: MET_Broker: Sending Cloudlet #3604 to Vm #15
0.01: MET_Broker: Sending Cloudlet #3605 to Vm #15
0.01: MET_Broker: Sending Cloudlet #3606 to Vm #15
0.01: MET_Broker: Sending Cloudlet #3607 to Vm #15
0.01: MET_Broker: Sending Cloudlet #3608 to Vm #15
0.01: MET_Broker: Sending Cloudlet #3609 to Vm #15
0.01: MET_Broker: Sending Cloudlet #3610 to Vm #15
0.01: MET_Broker: Sending Cloudlet #3611 to Vm #15
0.01: MET_Broker: Sending Cloudlet #3612 to Vm #15
0.01: MET_Broker: Sending Cloudlet #3613 to Vm #15
0.01: MET_Broker: Sending Cloudlet #3614 to Vm #15
0.01: MET_Broker: Sending Cloudlet #3615 to Vm #15
0.01: MET_Broker: Sending Cloudlet #3616 to Vm #15
0.01: MET_Broker: Sending Cloudlet #3617 to Vm #15
0.01: MET_Broker: Sending Cloudlet #3618 to Vm #15
0.01: MET_Broker: Sending Cloudlet #3619 to Vm #15
0.01: MET_Broker: Sending Cloudlet #3620 to Vm #15
0.01: MET_Broker: Sending Cloudlet #3621 to Vm #15
0.01: MET_Broker: Sending Cloudlet #3622 to Vm #15
0.01: MET_Broker: Sending Cloudlet #3623 to Vm #15
0.01: MET_Broker: Sending Cloudlet #3624 to Vm #15
0.01: MET_Broker: Sending Cloudlet #3625 to Vm #15
0.01: MET_Broker: Sending Cloudlet #3626 to Vm #15
0.01: MET_Broker: Sending Cloudlet #3627 to Vm #15
0.01: MET_Broker: Sending Cloudlet #3628 to Vm #15
0.01: MET_Broker: Sending Cloudlet #3629 to Vm #15
0.01: MET_Broker: Sending Cloudlet #3630 to Vm #15
0.01: MET_Broker: Sending Cloudlet #3631 to Vm #15
0.01: MET_Broker: Sending Cloudlet #3632 to Vm #15
0.01: MET_Broker: Sending Cloudlet #3633 to Vm #15
0.01: MET_Broker: Sending Cloudlet #3634 to Vm #15
0.01: MET_Broker: Sending Cloudlet #3635 to Vm #15
0.01: MET_Broker: Sending Cloudlet #3636 to Vm #15
0.01: MET_Broker: Sending Cloudlet #3637 to Vm #15
0.01: MET_Broker: Sending Cloudlet #3638 to Vm #15
0.01: MET_Broker: Sending Cloudlet #3639 to Vm #15
0.01: MET_Broker: Sending Cloudlet #3640 to Vm #15
0.01: MET_Broker: Sending Cloudlet #3641 to Vm #15
0.01: MET_Broker: Sending Cloudlet #3642 to Vm #15
0.01: MET_Broker: Sending Cloudlet #3643 to Vm #15
0.01: MET_Broker: Sending Cloudlet #3644 to Vm #15
0.01: MET_Broker: Sending Cloudlet #3645 to Vm #15
0.01: MET_Broker: Sending Cloudlet #3646 to Vm #15
0.01: MET_Broker: Sending Cloudlet #3647 to Vm #15
0.01: MET_Broker: Sending Cloudlet #3648 to Vm #15
0.01: MET_Broker: Sending Cloudlet #3649 to Vm #15
0.01: MET_Broker: Sending Cloudlet #3650 to Vm #15
0.01: MET_Broker: Sending Cloudlet #3651 to Vm #15
0.01: MET_Broker: Sending Cloudlet #3652 to Vm #15
0.01: MET_Broker: Sending Cloudlet #3653 to Vm #15
0.01: MET_Broker: Sending Cloudlet #3654 to Vm #15
0.01: MET_Broker: Sending Cloudlet #3655 to Vm #15
0.01: MET_Broker: Sending Cloudlet #3656 to Vm #15
0.01: MET_Broker: Sending Cloudlet #3657 to Vm #15
0.01: MET_Broker: Sending Cloudlet #3658 to Vm #15
0.01: MET_Broker: Sending Cloudlet #3659 to Vm #15
0.01: MET_Broker: Sending Cloudlet #3660 to Vm #15
0.01: MET_Broker: Sending Cloudlet #3661 to Vm #15
0.01: MET_Broker: Sending Cloudlet #3662 to Vm #15
0.01: MET_Broker: Sending Cloudlet #3663 to Vm #15
0.01: MET_Broker: Sending Cloudlet #3664 to Vm #15
0.01: MET_Broker: Sending Cloudlet #3665 to Vm #15
0.01: MET_Broker: Sending Cloudlet #3666 to Vm #15
0.01: MET_Broker: Sending Cloudlet #3667 to Vm #15
0.01: MET_Broker: Sending Cloudlet #3668 to Vm #15
0.01: MET_Broker: Sending Cloudlet #3669 to Vm #15
0.01: MET_Broker: Sending Cloudlet #3670 to Vm #15
0.01: MET_Broker: Sending Cloudlet #3671 to Vm #15
0.01: MET_Broker: Sending Cloudlet #3672 to Vm #15
0.01: MET_Broker: Sending Cloudlet #3673 to Vm #15
0.01: MET_Broker: Sending Cloudlet #3674 to Vm #15
0.01: MET_Broker: Sending Cloudlet #3675 to Vm #15
0.01: MET_Broker: Sending Cloudlet #3676 to Vm #15
0.01: MET_Broker: Sending Cloudlet #3677 to Vm #15
0.01: MET_Broker: Sending Cloudlet #3678 to Vm #15
0.01: MET_Broker: Sending Cloudlet #3679 to Vm #15
0.01: MET_Broker: Sending Cloudlet #3680 to Vm #15
0.01: MET_Broker: Sending Cloudlet #3681 to Vm #15
0.01: MET_Broker: Sending Cloudlet #3682 to Vm #15
0.01: MET_Broker: Sending Cloudlet #3683 to Vm #15
0.01: MET_Broker: Sending Cloudlet #3684 to Vm #15
0.01: MET_Broker: Sending Cloudlet #3685 to Vm #15
0.01: MET_Broker: Sending Cloudlet #3686 to Vm #15
0.01: MET_Broker: Sending Cloudlet #3687 to Vm #15
0.01: MET_Broker: Sending Cloudlet #3688 to Vm #15
0.01: MET_Broker: Sending Cloudlet #3689 to Vm #15
0.01: MET_Broker: Sending Cloudlet #3690 to Vm #15
0.01: MET_Broker: Sending Cloudlet #3691 to Vm #15
0.01: MET_Broker: Sending Cloudlet #3692 to Vm #15
0.01: MET_Broker: Sending Cloudlet #3693 to Vm #15
0.01: MET_Broker: Sending Cloudlet #3694 to Vm #15
0.01: MET_Broker: Sending Cloudlet #3695 to Vm #15
0.01: MET_Broker: Sending Cloudlet #3696 to Vm #15
0.01: MET_Broker: Sending Cloudlet #3697 to Vm #15
0.01: MET_Broker: Sending Cloudlet #3698 to Vm #15
0.01: MET_Broker: Sending Cloudlet #3699 to Vm #15
0.01: MET_Broker: Sending Cloudlet #3700 to Vm #15
0.01: MET_Broker: Sending Cloudlet #3701 to Vm #15
0.01: MET_Broker: Sending Cloudlet #3702 to Vm #15
0.01: MET_Broker: Sending Cloudlet #3703 to Vm #15
0.01: MET_Broker: Sending Cloudlet #3704 to Vm #15
0.01: MET_Broker: Sending Cloudlet #3705 to Vm #15
0.01: MET_Broker: Sending Cloudlet #3706 to Vm #15
0.01: MET_Broker: Sending Cloudlet #3707 to Vm #15
0.01: MET_Broker: Sending Cloudlet #3708 to Vm #15
0.01: MET_Broker: Sending Cloudlet #3709 to Vm #15
0.01: MET_Broker: Sending Cloudlet #3710 to Vm #15
0.01: MET_Broker: Sending Cloudlet #3711 to Vm #15
0.01: MET_Broker: Sending Cloudlet #3712 to Vm #15
0.01: MET_Broker: Sending Cloudlet #3713 to Vm #15
0.01: MET_Broker: Sending Cloudlet #3714 to Vm #15
0.01: MET_Broker: Sending Cloudlet #3715 to Vm #15
0.01: MET_Broker: Sending Cloudlet #3716 to Vm #15
0.01: MET_Broker: Sending Cloudlet #3717 to Vm #15
0.01: MET_Broker: Sending Cloudlet #3718 to Vm #15
0.01: MET_Broker: Sending Cloudlet #3719 to Vm #15
0.01: MET_Broker: Sending Cloudlet #3720 to Vm #15
0.01: MET_Broker: Sending Cloudlet #3721 to Vm #15
0.01: MET_Broker: Sending Cloudlet #3722 to Vm #15
0.01: MET_Broker: Sending Cloudlet #3723 to Vm #15
0.01: MET_Broker: Sending Cloudlet #3724 to Vm #15
0.01: MET_Broker: Sending Cloudlet #3725 to Vm #15
0.01: MET_Broker: Sending Cloudlet #3726 to Vm #15
0.01: MET_Broker: Sending Cloudlet #3727 to Vm #15
0.01: MET_Broker: Sending Cloudlet #3728 to Vm #15
0.01: MET_Broker: Sending Cloudlet #3729 to Vm #15
0.01: MET_Broker: Sending Cloudlet #3730 to Vm #15
0.01: MET_Broker: Sending Cloudlet #3731 to Vm #15
0.01: MET_Broker: Sending Cloudlet #3732 to Vm #15
0.01: MET_Broker: Sending Cloudlet #3733 to Vm #15
0.01: MET_Broker: Sending Cloudlet #3734 to Vm #15
0.01: MET_Broker: Sending Cloudlet #3735 to Vm #15
0.01: MET_Broker: Sending Cloudlet #3736 to Vm #15
0.01: MET_Broker: Sending Cloudlet #3737 to Vm #15
0.01: MET_Broker: Sending Cloudlet #3738 to Vm #15
0.01: MET_Broker: Sending Cloudlet #3739 to Vm #15
0.01: MET_Broker: Sending Cloudlet #3740 to Vm #15
0.01: MET_Broker: Sending Cloudlet #3741 to Vm #15
0.01: MET_Broker: Sending Cloudlet #3742 to Vm #15
0.01: MET_Broker: Sending Cloudlet #3743 to Vm #15
0.01: MET_Broker: Sending Cloudlet #3744 to Vm #15
0.01: MET_Broker: Sending Cloudlet #3745 to Vm #15
0.01: MET_Broker: Sending Cloudlet #3746 to Vm #15
0.01: MET_Broker: Sending Cloudlet #3747 to Vm #15
0.01: MET_Broker: Sending Cloudlet #3748 to Vm #15
0.01: MET_Broker: Sending Cloudlet #3749 to Vm #15
0.01: MET_Broker: Sending Cloudlet #3750 to Vm #15
0.01: MET_Broker: Sending Cloudlet #3751 to Vm #15
0.01: MET_Broker: Sending Cloudlet #3752 to Vm #15
0.01: MET_Broker: Sending Cloudlet #3753 to Vm #15
0.01: MET_Broker: Sending Cloudlet #3754 to Vm #15
0.01: MET_Broker: Sending Cloudlet #3755 to Vm #15
0.01: MET_Broker: Sending Cloudlet #3756 to Vm #15
0.01: MET_Broker: Sending Cloudlet #3757 to Vm #15
0.01: MET_Broker: Sending Cloudlet #3758 to Vm #15
0.01: MET_Broker: Sending Cloudlet #3759 to Vm #15
0.01: MET_Broker: Sending Cloudlet #3760 to Vm #15
0.01: MET_Broker: Sending Cloudlet #3761 to Vm #15
0.01: MET_Broker: Sending Cloudlet #3762 to Vm #15
0.01: MET_Broker: Sending Cloudlet #3763 to Vm #15
0.01: MET_Broker: Sending Cloudlet #3764 to Vm #15
0.01: MET_Broker: Sending Cloudlet #3765 to Vm #15
0.01: MET_Broker: Sending Cloudlet #3766 to Vm #15
0.01: MET_Broker: Sending Cloudlet #3767 to Vm #15
0.01: MET_Broker: Sending Cloudlet #3768 to Vm #15
0.01: MET_Broker: Sending Cloudlet #3769 to Vm #15
0.01: MET_Broker: Sending Cloudlet #3770 to Vm #15
0.01: MET_Broker: Sending Cloudlet #3771 to Vm #15
0.01: MET_Broker: Sending Cloudlet #3772 to Vm #15
0.01: MET_Broker: Sending Cloudlet #3773 to Vm #15
0.01: MET_Broker: Sending Cloudlet #3774 to Vm #15
0.01: MET_Broker: Sending Cloudlet #3775 to Vm #15
0.01: MET_Broker: Sending Cloudlet #3776 to Vm #15
0.01: MET_Broker: Sending Cloudlet #3777 to Vm #15
0.01: MET_Broker: Sending Cloudlet #3778 to Vm #15
0.01: MET_Broker: Sending Cloudlet #3779 to Vm #15
0.01: MET_Broker: Sending Cloudlet #3780 to Vm #15
0.01: MET_Broker: Sending Cloudlet #3781 to Vm #15
0.01: MET_Broker: Sending Cloudlet #3782 to Vm #15
0.01: MET_Broker: Sending Cloudlet #3783 to Vm #15
0.01: MET_Broker: Sending Cloudlet #3784 to Vm #15
0.01: MET_Broker: Sending Cloudlet #3785 to Vm #15
0.01: MET_Broker: Sending Cloudlet #3786 to Vm #15
0.01: MET_Broker: Sending Cloudlet #3787 to Vm #15
0.01: MET_Broker: Sending Cloudlet #3788 to Vm #15
0.01: MET_Broker: Sending Cloudlet #3789 to Vm #15
0.01: MET_Broker: Sending Cloudlet #3790 to Vm #15
0.01: MET_Broker: Sending Cloudlet #3791 to Vm #15
0.01: MET_Broker: Sending Cloudlet #3792 to Vm #15
0.01: MET_Broker: Sending Cloudlet #3793 to Vm #15
0.01: MET_Broker: Sending Cloudlet #3794 to Vm #15
0.01: MET_Broker: Sending Cloudlet #3795 to Vm #15
0.01: MET_Broker: Sending Cloudlet #3796 to Vm #15
0.01: MET_Broker: Sending Cloudlet #3797 to Vm #15
0.01: MET_Broker: Sending Cloudlet #3798 to Vm #15
0.01: MET_Broker: Sending Cloudlet #3799 to Vm #15
0.01: MET_Broker: Sending Cloudlet #3800 to Vm #15
0.01: MET_Broker: Sending Cloudlet #3801 to Vm #15
0.01: MET_Broker: Sending Cloudlet #3802 to Vm #15
0.01: MET_Broker: Sending Cloudlet #3803 to Vm #15
0.01: MET_Broker: Sending Cloudlet #3804 to Vm #15
0.01: MET_Broker: Sending Cloudlet #3805 to Vm #15
0.01: MET_Broker: Sending Cloudlet #3806 to Vm #15
0.01: MET_Broker: Sending Cloudlet #3807 to Vm #15
0.01: MET_Broker: Sending Cloudlet #3808 to Vm #15
0.01: MET_Broker: Sending Cloudlet #3809 to Vm #15
0.01: MET_Broker: Sending Cloudlet #3810 to Vm #15
0.01: MET_Broker: Sending Cloudlet #3811 to Vm #15
0.01: MET_Broker: Sending Cloudlet #3812 to Vm #15
0.01: MET_Broker: Sending Cloudlet #3813 to Vm #15
0.01: MET_Broker: Sending Cloudlet #3814 to Vm #15
0.01: MET_Broker: Sending Cloudlet #3815 to Vm #15
0.01: MET_Broker: Sending Cloudlet #3816 to Vm #15
0.01: MET_Broker: Sending Cloudlet #3817 to Vm #15
0.01: MET_Broker: Sending Cloudlet #3818 to Vm #15
0.01: MET_Broker: Sending Cloudlet #3819 to Vm #15
0.01: MET_Broker: Sending Cloudlet #3820 to Vm #15
0.01: MET_Broker: Sending Cloudlet #3821 to Vm #15
0.01: MET_Broker: Sending Cloudlet #3822 to Vm #15
0.01: MET_Broker: Sending Cloudlet #3823 to Vm #15
0.01: MET_Broker: Sending Cloudlet #3824 to Vm #15
0.01: MET_Broker: Sending Cloudlet #3825 to Vm #15
0.01: MET_Broker: Sending Cloudlet #3826 to Vm #15
0.01: MET_Broker: Sending Cloudlet #3827 to Vm #15
0.01: MET_Broker: Sending Cloudlet #3828 to Vm #15
0.01: MET_Broker: Sending Cloudlet #3829 to Vm #15
0.01: MET_Broker: Sending Cloudlet #3830 to Vm #15
0.01: MET_Broker: Sending Cloudlet #3831 to Vm #15
0.01: MET_Broker: Sending Cloudlet #3832 to Vm #15
0.01: MET_Broker: Sending Cloudlet #3833 to Vm #15
0.01: MET_Broker: Sending Cloudlet #3834 to Vm #15
0.01: MET_Broker: Sending Cloudlet #3835 to Vm #15
0.01: MET_Broker: Sending Cloudlet #3836 to Vm #15
0.01: MET_Broker: Sending Cloudlet #3837 to Vm #15
0.01: MET_Broker: Sending Cloudlet #3838 to Vm #15
0.01: MET_Broker: Sending Cloudlet #3839 to Vm #15
0.01: MET_Broker: Sending Cloudlet #3840 to Vm #15
0.01: MET_Broker: Sending Cloudlet #3841 to Vm #15
0.01: MET_Broker: Sending Cloudlet #3842 to Vm #15
0.01: MET_Broker: Sending Cloudlet #3843 to Vm #15
0.01: MET_Broker: Sending Cloudlet #3844 to Vm #15
0.01: MET_Broker: Sending Cloudlet #3845 to Vm #15
0.01: MET_Broker: Sending Cloudlet #3846 to Vm #15
0.01: MET_Broker: Sending Cloudlet #3847 to Vm #15
0.01: MET_Broker: Sending Cloudlet #3848 to Vm #15
0.01: MET_Broker: Sending Cloudlet #3849 to Vm #15
0.01: MET_Broker: Sending Cloudlet #3850 to Vm #15
0.01: MET_Broker: Sending Cloudlet #3851 to Vm #15
0.01: MET_Broker: Sending Cloudlet #3852 to Vm #15
0.01: MET_Broker: Sending Cloudlet #3853 to Vm #15
0.01: MET_Broker: Sending Cloudlet #3854 to Vm #15
0.01: MET_Broker: Sending Cloudlet #3855 to Vm #15
0.01: MET_Broker: Sending Cloudlet #3856 to Vm #15
0.01: MET_Broker: Sending Cloudlet #3857 to Vm #15
0.01: MET_Broker: Sending Cloudlet #3858 to Vm #15
0.01: MET_Broker: Sending Cloudlet #3859 to Vm #15
0.01: MET_Broker: Sending Cloudlet #3860 to Vm #15
0.01: MET_Broker: Sending Cloudlet #3861 to Vm #15
0.01: MET_Broker: Sending Cloudlet #3862 to Vm #15
0.01: MET_Broker: Sending Cloudlet #3863 to Vm #15
0.01: MET_Broker: Sending Cloudlet #3864 to Vm #15
0.01: MET_Broker: Sending Cloudlet #3865 to Vm #15
0.01: MET_Broker: Sending Cloudlet #3866 to Vm #15
0.01: MET_Broker: Sending Cloudlet #3867 to Vm #15
0.01: MET_Broker: Sending Cloudlet #3868 to Vm #15
0.01: MET_Broker: Sending Cloudlet #3869 to Vm #15
0.01: MET_Broker: Sending Cloudlet #3870 to Vm #15
0.01: MET_Broker: Sending Cloudlet #3871 to Vm #15
0.01: MET_Broker: Sending Cloudlet #3872 to Vm #15
0.01: MET_Broker: Sending Cloudlet #3873 to Vm #15
0.01: MET_Broker: Sending Cloudlet #3874 to Vm #15
0.01: MET_Broker: Sending Cloudlet #3875 to Vm #15
0.01: MET_Broker: Sending Cloudlet #3876 to Vm #15
0.01: MET_Broker: Sending Cloudlet #3877 to Vm #15
0.01: MET_Broker: Sending Cloudlet #3878 to Vm #15
0.01: MET_Broker: Sending Cloudlet #3879 to Vm #15
0.01: MET_Broker: Sending Cloudlet #3880 to Vm #15
0.01: MET_Broker: Sending Cloudlet #3881 to Vm #15
0.01: MET_Broker: Sending Cloudlet #3882 to Vm #15
0.01: MET_Broker: Sending Cloudlet #3883 to Vm #15
0.01: MET_Broker: Sending Cloudlet #3884 to Vm #15
0.01: MET_Broker: Sending Cloudlet #3885 to Vm #15
0.01: MET_Broker: Sending Cloudlet #3886 to Vm #15
0.01: MET_Broker: Sending Cloudlet #3887 to Vm #15
0.01: MET_Broker: Sending Cloudlet #3888 to Vm #15
0.01: MET_Broker: Sending Cloudlet #3889 to Vm #15
0.01: MET_Broker: Sending Cloudlet #3890 to Vm #15
0.01: MET_Broker: Sending Cloudlet #3891 to Vm #15
0.01: MET_Broker: Sending Cloudlet #3892 to Vm #15
0.01: MET_Broker: Sending Cloudlet #3893 to Vm #15
0.01: MET_Broker: Sending Cloudlet #3894 to Vm #15
0.01: MET_Broker: Sending Cloudlet #3895 to Vm #15
0.01: MET_Broker: Sending Cloudlet #3896 to Vm #15
0.01: MET_Broker: Sending Cloudlet #3897 to Vm #15
0.01: MET_Broker: Sending Cloudlet #3898 to Vm #15
0.01: MET_Broker: Sending Cloudlet #3899 to Vm #15
0.01: MET_Broker: Sending Cloudlet #3900 to Vm #15
0.01: MET_Broker: Sending Cloudlet #3901 to Vm #15
0.01: MET_Broker: Sending Cloudlet #3902 to Vm #15
0.01: MET_Broker: Sending Cloudlet #3903 to Vm #15
0.01: MET_Broker: Sending Cloudlet #3904 to Vm #15
0.01: MET_Broker: Sending Cloudlet #3905 to Vm #15
0.01: MET_Broker: Sending Cloudlet #3906 to Vm #15
0.01: MET_Broker: Sending Cloudlet #3907 to Vm #15
0.01: MET_Broker: Sending Cloudlet #3908 to Vm #15
0.01: MET_Broker: Sending Cloudlet #3909 to Vm #15
0.01: MET_Broker: Sending Cloudlet #3910 to Vm #15
0.01: MET_Broker: Sending Cloudlet #3911 to Vm #15
0.01: MET_Broker: Sending Cloudlet #3912 to Vm #15
0.01: MET_Broker: Sending Cloudlet #3913 to Vm #15
0.01: MET_Broker: Sending Cloudlet #3914 to Vm #15
0.01: MET_Broker: Sending Cloudlet #3915 to Vm #15
0.01: MET_Broker: Sending Cloudlet #3916 to Vm #15
0.01: MET_Broker: Sending Cloudlet #3917 to Vm #15
0.01: MET_Broker: Sending Cloudlet #3918 to Vm #15
0.01: MET_Broker: Sending Cloudlet #3919 to Vm #15
0.01: MET_Broker: Sending Cloudlet #3920 to Vm #15
0.01: MET_Broker: Sending Cloudlet #3921 to Vm #15
0.01: MET_Broker: Sending Cloudlet #3922 to Vm #15
0.01: MET_Broker: Sending Cloudlet #3923 to Vm #15
0.01: MET_Broker: Sending Cloudlet #3924 to Vm #15
0.01: MET_Broker: Sending Cloudlet #3925 to Vm #15
0.01: MET_Broker: Sending Cloudlet #3926 to Vm #15
0.01: MET_Broker: Sending Cloudlet #3927 to Vm #15
0.01: MET_Broker: Sending Cloudlet #3928 to Vm #15
0.01: MET_Broker: Sending Cloudlet #3929 to Vm #15
0.01: MET_Broker: Sending Cloudlet #3930 to Vm #15
0.01: MET_Broker: Sending Cloudlet #3931 to Vm #15
0.01: MET_Broker: Sending Cloudlet #3932 to Vm #15
0.01: MET_Broker: Sending Cloudlet #3933 to Vm #15
0.01: MET_Broker: Sending Cloudlet #3934 to Vm #15
0.01: MET_Broker: Sending Cloudlet #3935 to Vm #15
0.01: MET_Broker: Sending Cloudlet #3936 to Vm #15
0.01: MET_Broker: Sending Cloudlet #3937 to Vm #15
0.01: MET_Broker: Sending Cloudlet #3938 to Vm #15
0.01: MET_Broker: Sending Cloudlet #3939 to Vm #15
0.01: MET_Broker: Sending Cloudlet #3940 to Vm #15
0.01: MET_Broker: Sending Cloudlet #3941 to Vm #15
0.01: MET_Broker: Sending Cloudlet #3942 to Vm #15
0.01: MET_Broker: Sending Cloudlet #3943 to Vm #15
0.01: MET_Broker: Sending Cloudlet #3944 to Vm #15
0.01: MET_Broker: Sending Cloudlet #3945 to Vm #15
0.01: MET_Broker: Sending Cloudlet #3946 to Vm #15
0.01: MET_Broker: Sending Cloudlet #3947 to Vm #15
0.01: MET_Broker: Sending Cloudlet #3948 to Vm #15
0.01: MET_Broker: Sending Cloudlet #3949 to Vm #15
0.01: MET_Broker: Sending Cloudlet #3950 to Vm #15
0.01: MET_Broker: Sending Cloudlet #3951 to Vm #15
0.01: MET_Broker: Sending Cloudlet #3952 to Vm #15
0.01: MET_Broker: Sending Cloudlet #3953 to Vm #15
0.01: MET_Broker: Sending Cloudlet #3954 to Vm #15
0.01: MET_Broker: Sending Cloudlet #3955 to Vm #15
0.01: MET_Broker: Sending Cloudlet #3956 to Vm #15
0.01: MET_Broker: Sending Cloudlet #3957 to Vm #15
0.01: MET_Broker: Sending Cloudlet #3958 to Vm #15
0.01: MET_Broker: Sending Cloudlet #3959 to Vm #15
0.01: MET_Broker: Sending Cloudlet #3960 to Vm #15
0.01: MET_Broker: Sending Cloudlet #3961 to Vm #15
0.01: MET_Broker: Sending Cloudlet #3962 to Vm #15
0.01: MET_Broker: Sending Cloudlet #3963 to Vm #15
0.01: MET_Broker: Sending Cloudlet #3964 to Vm #15
0.01: MET_Broker: Sending Cloudlet #3965 to Vm #15
0.01: MET_Broker: Sending Cloudlet #3966 to Vm #15
0.01: MET_Broker: Sending Cloudlet #3967 to Vm #15
0.01: MET_Broker: Sending Cloudlet #3968 to Vm #15
0.01: MET_Broker: Sending Cloudlet #3969 to Vm #15
0.01: MET_Broker: Sending Cloudlet #3970 to Vm #15
0.01: MET_Broker: Sending Cloudlet #3971 to Vm #15
0.01: MET_Broker: Sending Cloudlet #3972 to Vm #15
0.01: MET_Broker: Sending Cloudlet #3973 to Vm #15
0.01: MET_Broker: Sending Cloudlet #3974 to Vm #15
0.01: MET_Broker: Sending Cloudlet #3975 to Vm #15
0.01: MET_Broker: Sending Cloudlet #3976 to Vm #15
0.01: MET_Broker: Sending Cloudlet #3977 to Vm #15
0.01: MET_Broker: Sending Cloudlet #3978 to Vm #15
0.01: MET_Broker: Sending Cloudlet #3979 to Vm #15
0.01: MET_Broker: Sending Cloudlet #3980 to Vm #15
0.01: MET_Broker: Sending Cloudlet #3981 to Vm #15
0.01: MET_Broker: Sending Cloudlet #3982 to Vm #15
0.01: MET_Broker: Sending Cloudlet #3983 to Vm #15
0.01: MET_Broker: Sending Cloudlet #3984 to Vm #15
0.01: MET_Broker: Sending Cloudlet #3985 to Vm #15
0.01: MET_Broker: Sending Cloudlet #3986 to Vm #15
0.01: MET_Broker: Sending Cloudlet #3987 to Vm #15
0.01: MET_Broker: Sending Cloudlet #3988 to Vm #15
0.01: MET_Broker: Sending Cloudlet #3989 to Vm #15
0.01: MET_Broker: Sending Cloudlet #3990 to Vm #15
0.01: MET_Broker: Sending Cloudlet #3991 to Vm #15
0.01: MET_Broker: Sending Cloudlet #3992 to Vm #15
0.01: MET_Broker: Sending Cloudlet #3993 to Vm #15
0.01: MET_Broker: Sending Cloudlet #3994 to Vm #15
0.01: MET_Broker: Sending Cloudlet #3995 to Vm #15
0.01: MET_Broker: Sending Cloudlet #3996 to Vm #15
0.01: MET_Broker: Sending Cloudlet #3997 to Vm #15
0.01: MET_Broker: Sending Cloudlet #3998 to Vm #15
0.01: MET_Broker: Sending Cloudlet #3999 to Vm #15
12.379999999999999: MET_Broker: Cloudlet #3 return received
12.379999999999999: MET_Broker: The number of finished Cloudlets is:1
19.9752: MET_Broker: Cloudlet #2 return received
19.9752: MET_Broker: The number of finished Cloudlets is:2
39.6428: MET_Broker: Cloudlet #0 return received
39.6428: MET_Broker: The number of finished Cloudlets is:3
52.0276: MET_Broker: Cloudlet #6 return received
52.0276: MET_Broker: The number of finished Cloudlets is:4
59.4796: MET_Broker: Cloudlet #5 return received
59.4796: MET_Broker: The number of finished Cloudlets is:5
67.8152: MET_Broker: Cloudlet #4 return received
67.8152: MET_Broker: The number of finished Cloudlets is:6
72.274: MET_Broker: Cloudlet #8 return received
72.274: MET_Broker: The number of finished Cloudlets is:7
74.5788: MET_Broker: Cloudlet #7 return received
74.5788: MET_Broker: The number of finished Cloudlets is:8
87.9328: MET_Broker: Cloudlet #1 return received
87.9328: MET_Broker: The number of finished Cloudlets is:9
92.5004: MET_Broker: Cloudlet #11 return received
92.5004: MET_Broker: The number of finished Cloudlets is:10
94.8072: MET_Broker: Cloudlet #12 return received
94.8072: MET_Broker: The number of finished Cloudlets is:11
102.6032: MET_Broker: Cloudlet #14 return received
102.6032: MET_Broker: The number of finished Cloudlets is:12
119.7128: MET_Broker: Cloudlet #13 return received
119.7128: MET_Broker: The number of finished Cloudlets is:13
123.7448: MET_Broker: Cloudlet #15 return received
123.7448: MET_Broker: The number of finished Cloudlets is:14
135.9472: MET_Broker: Cloudlet #16 return received
135.9472: MET_Broker: The number of finished Cloudlets is:15
175.642: MET_Broker: Cloudlet #18 return received
175.642: MET_Broker: The number of finished Cloudlets is:16
177.3204: MET_Broker: Cloudlet #10 return received
177.3204: MET_Broker: The number of finished Cloudlets is:17
197.3032: MET_Broker: Cloudlet #19 return received
197.3032: MET_Broker: The number of finished Cloudlets is:18
213.088: MET_Broker: Cloudlet #20 return received
213.088: MET_Broker: The number of finished Cloudlets is:19
216.1268: MET_Broker: Cloudlet #9 return received
216.1268: MET_Broker: The number of finished Cloudlets is:20
231.138: MET_Broker: Cloudlet #23 return received
231.138: MET_Broker: The number of finished Cloudlets is:21
242.4924: MET_Broker: Cloudlet #24 return received
242.4924: MET_Broker: The number of finished Cloudlets is:22
262.38800000000003: MET_Broker: Cloudlet #22 return received
262.38800000000003: MET_Broker: The number of finished Cloudlets is:23
266.05600000000004: MET_Broker: Cloudlet #25 return received
266.05600000000004: MET_Broker: The number of finished Cloudlets is:24
275.6956: MET_Broker: Cloudlet #17 return received
275.6956: MET_Broker: The number of finished Cloudlets is:25
345.2516: MET_Broker: Cloudlet #21 return received
345.2516: MET_Broker: The number of finished Cloudlets is:26
365.0588: MET_Broker: Cloudlet #28 return received
365.0588: MET_Broker: The number of finished Cloudlets is:27
438.3832: MET_Broker: Cloudlet #29 return received
438.3832: MET_Broker: The number of finished Cloudlets is:28
454.9228: MET_Broker: Cloudlet #27 return received
454.9228: MET_Broker: The number of finished Cloudlets is:29
494.8776: MET_Broker: Cloudlet #31 return received
494.8776: MET_Broker: The number of finished Cloudlets is:30
501.1436: MET_Broker: Cloudlet #33 return received
501.1436: MET_Broker: The number of finished Cloudlets is:31
505.28679999999997: MET_Broker: Cloudlet #32 return received
505.28679999999997: MET_Broker: The number of finished Cloudlets is:32
508.33639999999997: MET_Broker: Cloudlet #34 return received
508.33639999999997: MET_Broker: The number of finished Cloudlets is:33
521.2484: MET_Broker: Cloudlet #35 return received
521.2484: MET_Broker: The number of finished Cloudlets is:34
524.53: MET_Broker: Cloudlet #36 return received
524.53: MET_Broker: The number of finished Cloudlets is:35
537.7991999999999: MET_Broker: Cloudlet #38 return received
537.7991999999999: MET_Broker: The number of finished Cloudlets is:36
555.6743999999999: MET_Broker: Cloudlet #37 return received
555.6743999999999: MET_Broker: The number of finished Cloudlets is:37
573.1495999999999: MET_Broker: Cloudlet #40 return received
573.1495999999999: MET_Broker: The number of finished Cloudlets is:38
575.3247999999999: MET_Broker: Cloudlet #30 return received
575.3247999999999: MET_Broker: The number of finished Cloudlets is:39
578.9799999999999: MET_Broker: Cloudlet #26 return received
578.9799999999999: MET_Broker: The number of finished Cloudlets is:40
581.2055999999999: MET_Broker: Cloudlet #39 return received
581.2055999999999: MET_Broker: The number of finished Cloudlets is:41
592.0155999999998: MET_Broker: Cloudlet #44 return received
592.0155999999998: MET_Broker: The number of finished Cloudlets is:42
623.9667999999998: MET_Broker: Cloudlet #41 return received
623.9667999999998: MET_Broker: The number of finished Cloudlets is:43
664.4487999999998: MET_Broker: Cloudlet #45 return received
664.4487999999998: MET_Broker: The number of finished Cloudlets is:44
667.6791999999998: MET_Broker: Cloudlet #42 return received
667.6791999999998: MET_Broker: The number of finished Cloudlets is:45
674.2515999999998: MET_Broker: Cloudlet #46 return received
674.2515999999998: MET_Broker: The number of finished Cloudlets is:46
686.7567999999998: MET_Broker: Cloudlet #49 return received
686.7567999999998: MET_Broker: The number of finished Cloudlets is:47
714.4603999999998: MET_Broker: Cloudlet #43 return received
714.4603999999998: MET_Broker: The number of finished Cloudlets is:48
727.2307999999998: MET_Broker: Cloudlet #48 return received
727.2307999999998: MET_Broker: The number of finished Cloudlets is:49
733.4815999999998: MET_Broker: Cloudlet #51 return received
733.4815999999998: MET_Broker: The number of finished Cloudlets is:50
763.3023999999998: MET_Broker: Cloudlet #53 return received
763.3023999999998: MET_Broker: The number of finished Cloudlets is:51
771.9231999999998: MET_Broker: Cloudlet #54 return received
771.9231999999998: MET_Broker: The number of finished Cloudlets is:52
781.1151999999998: MET_Broker: Cloudlet #50 return received
781.1151999999998: MET_Broker: The number of finished Cloudlets is:53
809.6731999999998: MET_Broker: Cloudlet #55 return received
809.6731999999998: MET_Broker: The number of finished Cloudlets is:54
812.6767999999998: MET_Broker: Cloudlet #56 return received
812.6767999999998: MET_Broker: The number of finished Cloudlets is:55
841.8483999999999: MET_Broker: Cloudlet #57 return received
841.8483999999999: MET_Broker: The number of finished Cloudlets is:56
861.9599999999998: MET_Broker: Cloudlet #47 return received
861.9599999999998: MET_Broker: The number of finished Cloudlets is:57
868.5607999999999: MET_Broker: Cloudlet #58 return received
868.5607999999999: MET_Broker: The number of finished Cloudlets is:58
899.5499999999998: MET_Broker: Cloudlet #59 return received
899.5499999999998: MET_Broker: The number of finished Cloudlets is:59
935.0807999999998: MET_Broker: Cloudlet #60 return received
935.0807999999998: MET_Broker: The number of finished Cloudlets is:60
948.9359999999998: MET_Broker: Cloudlet #62 return received
948.9359999999998: MET_Broker: The number of finished Cloudlets is:61
978.6903999999998: MET_Broker: Cloudlet #64 return received
978.6903999999998: MET_Broker: The number of finished Cloudlets is:62
989.7871999999999: MET_Broker: Cloudlet #65 return received
989.7871999999999: MET_Broker: The number of finished Cloudlets is:63
1000.9859999999999: MET_Broker: Cloudlet #66 return received
1000.9859999999999: MET_Broker: The number of finished Cloudlets is:64
1036.1616: MET_Broker: Cloudlet #67 return received
1036.1616: MET_Broker: The number of finished Cloudlets is:65
1078.3128: MET_Broker: Cloudlet #52 return received
1078.3128: MET_Broker: The number of finished Cloudlets is:66
1087.9704: MET_Broker: Cloudlet #69 return received
1087.9704: MET_Broker: The number of finished Cloudlets is:67
1105.378: MET_Broker: Cloudlet #61 return received
1105.378: MET_Broker: The number of finished Cloudlets is:68
1125.1656: MET_Broker: Cloudlet #70 return received
1125.1656: MET_Broker: The number of finished Cloudlets is:69
1154.928: MET_Broker: Cloudlet #71 return received
1154.928: MET_Broker: The number of finished Cloudlets is:70
1181.0792000000001: MET_Broker: Cloudlet #72 return received
1181.0792000000001: MET_Broker: The number of finished Cloudlets is:71
1189.766: MET_Broker: Cloudlet #74 return received
1189.766: MET_Broker: The number of finished Cloudlets is:72
1201.6548: MET_Broker: Cloudlet #75 return received
1201.6548: MET_Broker: The number of finished Cloudlets is:73
1232.192: MET_Broker: Cloudlet #76 return received
1232.192: MET_Broker: The number of finished Cloudlets is:74
1244.116: MET_Broker: Cloudlet #73 return received
1244.116: MET_Broker: The number of finished Cloudlets is:75
1249.8048: MET_Broker: Cloudlet #63 return received
1249.8048: MET_Broker: The number of finished Cloudlets is:76
1255.7171999999998: MET_Broker: Cloudlet #77 return received
1255.7171999999998: MET_Broker: The number of finished Cloudlets is:77
1257.6655999999998: MET_Broker: Cloudlet #79 return received
1257.6655999999998: MET_Broker: The number of finished Cloudlets is:78
1283.8908: MET_Broker: Cloudlet #78 return received
1283.8908: MET_Broker: The number of finished Cloudlets is:79
1309.8203999999998: MET_Broker: Cloudlet #68 return received
1309.8203999999998: MET_Broker: The number of finished Cloudlets is:80
1326.9011999999998: MET_Broker: Cloudlet #81 return received
1326.9011999999998: MET_Broker: The number of finished Cloudlets is:81
1333.6067999999998: MET_Broker: Cloudlet #82 return received
1333.6067999999998: MET_Broker: The number of finished Cloudlets is:82
1361.4135999999999: MET_Broker: Cloudlet #85 return received
1361.4135999999999: MET_Broker: The number of finished Cloudlets is:83
1412.5536: MET_Broker: Cloudlet #86 return received
1412.5536: MET_Broker: The number of finished Cloudlets is:84
1417.5: MET_Broker: Cloudlet #80 return received
1417.5: MET_Broker: The number of finished Cloudlets is:85
1426.8092: MET_Broker: Cloudlet #88 return received
1426.8092: MET_Broker: The number of finished Cloudlets is:86
1435.7495999999999: MET_Broker: Cloudlet #87 return received
1435.7495999999999: MET_Broker: The number of finished Cloudlets is:87
1446.9823999999999: MET_Broker: Cloudlet #84 return received
1446.9823999999999: MET_Broker: The number of finished Cloudlets is:88
1457.0855999999999: MET_Broker: Cloudlet #91 return received
1457.0855999999999: MET_Broker: The number of finished Cloudlets is:89
1491.6172: MET_Broker: Cloudlet #83 return received
1491.6172: MET_Broker: The number of finished Cloudlets is:90
1513.0359999999998: MET_Broker: Cloudlet #90 return received
1513.0359999999998: MET_Broker: The number of finished Cloudlets is:91
1546.1827999999998: MET_Broker: Cloudlet #93 return received
1546.1827999999998: MET_Broker: The number of finished Cloudlets is:92
1549.8935999999999: MET_Broker: Cloudlet #94 return received
1549.8935999999999: MET_Broker: The number of finished Cloudlets is:93
1568.6919999999998: MET_Broker: Cloudlet #96 return received
1568.6919999999998: MET_Broker: The number of finished Cloudlets is:94
1577.7631999999999: MET_Broker: Cloudlet #92 return received
1577.7631999999999: MET_Broker: The number of finished Cloudlets is:95
1619.2007999999998: MET_Broker: Cloudlet #97 return received
1619.2007999999998: MET_Broker: The number of finished Cloudlets is:96
1628.0836: MET_Broker: Cloudlet #98 return received
1628.0836: MET_Broker: The number of finished Cloudlets is:97
1647.1512: MET_Broker: Cloudlet #100 return received
1647.1512: MET_Broker: The number of finished Cloudlets is:98
1655.4252: MET_Broker: Cloudlet #89 return received
1655.4252: MET_Broker: The number of finished Cloudlets is:99
1669.6028: MET_Broker: Cloudlet #102 return received
1669.6028: MET_Broker: The number of finished Cloudlets is:100
1707.0947999999999: MET_Broker: Cloudlet #101 return received
1707.0947999999999: MET_Broker: The number of finished Cloudlets is:101
1718.04: MET_Broker: Cloudlet #104 return received
1718.04: MET_Broker: The number of finished Cloudlets is:102
1726.9536: MET_Broker: Cloudlet #95 return received
1726.9536: MET_Broker: The number of finished Cloudlets is:103
1746.3632: MET_Broker: Cloudlet #105 return received
1746.3632: MET_Broker: The number of finished Cloudlets is:104
1776.0512: MET_Broker: Cloudlet #107 return received
1776.0512: MET_Broker: The number of finished Cloudlets is:105
1812.0824: MET_Broker: Cloudlet #99 return received
1812.0824: MET_Broker: The number of finished Cloudlets is:106
1841.6680000000001: MET_Broker: Cloudlet #103 return received
1841.6680000000001: MET_Broker: The number of finished Cloudlets is:107
1948.3252000000002: MET_Broker: Cloudlet #106 return received
1948.3252000000002: MET_Broker: The number of finished Cloudlets is:108
1971.3724000000002: MET_Broker: Cloudlet #108 return received
1971.3724000000002: MET_Broker: The number of finished Cloudlets is:109
1986.8620000000003: MET_Broker: Cloudlet #109 return received
1986.8620000000003: MET_Broker: The number of finished Cloudlets is:110
2019.6132000000002: MET_Broker: Cloudlet #113 return received
2019.6132000000002: MET_Broker: The number of finished Cloudlets is:111
2037.1800000000003: MET_Broker: Cloudlet #110 return received
2037.1800000000003: MET_Broker: The number of finished Cloudlets is:112
2044.4344000000003: MET_Broker: Cloudlet #112 return received
2044.4344000000003: MET_Broker: The number of finished Cloudlets is:113
2061.8652: MET_Broker: Cloudlet #116 return received
2061.8652: MET_Broker: The number of finished Cloudlets is:114
2070.1736: MET_Broker: Cloudlet #117 return received
2070.1736: MET_Broker: The number of finished Cloudlets is:115
2084.7856: MET_Broker: Cloudlet #115 return received
2084.7856: MET_Broker: The number of finished Cloudlets is:116
2084.958: MET_Broker: Cloudlet #111 return received
2084.958: MET_Broker: The number of finished Cloudlets is:117
2101.5516000000002: MET_Broker: Cloudlet #118 return received
2101.5516000000002: MET_Broker: The number of finished Cloudlets is:118
2114.6676: MET_Broker: Cloudlet #119 return received
2114.6676: MET_Broker: The number of finished Cloudlets is:119
2150.3476: MET_Broker: Cloudlet #121 return received
2150.3476: MET_Broker: The number of finished Cloudlets is:120
2168.396: MET_Broker: Cloudlet #122 return received
2168.396: MET_Broker: The number of finished Cloudlets is:121
2168.5368000000003: MET_Broker: Cloudlet #123 return received
2168.5368000000003: MET_Broker: The number of finished Cloudlets is:122
2183.5908000000004: MET_Broker: Cloudlet #114 return received
2183.5908000000004: MET_Broker: The number of finished Cloudlets is:123
2185.5264: MET_Broker: Cloudlet #125 return received
2185.5264: MET_Broker: The number of finished Cloudlets is:124
2203.8856: MET_Broker: Cloudlet #127 return received
2203.8856: MET_Broker: The number of finished Cloudlets is:125
2216.1584000000003: MET_Broker: Cloudlet #128 return received
2216.1584000000003: MET_Broker: The number of finished Cloudlets is:126
2262.3772000000004: MET_Broker: Cloudlet #129 return received
2262.3772000000004: MET_Broker: The number of finished Cloudlets is:127
2315.8644000000004: MET_Broker: Cloudlet #130 return received
2315.8644000000004: MET_Broker: The number of finished Cloudlets is:128
2326.7876000000006: MET_Broker: Cloudlet #120 return received
2326.7876000000006: MET_Broker: The number of finished Cloudlets is:129
2343.9324000000006: MET_Broker: Cloudlet #132 return received
2343.9324000000006: MET_Broker: The number of finished Cloudlets is:130
2362.3668000000007: MET_Broker: Cloudlet #131 return received
2362.3668000000007: MET_Broker: The number of finished Cloudlets is:131
2387.1260000000007: MET_Broker: Cloudlet #133 return received
2387.1260000000007: MET_Broker: The number of finished Cloudlets is:132
2395.966000000001: MET_Broker: Cloudlet #135 return received
2395.966000000001: MET_Broker: The number of finished Cloudlets is:133
2408.009200000001: MET_Broker: Cloudlet #136 return received
2408.009200000001: MET_Broker: The number of finished Cloudlets is:134
2414.4100000000008: MET_Broker: Cloudlet #124 return received
2414.4100000000008: MET_Broker: The number of finished Cloudlets is:135
2421.7764000000006: MET_Broker: Cloudlet #126 return received
2421.7764000000006: MET_Broker: The number of finished Cloudlets is:136
2450.603600000001: MET_Broker: Cloudlet #138 return received
2450.603600000001: MET_Broker: The number of finished Cloudlets is:137
2457.2560000000008: MET_Broker: Cloudlet #137 return received
2457.2560000000008: MET_Broker: The number of finished Cloudlets is:138
2474.7980000000007: MET_Broker: Cloudlet #141 return received
2474.7980000000007: MET_Broker: The number of finished Cloudlets is:139
2492.9780000000005: MET_Broker: Cloudlet #142 return received
2492.9780000000005: MET_Broker: The number of finished Cloudlets is:140
2506.4672000000005: MET_Broker: Cloudlet #140 return received
2506.4672000000005: MET_Broker: The number of finished Cloudlets is:141
2552.5328000000004: MET_Broker: Cloudlet #143 return received
2552.5328000000004: MET_Broker: The number of finished Cloudlets is:142
2565.8316000000004: MET_Broker: Cloudlet #139 return received
2565.8316000000004: MET_Broker: The number of finished Cloudlets is:143
2570.1384000000003: MET_Broker: Cloudlet #145 return received
2570.1384000000003: MET_Broker: The number of finished Cloudlets is:144
2581.3296000000005: MET_Broker: Cloudlet #134 return received
2581.3296000000005: MET_Broker: The number of finished Cloudlets is:145
2609.2480000000005: MET_Broker: Cloudlet #148 return received
2609.2480000000005: MET_Broker: The number of finished Cloudlets is:146
2613.1528000000003: MET_Broker: Cloudlet #147 return received
2613.1528000000003: MET_Broker: The number of finished Cloudlets is:147
2622.6804: MET_Broker: Cloudlet #146 return received
2622.6804: MET_Broker: The number of finished Cloudlets is:148
2639.7156: MET_Broker: Cloudlet #151 return received
2639.7156: MET_Broker: The number of finished Cloudlets is:149
2641.08: MET_Broker: Cloudlet #149 return received
2641.08: MET_Broker: The number of finished Cloudlets is:150
2655.5544: MET_Broker: Cloudlet #153 return received
2655.5544: MET_Broker: The number of finished Cloudlets is:151
2658.2336: MET_Broker: Cloudlet #150 return received
2658.2336: MET_Broker: The number of finished Cloudlets is:152
2672.0568: MET_Broker: Cloudlet #155 return received
2672.0568: MET_Broker: The number of finished Cloudlets is:153
2680.7599999999998: MET_Broker: Cloudlet #152 return received
2680.7599999999998: MET_Broker: The number of finished Cloudlets is:154
2705.502: MET_Broker: Cloudlet #156 return received
2705.502: MET_Broker: The number of finished Cloudlets is:155
2755.1072: MET_Broker: Cloudlet #157 return received
2755.1072: MET_Broker: The number of finished Cloudlets is:156
2767.2388: MET_Broker: Cloudlet #154 return received
2767.2388: MET_Broker: The number of finished Cloudlets is:157
2772.158: MET_Broker: Cloudlet #159 return received
2772.158: MET_Broker: The number of finished Cloudlets is:158
2779.0416: MET_Broker: Cloudlet #160 return received
2779.0416: MET_Broker: The number of finished Cloudlets is:159
2809.3192: MET_Broker: Cloudlet #144 return received
2809.3192: MET_Broker: The number of finished Cloudlets is:160
2857.5944: MET_Broker: Cloudlet #163 return received
2857.5944: MET_Broker: The number of finished Cloudlets is:161
2881.4924: MET_Broker: Cloudlet #164 return received
2881.4924: MET_Broker: The number of finished Cloudlets is:162
2889.0556: MET_Broker: Cloudlet #165 return received
2889.0556: MET_Broker: The number of finished Cloudlets is:163
2917.2272000000003: MET_Broker: Cloudlet #158 return received
2917.2272000000003: MET_Broker: The number of finished Cloudlets is:164
2923.6672000000003: MET_Broker: Cloudlet #166 return received
2923.6672000000003: MET_Broker: The number of finished Cloudlets is:165
2937.6724000000004: MET_Broker: Cloudlet #168 return received
2937.6724000000004: MET_Broker: The number of finished Cloudlets is:166
2954.3756000000003: MET_Broker: Cloudlet #169 return received
2954.3756000000003: MET_Broker: The number of finished Cloudlets is:167
2978.514: MET_Broker: Cloudlet #170 return received
2978.514: MET_Broker: The number of finished Cloudlets is:168
3043.3872: MET_Broker: Cloudlet #162 return received
3043.3872: MET_Broker: The number of finished Cloudlets is:169
3070.31: MET_Broker: Cloudlet #167 return received
3070.31: MET_Broker: The number of finished Cloudlets is:170
3094.5848: MET_Broker: Cloudlet #172 return received
3094.5848: MET_Broker: The number of finished Cloudlets is:171
3102.0088: MET_Broker: Cloudlet #161 return received
3102.0088: MET_Broker: The number of finished Cloudlets is:172
3108.0552000000002: MET_Broker: Cloudlet #171 return received
3108.0552000000002: MET_Broker: The number of finished Cloudlets is:173
3113.0652000000005: MET_Broker: Cloudlet #174 return received
3113.0652000000005: MET_Broker: The number of finished Cloudlets is:174
3120.2016000000003: MET_Broker: Cloudlet #177 return received
3120.2016000000003: MET_Broker: The number of finished Cloudlets is:175
3146.4412: MET_Broker: Cloudlet #175 return received
3146.4412: MET_Broker: The number of finished Cloudlets is:176
3154.5464: MET_Broker: Cloudlet #179 return received
3154.5464: MET_Broker: The number of finished Cloudlets is:177
3172.7168: MET_Broker: Cloudlet #180 return received
3172.7168: MET_Broker: The number of finished Cloudlets is:178
3204.5584000000003: MET_Broker: Cloudlet #181 return received
3204.5584000000003: MET_Broker: The number of finished Cloudlets is:179
3205.8336000000004: MET_Broker: Cloudlet #173 return received
3205.8336000000004: MET_Broker: The number of finished Cloudlets is:180
3212.9524000000006: MET_Broker: Cloudlet #182 return received
3212.9524000000006: MET_Broker: The number of finished Cloudlets is:181
3264.955200000001: MET_Broker: Cloudlet #176 return received
3264.955200000001: MET_Broker: The number of finished Cloudlets is:182
3267.366000000001: MET_Broker: Cloudlet #178 return received
3267.366000000001: MET_Broker: The number of finished Cloudlets is:183
3280.3376000000007: MET_Broker: Cloudlet #183 return received
3280.3376000000007: MET_Broker: The number of finished Cloudlets is:184
3284.982400000001: MET_Broker: Cloudlet #186 return received
3284.982400000001: MET_Broker: The number of finished Cloudlets is:185
3293.402400000001: MET_Broker: Cloudlet #187 return received
3293.402400000001: MET_Broker: The number of finished Cloudlets is:186
3295.826000000001: MET_Broker: Cloudlet #185 return received
3295.826000000001: MET_Broker: The number of finished Cloudlets is:187
3302.4608000000007: MET_Broker: Cloudlet #189 return received
3302.4608000000007: MET_Broker: The number of finished Cloudlets is:188
3308.226400000001: MET_Broker: Cloudlet #188 return received
3308.226400000001: MET_Broker: The number of finished Cloudlets is:189
3308.706800000001: MET_Broker: Cloudlet #191 return received
3308.706800000001: MET_Broker: The number of finished Cloudlets is:190
3318.476000000001: MET_Broker: Cloudlet #190 return received
3318.476000000001: MET_Broker: The number of finished Cloudlets is:191
3357.822400000001: MET_Broker: Cloudlet #192 return received
3357.822400000001: MET_Broker: The number of finished Cloudlets is:192
3367.9028000000008: MET_Broker: Cloudlet #184 return received
3367.9028000000008: MET_Broker: The number of finished Cloudlets is:193
3370.2344000000007: MET_Broker: Cloudlet #194 return received
3370.2344000000007: MET_Broker: The number of finished Cloudlets is:194
3375.4012000000007: MET_Broker: Cloudlet #196 return received
3375.4012000000007: MET_Broker: The number of finished Cloudlets is:195
3394.9688000000006: MET_Broker: Cloudlet #198 return received
3394.9688000000006: MET_Broker: The number of finished Cloudlets is:196
3401.1232000000005: MET_Broker: Cloudlet #199 return received
3401.1232000000005: MET_Broker: The number of finished Cloudlets is:197
3444.0700000000006: MET_Broker: Cloudlet #200 return received
3444.0700000000006: MET_Broker: The number of finished Cloudlets is:198
3462.989600000001: MET_Broker: Cloudlet #193 return received
3462.989600000001: MET_Broker: The number of finished Cloudlets is:199
3492.854800000001: MET_Broker: Cloudlet #202 return received
3492.854800000001: MET_Broker: The number of finished Cloudlets is:200
3511.9444000000008: MET_Broker: Cloudlet #197 return received
3511.9444000000008: MET_Broker: The number of finished Cloudlets is:201
3529.036400000001: MET_Broker: Cloudlet #204 return received
3529.036400000001: MET_Broker: The number of finished Cloudlets is:202
3530.6328000000008: MET_Broker: Cloudlet #203 return received
3530.6328000000008: MET_Broker: The number of finished Cloudlets is:203
3539.628800000001: MET_Broker: Cloudlet #205 return received
3539.628800000001: MET_Broker: The number of finished Cloudlets is:204
3555.332800000001: MET_Broker: Cloudlet #207 return received
3555.332800000001: MET_Broker: The number of finished Cloudlets is:205
3564.206800000001: MET_Broker: Cloudlet #208 return received
3564.206800000001: MET_Broker: The number of finished Cloudlets is:206
3570.5660000000007: MET_Broker: Cloudlet #206 return received
3570.5660000000007: MET_Broker: The number of finished Cloudlets is:207
3579.690400000001: MET_Broker: Cloudlet #209 return received
3579.690400000001: MET_Broker: The number of finished Cloudlets is:208
3594.258400000001: MET_Broker: Cloudlet #211 return received
3594.258400000001: MET_Broker: The number of finished Cloudlets is:209
3705.568000000001: MET_Broker: Cloudlet #195 return received
3705.568000000001: MET_Broker: The number of finished Cloudlets is:210
3758.1816000000013: MET_Broker: Cloudlet #201 return received
3758.1816000000013: MET_Broker: The number of finished Cloudlets is:211
3768.885200000001: MET_Broker: Cloudlet #214 return received
3768.885200000001: MET_Broker: The number of finished Cloudlets is:212
3770.834800000001: MET_Broker: Cloudlet #210 return received
3770.834800000001: MET_Broker: The number of finished Cloudlets is:213
3798.958400000001: MET_Broker: Cloudlet #216 return received
3798.958400000001: MET_Broker: The number of finished Cloudlets is:214
3805.360400000001: MET_Broker: Cloudlet #217 return received
3805.360400000001: MET_Broker: The number of finished Cloudlets is:215
3808.6420000000007: MET_Broker: Cloudlet #215 return received
3808.6420000000007: MET_Broker: The number of finished Cloudlets is:216
3827.9816000000005: MET_Broker: Cloudlet #219 return received
3827.9816000000005: MET_Broker: The number of finished Cloudlets is:217
3856.1668000000004: MET_Broker: Cloudlet #218 return received
3856.1668000000004: MET_Broker: The number of finished Cloudlets is:218
3863.1056000000003: MET_Broker: Cloudlet #213 return received
3863.1056000000003: MET_Broker: The number of finished Cloudlets is:219
3874.4092000000005: MET_Broker: Cloudlet #221 return received
3874.4092000000005: MET_Broker: The number of finished Cloudlets is:220
3880.7224000000006: MET_Broker: Cloudlet #220 return received
3880.7224000000006: MET_Broker: The number of finished Cloudlets is:221
3916.8332000000005: MET_Broker: Cloudlet #223 return received
3916.8332000000005: MET_Broker: The number of finished Cloudlets is:222
3921.0120000000006: MET_Broker: Cloudlet #224 return received
3921.0120000000006: MET_Broker: The number of finished Cloudlets is:223
3930.7768000000005: MET_Broker: Cloudlet #212 return received
3930.7768000000005: MET_Broker: The number of finished Cloudlets is:224
3932.2848000000004: MET_Broker: Cloudlet #226 return received
3932.2848000000004: MET_Broker: The number of finished Cloudlets is:225
3949.4460000000004: MET_Broker: Cloudlet #225 return received
3949.4460000000004: MET_Broker: The number of finished Cloudlets is:226
3972.0644: MET_Broker: Cloudlet #227 return received
3972.0644: MET_Broker: The number of finished Cloudlets is:227
3977.4688: MET_Broker: Cloudlet #229 return received
3977.4688: MET_Broker: The number of finished Cloudlets is:228
3987.1028: MET_Broker: Cloudlet #228 return received
3987.1028: MET_Broker: The number of finished Cloudlets is:229
3995.1932: MET_Broker: Cloudlet #222 return received
3995.1932: MET_Broker: The number of finished Cloudlets is:230
3997.416: MET_Broker: Cloudlet #232 return received
3997.416: MET_Broker: The number of finished Cloudlets is:231
4001.7036000000003: MET_Broker: Cloudlet #233 return received
4001.7036000000003: MET_Broker: The number of finished Cloudlets is:232
4015.4012000000002: MET_Broker: Cloudlet #230 return received
4015.4012000000002: MET_Broker: The number of finished Cloudlets is:233
4052.2084000000004: MET_Broker: Cloudlet #234 return received
4052.2084000000004: MET_Broker: The number of finished Cloudlets is:234
4060.2740000000003: MET_Broker: Cloudlet #237 return received
4060.2740000000003: MET_Broker: The number of finished Cloudlets is:235
4081.7476: MET_Broker: Cloudlet #235 return received
4081.7476: MET_Broker: The number of finished Cloudlets is:236
4097.5912: MET_Broker: Cloudlet #238 return received
4097.5912: MET_Broker: The number of finished Cloudlets is:237
4165.462399999999: MET_Broker: Cloudlet #231 return received
4165.462399999999: MET_Broker: The number of finished Cloudlets is:238
4284.2552: MET_Broker: Cloudlet #239 return received
4284.2552: MET_Broker: The number of finished Cloudlets is:239
4302.227599999999: MET_Broker: Cloudlet #236 return received
4302.227599999999: MET_Broker: The number of finished Cloudlets is:240
4340.810799999999: MET_Broker: Cloudlet #242 return received
4340.810799999999: MET_Broker: The number of finished Cloudlets is:241
4357.241999999999: MET_Broker: Cloudlet #243 return received
4357.241999999999: MET_Broker: The number of finished Cloudlets is:242
4359.2988: MET_Broker: Cloudlet #241 return received
4359.2988: MET_Broker: The number of finished Cloudlets is:243
4366.8876: MET_Broker: Cloudlet #246 return received
4366.8876: MET_Broker: The number of finished Cloudlets is:244
4370.1464: MET_Broker: Cloudlet #245 return received
4370.1464: MET_Broker: The number of finished Cloudlets is:245
4398.592799999999: MET_Broker: Cloudlet #244 return received
4398.592799999999: MET_Broker: The number of finished Cloudlets is:246
4413.9364: MET_Broker: Cloudlet #247 return received
4413.9364: MET_Broker: The number of finished Cloudlets is:247
4416.636399999999: MET_Broker: Cloudlet #240 return received
4416.636399999999: MET_Broker: The number of finished Cloudlets is:248
4421.8308: MET_Broker: Cloudlet #249 return received
4421.8308: MET_Broker: The number of finished Cloudlets is:249
4430.674: MET_Broker: Cloudlet #251 return received
4430.674: MET_Broker: The number of finished Cloudlets is:250
4445.6932: MET_Broker: Cloudlet #250 return received
4445.6932: MET_Broker: The number of finished Cloudlets is:251
4447.2096: MET_Broker: Cloudlet #252 return received
4447.2096: MET_Broker: The number of finished Cloudlets is:252
4476.6084: MET_Broker: Cloudlet #255 return received
4476.6084: MET_Broker: The number of finished Cloudlets is:253
4479.978: MET_Broker: Cloudlet #253 return received
4479.978: MET_Broker: The number of finished Cloudlets is:254
4498.3064: MET_Broker: Cloudlet #256 return received
4498.3064: MET_Broker: The number of finished Cloudlets is:255
4500.0852: MET_Broker: Cloudlet #254 return received
4500.0852: MET_Broker: The number of finished Cloudlets is:256
4622.042: MET_Broker: Cloudlet #259 return received
4622.042: MET_Broker: The number of finished Cloudlets is:257
4634.8036: MET_Broker: Cloudlet #248 return received
4634.8036: MET_Broker: The number of finished Cloudlets is:258
4636.7872: MET_Broker: Cloudlet #257 return received
4636.7872: MET_Broker: The number of finished Cloudlets is:259
4672.664: MET_Broker: Cloudlet #262 return received
4672.664: MET_Broker: The number of finished Cloudlets is:260
4674.121999999999: MET_Broker: Cloudlet #260 return received
4674.121999999999: MET_Broker: The number of finished Cloudlets is:261
4689.2548: MET_Broker: Cloudlet #261 return received
4689.2548: MET_Broker: The number of finished Cloudlets is:262
4695.2652: MET_Broker: Cloudlet #258 return received
4695.2652: MET_Broker: The number of finished Cloudlets is:263
4711.4376: MET_Broker: Cloudlet #264 return received
4711.4376: MET_Broker: The number of finished Cloudlets is:264
4746.9276: MET_Broker: Cloudlet #265 return received
4746.9276: MET_Broker: The number of finished Cloudlets is:265
4759.6208: MET_Broker: Cloudlet #268 return received
4759.6208: MET_Broker: The number of finished Cloudlets is:266
4811.3312: MET_Broker: Cloudlet #266 return received
4811.3312: MET_Broker: The number of finished Cloudlets is:267
4855.8535999999995: MET_Broker: Cloudlet #269 return received
4855.8535999999995: MET_Broker: The number of finished Cloudlets is:268
4873.4644: MET_Broker: Cloudlet #263 return received
4873.4644: MET_Broker: The number of finished Cloudlets is:269
4906.9528: MET_Broker: Cloudlet #272 return received
4906.9528: MET_Broker: The number of finished Cloudlets is:270
4921.764: MET_Broker: Cloudlet #273 return received
4921.764: MET_Broker: The number of finished Cloudlets is:271
4955.8152: MET_Broker: Cloudlet #270 return received
4955.8152: MET_Broker: The number of finished Cloudlets is:272
4967.0844: MET_Broker: Cloudlet #274 return received
4967.0844: MET_Broker: The number of finished Cloudlets is:273
4969.922799999999: MET_Broker: Cloudlet #275 return received
4969.922799999999: MET_Broker: The number of finished Cloudlets is:274
4974.0596: MET_Broker: Cloudlet #276 return received
4974.0596: MET_Broker: The number of finished Cloudlets is:275
4982.0196: MET_Broker: Cloudlet #267 return received
4982.0196: MET_Broker: The number of finished Cloudlets is:276
4983.1323999999995: MET_Broker: Cloudlet #277 return received
4983.1323999999995: MET_Broker: The number of finished Cloudlets is:277
4986.255999999999: MET_Broker: Cloudlet #278 return received
4986.255999999999: MET_Broker: The number of finished Cloudlets is:278
5002.784: MET_Broker: Cloudlet #281 return received
5002.784: MET_Broker: The number of finished Cloudlets is:279
5008.8279999999995: MET_Broker: Cloudlet #282 return received
5008.8279999999995: MET_Broker: The number of finished Cloudlets is:280
5048.792399999999: MET_Broker: Cloudlet #271 return received
5048.792399999999: MET_Broker: The number of finished Cloudlets is:281
5150.5992: MET_Broker: Cloudlet #280 return received
5150.5992: MET_Broker: The number of finished Cloudlets is:282
5187.472: MET_Broker: Cloudlet #284 return received
5187.472: MET_Broker: The number of finished Cloudlets is:283
5205.7904: MET_Broker: Cloudlet #286 return received
5205.7904: MET_Broker: The number of finished Cloudlets is:284
5209.3279999999995: MET_Broker: Cloudlet #285 return received
5209.3279999999995: MET_Broker: The number of finished Cloudlets is:285
5216.4911999999995: MET_Broker: Cloudlet #288 return received
5216.4911999999995: MET_Broker: The number of finished Cloudlets is:286
5220.1312: MET_Broker: Cloudlet #287 return received
5220.1312: MET_Broker: The number of finished Cloudlets is:287
5228.730799999999: MET_Broker: Cloudlet #290 return received
5228.730799999999: MET_Broker: The number of finished Cloudlets is:288
5230.227999999999: MET_Broker: Cloudlet #289 return received
5230.227999999999: MET_Broker: The number of finished Cloudlets is:289
5238.021599999999: MET_Broker: Cloudlet #292 return received
5238.021599999999: MET_Broker: The number of finished Cloudlets is:290
5248.076799999999: MET_Broker: Cloudlet #283 return received
5248.076799999999: MET_Broker: The number of finished Cloudlets is:291
5260.503199999999: MET_Broker: Cloudlet #291 return received
5260.503199999999: MET_Broker: The number of finished Cloudlets is:292
5262.235599999999: MET_Broker: Cloudlet #279 return received
5262.235599999999: MET_Broker: The number of finished Cloudlets is:293
5270.863999999999: MET_Broker: Cloudlet #295 return received
5270.863999999999: MET_Broker: The number of finished Cloudlets is:294
5273.795599999999: MET_Broker: Cloudlet #296 return received
5273.795599999999: MET_Broker: The number of finished Cloudlets is:295
5291.777199999999: MET_Broker: Cloudlet #294 return received
5291.777199999999: MET_Broker: The number of finished Cloudlets is:296
5297.746399999998: MET_Broker: Cloudlet #298 return received
5297.746399999998: MET_Broker: The number of finished Cloudlets is:297
5329.647999999998: MET_Broker: Cloudlet #297 return received
5329.647999999998: MET_Broker: The number of finished Cloudlets is:298
5485.411199999999: MET_Broker: Cloudlet #299 return received
5485.411199999999: MET_Broker: The number of finished Cloudlets is:299
5540.195199999998: MET_Broker: Cloudlet #293 return received
5540.195199999998: MET_Broker: The number of finished Cloudlets is:300
5544.363999999999: MET_Broker: Cloudlet #300 return received
5544.363999999999: MET_Broker: The number of finished Cloudlets is:301
5549.503999999999: MET_Broker: Cloudlet #303 return received
5549.503999999999: MET_Broker: The number of finished Cloudlets is:302
5563.953199999999: MET_Broker: Cloudlet #305 return received
5563.953199999999: MET_Broker: The number of finished Cloudlets is:303
5564.279599999999: MET_Broker: Cloudlet #304 return received
5564.279599999999: MET_Broker: The number of finished Cloudlets is:304
5569.123599999999: MET_Broker: Cloudlet #301 return received
5569.123599999999: MET_Broker: The number of finished Cloudlets is:305
5588.245599999999: MET_Broker: Cloudlet #306 return received
5588.245599999999: MET_Broker: The number of finished Cloudlets is:306
5591.495999999999: MET_Broker: Cloudlet #308 return received
5591.495999999999: MET_Broker: The number of finished Cloudlets is:307
5608.7699999999995: MET_Broker: Cloudlet #310 return received
5608.7699999999995: MET_Broker: The number of finished Cloudlets is:308
5626.878: MET_Broker: Cloudlet #302 return received
5626.878: MET_Broker: The number of finished Cloudlets is:309
5629.1244: MET_Broker: Cloudlet #309 return received
5629.1244: MET_Broker: The number of finished Cloudlets is:310
5630.1672: MET_Broker: Cloudlet #311 return received
5630.1672: MET_Broker: The number of finished Cloudlets is:311
5646.1056: MET_Broker: Cloudlet #314 return received
5646.1056: MET_Broker: The number of finished Cloudlets is:312
5675.9864: MET_Broker: Cloudlet #313 return received
5675.9864: MET_Broker: The number of finished Cloudlets is:313
5682.3732: MET_Broker: Cloudlet #316 return received
5682.3732: MET_Broker: The number of finished Cloudlets is:314
5683.2628: MET_Broker: Cloudlet #312 return received
5683.2628: MET_Broker: The number of finished Cloudlets is:315
5693.582: MET_Broker: Cloudlet #315 return received
5693.582: MET_Broker: The number of finished Cloudlets is:316
5723.014: MET_Broker: Cloudlet #318 return received
5723.014: MET_Broker: The number of finished Cloudlets is:317
5730.3944: MET_Broker: Cloudlet #319 return received
5730.3944: MET_Broker: The number of finished Cloudlets is:318
5732.7492: MET_Broker: Cloudlet #307 return received
5732.7492: MET_Broker: The number of finished Cloudlets is:319
5735.2196: MET_Broker: Cloudlet #320 return received
5735.2196: MET_Broker: The number of finished Cloudlets is:320
5771.794400000001: MET_Broker: Cloudlet #323 return received
5771.794400000001: MET_Broker: The number of finished Cloudlets is:321
5782.112400000001: MET_Broker: Cloudlet #321 return received
5782.112400000001: MET_Broker: The number of finished Cloudlets is:322
5783.638000000001: MET_Broker: Cloudlet #324 return received
5783.638000000001: MET_Broker: The number of finished Cloudlets is:323
5805.678400000001: MET_Broker: Cloudlet #326 return received
5805.678400000001: MET_Broker: The number of finished Cloudlets is:324
5812.710800000001: MET_Broker: Cloudlet #322 return received
5812.710800000001: MET_Broker: The number of finished Cloudlets is:325
5844.003200000001: MET_Broker: Cloudlet #317 return received
5844.003200000001: MET_Broker: The number of finished Cloudlets is:326
5847.934800000001: MET_Broker: Cloudlet #327 return received
5847.934800000001: MET_Broker: The number of finished Cloudlets is:327
5851.929600000001: MET_Broker: Cloudlet #329 return received
5851.929600000001: MET_Broker: The number of finished Cloudlets is:328
5862.606000000002: MET_Broker: Cloudlet #330 return received
5862.606000000002: MET_Broker: The number of finished Cloudlets is:329
5890.0484000000015: MET_Broker: Cloudlet #328 return received
5890.0484000000015: MET_Broker: The number of finished Cloudlets is:330
5925.517200000001: MET_Broker: Cloudlet #333 return received
5925.517200000001: MET_Broker: The number of finished Cloudlets is:331
5974.579600000001: MET_Broker: Cloudlet #334 return received
5974.579600000001: MET_Broker: The number of finished Cloudlets is:332
5997.056800000001: MET_Broker: Cloudlet #332 return received
5997.056800000001: MET_Broker: The number of finished Cloudlets is:333
6010.596800000001: MET_Broker: Cloudlet #336 return received
6010.596800000001: MET_Broker: The number of finished Cloudlets is:334
6034.035200000001: MET_Broker: Cloudlet #331 return received
6034.035200000001: MET_Broker: The number of finished Cloudlets is:335
6048.952400000001: MET_Broker: Cloudlet #325 return received
6048.952400000001: MET_Broker: The number of finished Cloudlets is:336
6056.2840000000015: MET_Broker: Cloudlet #339 return received
6056.2840000000015: MET_Broker: The number of finished Cloudlets is:337
6066.747200000002: MET_Broker: Cloudlet #338 return received
6066.747200000002: MET_Broker: The number of finished Cloudlets is:338
6070.9252000000015: MET_Broker: Cloudlet #340 return received
6070.9252000000015: MET_Broker: The number of finished Cloudlets is:339
6119.093200000001: MET_Broker: Cloudlet #342 return received
6119.093200000001: MET_Broker: The number of finished Cloudlets is:340
6226.928400000002: MET_Broker: Cloudlet #341 return received
6226.928400000002: MET_Broker: The number of finished Cloudlets is:341
6235.744800000001: MET_Broker: Cloudlet #337 return received
6235.744800000001: MET_Broker: The number of finished Cloudlets is:342
6252.975600000002: MET_Broker: Cloudlet #345 return received
6252.975600000002: MET_Broker: The number of finished Cloudlets is:343
6260.980800000001: MET_Broker: Cloudlet #335 return received
6260.980800000001: MET_Broker: The number of finished Cloudlets is:344
6266.390800000001: MET_Broker: Cloudlet #344 return received
6266.390800000001: MET_Broker: The number of finished Cloudlets is:345
6272.228000000001: MET_Broker: Cloudlet #346 return received
6272.228000000001: MET_Broker: The number of finished Cloudlets is:346
6290.777200000001: MET_Broker: Cloudlet #349 return received
6290.777200000001: MET_Broker: The number of finished Cloudlets is:347
6300.149200000002: MET_Broker: Cloudlet #347 return received
6300.149200000002: MET_Broker: The number of finished Cloudlets is:348
6311.178000000002: MET_Broker: Cloudlet #351 return received
6311.178000000002: MET_Broker: The number of finished Cloudlets is:349
6322.095200000002: MET_Broker: Cloudlet #352 return received
6322.095200000002: MET_Broker: The number of finished Cloudlets is:350
6325.276400000002: MET_Broker: Cloudlet #343 return received
6325.276400000002: MET_Broker: The number of finished Cloudlets is:351
6355.808400000002: MET_Broker: Cloudlet #353 return received
6355.808400000002: MET_Broker: The number of finished Cloudlets is:352
6365.6244000000015: MET_Broker: Cloudlet #355 return received
6365.6244000000015: MET_Broker: The number of finished Cloudlets is:353
6376.3384000000015: MET_Broker: Cloudlet #348 return received
6376.3384000000015: MET_Broker: The number of finished Cloudlets is:354
6379.451600000001: MET_Broker: Cloudlet #354 return received
6379.451600000001: MET_Broker: The number of finished Cloudlets is:355
6405.362000000001: MET_Broker: Cloudlet #356 return received
6405.362000000001: MET_Broker: The number of finished Cloudlets is:356
6418.349600000001: MET_Broker: Cloudlet #357 return received
6418.349600000001: MET_Broker: The number of finished Cloudlets is:357
6421.866000000002: MET_Broker: Cloudlet #359 return received
6421.866000000002: MET_Broker: The number of finished Cloudlets is:358
6427.551600000002: MET_Broker: Cloudlet #360 return received
6427.551600000002: MET_Broker: The number of finished Cloudlets is:359
6428.868800000002: MET_Broker: Cloudlet #361 return received
6428.868800000002: MET_Broker: The number of finished Cloudlets is:360
6435.109200000002: MET_Broker: Cloudlet #358 return received
6435.109200000002: MET_Broker: The number of finished Cloudlets is:361
6452.0992000000015: MET_Broker: Cloudlet #362 return received
6452.0992000000015: MET_Broker: The number of finished Cloudlets is:362
6458.777200000001: MET_Broker: Cloudlet #365 return received
6458.777200000001: MET_Broker: The number of finished Cloudlets is:363
6459.140400000001: MET_Broker: Cloudlet #364 return received
6459.140400000001: MET_Broker: The number of finished Cloudlets is:364
6473.995200000001: MET_Broker: Cloudlet #366 return received
6473.995200000001: MET_Broker: The number of finished Cloudlets is:365
6497.568400000001: MET_Broker: Cloudlet #350 return received
6497.568400000001: MET_Broker: The number of finished Cloudlets is:366
6502.305600000001: MET_Broker: Cloudlet #367 return received
6502.305600000001: MET_Broker: The number of finished Cloudlets is:367
6510.2524: MET_Broker: Cloudlet #368 return received
6510.2524: MET_Broker: The number of finished Cloudlets is:368
6511.1392000000005: MET_Broker: Cloudlet #370 return received
6511.1392000000005: MET_Broker: The number of finished Cloudlets is:369
6521.9592: MET_Broker: Cloudlet #371 return received
6521.9592: MET_Broker: The number of finished Cloudlets is:370
6527.7932: MET_Broker: Cloudlet #372 return received
6527.7932: MET_Broker: The number of finished Cloudlets is:371
6529.7904: MET_Broker: Cloudlet #363 return received
6529.7904: MET_Broker: The number of finished Cloudlets is:372
6539.2548: MET_Broker: Cloudlet #375 return received
6539.2548: MET_Broker: The number of finished Cloudlets is:373
6541.4223999999995: MET_Broker: Cloudlet #369 return received
6541.4223999999995: MET_Broker: The number of finished Cloudlets is:374
6543.592: MET_Broker: Cloudlet #373 return received
6543.592: MET_Broker: The number of finished Cloudlets is:375
6586.2868: MET_Broker: Cloudlet #374 return received
6586.2868: MET_Broker: The number of finished Cloudlets is:376
6593.0332: MET_Broker: Cloudlet #377 return received
6593.0332: MET_Broker: The number of finished Cloudlets is:377
6599.3868: MET_Broker: Cloudlet #378 return received
6599.3868: MET_Broker: The number of finished Cloudlets is:378
6607.6948: MET_Broker: Cloudlet #380 return received
6607.6948: MET_Broker: The number of finished Cloudlets is:379
6655.2756: MET_Broker: Cloudlet #382 return received
6655.2756: MET_Broker: The number of finished Cloudlets is:380
6661.3992: MET_Broker: Cloudlet #381 return received
6661.3992: MET_Broker: The number of finished Cloudlets is:381
6671.7519999999995: MET_Broker: Cloudlet #383 return received
6671.7519999999995: MET_Broker: The number of finished Cloudlets is:382
6690.477599999999: MET_Broker: Cloudlet #376 return received
6690.477599999999: MET_Broker: The number of finished Cloudlets is:383
6732.875599999999: MET_Broker: Cloudlet #386 return received
6732.875599999999: MET_Broker: The number of finished Cloudlets is:384
6741.024399999999: MET_Broker: Cloudlet #387 return received
6741.024399999999: MET_Broker: The number of finished Cloudlets is:385
6763.3492: MET_Broker: Cloudlet #388 return received
6763.3492: MET_Broker: The number of finished Cloudlets is:386
6770.981199999999: MET_Broker: Cloudlet #389 return received
6770.981199999999: MET_Broker: The number of finished Cloudlets is:387
6771.471199999999: MET_Broker: Cloudlet #379 return received
6771.471199999999: MET_Broker: The number of finished Cloudlets is:388
6780.006399999999: MET_Broker: Cloudlet #391 return received
6780.006399999999: MET_Broker: The number of finished Cloudlets is:389
6782.717599999999: MET_Broker: Cloudlet #390 return received
6782.717599999999: MET_Broker: The number of finished Cloudlets is:390
6808.633999999999: MET_Broker: Cloudlet #393 return received
6808.633999999999: MET_Broker: The number of finished Cloudlets is:391
6821.847599999999: MET_Broker: Cloudlet #392 return received
6821.847599999999: MET_Broker: The number of finished Cloudlets is:392
6831.9259999999995: MET_Broker: Cloudlet #395 return received
6831.9259999999995: MET_Broker: The number of finished Cloudlets is:393
6860.9468: MET_Broker: Cloudlet #385 return received
6860.9468: MET_Broker: The number of finished Cloudlets is:394
6864.3484: MET_Broker: Cloudlet #394 return received
6864.3484: MET_Broker: The number of finished Cloudlets is:395
6867.98: MET_Broker: Cloudlet #397 return received
6867.98: MET_Broker: The number of finished Cloudlets is:396
6874.5419999999995: MET_Broker: Cloudlet #398 return received
6874.5419999999995: MET_Broker: The number of finished Cloudlets is:397
6887.400799999999: MET_Broker: Cloudlet #396 return received
6887.400799999999: MET_Broker: The number of finished Cloudlets is:398
6890.633199999999: MET_Broker: Cloudlet #399 return received
6890.633199999999: MET_Broker: The number of finished Cloudlets is:399
6917.438399999999: MET_Broker: Cloudlet #400 return received
6917.438399999999: MET_Broker: The number of finished Cloudlets is:400
6942.1287999999995: MET_Broker: Cloudlet #403 return received
6942.1287999999995: MET_Broker: The number of finished Cloudlets is:401
6952.458: MET_Broker: Cloudlet #384 return received
6952.458: MET_Broker: The number of finished Cloudlets is:402
6955.3704: MET_Broker: Cloudlet #404 return received
6955.3704: MET_Broker: The number of finished Cloudlets is:403
6979.1808: MET_Broker: Cloudlet #402 return received
6979.1808: MET_Broker: The number of finished Cloudlets is:404
6998.5696: MET_Broker: Cloudlet #405 return received
6998.5696: MET_Broker: The number of finished Cloudlets is:405
7014.6812: MET_Broker: Cloudlet #407 return received
7014.6812: MET_Broker: The number of finished Cloudlets is:406
7023.0584: MET_Broker: Cloudlet #408 return received
7023.0584: MET_Broker: The number of finished Cloudlets is:407
7039.0296: MET_Broker: Cloudlet #410 return received
7039.0296: MET_Broker: The number of finished Cloudlets is:408
7055.5668: MET_Broker: Cloudlet #401 return received
7055.5668: MET_Broker: The number of finished Cloudlets is:409
7058.694799999999: MET_Broker: Cloudlet #411 return received
7058.694799999999: MET_Broker: The number of finished Cloudlets is:410
7072.942799999999: MET_Broker: Cloudlet #412 return received
7072.942799999999: MET_Broker: The number of finished Cloudlets is:411
7142.283599999999: MET_Broker: Cloudlet #406 return received
7142.283599999999: MET_Broker: The number of finished Cloudlets is:412
7153.003599999999: MET_Broker: Cloudlet #415 return received
7153.003599999999: MET_Broker: The number of finished Cloudlets is:413
7193.128399999999: MET_Broker: Cloudlet #416 return received
7193.128399999999: MET_Broker: The number of finished Cloudlets is:414
7210.442399999999: MET_Broker: Cloudlet #413 return received
7210.442399999999: MET_Broker: The number of finished Cloudlets is:415
7226.111999999999: MET_Broker: Cloudlet #409 return received
7226.111999999999: MET_Broker: The number of finished Cloudlets is:416
7233.531599999999: MET_Broker: Cloudlet #417 return received
7233.531599999999: MET_Broker: The number of finished Cloudlets is:417
7248.913199999999: MET_Broker: Cloudlet #418 return received
7248.913199999999: MET_Broker: The number of finished Cloudlets is:418
7249.280399999999: MET_Broker: Cloudlet #414 return received
7249.280399999999: MET_Broker: The number of finished Cloudlets is:419
7283.451199999999: MET_Broker: Cloudlet #420 return received
7283.451199999999: MET_Broker: The number of finished Cloudlets is:420
7307.516399999999: MET_Broker: Cloudlet #422 return received
7307.516399999999: MET_Broker: The number of finished Cloudlets is:421
7457.232799999999: MET_Broker: Cloudlet #424 return received
7457.232799999999: MET_Broker: The number of finished Cloudlets is:422
7552.633999999999: MET_Broker: Cloudlet #419 return received
7552.633999999999: MET_Broker: The number of finished Cloudlets is:423
7554.272799999999: MET_Broker: Cloudlet #421 return received
7554.272799999999: MET_Broker: The number of finished Cloudlets is:424
7566.319199999999: MET_Broker: Cloudlet #426 return received
7566.319199999999: MET_Broker: The number of finished Cloudlets is:425
7577.805999999999: MET_Broker: Cloudlet #425 return received
7577.805999999999: MET_Broker: The number of finished Cloudlets is:426
7578.685199999999: MET_Broker: Cloudlet #428 return received
7578.685199999999: MET_Broker: The number of finished Cloudlets is:427
7616.163199999999: MET_Broker: Cloudlet #430 return received
7616.163199999999: MET_Broker: The number of finished Cloudlets is:428
7622.819199999999: MET_Broker: Cloudlet #431 return received
7622.819199999999: MET_Broker: The number of finished Cloudlets is:429
7624.425199999999: MET_Broker: Cloudlet #427 return received
7624.425199999999: MET_Broker: The number of finished Cloudlets is:430
7632.537999999999: MET_Broker: Cloudlet #432 return received
7632.537999999999: MET_Broker: The number of finished Cloudlets is:431
7636.537999999999: MET_Broker: Cloudlet #423 return received
7636.537999999999: MET_Broker: The number of finished Cloudlets is:432
7704.000399999999: MET_Broker: Cloudlet #433 return received
7704.000399999999: MET_Broker: The number of finished Cloudlets is:433
7710.151199999999: MET_Broker: Cloudlet #429 return received
7710.151199999999: MET_Broker: The number of finished Cloudlets is:434
7717.918: MET_Broker: Cloudlet #437 return received
7717.918: MET_Broker: The number of finished Cloudlets is:435
7724.2836: MET_Broker: Cloudlet #434 return received
7724.2836: MET_Broker: The number of finished Cloudlets is:436
7726.2804: MET_Broker: Cloudlet #438 return received
7726.2804: MET_Broker: The number of finished Cloudlets is:437
7738.7624: MET_Broker: Cloudlet #440 return received
7738.7624: MET_Broker: The number of finished Cloudlets is:438
7747.770799999999: MET_Broker: Cloudlet #441 return received
7747.770799999999: MET_Broker: The number of finished Cloudlets is:439
7763.824799999999: MET_Broker: Cloudlet #436 return received
7763.824799999999: MET_Broker: The number of finished Cloudlets is:440
7771.141199999999: MET_Broker: Cloudlet #443 return received
7771.141199999999: MET_Broker: The number of finished Cloudlets is:441
7777.707999999999: MET_Broker: Cloudlet #439 return received
7777.707999999999: MET_Broker: The number of finished Cloudlets is:442
7783.7379999999985: MET_Broker: Cloudlet #445 return received
7783.7379999999985: MET_Broker: The number of finished Cloudlets is:443
7786.921199999999: MET_Broker: Cloudlet #435 return received
7786.921199999999: MET_Broker: The number of finished Cloudlets is:444
7813.927599999999: MET_Broker: Cloudlet #442 return received
7813.927599999999: MET_Broker: The number of finished Cloudlets is:445
7821.522399999999: MET_Broker: Cloudlet #444 return received
7821.522399999999: MET_Broker: The number of finished Cloudlets is:446
7826.806399999999: MET_Broker: Cloudlet #447 return received
7826.806399999999: MET_Broker: The number of finished Cloudlets is:447
7837.493599999999: MET_Broker: Cloudlet #449 return received
7837.493599999999: MET_Broker: The number of finished Cloudlets is:448
7839.740399999999: MET_Broker: Cloudlet #450 return received
7839.740399999999: MET_Broker: The number of finished Cloudlets is:449
7874.861999999999: MET_Broker: Cloudlet #451 return received
7874.861999999999: MET_Broker: The number of finished Cloudlets is:450
7875.617199999999: MET_Broker: Cloudlet #452 return received
7875.617199999999: MET_Broker: The number of finished Cloudlets is:451
7885.715199999999: MET_Broker: Cloudlet #453 return received
7885.715199999999: MET_Broker: The number of finished Cloudlets is:452
7886.637999999999: MET_Broker: Cloudlet #454 return received
7886.637999999999: MET_Broker: The number of finished Cloudlets is:453
8051.923999999999: MET_Broker: Cloudlet #456 return received
8051.923999999999: MET_Broker: The number of finished Cloudlets is:454
8095.303199999999: MET_Broker: Cloudlet #457 return received
8095.303199999999: MET_Broker: The number of finished Cloudlets is:455
8101.935199999999: MET_Broker: Cloudlet #446 return received
8101.935199999999: MET_Broker: The number of finished Cloudlets is:456
8117.500399999999: MET_Broker: Cloudlet #458 return received
8117.500399999999: MET_Broker: The number of finished Cloudlets is:457
8129.689199999999: MET_Broker: Cloudlet #455 return received
8129.689199999999: MET_Broker: The number of finished Cloudlets is:458
8140.4443999999985: MET_Broker: Cloudlet #461 return received
8140.4443999999985: MET_Broker: The number of finished Cloudlets is:459
8160.761199999998: MET_Broker: Cloudlet #459 return received
8160.761199999998: MET_Broker: The number of finished Cloudlets is:460
8167.5131999999985: MET_Broker: Cloudlet #448 return received
8167.5131999999985: MET_Broker: The number of finished Cloudlets is:461
8177.587999999999: MET_Broker: Cloudlet #464 return received
8177.587999999999: MET_Broker: The number of finished Cloudlets is:462
8201.8612: MET_Broker: Cloudlet #465 return received
8201.8612: MET_Broker: The number of finished Cloudlets is:463
8266.3308: MET_Broker: Cloudlet #460 return received
8266.3308: MET_Broker: The number of finished Cloudlets is:464
8273.874: MET_Broker: Cloudlet #467 return received
8273.874: MET_Broker: The number of finished Cloudlets is:465
8289.6116: MET_Broker: Cloudlet #468 return received
8289.6116: MET_Broker: The number of finished Cloudlets is:466
8291.5728: MET_Broker: Cloudlet #466 return received
8291.5728: MET_Broker: The number of finished Cloudlets is:467
8308.5764: MET_Broker: Cloudlet #462 return received
8308.5764: MET_Broker: The number of finished Cloudlets is:468
8340.7612: MET_Broker: Cloudlet #470 return received
8340.7612: MET_Broker: The number of finished Cloudlets is:469
8364.972000000002: MET_Broker: Cloudlet #463 return received
8364.972000000002: MET_Broker: The number of finished Cloudlets is:470
8365.946000000002: MET_Broker: Cloudlet #469 return received
8365.946000000002: MET_Broker: The number of finished Cloudlets is:471
8431.334800000002: MET_Broker: Cloudlet #471 return received
8431.334800000002: MET_Broker: The number of finished Cloudlets is:472
8438.837600000003: MET_Broker: Cloudlet #473 return received
8438.837600000003: MET_Broker: The number of finished Cloudlets is:473
8455.490400000002: MET_Broker: Cloudlet #476 return received
8455.490400000002: MET_Broker: The number of finished Cloudlets is:474
8472.850400000003: MET_Broker: Cloudlet #475 return received
8472.850400000003: MET_Broker: The number of finished Cloudlets is:475
8495.343200000003: MET_Broker: Cloudlet #472 return received
8495.343200000003: MET_Broker: The number of finished Cloudlets is:476
8519.283600000002: MET_Broker: Cloudlet #474 return received
8519.283600000002: MET_Broker: The number of finished Cloudlets is:477
8526.116400000003: MET_Broker: Cloudlet #480 return received
8526.116400000003: MET_Broker: The number of finished Cloudlets is:478
8534.684000000003: MET_Broker: Cloudlet #477 return received
8534.684000000003: MET_Broker: The number of finished Cloudlets is:479
8537.180400000003: MET_Broker: Cloudlet #479 return received
8537.180400000003: MET_Broker: The number of finished Cloudlets is:480
8539.594000000003: MET_Broker: Cloudlet #481 return received
8539.594000000003: MET_Broker: The number of finished Cloudlets is:481
8544.029600000003: MET_Broker: Cloudlet #482 return received
8544.029600000003: MET_Broker: The number of finished Cloudlets is:482
8558.658400000004: MET_Broker: Cloudlet #483 return received
8558.658400000004: MET_Broker: The number of finished Cloudlets is:483
8588.887600000004: MET_Broker: Cloudlet #484 return received
8588.887600000004: MET_Broker: The number of finished Cloudlets is:484
8599.862000000003: MET_Broker: Cloudlet #486 return received
8599.862000000003: MET_Broker: The number of finished Cloudlets is:485
8613.320400000002: MET_Broker: Cloudlet #478 return received
8613.320400000002: MET_Broker: The number of finished Cloudlets is:486
8618.067600000002: MET_Broker: Cloudlet #487 return received
8618.067600000002: MET_Broker: The number of finished Cloudlets is:487
8647.424800000003: MET_Broker: Cloudlet #490 return received
8647.424800000003: MET_Broker: The number of finished Cloudlets is:488
8678.499600000003: MET_Broker: Cloudlet #491 return received
8678.499600000003: MET_Broker: The number of finished Cloudlets is:489
8719.151600000003: MET_Broker: Cloudlet #492 return received
8719.151600000003: MET_Broker: The number of finished Cloudlets is:490
8721.373200000004: MET_Broker: Cloudlet #485 return received
8721.373200000004: MET_Broker: The number of finished Cloudlets is:491
8747.098400000004: MET_Broker: Cloudlet #488 return received
8747.098400000004: MET_Broker: The number of finished Cloudlets is:492
8762.478000000005: MET_Broker: Cloudlet #495 return received
8762.478000000005: MET_Broker: The number of finished Cloudlets is:493
8780.060400000004: MET_Broker: Cloudlet #496 return received
8780.060400000004: MET_Broker: The number of finished Cloudlets is:494
8795.689600000003: MET_Broker: Cloudlet #497 return received
8795.689600000003: MET_Broker: The number of finished Cloudlets is:495
8803.102800000004: MET_Broker: Cloudlet #493 return received
8803.102800000004: MET_Broker: The number of finished Cloudlets is:496
8830.125200000004: MET_Broker: Cloudlet #499 return received
8830.125200000004: MET_Broker: The number of finished Cloudlets is:497
8837.727600000004: MET_Broker: Cloudlet #494 return received
8837.727600000004: MET_Broker: The number of finished Cloudlets is:498
8880.409600000005: MET_Broker: Cloudlet #501 return received
8880.409600000005: MET_Broker: The number of finished Cloudlets is:499
8894.770000000004: MET_Broker: Cloudlet #489 return received
8894.770000000004: MET_Broker: The number of finished Cloudlets is:500
8898.002000000004: MET_Broker: Cloudlet #502 return received
8898.002000000004: MET_Broker: The number of finished Cloudlets is:501
8904.805600000003: MET_Broker: Cloudlet #504 return received
8904.805600000003: MET_Broker: The number of finished Cloudlets is:502
8929.734000000004: MET_Broker: Cloudlet #503 return received
8929.734000000004: MET_Broker: The number of finished Cloudlets is:503
8960.116400000004: MET_Broker: Cloudlet #505 return received
8960.116400000004: MET_Broker: The number of finished Cloudlets is:504
8999.807600000004: MET_Broker: Cloudlet #500 return received
8999.807600000004: MET_Broker: The number of finished Cloudlets is:505
9015.811200000004: MET_Broker: Cloudlet #508 return received
9015.811200000004: MET_Broker: The number of finished Cloudlets is:506
9030.260000000004: MET_Broker: Cloudlet #509 return received
9030.260000000004: MET_Broker: The number of finished Cloudlets is:507
9111.895600000003: MET_Broker: Cloudlet #498 return received
9111.895600000003: MET_Broker: The number of finished Cloudlets is:508
9127.866000000004: MET_Broker: Cloudlet #506 return received
9127.866000000004: MET_Broker: The number of finished Cloudlets is:509
9148.097600000003: MET_Broker: Cloudlet #507 return received
9148.097600000003: MET_Broker: The number of finished Cloudlets is:510
9150.324400000003: MET_Broker: Cloudlet #512 return received
9150.324400000003: MET_Broker: The number of finished Cloudlets is:511
9165.016800000003: MET_Broker: Cloudlet #511 return received
9165.016800000003: MET_Broker: The number of finished Cloudlets is:512
9168.722800000003: MET_Broker: Cloudlet #514 return received
9168.722800000003: MET_Broker: The number of finished Cloudlets is:513
9181.453600000003: MET_Broker: Cloudlet #515 return received
9181.453600000003: MET_Broker: The number of finished Cloudlets is:514
9191.939600000003: MET_Broker: Cloudlet #517 return received
9191.939600000003: MET_Broker: The number of finished Cloudlets is:515
9199.192800000003: MET_Broker: Cloudlet #516 return received
9199.192800000003: MET_Broker: The number of finished Cloudlets is:516
9213.636400000003: MET_Broker: Cloudlet #519 return received
9213.636400000003: MET_Broker: The number of finished Cloudlets is:517
9233.226800000002: MET_Broker: Cloudlet #520 return received
9233.226800000002: MET_Broker: The number of finished Cloudlets is:518
9240.188400000003: MET_Broker: Cloudlet #521 return received
9240.188400000003: MET_Broker: The number of finished Cloudlets is:519
9246.485200000003: MET_Broker: Cloudlet #513 return received
9246.485200000003: MET_Broker: The number of finished Cloudlets is:520
9372.165200000003: MET_Broker: Cloudlet #523 return received
9372.165200000003: MET_Broker: The number of finished Cloudlets is:521
9377.482000000004: MET_Broker: Cloudlet #510 return received
9377.482000000004: MET_Broker: The number of finished Cloudlets is:522
9403.026400000004: MET_Broker: Cloudlet #524 return received
9403.026400000004: MET_Broker: The number of finished Cloudlets is:523
9404.964400000004: MET_Broker: Cloudlet #522 return received
9404.964400000004: MET_Broker: The number of finished Cloudlets is:524
9412.873200000004: MET_Broker: Cloudlet #527 return received
9412.873200000004: MET_Broker: The number of finished Cloudlets is:525
9416.452400000004: MET_Broker: Cloudlet #525 return received
9416.452400000004: MET_Broker: The number of finished Cloudlets is:526
9466.698400000003: MET_Broker: Cloudlet #528 return received
9466.698400000003: MET_Broker: The number of finished Cloudlets is:527
9472.204000000003: MET_Broker: Cloudlet #518 return received
9472.204000000003: MET_Broker: The number of finished Cloudlets is:528
9482.924400000004: MET_Broker: Cloudlet #529 return received
9482.924400000004: MET_Broker: The number of finished Cloudlets is:529
9496.718000000004: MET_Broker: Cloudlet #530 return received
9496.718000000004: MET_Broker: The number of finished Cloudlets is:530
9581.265600000004: MET_Broker: Cloudlet #526 return received
9581.265600000004: MET_Broker: The number of finished Cloudlets is:531
9599.122400000004: MET_Broker: Cloudlet #532 return received
9599.122400000004: MET_Broker: The number of finished Cloudlets is:532
9609.268400000004: MET_Broker: Cloudlet #535 return received
9609.268400000004: MET_Broker: The number of finished Cloudlets is:533
9640.125200000004: MET_Broker: Cloudlet #533 return received
9640.125200000004: MET_Broker: The number of finished Cloudlets is:534
9642.273600000004: MET_Broker: Cloudlet #536 return received
9642.273600000004: MET_Broker: The number of finished Cloudlets is:535
9646.782800000004: MET_Broker: Cloudlet #531 return received
9646.782800000004: MET_Broker: The number of finished Cloudlets is:536
9663.674800000004: MET_Broker: Cloudlet #539 return received
9663.674800000004: MET_Broker: The number of finished Cloudlets is:537
9679.676400000004: MET_Broker: Cloudlet #538 return received
9679.676400000004: MET_Broker: The number of finished Cloudlets is:538
9680.354000000005: MET_Broker: Cloudlet #534 return received
9680.354000000005: MET_Broker: The number of finished Cloudlets is:539
9700.644000000006: MET_Broker: Cloudlet #537 return received
9700.644000000006: MET_Broker: The number of finished Cloudlets is:540
9706.792800000007: MET_Broker: Cloudlet #541 return received
9706.792800000007: MET_Broker: The number of finished Cloudlets is:541
9712.136000000006: MET_Broker: Cloudlet #543 return received
9712.136000000006: MET_Broker: The number of finished Cloudlets is:542
9715.625200000006: MET_Broker: Cloudlet #542 return received
9715.625200000006: MET_Broker: The number of finished Cloudlets is:543
9745.474800000005: MET_Broker: Cloudlet #540 return received
9745.474800000005: MET_Broker: The number of finished Cloudlets is:544
9766.863200000005: MET_Broker: Cloudlet #546 return received
9766.863200000005: MET_Broker: The number of finished Cloudlets is:545
9781.690800000006: MET_Broker: Cloudlet #547 return received
9781.690800000006: MET_Broker: The number of finished Cloudlets is:546
9790.004400000005: MET_Broker: Cloudlet #548 return received
9790.004400000005: MET_Broker: The number of finished Cloudlets is:547
9796.060800000005: MET_Broker: Cloudlet #550 return received
9796.060800000005: MET_Broker: The number of finished Cloudlets is:548
9802.025600000004: MET_Broker: Cloudlet #549 return received
9802.025600000004: MET_Broker: The number of finished Cloudlets is:549
9834.081600000005: MET_Broker: Cloudlet #545 return received
9834.081600000005: MET_Broker: The number of finished Cloudlets is:550
9839.236800000004: MET_Broker: Cloudlet #551 return received
9839.236800000004: MET_Broker: The number of finished Cloudlets is:551
9843.902800000003: MET_Broker: Cloudlet #544 return received
9843.902800000003: MET_Broker: The number of finished Cloudlets is:552
9851.894800000004: MET_Broker: Cloudlet #555 return received
9851.894800000004: MET_Broker: The number of finished Cloudlets is:553
9861.740400000004: MET_Broker: Cloudlet #554 return received
9861.740400000004: MET_Broker: The number of finished Cloudlets is:554
9867.754400000003: MET_Broker: Cloudlet #553 return received
9867.754400000003: MET_Broker: The number of finished Cloudlets is:555
9888.517200000004: MET_Broker: Cloudlet #556 return received
9888.517200000004: MET_Broker: The number of finished Cloudlets is:556
9906.454400000004: MET_Broker: Cloudlet #552 return received
9906.454400000004: MET_Broker: The number of finished Cloudlets is:557
9906.677200000004: MET_Broker: Cloudlet #557 return received
9906.677200000004: MET_Broker: The number of finished Cloudlets is:558
9913.235200000005: MET_Broker: Cloudlet #560 return received
9913.235200000005: MET_Broker: The number of finished Cloudlets is:559
9943.131600000004: MET_Broker: Cloudlet #559 return received
9943.131600000004: MET_Broker: The number of finished Cloudlets is:560
9950.256400000004: MET_Broker: Cloudlet #561 return received
9950.256400000004: MET_Broker: The number of finished Cloudlets is:561
9960.097200000004: MET_Broker: Cloudlet #558 return received
9960.097200000004: MET_Broker: The number of finished Cloudlets is:562
9985.860000000004: MET_Broker: Cloudlet #564 return received
9985.860000000004: MET_Broker: The number of finished Cloudlets is:563
10099.158000000005: MET_Broker: Cloudlet #565 return received
10099.158000000005: MET_Broker: The number of finished Cloudlets is:564
10109.127600000005: MET_Broker: Cloudlet #563 return received
10109.127600000005: MET_Broker: The number of finished Cloudlets is:565
10110.029200000004: MET_Broker: Cloudlet #567 return received
10110.029200000004: MET_Broker: The number of finished Cloudlets is:566
10119.174000000005: MET_Broker: Cloudlet #568 return received
10119.174000000005: MET_Broker: The number of finished Cloudlets is:567
10127.802400000004: MET_Broker: Cloudlet #566 return received
10127.802400000004: MET_Broker: The number of finished Cloudlets is:568
10176.136000000004: MET_Broker: Cloudlet #570 return received
10176.136000000004: MET_Broker: The number of finished Cloudlets is:569
10184.056400000005: MET_Broker: Cloudlet #572 return received
10184.056400000005: MET_Broker: The number of finished Cloudlets is:570
10230.128400000005: MET_Broker: Cloudlet #573 return received
10230.128400000005: MET_Broker: The number of finished Cloudlets is:571
10237.812800000005: MET_Broker: Cloudlet #562 return received
10237.812800000005: MET_Broker: The number of finished Cloudlets is:572
10245.001200000004: MET_Broker: Cloudlet #575 return received
10245.001200000004: MET_Broker: The number of finished Cloudlets is:573
10257.475600000003: MET_Broker: Cloudlet #574 return received
10257.475600000003: MET_Broker: The number of finished Cloudlets is:574
10307.031600000004: MET_Broker: Cloudlet #577 return received
10307.031600000004: MET_Broker: The number of finished Cloudlets is:575
10373.690000000004: MET_Broker: Cloudlet #571 return received
10373.690000000004: MET_Broker: The number of finished Cloudlets is:576
10376.764400000004: MET_Broker: Cloudlet #569 return received
10376.764400000004: MET_Broker: The number of finished Cloudlets is:577
10392.244400000003: MET_Broker: Cloudlet #580 return received
10392.244400000003: MET_Broker: The number of finished Cloudlets is:578
10415.405200000003: MET_Broker: Cloudlet #579 return received
10415.405200000003: MET_Broker: The number of finished Cloudlets is:579
10422.410400000002: MET_Broker: Cloudlet #576 return received
10422.410400000002: MET_Broker: The number of finished Cloudlets is:580
10437.064400000003: MET_Broker: Cloudlet #581 return received
10437.064400000003: MET_Broker: The number of finished Cloudlets is:581
10456.987600000002: MET_Broker: Cloudlet #584 return received
10456.987600000002: MET_Broker: The number of finished Cloudlets is:582
10462.317600000002: MET_Broker: Cloudlet #583 return received
10462.317600000002: MET_Broker: The number of finished Cloudlets is:583
10487.667600000002: MET_Broker: Cloudlet #578 return received
10487.667600000002: MET_Broker: The number of finished Cloudlets is:584
10488.131600000002: MET_Broker: Cloudlet #586 return received
10488.131600000002: MET_Broker: The number of finished Cloudlets is:585
10494.722000000002: MET_Broker: Cloudlet #587 return received
10494.722000000002: MET_Broker: The number of finished Cloudlets is:586
10520.4024: MET_Broker: Cloudlet #585 return received
10520.4024: MET_Broker: The number of finished Cloudlets is:587
10531.7692: MET_Broker: Cloudlet #582 return received
10531.7692: MET_Broker: The number of finished Cloudlets is:588
10535.324400000001: MET_Broker: Cloudlet #589 return received
10535.324400000001: MET_Broker: The number of finished Cloudlets is:589
10543.8312: MET_Broker: Cloudlet #591 return received
10543.8312: MET_Broker: The number of finished Cloudlets is:590
10560.2068: MET_Broker: Cloudlet #593 return received
10560.2068: MET_Broker: The number of finished Cloudlets is:591
10589.1364: MET_Broker: Cloudlet #592 return received
10589.1364: MET_Broker: The number of finished Cloudlets is:592
10608.98: MET_Broker: Cloudlet #594 return received
10608.98: MET_Broker: The number of finished Cloudlets is:593
10646.2364: MET_Broker: Cloudlet #595 return received
10646.2364: MET_Broker: The number of finished Cloudlets is:594
10667.184799999999: MET_Broker: Cloudlet #590 return received
10667.184799999999: MET_Broker: The number of finished Cloudlets is:595
10694.14: MET_Broker: Cloudlet #597 return received
10694.14: MET_Broker: The number of finished Cloudlets is:596
10721.887999999999: MET_Broker: Cloudlet #599 return received
10721.887999999999: MET_Broker: The number of finished Cloudlets is:597
10749.8964: MET_Broker: Cloudlet #588 return received
10749.8964: MET_Broker: The number of finished Cloudlets is:598
10762.6688: MET_Broker: Cloudlet #601 return received
10762.6688: MET_Broker: The number of finished Cloudlets is:599
10806.3624: MET_Broker: Cloudlet #602 return received
10806.3624: MET_Broker: The number of finished Cloudlets is:600
10819.9596: MET_Broker: Cloudlet #598 return received
10819.9596: MET_Broker: The number of finished Cloudlets is:601
10864.5556: MET_Broker: Cloudlet #596 return received
10864.5556: MET_Broker: The number of finished Cloudlets is:602
10869.5992: MET_Broker: Cloudlet #600 return received
10869.5992: MET_Broker: The number of finished Cloudlets is:603
10871.246000000001: MET_Broker: Cloudlet #604 return received
10871.246000000001: MET_Broker: The number of finished Cloudlets is:604
10879.472800000001: MET_Broker: Cloudlet #607 return received
10879.472800000001: MET_Broker: The number of finished Cloudlets is:605
10887.665600000002: MET_Broker: Cloudlet #606 return received
10887.665600000002: MET_Broker: The number of finished Cloudlets is:606
10889.832400000003: MET_Broker: Cloudlet #608 return received
10889.832400000003: MET_Broker: The number of finished Cloudlets is:607
10898.579200000004: MET_Broker: Cloudlet #605 return received
10898.579200000004: MET_Broker: The number of finished Cloudlets is:608
10900.442800000004: MET_Broker: Cloudlet #610 return received
10900.442800000004: MET_Broker: The number of finished Cloudlets is:609
10908.706000000004: MET_Broker: Cloudlet #611 return received
10908.706000000004: MET_Broker: The number of finished Cloudlets is:610
10966.356400000004: MET_Broker: Cloudlet #603 return received
10966.356400000004: MET_Broker: The number of finished Cloudlets is:611
11031.471600000004: MET_Broker: Cloudlet #609 return received
11031.471600000004: MET_Broker: The number of finished Cloudlets is:612
11113.817200000005: MET_Broker: Cloudlet #615 return received
11113.817200000005: MET_Broker: The number of finished Cloudlets is:613
11120.569200000005: MET_Broker: Cloudlet #616 return received
11120.569200000005: MET_Broker: The number of finished Cloudlets is:614
11140.401600000005: MET_Broker: Cloudlet #617 return received
11140.401600000005: MET_Broker: The number of finished Cloudlets is:615
11150.051200000005: MET_Broker: Cloudlet #612 return received
11150.051200000005: MET_Broker: The number of finished Cloudlets is:616
11175.578400000006: MET_Broker: Cloudlet #618 return received
11175.578400000006: MET_Broker: The number of finished Cloudlets is:617
11175.598400000006: MET_Broker: Cloudlet #613 return received
11175.598400000006: MET_Broker: The number of finished Cloudlets is:618
11183.745200000007: MET_Broker: Cloudlet #621 return received
11183.745200000007: MET_Broker: The number of finished Cloudlets is:619
11196.400800000007: MET_Broker: Cloudlet #619 return received
11196.400800000007: MET_Broker: The number of finished Cloudlets is:620
11215.608400000006: MET_Broker: Cloudlet #623 return received
11215.608400000006: MET_Broker: The number of finished Cloudlets is:621
11231.251200000006: MET_Broker: Cloudlet #620 return received
11231.251200000006: MET_Broker: The number of finished Cloudlets is:622
11243.548000000006: MET_Broker: Cloudlet #624 return received
11243.548000000006: MET_Broker: The number of finished Cloudlets is:623
11303.164000000006: MET_Broker: Cloudlet #626 return received
11303.164000000006: MET_Broker: The number of finished Cloudlets is:624
11320.286400000006: MET_Broker: Cloudlet #614 return received
11320.286400000006: MET_Broker: The number of finished Cloudlets is:625
11358.394000000006: MET_Broker: Cloudlet #628 return received
11358.394000000006: MET_Broker: The number of finished Cloudlets is:626
11368.651200000006: MET_Broker: Cloudlet #625 return received
11368.651200000006: MET_Broker: The number of finished Cloudlets is:627
11422.640400000006: MET_Broker: Cloudlet #630 return received
11422.640400000006: MET_Broker: The number of finished Cloudlets is:628
11434.335600000006: MET_Broker: Cloudlet #631 return received
11434.335600000006: MET_Broker: The number of finished Cloudlets is:629
11457.415200000005: MET_Broker: Cloudlet #632 return received
11457.415200000005: MET_Broker: The number of finished Cloudlets is:630
11500.715600000005: MET_Broker: Cloudlet #627 return received
11500.715600000005: MET_Broker: The number of finished Cloudlets is:631
11510.474000000006: MET_Broker: Cloudlet #629 return received
11510.474000000006: MET_Broker: The number of finished Cloudlets is:632
11519.962800000005: MET_Broker: Cloudlet #634 return received
11519.962800000005: MET_Broker: The number of finished Cloudlets is:633
11523.436800000005: MET_Broker: Cloudlet #635 return received
11523.436800000005: MET_Broker: The number of finished Cloudlets is:634
11529.195600000005: MET_Broker: Cloudlet #622 return received
11529.195600000005: MET_Broker: The number of finished Cloudlets is:635
11529.641600000004: MET_Broker: Cloudlet #637 return received
11529.641600000004: MET_Broker: The number of finished Cloudlets is:636
11540.350400000005: MET_Broker: Cloudlet #633 return received
11540.350400000005: MET_Broker: The number of finished Cloudlets is:637
11547.392800000005: MET_Broker: Cloudlet #639 return received
11547.392800000005: MET_Broker: The number of finished Cloudlets is:638
11554.643600000005: MET_Broker: Cloudlet #640 return received
11554.643600000005: MET_Broker: The number of finished Cloudlets is:639
11561.329600000005: MET_Broker: Cloudlet #638 return received
11561.329600000005: MET_Broker: The number of finished Cloudlets is:640
11564.879200000005: MET_Broker: Cloudlet #641 return received
11564.879200000005: MET_Broker: The number of finished Cloudlets is:641
11591.608000000006: MET_Broker: Cloudlet #644 return received
11591.608000000006: MET_Broker: The number of finished Cloudlets is:642
11617.020400000005: MET_Broker: Cloudlet #643 return received
11617.020400000005: MET_Broker: The number of finished Cloudlets is:643
11635.079200000006: MET_Broker: Cloudlet #636 return received
11635.079200000006: MET_Broker: The number of finished Cloudlets is:644
11685.114800000005: MET_Broker: Cloudlet #647 return received
11685.114800000005: MET_Broker: The number of finished Cloudlets is:645
11694.489200000005: MET_Broker: Cloudlet #642 return received
11694.489200000005: MET_Broker: The number of finished Cloudlets is:646
11713.202400000006: MET_Broker: Cloudlet #646 return received
11713.202400000006: MET_Broker: The number of finished Cloudlets is:647
11715.342800000006: MET_Broker: Cloudlet #645 return received
11715.342800000006: MET_Broker: The number of finished Cloudlets is:648
11728.536800000005: MET_Broker: Cloudlet #648 return received
11728.536800000005: MET_Broker: The number of finished Cloudlets is:649
11729.620400000005: MET_Broker: Cloudlet #649 return received
11729.620400000005: MET_Broker: The number of finished Cloudlets is:650
11752.408800000005: MET_Broker: Cloudlet #650 return received
11752.408800000005: MET_Broker: The number of finished Cloudlets is:651
11769.824800000004: MET_Broker: Cloudlet #654 return received
11769.824800000004: MET_Broker: The number of finished Cloudlets is:652
11815.402800000003: MET_Broker: Cloudlet #655 return received
11815.402800000003: MET_Broker: The number of finished Cloudlets is:653
11824.414400000003: MET_Broker: Cloudlet #656 return received
11824.414400000003: MET_Broker: The number of finished Cloudlets is:654
11870.315600000004: MET_Broker: Cloudlet #657 return received
11870.315600000004: MET_Broker: The number of finished Cloudlets is:655
11884.179600000003: MET_Broker: Cloudlet #658 return received
11884.179600000003: MET_Broker: The number of finished Cloudlets is:656
11894.576000000003: MET_Broker: Cloudlet #653 return received
11894.576000000003: MET_Broker: The number of finished Cloudlets is:657
11899.281200000003: MET_Broker: Cloudlet #659 return received
11899.281200000003: MET_Broker: The number of finished Cloudlets is:658
11911.232000000004: MET_Broker: Cloudlet #651 return received
11911.232000000004: MET_Broker: The number of finished Cloudlets is:659
11912.623600000004: MET_Broker: Cloudlet #652 return received
11912.623600000004: MET_Broker: The number of finished Cloudlets is:660
11937.865200000004: MET_Broker: Cloudlet #660 return received
11937.865200000004: MET_Broker: The number of finished Cloudlets is:661
11938.360000000004: MET_Broker: Cloudlet #661 return received
11938.360000000004: MET_Broker: The number of finished Cloudlets is:662
11968.120000000004: MET_Broker: Cloudlet #663 return received
11968.120000000004: MET_Broker: The number of finished Cloudlets is:663
11973.547200000005: MET_Broker: Cloudlet #665 return received
11973.547200000005: MET_Broker: The number of finished Cloudlets is:664
11984.767200000004: MET_Broker: Cloudlet #667 return received
11984.767200000004: MET_Broker: The number of finished Cloudlets is:665
12003.407200000003: MET_Broker: Cloudlet #668 return received
12003.407200000003: MET_Broker: The number of finished Cloudlets is:666
12008.173200000003: MET_Broker: Cloudlet #666 return received
12008.173200000003: MET_Broker: The number of finished Cloudlets is:667
12056.813200000002: MET_Broker: Cloudlet #664 return received
12056.813200000002: MET_Broker: The number of finished Cloudlets is:668
12065.984000000002: MET_Broker: Cloudlet #670 return received
12065.984000000002: MET_Broker: The number of finished Cloudlets is:669
12093.359600000002: MET_Broker: Cloudlet #671 return received
12093.359600000002: MET_Broker: The number of finished Cloudlets is:670
12101.296000000002: MET_Broker: Cloudlet #662 return received
12101.296000000002: MET_Broker: The number of finished Cloudlets is:671
12108.163600000002: MET_Broker: Cloudlet #673 return received
12108.163600000002: MET_Broker: The number of finished Cloudlets is:672
12115.218800000002: MET_Broker: Cloudlet #675 return received
12115.218800000002: MET_Broker: The number of finished Cloudlets is:673
12119.582400000003: MET_Broker: Cloudlet #674 return received
12119.582400000003: MET_Broker: The number of finished Cloudlets is:674
12135.579600000003: MET_Broker: Cloudlet #677 return received
12135.579600000003: MET_Broker: The number of finished Cloudlets is:675
12139.364400000002: MET_Broker: Cloudlet #676 return received
12139.364400000002: MET_Broker: The number of finished Cloudlets is:676
12143.553200000002: MET_Broker: Cloudlet #678 return received
12143.553200000002: MET_Broker: The number of finished Cloudlets is:677
12154.600000000002: MET_Broker: Cloudlet #679 return received
12154.600000000002: MET_Broker: The number of finished Cloudlets is:678
12176.001200000002: MET_Broker: Cloudlet #669 return received
12176.001200000002: MET_Broker: The number of finished Cloudlets is:679
12196.686000000003: MET_Broker: Cloudlet #680 return received
12196.686000000003: MET_Broker: The number of finished Cloudlets is:680
12246.426000000003: MET_Broker: Cloudlet #683 return received
12246.426000000003: MET_Broker: The number of finished Cloudlets is:681
12250.113600000002: MET_Broker: Cloudlet #672 return received
12250.113600000002: MET_Broker: The number of finished Cloudlets is:682
12280.815200000003: MET_Broker: Cloudlet #684 return received
12280.815200000003: MET_Broker: The number of finished Cloudlets is:683
12297.170400000003: MET_Broker: Cloudlet #682 return received
12297.170400000003: MET_Broker: The number of finished Cloudlets is:684
12300.214800000003: MET_Broker: Cloudlet #685 return received
12300.214800000003: MET_Broker: The number of finished Cloudlets is:685
12305.165200000003: MET_Broker: Cloudlet #681 return received
12305.165200000003: MET_Broker: The number of finished Cloudlets is:686
12313.754800000002: MET_Broker: Cloudlet #687 return received
12313.754800000002: MET_Broker: The number of finished Cloudlets is:687
12330.065200000003: MET_Broker: Cloudlet #689 return received
12330.065200000003: MET_Broker: The number of finished Cloudlets is:688
12348.685600000003: MET_Broker: Cloudlet #688 return received
12348.685600000003: MET_Broker: The number of finished Cloudlets is:689
12373.896800000002: MET_Broker: Cloudlet #690 return received
12373.896800000002: MET_Broker: The number of finished Cloudlets is:690
12384.630800000003: MET_Broker: Cloudlet #692 return received
12384.630800000003: MET_Broker: The number of finished Cloudlets is:691
12389.167200000004: MET_Broker: Cloudlet #691 return received
12389.167200000004: MET_Broker: The number of finished Cloudlets is:692
12397.979200000003: MET_Broker: Cloudlet #693 return received
12397.979200000003: MET_Broker: The number of finished Cloudlets is:693
12404.496400000004: MET_Broker: Cloudlet #694 return received
12404.496400000004: MET_Broker: The number of finished Cloudlets is:694
12445.958000000004: MET_Broker: Cloudlet #696 return received
12445.958000000004: MET_Broker: The number of finished Cloudlets is:695
12458.127200000004: MET_Broker: Cloudlet #697 return received
12458.127200000004: MET_Broker: The number of finished Cloudlets is:696
12460.660800000005: MET_Broker: Cloudlet #698 return received
12460.660800000005: MET_Broker: The number of finished Cloudlets is:697
12467.101200000005: MET_Broker: Cloudlet #699 return received
12467.101200000005: MET_Broker: The number of finished Cloudlets is:698
12512.002000000004: MET_Broker: Cloudlet #700 return received
12512.002000000004: MET_Broker: The number of finished Cloudlets is:699
12555.774400000004: MET_Broker: Cloudlet #686 return received
12555.774400000004: MET_Broker: The number of finished Cloudlets is:700
12563.368800000004: MET_Broker: Cloudlet #703 return received
12563.368800000004: MET_Broker: The number of finished Cloudlets is:701
12565.541200000003: MET_Broker: Cloudlet #695 return received
12565.541200000003: MET_Broker: The number of finished Cloudlets is:702
12581.217600000004: MET_Broker: Cloudlet #704 return received
12581.217600000004: MET_Broker: The number of finished Cloudlets is:703
12590.059200000003: MET_Broker: Cloudlet #706 return received
12590.059200000003: MET_Broker: The number of finished Cloudlets is:704
12636.315200000003: MET_Broker: Cloudlet #707 return received
12636.315200000003: MET_Broker: The number of finished Cloudlets is:705
12660.607200000002: MET_Broker: Cloudlet #705 return received
12660.607200000002: MET_Broker: The number of finished Cloudlets is:706
12689.774400000002: MET_Broker: Cloudlet #702 return received
12689.774400000002: MET_Broker: The number of finished Cloudlets is:707
12692.884400000003: MET_Broker: Cloudlet #709 return received
12692.884400000003: MET_Broker: The number of finished Cloudlets is:708
12726.017200000002: MET_Broker: Cloudlet #701 return received
12726.017200000002: MET_Broker: The number of finished Cloudlets is:709
12731.602000000003: MET_Broker: Cloudlet #710 return received
12731.602000000003: MET_Broker: The number of finished Cloudlets is:710
12744.756800000003: MET_Broker: Cloudlet #713 return received
12744.756800000003: MET_Broker: The number of finished Cloudlets is:711
12748.676400000002: MET_Broker: Cloudlet #708 return received
12748.676400000002: MET_Broker: The number of finished Cloudlets is:712
12749.073200000003: MET_Broker: Cloudlet #711 return received
12749.073200000003: MET_Broker: The number of finished Cloudlets is:713
12773.804400000003: MET_Broker: Cloudlet #712 return received
12773.804400000003: MET_Broker: The number of finished Cloudlets is:714
12789.294800000003: MET_Broker: Cloudlet #717 return received
12789.294800000003: MET_Broker: The number of finished Cloudlets is:715
12831.251200000002: MET_Broker: Cloudlet #718 return received
12831.251200000002: MET_Broker: The number of finished Cloudlets is:716
12847.913200000003: MET_Broker: Cloudlet #714 return received
12847.913200000003: MET_Broker: The number of finished Cloudlets is:717
12851.609600000003: MET_Broker: Cloudlet #719 return received
12851.609600000003: MET_Broker: The number of finished Cloudlets is:718
12859.432000000003: MET_Broker: Cloudlet #715 return received
12859.432000000003: MET_Broker: The number of finished Cloudlets is:719
12875.440800000002: MET_Broker: Cloudlet #720 return received
12875.440800000002: MET_Broker: The number of finished Cloudlets is:720
12916.413600000002: MET_Broker: Cloudlet #723 return received
12916.413600000002: MET_Broker: The number of finished Cloudlets is:721
12948.470000000001: MET_Broker: Cloudlet #716 return received
12948.470000000001: MET_Broker: The number of finished Cloudlets is:722
12958.1668: MET_Broker: Cloudlet #721 return received
12958.1668: MET_Broker: The number of finished Cloudlets is:723
12965.017600000001: MET_Broker: Cloudlet #724 return received
12965.017600000001: MET_Broker: The number of finished Cloudlets is:724
12997.876800000002: MET_Broker: Cloudlet #725 return received
12997.876800000002: MET_Broker: The number of finished Cloudlets is:725
13009.292400000002: MET_Broker: Cloudlet #727 return received
13009.292400000002: MET_Broker: The number of finished Cloudlets is:726
13010.198800000002: MET_Broker: Cloudlet #726 return received
13010.198800000002: MET_Broker: The number of finished Cloudlets is:727
13048.414800000002: MET_Broker: Cloudlet #728 return received
13048.414800000002: MET_Broker: The number of finished Cloudlets is:728
13081.056800000002: MET_Broker: Cloudlet #731 return received
13081.056800000002: MET_Broker: The number of finished Cloudlets is:729
13111.223200000002: MET_Broker: Cloudlet #732 return received
13111.223200000002: MET_Broker: The number of finished Cloudlets is:730
13130.548400000001: MET_Broker: Cloudlet #729 return received
13130.548400000001: MET_Broker: The number of finished Cloudlets is:731
13132.878800000002: MET_Broker: Cloudlet #733 return received
13132.878800000002: MET_Broker: The number of finished Cloudlets is:732
13151.333600000002: MET_Broker: Cloudlet #722 return received
13151.333600000002: MET_Broker: The number of finished Cloudlets is:733
13151.618400000001: MET_Broker: Cloudlet #735 return received
13151.618400000001: MET_Broker: The number of finished Cloudlets is:734
13156.5408: MET_Broker: Cloudlet #730 return received
13156.5408: MET_Broker: The number of finished Cloudlets is:735
13159.8636: MET_Broker: Cloudlet #737 return received
13159.8636: MET_Broker: The number of finished Cloudlets is:736
13165.3348: MET_Broker: Cloudlet #738 return received
13165.3348: MET_Broker: The number of finished Cloudlets is:737
13167.576000000001: MET_Broker: Cloudlet #734 return received
13167.576000000001: MET_Broker: The number of finished Cloudlets is:738
13173.5216: MET_Broker: Cloudlet #739 return received
13173.5216: MET_Broker: The number of finished Cloudlets is:739
13198.07: MET_Broker: Cloudlet #736 return received
13198.07: MET_Broker: The number of finished Cloudlets is:740
13231.6576: MET_Broker: Cloudlet #742 return received
13231.6576: MET_Broker: The number of finished Cloudlets is:741
13282.2576: MET_Broker: Cloudlet #743 return received
13282.2576: MET_Broker: The number of finished Cloudlets is:742
13286.9848: MET_Broker: Cloudlet #744 return received
13286.9848: MET_Broker: The number of finished Cloudlets is:743
13297.4592: MET_Broker: Cloudlet #745 return received
13297.4592: MET_Broker: The number of finished Cloudlets is:744
13321.2884: MET_Broker: Cloudlet #747 return received
13321.2884: MET_Broker: The number of finished Cloudlets is:745
13327.3032: MET_Broker: Cloudlet #748 return received
13327.3032: MET_Broker: The number of finished Cloudlets is:746
13340.4984: MET_Broker: Cloudlet #749 return received
13340.4984: MET_Broker: The number of finished Cloudlets is:747
13353.8416: MET_Broker: Cloudlet #746 return received
13353.8416: MET_Broker: The number of finished Cloudlets is:748
13366.9336: MET_Broker: Cloudlet #741 return received
13366.9336: MET_Broker: The number of finished Cloudlets is:749
13371.676800000001: MET_Broker: Cloudlet #751 return received
13371.676800000001: MET_Broker: The number of finished Cloudlets is:750
13380.068000000001: MET_Broker: Cloudlet #753 return received
13380.068000000001: MET_Broker: The number of finished Cloudlets is:751
13399.235200000001: MET_Broker: Cloudlet #754 return received
13399.235200000001: MET_Broker: The number of finished Cloudlets is:752
13403.689600000002: MET_Broker: Cloudlet #752 return received
13403.689600000002: MET_Broker: The number of finished Cloudlets is:753
13414.144800000002: MET_Broker: Cloudlet #755 return received
13414.144800000002: MET_Broker: The number of finished Cloudlets is:754
13428.006400000002: MET_Broker: Cloudlet #740 return received
13428.006400000002: MET_Broker: The number of finished Cloudlets is:755
13478.957200000003: MET_Broker: Cloudlet #750 return received
13478.957200000003: MET_Broker: The number of finished Cloudlets is:756
13498.863200000003: MET_Broker: Cloudlet #759 return received
13498.863200000003: MET_Broker: The number of finished Cloudlets is:757
13514.751200000004: MET_Broker: Cloudlet #760 return received
13514.751200000004: MET_Broker: The number of finished Cloudlets is:758
13553.738400000004: MET_Broker: Cloudlet #761 return received
13553.738400000004: MET_Broker: The number of finished Cloudlets is:759
13585.255200000003: MET_Broker: Cloudlet #757 return received
13585.255200000003: MET_Broker: The number of finished Cloudlets is:760
13630.873200000004: MET_Broker: Cloudlet #763 return received
13630.873200000004: MET_Broker: The number of finished Cloudlets is:761
13659.584400000003: MET_Broker: Cloudlet #756 return received
13659.584400000003: MET_Broker: The number of finished Cloudlets is:762
13670.529600000003: MET_Broker: Cloudlet #764 return received
13670.529600000003: MET_Broker: The number of finished Cloudlets is:763
13716.167600000004: MET_Broker: Cloudlet #766 return received
13716.167600000004: MET_Broker: The number of finished Cloudlets is:764
13733.873200000004: MET_Broker: Cloudlet #767 return received
13733.873200000004: MET_Broker: The number of finished Cloudlets is:765
13740.969600000004: MET_Broker: Cloudlet #768 return received
13740.969600000004: MET_Broker: The number of finished Cloudlets is:766
13770.066000000004: MET_Broker: Cloudlet #769 return received
13770.066000000004: MET_Broker: The number of finished Cloudlets is:767
13775.792000000005: MET_Broker: Cloudlet #758 return received
13775.792000000005: MET_Broker: The number of finished Cloudlets is:768
13779.402400000004: MET_Broker: Cloudlet #770 return received
13779.402400000004: MET_Broker: The number of finished Cloudlets is:769
13792.634400000004: MET_Broker: Cloudlet #765 return received
13792.634400000004: MET_Broker: The number of finished Cloudlets is:770
13826.900800000005: MET_Broker: Cloudlet #773 return received
13826.900800000005: MET_Broker: The number of finished Cloudlets is:771
13833.677200000006: MET_Broker: Cloudlet #772 return received
13833.677200000006: MET_Broker: The number of finished Cloudlets is:772
13849.636400000005: MET_Broker: Cloudlet #775 return received
13849.636400000005: MET_Broker: The number of finished Cloudlets is:773
13882.532000000005: MET_Broker: Cloudlet #762 return received
13882.532000000005: MET_Broker: The number of finished Cloudlets is:774
13955.990400000004: MET_Broker: Cloudlet #776 return received
13955.990400000004: MET_Broker: The number of finished Cloudlets is:775
13972.467600000004: MET_Broker: Cloudlet #778 return received
13972.467600000004: MET_Broker: The number of finished Cloudlets is:776
13982.856400000004: MET_Broker: Cloudlet #774 return received
13982.856400000004: MET_Broker: The number of finished Cloudlets is:777
14003.070800000005: MET_Broker: Cloudlet #777 return received
14003.070800000005: MET_Broker: The number of finished Cloudlets is:778
14006.122000000005: MET_Broker: Cloudlet #780 return received
14006.122000000005: MET_Broker: The number of finished Cloudlets is:779
14017.052800000005: MET_Broker: Cloudlet #779 return received
14017.052800000005: MET_Broker: The number of finished Cloudlets is:780
14021.685600000004: MET_Broker: Cloudlet #782 return received
14021.685600000004: MET_Broker: The number of finished Cloudlets is:781
14033.040800000004: MET_Broker: Cloudlet #783 return received
14033.040800000004: MET_Broker: The number of finished Cloudlets is:782
14040.112800000004: MET_Broker: Cloudlet #781 return received
14040.112800000004: MET_Broker: The number of finished Cloudlets is:783
14052.790800000004: MET_Broker: Cloudlet #784 return received
14052.790800000004: MET_Broker: The number of finished Cloudlets is:784
14059.361600000004: MET_Broker: Cloudlet #786 return received
14059.361600000004: MET_Broker: The number of finished Cloudlets is:785
14089.986000000004: MET_Broker: Cloudlet #771 return received
14089.986000000004: MET_Broker: The number of finished Cloudlets is:786
14096.696400000004: MET_Broker: Cloudlet #789 return received
14096.696400000004: MET_Broker: The number of finished Cloudlets is:787
14115.504000000004: MET_Broker: Cloudlet #790 return received
14115.504000000004: MET_Broker: The number of finished Cloudlets is:788
14116.563200000004: MET_Broker: Cloudlet #788 return received
14116.563200000004: MET_Broker: The number of finished Cloudlets is:789
14122.463200000004: MET_Broker: Cloudlet #785 return received
14122.463200000004: MET_Broker: The number of finished Cloudlets is:790
14151.954000000003: MET_Broker: Cloudlet #791 return received
14151.954000000003: MET_Broker: The number of finished Cloudlets is:791
14163.185600000003: MET_Broker: Cloudlet #794 return received
14163.185600000003: MET_Broker: The number of finished Cloudlets is:792
14210.146400000003: MET_Broker: Cloudlet #792 return received
14210.146400000003: MET_Broker: The number of finished Cloudlets is:793
14228.534800000003: MET_Broker: Cloudlet #787 return received
14228.534800000003: MET_Broker: The number of finished Cloudlets is:794
14250.685600000003: MET_Broker: Cloudlet #797 return received
14250.685600000003: MET_Broker: The number of finished Cloudlets is:795
14264.650400000002: MET_Broker: Cloudlet #798 return received
14264.650400000002: MET_Broker: The number of finished Cloudlets is:796
14301.138800000002: MET_Broker: Cloudlet #799 return received
14301.138800000002: MET_Broker: The number of finished Cloudlets is:797
14356.497200000002: MET_Broker: Cloudlet #800 return received
14356.497200000002: MET_Broker: The number of finished Cloudlets is:798
14401.816400000002: MET_Broker: Cloudlet #793 return received
14401.816400000002: MET_Broker: The number of finished Cloudlets is:799
14411.756800000001: MET_Broker: Cloudlet #801 return received
14411.756800000001: MET_Broker: The number of finished Cloudlets is:800
14414.322400000001: MET_Broker: Cloudlet #802 return received
14414.322400000001: MET_Broker: The number of finished Cloudlets is:801
14420.3232: MET_Broker: Cloudlet #803 return received
14420.3232: MET_Broker: The number of finished Cloudlets is:802
14425.3084: MET_Broker: Cloudlet #804 return received
14425.3084: MET_Broker: The number of finished Cloudlets is:803
14429.8184: MET_Broker: Cloudlet #805 return received
14429.8184: MET_Broker: The number of finished Cloudlets is:804
14451.1936: MET_Broker: Cloudlet #795 return received
14451.1936: MET_Broker: The number of finished Cloudlets is:805
14473.853200000001: MET_Broker: Cloudlet #806 return received
14473.853200000001: MET_Broker: The number of finished Cloudlets is:806
14531.324400000001: MET_Broker: Cloudlet #809 return received
14531.324400000001: MET_Broker: The number of finished Cloudlets is:807
14557.498800000001: MET_Broker: Cloudlet #810 return received
14557.498800000001: MET_Broker: The number of finished Cloudlets is:808
14562.070800000001: MET_Broker: Cloudlet #796 return received
14562.070800000001: MET_Broker: The number of finished Cloudlets is:809
14610.383200000002: MET_Broker: Cloudlet #811 return received
14610.383200000002: MET_Broker: The number of finished Cloudlets is:810
14624.034000000001: MET_Broker: Cloudlet #813 return received
14624.034000000001: MET_Broker: The number of finished Cloudlets is:811
14647.2036: MET_Broker: Cloudlet #814 return received
14647.2036: MET_Broker: The number of finished Cloudlets is:812
14647.4752: MET_Broker: Cloudlet #808 return received
14647.4752: MET_Broker: The number of finished Cloudlets is:813
14667.753200000001: MET_Broker: Cloudlet #812 return received
14667.753200000001: MET_Broker: The number of finished Cloudlets is:814
14676.415200000001: MET_Broker: Cloudlet #815 return received
14676.415200000001: MET_Broker: The number of finished Cloudlets is:815
14690.0516: MET_Broker: Cloudlet #816 return received
14690.0516: MET_Broker: The number of finished Cloudlets is:816
14708.1664: MET_Broker: Cloudlet #807 return received
14708.1664: MET_Broker: The number of finished Cloudlets is:817
14726.3168: MET_Broker: Cloudlet #819 return received
14726.3168: MET_Broker: The number of finished Cloudlets is:818
14754.5952: MET_Broker: Cloudlet #818 return received
14754.5952: MET_Broker: The number of finished Cloudlets is:819
14771.246799999999: MET_Broker: Cloudlet #821 return received
14771.246799999999: MET_Broker: The number of finished Cloudlets is:820
14773.952: MET_Broker: Cloudlet #822 return received
14773.952: MET_Broker: The number of finished Cloudlets is:821
14798.164799999999: MET_Broker: Cloudlet #823 return received
14798.164799999999: MET_Broker: The number of finished Cloudlets is:822
14824.5724: MET_Broker: Cloudlet #824 return received
14824.5724: MET_Broker: The number of finished Cloudlets is:823
14867.896799999999: MET_Broker: Cloudlet #817 return received
14867.896799999999: MET_Broker: The number of finished Cloudlets is:824
14883.435599999999: MET_Broker: Cloudlet #826 return received
14883.435599999999: MET_Broker: The number of finished Cloudlets is:825
14914.481999999998: MET_Broker: Cloudlet #827 return received
14914.481999999998: MET_Broker: The number of finished Cloudlets is:826
14942.537599999998: MET_Broker: Cloudlet #828 return received
14942.537599999998: MET_Broker: The number of finished Cloudlets is:827
14948.604799999997: MET_Broker: Cloudlet #830 return received
14948.604799999997: MET_Broker: The number of finished Cloudlets is:828
14962.241199999997: MET_Broker: Cloudlet #829 return received
14962.241199999997: MET_Broker: The number of finished Cloudlets is:829
14968.303599999997: MET_Broker: Cloudlet #831 return received
14968.303599999997: MET_Broker: The number of finished Cloudlets is:830
14982.697999999997: MET_Broker: Cloudlet #825 return received
14982.697999999997: MET_Broker: The number of finished Cloudlets is:831
14989.539199999997: MET_Broker: Cloudlet #834 return received
14989.539199999997: MET_Broker: The number of finished Cloudlets is:832
14991.759599999998: MET_Broker: Cloudlet #833 return received
14991.759599999998: MET_Broker: The number of finished Cloudlets is:833
14996.479999999998: MET_Broker: Cloudlet #835 return received
14996.479999999998: MET_Broker: The number of finished Cloudlets is:834
14999.085199999998: MET_Broker: Cloudlet #836 return received
14999.085199999998: MET_Broker: The number of finished Cloudlets is:835
15019.141599999997: MET_Broker: Cloudlet #837 return received
15019.141599999997: MET_Broker: The number of finished Cloudlets is:836
15040.978399999996: MET_Broker: Cloudlet #838 return received
15040.978399999996: MET_Broker: The number of finished Cloudlets is:837
15046.703999999996: MET_Broker: Cloudlet #820 return received
15046.703999999996: MET_Broker: The number of finished Cloudlets is:838
15056.816799999997: MET_Broker: Cloudlet #840 return received
15056.816799999997: MET_Broker: The number of finished Cloudlets is:839
15061.316799999997: MET_Broker: Cloudlet #841 return received
15061.316799999997: MET_Broker: The number of finished Cloudlets is:840
15076.881199999996: MET_Broker: Cloudlet #843 return received
15076.881199999996: MET_Broker: The number of finished Cloudlets is:841
15134.855999999996: MET_Broker: Cloudlet #844 return received
15134.855999999996: MET_Broker: The number of finished Cloudlets is:842
15141.125999999997: MET_Broker: Cloudlet #832 return received
15141.125999999997: MET_Broker: The number of finished Cloudlets is:843
15146.775599999997: MET_Broker: Cloudlet #842 return received
15146.775599999997: MET_Broker: The number of finished Cloudlets is:844
15157.335599999997: MET_Broker: Cloudlet #846 return received
15157.335599999997: MET_Broker: The number of finished Cloudlets is:845
15172.953199999996: MET_Broker: Cloudlet #845 return received
15172.953199999996: MET_Broker: The number of finished Cloudlets is:846
15176.842399999996: MET_Broker: Cloudlet #847 return received
15176.842399999996: MET_Broker: The number of finished Cloudlets is:847
15183.564799999996: MET_Broker: Cloudlet #848 return received
15183.564799999996: MET_Broker: The number of finished Cloudlets is:848
15185.516399999997: MET_Broker: Cloudlet #849 return received
15185.516399999997: MET_Broker: The number of finished Cloudlets is:849
15197.870399999996: MET_Broker: Cloudlet #839 return received
15197.870399999996: MET_Broker: The number of finished Cloudlets is:850
15203.408399999997: MET_Broker: Cloudlet #852 return received
15203.408399999997: MET_Broker: The number of finished Cloudlets is:851
15221.740799999996: MET_Broker: Cloudlet #850 return received
15221.740799999996: MET_Broker: The number of finished Cloudlets is:852
15232.043999999996: MET_Broker: Cloudlet #851 return received
15232.043999999996: MET_Broker: The number of finished Cloudlets is:853
15237.861599999997: MET_Broker: Cloudlet #855 return received
15237.861599999997: MET_Broker: The number of finished Cloudlets is:854
15239.850799999997: MET_Broker: Cloudlet #853 return received
15239.850799999997: MET_Broker: The number of finished Cloudlets is:855
15243.757599999997: MET_Broker: Cloudlet #856 return received
15243.757599999997: MET_Broker: The number of finished Cloudlets is:856
15247.650399999997: MET_Broker: Cloudlet #854 return received
15247.650399999997: MET_Broker: The number of finished Cloudlets is:857
15249.285199999997: MET_Broker: Cloudlet #858 return received
15249.285199999997: MET_Broker: The number of finished Cloudlets is:858
15256.200399999996: MET_Broker: Cloudlet #857 return received
15256.200399999996: MET_Broker: The number of finished Cloudlets is:859
15259.471599999995: MET_Broker: Cloudlet #859 return received
15259.471599999995: MET_Broker: The number of finished Cloudlets is:860
15276.849199999995: MET_Broker: Cloudlet #861 return received
15276.849199999995: MET_Broker: The number of finished Cloudlets is:861
15289.763599999995: MET_Broker: Cloudlet #863 return received
15289.763599999995: MET_Broker: The number of finished Cloudlets is:862
15291.645999999995: MET_Broker: Cloudlet #860 return received
15291.645999999995: MET_Broker: The number of finished Cloudlets is:863
15305.818799999995: MET_Broker: Cloudlet #865 return received
15305.818799999995: MET_Broker: The number of finished Cloudlets is:864
15319.131999999996: MET_Broker: Cloudlet #866 return received
15319.131999999996: MET_Broker: The number of finished Cloudlets is:865
15319.822399999995: MET_Broker: Cloudlet #864 return received
15319.822399999995: MET_Broker: The number of finished Cloudlets is:866
15327.443599999995: MET_Broker: Cloudlet #862 return received
15327.443599999995: MET_Broker: The number of finished Cloudlets is:867
15334.555999999995: MET_Broker: Cloudlet #867 return received
15334.555999999995: MET_Broker: The number of finished Cloudlets is:868
15346.955599999996: MET_Broker: Cloudlet #868 return received
15346.955599999996: MET_Broker: The number of finished Cloudlets is:869
15359.388799999995: MET_Broker: Cloudlet #869 return received
15359.388799999995: MET_Broker: The number of finished Cloudlets is:870
15365.117999999995: MET_Broker: Cloudlet #870 return received
15365.117999999995: MET_Broker: The number of finished Cloudlets is:871
15374.566799999995: MET_Broker: Cloudlet #873 return received
15374.566799999995: MET_Broker: The number of finished Cloudlets is:872
15382.057599999995: MET_Broker: Cloudlet #875 return received
15382.057599999995: MET_Broker: The number of finished Cloudlets is:873
15405.051999999994: MET_Broker: Cloudlet #874 return received
15405.051999999994: MET_Broker: The number of finished Cloudlets is:874
15422.369599999995: MET_Broker: Cloudlet #876 return received
15422.369599999995: MET_Broker: The number of finished Cloudlets is:875
15422.869199999994: MET_Broker: Cloudlet #877 return received
15422.869199999994: MET_Broker: The number of finished Cloudlets is:876
15437.111999999994: MET_Broker: Cloudlet #878 return received
15437.111999999994: MET_Broker: The number of finished Cloudlets is:877
15447.677999999994: MET_Broker: Cloudlet #879 return received
15447.677999999994: MET_Broker: The number of finished Cloudlets is:878
15449.266799999994: MET_Broker: Cloudlet #880 return received
15449.266799999994: MET_Broker: The number of finished Cloudlets is:879
15453.770799999995: MET_Broker: Cloudlet #881 return received
15453.770799999995: MET_Broker: The number of finished Cloudlets is:880
15483.943199999994: MET_Broker: Cloudlet #883 return received
15483.943199999994: MET_Broker: The number of finished Cloudlets is:881
15497.236799999995: MET_Broker: Cloudlet #882 return received
15497.236799999995: MET_Broker: The number of finished Cloudlets is:882
15521.535199999995: MET_Broker: Cloudlet #872 return received
15521.535199999995: MET_Broker: The number of finished Cloudlets is:883
15536.806399999994: MET_Broker: Cloudlet #886 return received
15536.806399999994: MET_Broker: The number of finished Cloudlets is:884
15540.468799999993: MET_Broker: Cloudlet #885 return received
15540.468799999993: MET_Broker: The number of finished Cloudlets is:885
15551.723599999994: MET_Broker: Cloudlet #887 return received
15551.723599999994: MET_Broker: The number of finished Cloudlets is:886
15564.592399999994: MET_Broker: Cloudlet #888 return received
15564.592399999994: MET_Broker: The number of finished Cloudlets is:887
15565.661999999995: MET_Broker: Cloudlet #871 return received
15565.661999999995: MET_Broker: The number of finished Cloudlets is:888
15578.094799999995: MET_Broker: Cloudlet #890 return received
15578.094799999995: MET_Broker: The number of finished Cloudlets is:889
15611.156799999995: MET_Broker: Cloudlet #891 return received
15611.156799999995: MET_Broker: The number of finished Cloudlets is:890
15613.897999999996: MET_Broker: Cloudlet #892 return received
15613.897999999996: MET_Broker: The number of finished Cloudlets is:891
15632.706399999995: MET_Broker: Cloudlet #894 return received
15632.706399999995: MET_Broker: The number of finished Cloudlets is:892
15639.552799999996: MET_Broker: Cloudlet #889 return received
15639.552799999996: MET_Broker: The number of finished Cloudlets is:893
15685.637599999996: MET_Broker: Cloudlet #896 return received
15685.637599999996: MET_Broker: The number of finished Cloudlets is:894
15778.253599999996: MET_Broker: Cloudlet #893 return received
15778.253599999996: MET_Broker: The number of finished Cloudlets is:895
15802.569199999996: MET_Broker: Cloudlet #884 return received
15802.569199999996: MET_Broker: The number of finished Cloudlets is:896
15880.343199999996: MET_Broker: Cloudlet #899 return received
15880.343199999996: MET_Broker: The number of finished Cloudlets is:897
15892.644799999996: MET_Broker: Cloudlet #897 return received
15892.644799999996: MET_Broker: The number of finished Cloudlets is:898
15924.324399999996: MET_Broker: Cloudlet #895 return received
15924.324399999996: MET_Broker: The number of finished Cloudlets is:899
15981.524799999996: MET_Broker: Cloudlet #902 return received
15981.524799999996: MET_Broker: The number of finished Cloudlets is:900
15991.882399999995: MET_Broker: Cloudlet #901 return received
15991.882399999995: MET_Broker: The number of finished Cloudlets is:901
16001.770799999995: MET_Broker: Cloudlet #904 return received
16001.770799999995: MET_Broker: The number of finished Cloudlets is:902
16007.855599999995: MET_Broker: Cloudlet #905 return received
16007.855599999995: MET_Broker: The number of finished Cloudlets is:903
16014.683999999996: MET_Broker: Cloudlet #898 return received
16014.683999999996: MET_Broker: The number of finished Cloudlets is:904
16016.737199999996: MET_Broker: Cloudlet #906 return received
16016.737199999996: MET_Broker: The number of finished Cloudlets is:905
16063.639999999996: MET_Broker: Cloudlet #900 return received
16063.639999999996: MET_Broker: The number of finished Cloudlets is:906
16066.229999999996: MET_Broker: Cloudlet #908 return received
16066.229999999996: MET_Broker: The number of finished Cloudlets is:907
16070.151999999996: MET_Broker: Cloudlet #909 return received
16070.151999999996: MET_Broker: The number of finished Cloudlets is:908
16077.261199999997: MET_Broker: Cloudlet #907 return received
16077.261199999997: MET_Broker: The number of finished Cloudlets is:909
16099.953999999998: MET_Broker: Cloudlet #912 return received
16099.953999999998: MET_Broker: The number of finished Cloudlets is:910
16125.411199999999: MET_Broker: Cloudlet #910 return received
16125.411199999999: MET_Broker: The number of finished Cloudlets is:911
16148.377599999998: MET_Broker: Cloudlet #913 return received
16148.377599999998: MET_Broker: The number of finished Cloudlets is:912
16155.753999999997: MET_Broker: Cloudlet #914 return received
16155.753999999997: MET_Broker: The number of finished Cloudlets is:913
16159.018799999998: MET_Broker: Cloudlet #915 return received
16159.018799999998: MET_Broker: The number of finished Cloudlets is:914
16179.371599999999: MET_Broker: Cloudlet #903 return received
16179.371599999999: MET_Broker: The number of finished Cloudlets is:915
16194.1076: MET_Broker: Cloudlet #917 return received
16194.1076: MET_Broker: The number of finished Cloudlets is:916
16195.5288: MET_Broker: Cloudlet #916 return received
16195.5288: MET_Broker: The number of finished Cloudlets is:917
16206.2276: MET_Broker: Cloudlet #918 return received
16206.2276: MET_Broker: The number of finished Cloudlets is:918
16215.7252: MET_Broker: Cloudlet #911 return received
16215.7252: MET_Broker: The number of finished Cloudlets is:919
16217.688: MET_Broker: Cloudlet #919 return received
16217.688: MET_Broker: The number of finished Cloudlets is:920
16222.6028: MET_Broker: Cloudlet #921 return received
16222.6028: MET_Broker: The number of finished Cloudlets is:921
16266.753200000001: MET_Broker: Cloudlet #922 return received
16266.753200000001: MET_Broker: The number of finished Cloudlets is:922
16294.1432: MET_Broker: Cloudlet #924 return received
16294.1432: MET_Broker: The number of finished Cloudlets is:923
16304.0112: MET_Broker: Cloudlet #926 return received
16304.0112: MET_Broker: The number of finished Cloudlets is:924
16323.224400000001: MET_Broker: Cloudlet #925 return received
16323.224400000001: MET_Broker: The number of finished Cloudlets is:925
16334.004400000002: MET_Broker: Cloudlet #923 return received
16334.004400000002: MET_Broker: The number of finished Cloudlets is:926
16345.322000000002: MET_Broker: Cloudlet #920 return received
16345.322000000002: MET_Broker: The number of finished Cloudlets is:927
16356.251200000002: MET_Broker: Cloudlet #927 return received
16356.251200000002: MET_Broker: The number of finished Cloudlets is:928
16361.819600000003: MET_Broker: Cloudlet #930 return received
16361.819600000003: MET_Broker: The number of finished Cloudlets is:929
16411.5116: MET_Broker: Cloudlet #931 return received
16411.5116: MET_Broker: The number of finished Cloudlets is:930
16423.427600000003: MET_Broker: Cloudlet #933 return received
16423.427600000003: MET_Broker: The number of finished Cloudlets is:931
16472.307600000004: MET_Broker: Cloudlet #934 return received
16472.307600000004: MET_Broker: The number of finished Cloudlets is:932
16479.245200000005: MET_Broker: Cloudlet #928 return received
16479.245200000005: MET_Broker: The number of finished Cloudlets is:933
16496.311600000005: MET_Broker: Cloudlet #936 return received
16496.311600000005: MET_Broker: The number of finished Cloudlets is:934
16533.998800000005: MET_Broker: Cloudlet #935 return received
16533.998800000005: MET_Broker: The number of finished Cloudlets is:935
16541.931200000006: MET_Broker: Cloudlet #932 return received
16541.931200000006: MET_Broker: The number of finished Cloudlets is:936
16551.010400000006: MET_Broker: Cloudlet #939 return received
16551.010400000006: MET_Broker: The number of finished Cloudlets is:937
16560.802000000007: MET_Broker: Cloudlet #940 return received
16560.802000000007: MET_Broker: The number of finished Cloudlets is:938
16568.036800000005: MET_Broker: Cloudlet #941 return received
16568.036800000005: MET_Broker: The number of finished Cloudlets is:939
16582.098000000005: MET_Broker: Cloudlet #942 return received
16582.098000000005: MET_Broker: The number of finished Cloudlets is:940
16583.767200000006: MET_Broker: Cloudlet #938 return received
16583.767200000006: MET_Broker: The number of finished Cloudlets is:941
16591.526800000007: MET_Broker: Cloudlet #944 return received
16591.526800000007: MET_Broker: The number of finished Cloudlets is:942
16623.63920000001: MET_Broker: Cloudlet #943 return received
16623.63920000001: MET_Broker: The number of finished Cloudlets is:943
16628.838000000007: MET_Broker: Cloudlet #929 return received
16628.838000000007: MET_Broker: The number of finished Cloudlets is:944
16645.950000000008: MET_Broker: Cloudlet #945 return received
16645.950000000008: MET_Broker: The number of finished Cloudlets is:945
16652.33200000001: MET_Broker: Cloudlet #937 return received
16652.33200000001: MET_Broker: The number of finished Cloudlets is:946
16699.80200000001: MET_Broker: Cloudlet #949 return received
16699.80200000001: MET_Broker: The number of finished Cloudlets is:947
16747.148000000012: MET_Broker: Cloudlet #946 return received
16747.148000000012: MET_Broker: The number of finished Cloudlets is:948
16749.346400000013: MET_Broker: Cloudlet #950 return received
16749.346400000013: MET_Broker: The number of finished Cloudlets is:949
16753.96440000001: MET_Broker: Cloudlet #951 return received
16753.96440000001: MET_Broker: The number of finished Cloudlets is:950
16766.083200000012: MET_Broker: Cloudlet #953 return received
16766.083200000012: MET_Broker: The number of finished Cloudlets is:951
16784.624800000012: MET_Broker: Cloudlet #947 return received
16784.624800000012: MET_Broker: The number of finished Cloudlets is:952
16792.454800000014: MET_Broker: Cloudlet #955 return received
16792.454800000014: MET_Broker: The number of finished Cloudlets is:953
16928.074800000013: MET_Broker: Cloudlet #948 return received
16928.074800000013: MET_Broker: The number of finished Cloudlets is:954
16933.964000000014: MET_Broker: Cloudlet #954 return received
16933.964000000014: MET_Broker: The number of finished Cloudlets is:955
16956.480000000014: MET_Broker: Cloudlet #957 return received
16956.480000000014: MET_Broker: The number of finished Cloudlets is:956
16978.957600000012: MET_Broker: Cloudlet #956 return received
16978.957600000012: MET_Broker: The number of finished Cloudlets is:957
16984.223600000012: MET_Broker: Cloudlet #959 return received
16984.223600000012: MET_Broker: The number of finished Cloudlets is:958
16996.923200000012: MET_Broker: Cloudlet #960 return received
16996.923200000012: MET_Broker: The number of finished Cloudlets is:959
17001.071200000013: MET_Broker: Cloudlet #961 return received
17001.071200000013: MET_Broker: The number of finished Cloudlets is:960
17013.33120000001: MET_Broker: Cloudlet #963 return received
17013.33120000001: MET_Broker: The number of finished Cloudlets is:961
17014.164400000012: MET_Broker: Cloudlet #962 return received
17014.164400000012: MET_Broker: The number of finished Cloudlets is:962
17032.346400000013: MET_Broker: Cloudlet #965 return received
17032.346400000013: MET_Broker: The number of finished Cloudlets is:963
17052.428800000012: MET_Broker: Cloudlet #966 return received
17052.428800000012: MET_Broker: The number of finished Cloudlets is:964
17095.55920000001: MET_Broker: Cloudlet #952 return received
17095.55920000001: MET_Broker: The number of finished Cloudlets is:965
17108.491600000012: MET_Broker: Cloudlet #968 return received
17108.491600000012: MET_Broker: The number of finished Cloudlets is:966
17110.02000000001: MET_Broker: Cloudlet #958 return received
17110.02000000001: MET_Broker: The number of finished Cloudlets is:967
17130.295600000012: MET_Broker: Cloudlet #970 return received
17130.295600000012: MET_Broker: The number of finished Cloudlets is:968
17146.070800000012: MET_Broker: Cloudlet #969 return received
17146.070800000012: MET_Broker: The number of finished Cloudlets is:969
17149.05920000001: MET_Broker: Cloudlet #964 return received
17149.05920000001: MET_Broker: The number of finished Cloudlets is:970
17159.32280000001: MET_Broker: Cloudlet #973 return received
17159.32280000001: MET_Broker: The number of finished Cloudlets is:971
17162.54080000001: MET_Broker: Cloudlet #972 return received
17162.54080000001: MET_Broker: The number of finished Cloudlets is:972
17164.39360000001: MET_Broker: Cloudlet #967 return received
17164.39360000001: MET_Broker: The number of finished Cloudlets is:973
17183.02480000001: MET_Broker: Cloudlet #976 return received
17183.02480000001: MET_Broker: The number of finished Cloudlets is:974
17191.73480000001: MET_Broker: Cloudlet #974 return received
17191.73480000001: MET_Broker: The number of finished Cloudlets is:975
17202.45560000001: MET_Broker: Cloudlet #975 return received
17202.45560000001: MET_Broker: The number of finished Cloudlets is:976
17216.001600000007: MET_Broker: Cloudlet #977 return received
17216.001600000007: MET_Broker: The number of finished Cloudlets is:977
17225.008000000005: MET_Broker: Cloudlet #979 return received
17225.008000000005: MET_Broker: The number of finished Cloudlets is:978
17254.209200000005: MET_Broker: Cloudlet #981 return received
17254.209200000005: MET_Broker: The number of finished Cloudlets is:979
17263.510000000006: MET_Broker: Cloudlet #982 return received
17263.510000000006: MET_Broker: The number of finished Cloudlets is:980
17296.055600000007: MET_Broker: Cloudlet #983 return received
17296.055600000007: MET_Broker: The number of finished Cloudlets is:981
17348.711200000005: MET_Broker: Cloudlet #980 return received
17348.711200000005: MET_Broker: The number of finished Cloudlets is:982
17352.928400000004: MET_Broker: Cloudlet #984 return received
17352.928400000004: MET_Broker: The number of finished Cloudlets is:983
17371.503600000004: MET_Broker: Cloudlet #985 return received
17371.503600000004: MET_Broker: The number of finished Cloudlets is:984
17378.690400000003: MET_Broker: Cloudlet #986 return received
17378.690400000003: MET_Broker: The number of finished Cloudlets is:985
17385.914800000002: MET_Broker: Cloudlet #971 return received
17385.914800000002: MET_Broker: The number of finished Cloudlets is:986
17424.346: MET_Broker: Cloudlet #989 return received
17424.346: MET_Broker: The number of finished Cloudlets is:987
17459.0972: MET_Broker: Cloudlet #990 return received
17459.0972: MET_Broker: The number of finished Cloudlets is:988
17495.7292: MET_Broker: Cloudlet #988 return received
17495.7292: MET_Broker: The number of finished Cloudlets is:989
17504.495600000002: MET_Broker: Cloudlet #992 return received
17504.495600000002: MET_Broker: The number of finished Cloudlets is:990
17509.681600000004: MET_Broker: Cloudlet #991 return received
17509.681600000004: MET_Broker: The number of finished Cloudlets is:991
17514.015600000002: MET_Broker: Cloudlet #993 return received
17514.015600000002: MET_Broker: The number of finished Cloudlets is:992
17528.746000000003: MET_Broker: Cloudlet #994 return received
17528.746000000003: MET_Broker: The number of finished Cloudlets is:993
17530.365200000004: MET_Broker: Cloudlet #978 return received
17530.365200000004: MET_Broker: The number of finished Cloudlets is:994
17550.651600000005: MET_Broker: Cloudlet #996 return received
17550.651600000005: MET_Broker: The number of finished Cloudlets is:995
17576.529600000005: MET_Broker: Cloudlet #997 return received
17576.529600000005: MET_Broker: The number of finished Cloudlets is:996
17584.973200000004: MET_Broker: Cloudlet #999 return received
17584.973200000004: MET_Broker: The number of finished Cloudlets is:997
17596.036800000005: MET_Broker: Cloudlet #998 return received
17596.036800000005: MET_Broker: The number of finished Cloudlets is:998
17634.196400000004: MET_Broker: Cloudlet #1001 return received
17634.196400000004: MET_Broker: The number of finished Cloudlets is:999
17689.596400000006: MET_Broker: Cloudlet #987 return received
17689.596400000006: MET_Broker: The number of finished Cloudlets is:1000
17698.572000000007: MET_Broker: Cloudlet #995 return received
17698.572000000007: MET_Broker: The number of finished Cloudlets is:1001
17699.841200000006: MET_Broker: Cloudlet #1002 return received
17699.841200000006: MET_Broker: The number of finished Cloudlets is:1002
17707.979200000005: MET_Broker: Cloudlet #1000 return received
17707.979200000005: MET_Broker: The number of finished Cloudlets is:1003
17717.944000000007: MET_Broker: Cloudlet #1005 return received
17717.944000000007: MET_Broker: The number of finished Cloudlets is:1004
17723.933600000008: MET_Broker: Cloudlet #1003 return received
17723.933600000008: MET_Broker: The number of finished Cloudlets is:1005
17749.41600000001: MET_Broker: Cloudlet #1006 return received
17749.41600000001: MET_Broker: The number of finished Cloudlets is:1006
17756.111600000007: MET_Broker: Cloudlet #1009 return received
17756.111600000007: MET_Broker: The number of finished Cloudlets is:1007
17764.254000000008: MET_Broker: Cloudlet #1007 return received
17764.254000000008: MET_Broker: The number of finished Cloudlets is:1008
17771.05840000001: MET_Broker: Cloudlet #1008 return received
17771.05840000001: MET_Broker: The number of finished Cloudlets is:1009
17794.68680000001: MET_Broker: Cloudlet #1010 return received
17794.68680000001: MET_Broker: The number of finished Cloudlets is:1010
17808.85800000001: MET_Broker: Cloudlet #1013 return received
17808.85800000001: MET_Broker: The number of finished Cloudlets is:1011
17817.24560000001: MET_Broker: Cloudlet #1011 return received
17817.24560000001: MET_Broker: The number of finished Cloudlets is:1012
17826.03480000001: MET_Broker: Cloudlet #1015 return received
17826.03480000001: MET_Broker: The number of finished Cloudlets is:1013
17835.025200000007: MET_Broker: Cloudlet #1016 return received
17835.025200000007: MET_Broker: The number of finished Cloudlets is:1014
17854.602800000008: MET_Broker: Cloudlet #1017 return received
17854.602800000008: MET_Broker: The number of finished Cloudlets is:1015
17919.69840000001: MET_Broker: Cloudlet #1014 return received
17919.69840000001: MET_Broker: The number of finished Cloudlets is:1016
17923.354000000007: MET_Broker: Cloudlet #1012 return received
17923.354000000007: MET_Broker: The number of finished Cloudlets is:1017
17933.337200000005: MET_Broker: Cloudlet #1018 return received
17933.337200000005: MET_Broker: The number of finished Cloudlets is:1018
17933.779200000004: MET_Broker: Cloudlet #1019 return received
17933.779200000004: MET_Broker: The number of finished Cloudlets is:1019
17944.754800000006: MET_Broker: Cloudlet #1022 return received
17944.754800000006: MET_Broker: The number of finished Cloudlets is:1020
17950.627600000007: MET_Broker: Cloudlet #1004 return received
17950.627600000007: MET_Broker: The number of finished Cloudlets is:1021
17965.026800000007: MET_Broker: Cloudlet #1023 return received
17965.026800000007: MET_Broker: The number of finished Cloudlets is:1022
17968.124400000008: MET_Broker: Cloudlet #1020 return received
17968.124400000008: MET_Broker: The number of finished Cloudlets is:1023
17982.34240000001: MET_Broker: Cloudlet #1021 return received
17982.34240000001: MET_Broker: The number of finished Cloudlets is:1024
17983.719600000008: MET_Broker: Cloudlet #1025 return received
17983.719600000008: MET_Broker: The number of finished Cloudlets is:1025
17991.235200000006: MET_Broker: Cloudlet #1024 return received
17991.235200000006: MET_Broker: The number of finished Cloudlets is:1026
18033.175200000005: MET_Broker: Cloudlet #1028 return received
18033.175200000005: MET_Broker: The number of finished Cloudlets is:1027
18034.792800000007: MET_Broker: Cloudlet #1029 return received
18034.792800000007: MET_Broker: The number of finished Cloudlets is:1028
18040.501200000006: MET_Broker: Cloudlet #1030 return received
18040.501200000006: MET_Broker: The number of finished Cloudlets is:1029
18052.533600000006: MET_Broker: Cloudlet #1032 return received
18052.533600000006: MET_Broker: The number of finished Cloudlets is:1030
18074.693600000006: MET_Broker: Cloudlet #1033 return received
18074.693600000006: MET_Broker: The number of finished Cloudlets is:1031
18084.859600000007: MET_Broker: Cloudlet #1031 return received
18084.859600000007: MET_Broker: The number of finished Cloudlets is:1032
18086.309600000008: MET_Broker: Cloudlet #1034 return received
18086.309600000008: MET_Broker: The number of finished Cloudlets is:1033
18103.420400000006: MET_Broker: Cloudlet #1026 return received
18103.420400000006: MET_Broker: The number of finished Cloudlets is:1034
18132.615600000005: MET_Broker: Cloudlet #1027 return received
18132.615600000005: MET_Broker: The number of finished Cloudlets is:1035
18207.238400000006: MET_Broker: Cloudlet #1035 return received
18207.238400000006: MET_Broker: The number of finished Cloudlets is:1036
18210.732000000007: MET_Broker: Cloudlet #1038 return received
18210.732000000007: MET_Broker: The number of finished Cloudlets is:1037
18221.95400000001: MET_Broker: Cloudlet #1040 return received
18221.95400000001: MET_Broker: The number of finished Cloudlets is:1038
18234.97240000001: MET_Broker: Cloudlet #1041 return received
18234.97240000001: MET_Broker: The number of finished Cloudlets is:1039
18243.54280000001: MET_Broker: Cloudlet #1039 return received
18243.54280000001: MET_Broker: The number of finished Cloudlets is:1040
18261.55640000001: MET_Broker: Cloudlet #1043 return received
18261.55640000001: MET_Broker: The number of finished Cloudlets is:1041
18267.295200000008: MET_Broker: Cloudlet #1037 return received
18267.295200000008: MET_Broker: The number of finished Cloudlets is:1042
18276.100800000007: MET_Broker: Cloudlet #1045 return received
18276.100800000007: MET_Broker: The number of finished Cloudlets is:1043
18289.291600000008: MET_Broker: Cloudlet #1046 return received
18289.291600000008: MET_Broker: The number of finished Cloudlets is:1044
18294.271200000007: MET_Broker: Cloudlet #1036 return received
18294.271200000007: MET_Broker: The number of finished Cloudlets is:1045
18305.892400000008: MET_Broker: Cloudlet #1047 return received
18305.892400000008: MET_Broker: The number of finished Cloudlets is:1046
18456.935200000007: MET_Broker: Cloudlet #1042 return received
18456.935200000007: MET_Broker: The number of finished Cloudlets is:1047
18488.263600000006: MET_Broker: Cloudlet #1044 return received
18488.263600000006: MET_Broker: The number of finished Cloudlets is:1048
18538.405200000005: MET_Broker: Cloudlet #1051 return received
18538.405200000005: MET_Broker: The number of finished Cloudlets is:1049
18538.484400000005: MET_Broker: Cloudlet #1049 return received
18538.484400000005: MET_Broker: The number of finished Cloudlets is:1050
18594.868400000003: MET_Broker: Cloudlet #1048 return received
18594.868400000003: MET_Broker: The number of finished Cloudlets is:1051
18651.483600000003: MET_Broker: Cloudlet #1050 return received
18651.483600000003: MET_Broker: The number of finished Cloudlets is:1052
18663.053600000003: MET_Broker: Cloudlet #1052 return received
18663.053600000003: MET_Broker: The number of finished Cloudlets is:1053
18679.9756: MET_Broker: Cloudlet #1055 return received
18679.9756: MET_Broker: The number of finished Cloudlets is:1054
18682.001600000003: MET_Broker: Cloudlet #1053 return received
18682.001600000003: MET_Broker: The number of finished Cloudlets is:1055
18695.687600000005: MET_Broker: Cloudlet #1056 return received
18695.687600000005: MET_Broker: The number of finished Cloudlets is:1056
18697.079200000004: MET_Broker: Cloudlet #1057 return received
18697.079200000004: MET_Broker: The number of finished Cloudlets is:1057
18722.682400000005: MET_Broker: Cloudlet #1059 return received
18722.682400000005: MET_Broker: The number of finished Cloudlets is:1058
18726.106000000003: MET_Broker: Cloudlet #1058 return received
18726.106000000003: MET_Broker: The number of finished Cloudlets is:1059
18727.188400000003: MET_Broker: Cloudlet #1060 return received
18727.188400000003: MET_Broker: The number of finished Cloudlets is:1060
18736.596: MET_Broker: Cloudlet #1063 return received
18736.596: MET_Broker: The number of finished Cloudlets is:1061
18762.544: MET_Broker: Cloudlet #1064 return received
18762.544: MET_Broker: The number of finished Cloudlets is:1062
18778.0024: MET_Broker: Cloudlet #1061 return received
18778.0024: MET_Broker: The number of finished Cloudlets is:1063
18780.038800000002: MET_Broker: Cloudlet #1054 return received
18780.038800000002: MET_Broker: The number of finished Cloudlets is:1064
18798.775200000004: MET_Broker: Cloudlet #1065 return received
18798.775200000004: MET_Broker: The number of finished Cloudlets is:1065
18803.198000000004: MET_Broker: Cloudlet #1067 return received
18803.198000000004: MET_Broker: The number of finished Cloudlets is:1066
18822.111600000004: MET_Broker: Cloudlet #1069 return received
18822.111600000004: MET_Broker: The number of finished Cloudlets is:1067
18825.405200000005: MET_Broker: Cloudlet #1062 return received
18825.405200000005: MET_Broker: The number of finished Cloudlets is:1068
18839.312000000005: MET_Broker: Cloudlet #1071 return received
18839.312000000005: MET_Broker: The number of finished Cloudlets is:1069
18848.310400000006: MET_Broker: Cloudlet #1072 return received
18848.310400000006: MET_Broker: The number of finished Cloudlets is:1070
18950.740000000005: MET_Broker: Cloudlet #1073 return received
18950.740000000005: MET_Broker: The number of finished Cloudlets is:1071
18971.763200000005: MET_Broker: Cloudlet #1068 return received
18971.763200000005: MET_Broker: The number of finished Cloudlets is:1072
18978.215200000006: MET_Broker: Cloudlet #1075 return received
18978.215200000006: MET_Broker: The number of finished Cloudlets is:1073
18980.726800000008: MET_Broker: Cloudlet #1074 return received
18980.726800000008: MET_Broker: The number of finished Cloudlets is:1074
18985.52960000001: MET_Broker: Cloudlet #1076 return received
18985.52960000001: MET_Broker: The number of finished Cloudlets is:1075
18991.70960000001: MET_Broker: Cloudlet #1077 return received
18991.70960000001: MET_Broker: The number of finished Cloudlets is:1076
19008.51760000001: MET_Broker: Cloudlet #1079 return received
19008.51760000001: MET_Broker: The number of finished Cloudlets is:1077
19057.44000000001: MET_Broker: Cloudlet #1080 return received
19057.44000000001: MET_Broker: The number of finished Cloudlets is:1078
19088.406800000008: MET_Broker: Cloudlet #1066 return received
19088.406800000008: MET_Broker: The number of finished Cloudlets is:1079
19098.69000000001: MET_Broker: Cloudlet #1082 return received
19098.69000000001: MET_Broker: The number of finished Cloudlets is:1080
19137.48040000001: MET_Broker: Cloudlet #1070 return received
19137.48040000001: MET_Broker: The number of finished Cloudlets is:1081
19156.45520000001: MET_Broker: Cloudlet #1083 return received
19156.45520000001: MET_Broker: The number of finished Cloudlets is:1082
19180.70080000001: MET_Broker: Cloudlet #1081 return received
19180.70080000001: MET_Broker: The number of finished Cloudlets is:1083
19204.95960000001: MET_Broker: Cloudlet #1086 return received
19204.95960000001: MET_Broker: The number of finished Cloudlets is:1084
19216.29480000001: MET_Broker: Cloudlet #1085 return received
19216.29480000001: MET_Broker: The number of finished Cloudlets is:1085
19234.34360000001: MET_Broker: Cloudlet #1078 return received
19234.34360000001: MET_Broker: The number of finished Cloudlets is:1086
19252.614000000012: MET_Broker: Cloudlet #1087 return received
19252.614000000012: MET_Broker: The number of finished Cloudlets is:1087
19256.954400000013: MET_Broker: Cloudlet #1084 return received
19256.954400000013: MET_Broker: The number of finished Cloudlets is:1088
19275.735200000014: MET_Broker: Cloudlet #1091 return received
19275.735200000014: MET_Broker: The number of finished Cloudlets is:1089
19314.912800000013: MET_Broker: Cloudlet #1092 return received
19314.912800000013: MET_Broker: The number of finished Cloudlets is:1090
19330.282400000015: MET_Broker: Cloudlet #1090 return received
19330.282400000015: MET_Broker: The number of finished Cloudlets is:1091
19346.254800000013: MET_Broker: Cloudlet #1089 return received
19346.254800000013: MET_Broker: The number of finished Cloudlets is:1092
19368.839200000013: MET_Broker: Cloudlet #1088 return received
19368.839200000013: MET_Broker: The number of finished Cloudlets is:1093
19442.347200000015: MET_Broker: Cloudlet #1094 return received
19442.347200000015: MET_Broker: The number of finished Cloudlets is:1094
19487.582400000014: MET_Broker: Cloudlet #1095 return received
19487.582400000014: MET_Broker: The number of finished Cloudlets is:1095
19513.393600000014: MET_Broker: Cloudlet #1097 return received
19513.393600000014: MET_Broker: The number of finished Cloudlets is:1096
19535.912800000013: MET_Broker: Cloudlet #1093 return received
19535.912800000013: MET_Broker: The number of finished Cloudlets is:1097
19551.061600000012: MET_Broker: Cloudlet #1100 return received
19551.061600000012: MET_Broker: The number of finished Cloudlets is:1098
19651.676800000012: MET_Broker: Cloudlet #1096 return received
19651.676800000012: MET_Broker: The number of finished Cloudlets is:1099
19655.749200000013: MET_Broker: Cloudlet #1099 return received
19655.749200000013: MET_Broker: The number of finished Cloudlets is:1100
19684.63320000001: MET_Broker: Cloudlet #1101 return received
19684.63320000001: MET_Broker: The number of finished Cloudlets is:1101
19691.243600000013: MET_Broker: Cloudlet #1102 return received
19691.243600000013: MET_Broker: The number of finished Cloudlets is:1102
19706.078000000012: MET_Broker: Cloudlet #1103 return received
19706.078000000012: MET_Broker: The number of finished Cloudlets is:1103
19718.42840000001: MET_Broker: Cloudlet #1105 return received
19718.42840000001: MET_Broker: The number of finished Cloudlets is:1104
19725.371600000013: MET_Broker: Cloudlet #1106 return received
19725.371600000013: MET_Broker: The number of finished Cloudlets is:1105
19729.490800000014: MET_Broker: Cloudlet #1107 return received
19729.490800000014: MET_Broker: The number of finished Cloudlets is:1106
19736.247200000013: MET_Broker: Cloudlet #1109 return received
19736.247200000013: MET_Broker: The number of finished Cloudlets is:1107
19738.370000000014: MET_Broker: Cloudlet #1108 return received
19738.370000000014: MET_Broker: The number of finished Cloudlets is:1108
19753.301200000013: MET_Broker: Cloudlet #1111 return received
19753.301200000013: MET_Broker: The number of finished Cloudlets is:1109
19769.354800000012: MET_Broker: Cloudlet #1110 return received
19769.354800000012: MET_Broker: The number of finished Cloudlets is:1110
19781.08600000001: MET_Broker: Cloudlet #1113 return received
19781.08600000001: MET_Broker: The number of finished Cloudlets is:1111
19799.97400000001: MET_Broker: Cloudlet #1098 return received
19799.97400000001: MET_Broker: The number of finished Cloudlets is:1112
19808.32640000001: MET_Broker: Cloudlet #1112 return received
19808.32640000001: MET_Broker: The number of finished Cloudlets is:1113
19812.16320000001: MET_Broker: Cloudlet #1115 return received
19812.16320000001: MET_Broker: The number of finished Cloudlets is:1114
19944.83560000001: MET_Broker: Cloudlet #1114 return received
19944.83560000001: MET_Broker: The number of finished Cloudlets is:1115
19976.87680000001: MET_Broker: Cloudlet #1118 return received
19976.87680000001: MET_Broker: The number of finished Cloudlets is:1116
19993.20560000001: MET_Broker: Cloudlet #1119 return received
19993.20560000001: MET_Broker: The number of finished Cloudlets is:1117
20000.28200000001: MET_Broker: Cloudlet #1120 return received
20000.28200000001: MET_Broker: The number of finished Cloudlets is:1118
20028.19200000001: MET_Broker: Cloudlet #1116 return received
20028.19200000001: MET_Broker: The number of finished Cloudlets is:1119
20033.31440000001: MET_Broker: Cloudlet #1104 return received
20033.31440000001: MET_Broker: The number of finished Cloudlets is:1120
20046.63520000001: MET_Broker: Cloudlet #1117 return received
20046.63520000001: MET_Broker: The number of finished Cloudlets is:1121
20081.51960000001: MET_Broker: Cloudlet #1122 return received
20081.51960000001: MET_Broker: The number of finished Cloudlets is:1122
20088.38800000001: MET_Broker: Cloudlet #1124 return received
20088.38800000001: MET_Broker: The number of finished Cloudlets is:1123
20107.32520000001: MET_Broker: Cloudlet #1126 return received
20107.32520000001: MET_Broker: The number of finished Cloudlets is:1124
20129.11800000001: MET_Broker: Cloudlet #1125 return received
20129.11800000001: MET_Broker: The number of finished Cloudlets is:1125
20144.52840000001: MET_Broker: Cloudlet #1127 return received
20144.52840000001: MET_Broker: The number of finished Cloudlets is:1126
20147.81440000001: MET_Broker: Cloudlet #1128 return received
20147.81440000001: MET_Broker: The number of finished Cloudlets is:1127
20166.99600000001: MET_Broker: Cloudlet #1130 return received
20166.99600000001: MET_Broker: The number of finished Cloudlets is:1128
20171.30120000001: MET_Broker: Cloudlet #1123 return received
20171.30120000001: MET_Broker: The number of finished Cloudlets is:1129
20211.76360000001: MET_Broker: Cloudlet #1131 return received
20211.76360000001: MET_Broker: The number of finished Cloudlets is:1130
20229.24600000001: MET_Broker: Cloudlet #1129 return received
20229.24600000001: MET_Broker: The number of finished Cloudlets is:1131
20237.19040000001: MET_Broker: Cloudlet #1133 return received
20237.19040000001: MET_Broker: The number of finished Cloudlets is:1132
20241.66560000001: MET_Broker: Cloudlet #1134 return received
20241.66560000001: MET_Broker: The number of finished Cloudlets is:1133
20261.34280000001: MET_Broker: Cloudlet #1136 return received
20261.34280000001: MET_Broker: The number of finished Cloudlets is:1134
20273.78360000001: MET_Broker: Cloudlet #1121 return received
20273.78360000001: MET_Broker: The number of finished Cloudlets is:1135
20285.16880000001: MET_Broker: Cloudlet #1137 return received
20285.16880000001: MET_Broker: The number of finished Cloudlets is:1136
20303.32400000001: MET_Broker: Cloudlet #1138 return received
20303.32400000001: MET_Broker: The number of finished Cloudlets is:1137
20306.70000000001: MET_Broker: Cloudlet #1132 return received
20306.70000000001: MET_Broker: The number of finished Cloudlets is:1138
20325.97800000001: MET_Broker: Cloudlet #1139 return received
20325.97800000001: MET_Broker: The number of finished Cloudlets is:1139
20351.77080000001: MET_Broker: Cloudlet #1141 return received
20351.77080000001: MET_Broker: The number of finished Cloudlets is:1140
20358.88240000001: MET_Broker: Cloudlet #1140 return received
20358.88240000001: MET_Broker: The number of finished Cloudlets is:1141
20403.26320000001: MET_Broker: Cloudlet #1142 return received
20403.26320000001: MET_Broker: The number of finished Cloudlets is:1142
20407.91080000001: MET_Broker: Cloudlet #1143 return received
20407.91080000001: MET_Broker: The number of finished Cloudlets is:1143
20422.49200000001: MET_Broker: Cloudlet #1146 return received
20422.49200000001: MET_Broker: The number of finished Cloudlets is:1144
20459.975200000008: MET_Broker: Cloudlet #1145 return received
20459.975200000008: MET_Broker: The number of finished Cloudlets is:1145
20511.82960000001: MET_Broker: Cloudlet #1148 return received
20511.82960000001: MET_Broker: The number of finished Cloudlets is:1146
20516.17520000001: MET_Broker: Cloudlet #1144 return received
20516.17520000001: MET_Broker: The number of finished Cloudlets is:1147
20529.19400000001: MET_Broker: Cloudlet #1149 return received
20529.19400000001: MET_Broker: The number of finished Cloudlets is:1148
20539.76160000001: MET_Broker: Cloudlet #1135 return received
20539.76160000001: MET_Broker: The number of finished Cloudlets is:1149
20589.20960000001: MET_Broker: Cloudlet #1152 return received
20589.20960000001: MET_Broker: The number of finished Cloudlets is:1150
20600.84880000001: MET_Broker: Cloudlet #1153 return received
20600.84880000001: MET_Broker: The number of finished Cloudlets is:1151
20679.27800000001: MET_Broker: Cloudlet #1151 return received
20679.27800000001: MET_Broker: The number of finished Cloudlets is:1152
20679.64360000001: MET_Broker: Cloudlet #1154 return received
20679.64360000001: MET_Broker: The number of finished Cloudlets is:1153
20681.18200000001: MET_Broker: Cloudlet #1147 return received
20681.18200000001: MET_Broker: The number of finished Cloudlets is:1154
20695.66920000001: MET_Broker: Cloudlet #1157 return received
20695.66920000001: MET_Broker: The number of finished Cloudlets is:1155
20747.389200000012: MET_Broker: Cloudlet #1158 return received
20747.389200000012: MET_Broker: The number of finished Cloudlets is:1156
20756.712000000014: MET_Broker: Cloudlet #1159 return received
20756.712000000014: MET_Broker: The number of finished Cloudlets is:1157
20793.934000000016: MET_Broker: Cloudlet #1160 return received
20793.934000000016: MET_Broker: The number of finished Cloudlets is:1158
20827.905200000016: MET_Broker: Cloudlet #1156 return received
20827.905200000016: MET_Broker: The number of finished Cloudlets is:1159
20862.570800000016: MET_Broker: Cloudlet #1162 return received
20862.570800000016: MET_Broker: The number of finished Cloudlets is:1160
20866.495200000016: MET_Broker: Cloudlet #1161 return received
20866.495200000016: MET_Broker: The number of finished Cloudlets is:1161
20870.748000000014: MET_Broker: Cloudlet #1150 return received
20870.748000000014: MET_Broker: The number of finished Cloudlets is:1162
20894.992000000013: MET_Broker: Cloudlet #1164 return received
20894.992000000013: MET_Broker: The number of finished Cloudlets is:1163
20912.567600000013: MET_Broker: Cloudlet #1163 return received
20912.567600000013: MET_Broker: The number of finished Cloudlets is:1164
20979.333600000013: MET_Broker: Cloudlet #1166 return received
20979.333600000013: MET_Broker: The number of finished Cloudlets is:1165
21003.538400000012: MET_Broker: Cloudlet #1155 return received
21003.538400000012: MET_Broker: The number of finished Cloudlets is:1166
21033.70120000001: MET_Broker: Cloudlet #1168 return received
21033.70120000001: MET_Broker: The number of finished Cloudlets is:1167
21036.15640000001: MET_Broker: Cloudlet #1169 return received
21036.15640000001: MET_Broker: The number of finished Cloudlets is:1168
21043.20120000001: MET_Broker: Cloudlet #1171 return received
21043.20120000001: MET_Broker: The number of finished Cloudlets is:1169
21044.64600000001: MET_Broker: Cloudlet #1165 return received
21044.64600000001: MET_Broker: The number of finished Cloudlets is:1170
21087.87360000001: MET_Broker: Cloudlet #1172 return received
21087.87360000001: MET_Broker: The number of finished Cloudlets is:1171
21102.55840000001: MET_Broker: Cloudlet #1173 return received
21102.55840000001: MET_Broker: The number of finished Cloudlets is:1172
21154.79800000001: MET_Broker: Cloudlet #1170 return received
21154.79800000001: MET_Broker: The number of finished Cloudlets is:1173
21170.30760000001: MET_Broker: Cloudlet #1174 return received
21170.30760000001: MET_Broker: The number of finished Cloudlets is:1174
21188.23920000001: MET_Broker: Cloudlet #1167 return received
21188.23920000001: MET_Broker: The number of finished Cloudlets is:1175
21196.05880000001: MET_Broker: Cloudlet #1178 return received
21196.05880000001: MET_Broker: The number of finished Cloudlets is:1176
21203.40720000001: MET_Broker: Cloudlet #1179 return received
21203.40720000001: MET_Broker: The number of finished Cloudlets is:1177
21213.57440000001: MET_Broker: Cloudlet #1176 return received
21213.57440000001: MET_Broker: The number of finished Cloudlets is:1178
21216.57080000001: MET_Broker: Cloudlet #1180 return received
21216.57080000001: MET_Broker: The number of finished Cloudlets is:1179
21228.077600000008: MET_Broker: Cloudlet #1182 return received
21228.077600000008: MET_Broker: The number of finished Cloudlets is:1180
21269.26680000001: MET_Broker: Cloudlet #1175 return received
21269.26680000001: MET_Broker: The number of finished Cloudlets is:1181
21273.12320000001: MET_Broker: Cloudlet #1181 return received
21273.12320000001: MET_Broker: The number of finished Cloudlets is:1182
21281.732400000008: MET_Broker: Cloudlet #1183 return received
21281.732400000008: MET_Broker: The number of finished Cloudlets is:1183
21304.124400000008: MET_Broker: Cloudlet #1177 return received
21304.124400000008: MET_Broker: The number of finished Cloudlets is:1184
21304.638000000006: MET_Broker: Cloudlet #1186 return received
21304.638000000006: MET_Broker: The number of finished Cloudlets is:1185
21311.531200000005: MET_Broker: Cloudlet #1185 return received
21311.531200000005: MET_Broker: The number of finished Cloudlets is:1186
21323.374000000003: MET_Broker: Cloudlet #1184 return received
21323.374000000003: MET_Broker: The number of finished Cloudlets is:1187
21331.779200000004: MET_Broker: Cloudlet #1190 return received
21331.779200000004: MET_Broker: The number of finished Cloudlets is:1188
21358.031200000005: MET_Broker: Cloudlet #1189 return received
21358.031200000005: MET_Broker: The number of finished Cloudlets is:1189
21369.874400000004: MET_Broker: Cloudlet #1191 return received
21369.874400000004: MET_Broker: The number of finished Cloudlets is:1190
21377.609200000003: MET_Broker: Cloudlet #1193 return received
21377.609200000003: MET_Broker: The number of finished Cloudlets is:1191
21406.1264: MET_Broker: Cloudlet #1194 return received
21406.1264: MET_Broker: The number of finished Cloudlets is:1192
21455.837600000003: MET_Broker: Cloudlet #1195 return received
21455.837600000003: MET_Broker: The number of finished Cloudlets is:1193
21480.63: MET_Broker: Cloudlet #1188 return received
21480.63: MET_Broker: The number of finished Cloudlets is:1194
21484.2256: MET_Broker: Cloudlet #1196 return received
21484.2256: MET_Broker: The number of finished Cloudlets is:1195
21486.1696: MET_Broker: Cloudlet #1187 return received
21486.1696: MET_Broker: The number of finished Cloudlets is:1196
21486.556: MET_Broker: Cloudlet #1192 return received
21486.556: MET_Broker: The number of finished Cloudlets is:1197
21522.026: MET_Broker: Cloudlet #1198 return received
21522.026: MET_Broker: The number of finished Cloudlets is:1198
21530.8348: MET_Broker: Cloudlet #1197 return received
21530.8348: MET_Broker: The number of finished Cloudlets is:1199
21544.0068: MET_Broker: Cloudlet #1200 return received
21544.0068: MET_Broker: The number of finished Cloudlets is:1200
21562.5104: MET_Broker: Cloudlet #1203 return received
21562.5104: MET_Broker: The number of finished Cloudlets is:1201
21569.417999999998: MET_Broker: Cloudlet #1202 return received
21569.417999999998: MET_Broker: The number of finished Cloudlets is:1202
21573.5572: MET_Broker: Cloudlet #1199 return received
21573.5572: MET_Broker: The number of finished Cloudlets is:1203
21576.038: MET_Broker: Cloudlet #1201 return received
21576.038: MET_Broker: The number of finished Cloudlets is:1204
21600.659200000002: MET_Broker: Cloudlet #1204 return received
21600.659200000002: MET_Broker: The number of finished Cloudlets is:1205
21621.134000000002: MET_Broker: Cloudlet #1207 return received
21621.134000000002: MET_Broker: The number of finished Cloudlets is:1206
21628.0612: MET_Broker: Cloudlet #1206 return received
21628.0612: MET_Broker: The number of finished Cloudlets is:1207
21637.0728: MET_Broker: Cloudlet #1208 return received
21637.0728: MET_Broker: The number of finished Cloudlets is:1208
21651.5704: MET_Broker: Cloudlet #1209 return received
21651.5704: MET_Broker: The number of finished Cloudlets is:1209
21672.7956: MET_Broker: Cloudlet #1211 return received
21672.7956: MET_Broker: The number of finished Cloudlets is:1210
21683.246000000003: MET_Broker: Cloudlet #1212 return received
21683.246000000003: MET_Broker: The number of finished Cloudlets is:1211
21686.717200000003: MET_Broker: Cloudlet #1213 return received
21686.717200000003: MET_Broker: The number of finished Cloudlets is:1212
21694.5764: MET_Broker: Cloudlet #1205 return received
21694.5764: MET_Broker: The number of finished Cloudlets is:1213
21741.254: MET_Broker: Cloudlet #1215 return received
21741.254: MET_Broker: The number of finished Cloudlets is:1214
21758.8936: MET_Broker: Cloudlet #1210 return received
21758.8936: MET_Broker: The number of finished Cloudlets is:1215
21854.756: MET_Broker: Cloudlet #1217 return received
21854.756: MET_Broker: The number of finished Cloudlets is:1216
21863.574800000002: MET_Broker: Cloudlet #1218 return received
21863.574800000002: MET_Broker: The number of finished Cloudlets is:1217
21870.6676: MET_Broker: Cloudlet #1214 return received
21870.6676: MET_Broker: The number of finished Cloudlets is:1218
21878.9464: MET_Broker: Cloudlet #1221 return received
21878.9464: MET_Broker: The number of finished Cloudlets is:1219
21894.8548: MET_Broker: Cloudlet #1220 return received
21894.8548: MET_Broker: The number of finished Cloudlets is:1220
21907.432: MET_Broker: Cloudlet #1219 return received
21907.432: MET_Broker: The number of finished Cloudlets is:1221
21922.482: MET_Broker: Cloudlet #1222 return received
21922.482: MET_Broker: The number of finished Cloudlets is:1222
21946.3792: MET_Broker: Cloudlet #1225 return received
21946.3792: MET_Broker: The number of finished Cloudlets is:1223
21952.997199999998: MET_Broker: Cloudlet #1223 return received
21952.997199999998: MET_Broker: The number of finished Cloudlets is:1224
21956.3896: MET_Broker: Cloudlet #1226 return received
21956.3896: MET_Broker: The number of finished Cloudlets is:1225
21968.329599999997: MET_Broker: Cloudlet #1216 return received
21968.329599999997: MET_Broker: The number of finished Cloudlets is:1226
21986.077999999998: MET_Broker: Cloudlet #1229 return received
21986.077999999998: MET_Broker: The number of finished Cloudlets is:1227
22002.845999999998: MET_Broker: Cloudlet #1230 return received
22002.845999999998: MET_Broker: The number of finished Cloudlets is:1228
22015.4364: MET_Broker: Cloudlet #1231 return received
22015.4364: MET_Broker: The number of finished Cloudlets is:1229
22058.9564: MET_Broker: Cloudlet #1232 return received
22058.9564: MET_Broker: The number of finished Cloudlets is:1230
22075.4316: MET_Broker: Cloudlet #1227 return received
22075.4316: MET_Broker: The number of finished Cloudlets is:1231
22084.126: MET_Broker: Cloudlet #1234 return received
22084.126: MET_Broker: The number of finished Cloudlets is:1232
22098.6308: MET_Broker: Cloudlet #1224 return received
22098.6308: MET_Broker: The number of finished Cloudlets is:1233
22107.6692: MET_Broker: Cloudlet #1233 return received
22107.6692: MET_Broker: The number of finished Cloudlets is:1234
22127.0596: MET_Broker: Cloudlet #1228 return received
22127.0596: MET_Broker: The number of finished Cloudlets is:1235
22134.0744: MET_Broker: Cloudlet #1238 return received
22134.0744: MET_Broker: The number of finished Cloudlets is:1236
22157.1352: MET_Broker: Cloudlet #1237 return received
22157.1352: MET_Broker: The number of finished Cloudlets is:1237
22214.824800000002: MET_Broker: Cloudlet #1240 return received
22214.824800000002: MET_Broker: The number of finished Cloudlets is:1238
22217.848400000003: MET_Broker: Cloudlet #1235 return received
22217.848400000003: MET_Broker: The number of finished Cloudlets is:1239
22221.4936: MET_Broker: Cloudlet #1236 return received
22221.4936: MET_Broker: The number of finished Cloudlets is:1240
22234.5528: MET_Broker: Cloudlet #1242 return received
22234.5528: MET_Broker: The number of finished Cloudlets is:1241
22268.8776: MET_Broker: Cloudlet #1244 return received
22268.8776: MET_Broker: The number of finished Cloudlets is:1242
22271.0112: MET_Broker: Cloudlet #1239 return received
22271.0112: MET_Broker: The number of finished Cloudlets is:1243
22279.3296: MET_Broker: Cloudlet #1243 return received
22279.3296: MET_Broker: The number of finished Cloudlets is:1244
22286.8004: MET_Broker: Cloudlet #1245 return received
22286.8004: MET_Broker: The number of finished Cloudlets is:1245
22300.366: MET_Broker: Cloudlet #1248 return received
22300.366: MET_Broker: The number of finished Cloudlets is:1246
22305.718: MET_Broker: Cloudlet #1247 return received
22305.718: MET_Broker: The number of finished Cloudlets is:1247
22314.049600000002: MET_Broker: Cloudlet #1246 return received
22314.049600000002: MET_Broker: The number of finished Cloudlets is:1248
22319.496000000003: MET_Broker: Cloudlet #1250 return received
22319.496000000003: MET_Broker: The number of finished Cloudlets is:1249
22331.950000000004: MET_Broker: Cloudlet #1252 return received
22331.950000000004: MET_Broker: The number of finished Cloudlets is:1250
22428.535600000003: MET_Broker: Cloudlet #1253 return received
22428.535600000003: MET_Broker: The number of finished Cloudlets is:1251
22476.596400000002: MET_Broker: Cloudlet #1241 return received
22476.596400000002: MET_Broker: The number of finished Cloudlets is:1252
22487.718: MET_Broker: Cloudlet #1254 return received
22487.718: MET_Broker: The number of finished Cloudlets is:1253
22496.9168: MET_Broker: Cloudlet #1251 return received
22496.9168: MET_Broker: The number of finished Cloudlets is:1254
22513.1532: MET_Broker: Cloudlet #1256 return received
22513.1532: MET_Broker: The number of finished Cloudlets is:1255
22552.074800000002: MET_Broker: Cloudlet #1258 return received
22552.074800000002: MET_Broker: The number of finished Cloudlets is:1256
22578.169200000004: MET_Broker: Cloudlet #1259 return received
22578.169200000004: MET_Broker: The number of finished Cloudlets is:1257
22594.680800000006: MET_Broker: Cloudlet #1255 return received
22594.680800000006: MET_Broker: The number of finished Cloudlets is:1258
22600.922400000007: MET_Broker: Cloudlet #1249 return received
22600.922400000007: MET_Broker: The number of finished Cloudlets is:1259
22616.886800000007: MET_Broker: Cloudlet #1262 return received
22616.886800000007: MET_Broker: The number of finished Cloudlets is:1260
22650.283600000006: MET_Broker: Cloudlet #1261 return received
22650.283600000006: MET_Broker: The number of finished Cloudlets is:1261
22672.292000000005: MET_Broker: Cloudlet #1264 return received
22672.292000000005: MET_Broker: The number of finished Cloudlets is:1262
22726.564000000006: MET_Broker: Cloudlet #1265 return received
22726.564000000006: MET_Broker: The number of finished Cloudlets is:1263
22758.114400000006: MET_Broker: Cloudlet #1257 return received
22758.114400000006: MET_Broker: The number of finished Cloudlets is:1264
22767.586400000007: MET_Broker: Cloudlet #1267 return received
22767.586400000007: MET_Broker: The number of finished Cloudlets is:1265
22785.297200000008: MET_Broker: Cloudlet #1266 return received
22785.297200000008: MET_Broker: The number of finished Cloudlets is:1266
22792.60160000001: MET_Broker: Cloudlet #1269 return received
22792.60160000001: MET_Broker: The number of finished Cloudlets is:1267
22810.68640000001: MET_Broker: Cloudlet #1268 return received
22810.68640000001: MET_Broker: The number of finished Cloudlets is:1268
22812.16000000001: MET_Broker: Cloudlet #1263 return received
22812.16000000001: MET_Broker: The number of finished Cloudlets is:1269
22851.17080000001: MET_Broker: Cloudlet #1272 return received
22851.17080000001: MET_Broker: The number of finished Cloudlets is:1270
22853.00120000001: MET_Broker: Cloudlet #1260 return received
22853.00120000001: MET_Broker: The number of finished Cloudlets is:1271
22857.67320000001: MET_Broker: Cloudlet #1271 return received
22857.67320000001: MET_Broker: The number of finished Cloudlets is:1272
22859.64320000001: MET_Broker: Cloudlet #1273 return received
22859.64320000001: MET_Broker: The number of finished Cloudlets is:1273
22865.65880000001: MET_Broker: Cloudlet #1274 return received
22865.65880000001: MET_Broker: The number of finished Cloudlets is:1274
22877.31960000001: MET_Broker: Cloudlet #1277 return received
22877.31960000001: MET_Broker: The number of finished Cloudlets is:1275
22881.92640000001: MET_Broker: Cloudlet #1270 return received
22881.92640000001: MET_Broker: The number of finished Cloudlets is:1276
22904.90120000001: MET_Broker: Cloudlet #1275 return received
22904.90120000001: MET_Broker: The number of finished Cloudlets is:1277
22913.17280000001: MET_Broker: Cloudlet #1280 return received
22913.17280000001: MET_Broker: The number of finished Cloudlets is:1278
22936.06440000001: MET_Broker: Cloudlet #1279 return received
22936.06440000001: MET_Broker: The number of finished Cloudlets is:1279
22962.67560000001: MET_Broker: Cloudlet #1276 return received
22962.67560000001: MET_Broker: The number of finished Cloudlets is:1280
22967.85400000001: MET_Broker: Cloudlet #1282 return received
22967.85400000001: MET_Broker: The number of finished Cloudlets is:1281
22967.92440000001: MET_Broker: Cloudlet #1278 return received
22967.92440000001: MET_Broker: The number of finished Cloudlets is:1282
22974.89360000001: MET_Broker: Cloudlet #1283 return received
22974.89360000001: MET_Broker: The number of finished Cloudlets is:1283
22984.86520000001: MET_Broker: Cloudlet #1284 return received
22984.86520000001: MET_Broker: The number of finished Cloudlets is:1284
23038.03600000001: MET_Broker: Cloudlet #1281 return received
23038.03600000001: MET_Broker: The number of finished Cloudlets is:1285
23056.71040000001: MET_Broker: Cloudlet #1288 return received
23056.71040000001: MET_Broker: The number of finished Cloudlets is:1286
23106.72960000001: MET_Broker: Cloudlet #1289 return received
23106.72960000001: MET_Broker: The number of finished Cloudlets is:1287
23123.00360000001: MET_Broker: Cloudlet #1285 return received
23123.00360000001: MET_Broker: The number of finished Cloudlets is:1288
23226.97040000001: MET_Broker: Cloudlet #1291 return received
23226.97040000001: MET_Broker: The number of finished Cloudlets is:1289
23255.73880000001: MET_Broker: Cloudlet #1287 return received
23255.73880000001: MET_Broker: The number of finished Cloudlets is:1290
23270.15520000001: MET_Broker: Cloudlet #1292 return received
23270.15520000001: MET_Broker: The number of finished Cloudlets is:1291
23286.234000000008: MET_Broker: Cloudlet #1293 return received
23286.234000000008: MET_Broker: The number of finished Cloudlets is:1292
23329.685600000008: MET_Broker: Cloudlet #1286 return received
23329.685600000008: MET_Broker: The number of finished Cloudlets is:1293
23338.49760000001: MET_Broker: Cloudlet #1295 return received
23338.49760000001: MET_Broker: The number of finished Cloudlets is:1294
23369.70680000001: MET_Broker: Cloudlet #1296 return received
23369.70680000001: MET_Broker: The number of finished Cloudlets is:1295
23384.92760000001: MET_Broker: Cloudlet #1298 return received
23384.92760000001: MET_Broker: The number of finished Cloudlets is:1296
23407.46200000001: MET_Broker: Cloudlet #1290 return received
23407.46200000001: MET_Broker: The number of finished Cloudlets is:1297
23410.00360000001: MET_Broker: Cloudlet #1299 return received
23410.00360000001: MET_Broker: The number of finished Cloudlets is:1298
23428.09200000001: MET_Broker: Cloudlet #1301 return received
23428.09200000001: MET_Broker: The number of finished Cloudlets is:1299
23507.615600000012: MET_Broker: Cloudlet #1302 return received
23507.615600000012: MET_Broker: The number of finished Cloudlets is:1300
23509.284800000012: MET_Broker: Cloudlet #1294 return received
23509.284800000012: MET_Broker: The number of finished Cloudlets is:1301
23551.187600000012: MET_Broker: Cloudlet #1303 return received
23551.187600000012: MET_Broker: The number of finished Cloudlets is:1302
23571.941200000012: MET_Broker: Cloudlet #1304 return received
23571.941200000012: MET_Broker: The number of finished Cloudlets is:1303
23600.44760000001: MET_Broker: Cloudlet #1305 return received
23600.44760000001: MET_Broker: The number of finished Cloudlets is:1304
23607.24120000001: MET_Broker: Cloudlet #1297 return received
23607.24120000001: MET_Broker: The number of finished Cloudlets is:1305
23613.73200000001: MET_Broker: Cloudlet #1306 return received
23613.73200000001: MET_Broker: The number of finished Cloudlets is:1306
23632.80920000001: MET_Broker: Cloudlet #1307 return received
23632.80920000001: MET_Broker: The number of finished Cloudlets is:1307
23637.95880000001: MET_Broker: Cloudlet #1309 return received
23637.95880000001: MET_Broker: The number of finished Cloudlets is:1308
23649.45520000001: MET_Broker: Cloudlet #1308 return received
23649.45520000001: MET_Broker: The number of finished Cloudlets is:1309
23678.44080000001: MET_Broker: Cloudlet #1312 return received
23678.44080000001: MET_Broker: The number of finished Cloudlets is:1310
23687.506400000013: MET_Broker: Cloudlet #1310 return received
23687.506400000013: MET_Broker: The number of finished Cloudlets is:1311
23699.971200000015: MET_Broker: Cloudlet #1314 return received
23699.971200000015: MET_Broker: The number of finished Cloudlets is:1312
23718.350000000013: MET_Broker: Cloudlet #1315 return received
23718.350000000013: MET_Broker: The number of finished Cloudlets is:1313
23726.36360000001: MET_Broker: Cloudlet #1313 return received
23726.36360000001: MET_Broker: The number of finished Cloudlets is:1314
23736.328000000012: MET_Broker: Cloudlet #1316 return received
23736.328000000012: MET_Broker: The number of finished Cloudlets is:1315
23742.586800000012: MET_Broker: Cloudlet #1317 return received
23742.586800000012: MET_Broker: The number of finished Cloudlets is:1316
23755.769200000013: MET_Broker: Cloudlet #1300 return received
23755.769200000013: MET_Broker: The number of finished Cloudlets is:1317
23758.046800000015: MET_Broker: Cloudlet #1319 return received
23758.046800000015: MET_Broker: The number of finished Cloudlets is:1318
23769.386400000014: MET_Broker: Cloudlet #1311 return received
23769.386400000014: MET_Broker: The number of finished Cloudlets is:1319
23778.020800000013: MET_Broker: Cloudlet #1322 return received
23778.020800000013: MET_Broker: The number of finished Cloudlets is:1320
23779.844400000013: MET_Broker: Cloudlet #1318 return received
23779.844400000013: MET_Broker: The number of finished Cloudlets is:1321
23791.32400000001: MET_Broker: Cloudlet #1323 return received
23791.32400000001: MET_Broker: The number of finished Cloudlets is:1322
23839.23400000001: MET_Broker: Cloudlet #1325 return received
23839.23400000001: MET_Broker: The number of finished Cloudlets is:1323
23853.68120000001: MET_Broker: Cloudlet #1326 return received
23853.68120000001: MET_Broker: The number of finished Cloudlets is:1324
23862.86240000001: MET_Broker: Cloudlet #1327 return received
23862.86240000001: MET_Broker: The number of finished Cloudlets is:1325
23864.39320000001: MET_Broker: Cloudlet #1320 return received
23864.39320000001: MET_Broker: The number of finished Cloudlets is:1326
23869.31800000001: MET_Broker: Cloudlet #1321 return received
23869.31800000001: MET_Broker: The number of finished Cloudlets is:1327
23874.38760000001: MET_Broker: Cloudlet #1329 return received
23874.38760000001: MET_Broker: The number of finished Cloudlets is:1328
23876.68880000001: MET_Broker: Cloudlet #1328 return received
23876.68880000001: MET_Broker: The number of finished Cloudlets is:1329
23883.96600000001: MET_Broker: Cloudlet #1331 return received
23883.96600000001: MET_Broker: The number of finished Cloudlets is:1330
23889.765200000013: MET_Broker: Cloudlet #1332 return received
23889.765200000013: MET_Broker: The number of finished Cloudlets is:1331
23927.12600000001: MET_Broker: Cloudlet #1330 return received
23927.12600000001: MET_Broker: The number of finished Cloudlets is:1332
23941.979200000012: MET_Broker: Cloudlet #1334 return received
23941.979200000012: MET_Broker: The number of finished Cloudlets is:1333
24003.398800000014: MET_Broker: Cloudlet #1336 return received
24003.398800000014: MET_Broker: The number of finished Cloudlets is:1334
24017.134800000014: MET_Broker: Cloudlet #1337 return received
24017.134800000014: MET_Broker: The number of finished Cloudlets is:1335
24023.456000000013: MET_Broker: Cloudlet #1335 return received
24023.456000000013: MET_Broker: The number of finished Cloudlets is:1336
24041.73760000001: MET_Broker: Cloudlet #1338 return received
24041.73760000001: MET_Broker: The number of finished Cloudlets is:1337
24067.87920000001: MET_Broker: Cloudlet #1339 return received
24067.87920000001: MET_Broker: The number of finished Cloudlets is:1338
24081.43160000001: MET_Broker: Cloudlet #1333 return received
24081.43160000001: MET_Broker: The number of finished Cloudlets is:1339
24107.952000000012: MET_Broker: Cloudlet #1341 return received
24107.952000000012: MET_Broker: The number of finished Cloudlets is:1340
24126.76280000001: MET_Broker: Cloudlet #1324 return received
24126.76280000001: MET_Broker: The number of finished Cloudlets is:1341
24134.73960000001: MET_Broker: Cloudlet #1342 return received
24134.73960000001: MET_Broker: The number of finished Cloudlets is:1342
24138.99120000001: MET_Broker: Cloudlet #1340 return received
24138.99120000001: MET_Broker: The number of finished Cloudlets is:1343
24147.16840000001: MET_Broker: Cloudlet #1344 return received
24147.16840000001: MET_Broker: The number of finished Cloudlets is:1344
24162.75880000001: MET_Broker: Cloudlet #1347 return received
24162.75880000001: MET_Broker: The number of finished Cloudlets is:1345
24177.621200000012: MET_Broker: Cloudlet #1348 return received
24177.621200000012: MET_Broker: The number of finished Cloudlets is:1346
24189.51440000001: MET_Broker: Cloudlet #1349 return received
24189.51440000001: MET_Broker: The number of finished Cloudlets is:1347
24189.77360000001: MET_Broker: Cloudlet #1345 return received
24189.77360000001: MET_Broker: The number of finished Cloudlets is:1348
24229.67240000001: MET_Broker: Cloudlet #1350 return received
24229.67240000001: MET_Broker: The number of finished Cloudlets is:1349
24247.20320000001: MET_Broker: Cloudlet #1352 return received
24247.20320000001: MET_Broker: The number of finished Cloudlets is:1350
24255.39920000001: MET_Broker: Cloudlet #1351 return received
24255.39920000001: MET_Broker: The number of finished Cloudlets is:1351
24400.344000000012: MET_Broker: Cloudlet #1354 return received
24400.344000000012: MET_Broker: The number of finished Cloudlets is:1352
24400.83840000001: MET_Broker: Cloudlet #1346 return received
24400.83840000001: MET_Broker: The number of finished Cloudlets is:1353
24451.828400000013: MET_Broker: Cloudlet #1343 return received
24451.828400000013: MET_Broker: The number of finished Cloudlets is:1354
24475.233200000013: MET_Broker: Cloudlet #1357 return received
24475.233200000013: MET_Broker: The number of finished Cloudlets is:1355
24506.24320000001: MET_Broker: Cloudlet #1353 return received
24506.24320000001: MET_Broker: The number of finished Cloudlets is:1356
24521.465200000013: MET_Broker: Cloudlet #1355 return received
24521.465200000013: MET_Broker: The number of finished Cloudlets is:1357
24539.96800000001: MET_Broker: Cloudlet #1359 return received
24539.96800000001: MET_Broker: The number of finished Cloudlets is:1358
24636.06840000001: MET_Broker: Cloudlet #1356 return received
24636.06840000001: MET_Broker: The number of finished Cloudlets is:1359
24650.29120000001: MET_Broker: Cloudlet #1362 return received
24650.29120000001: MET_Broker: The number of finished Cloudlets is:1360
24660.42720000001: MET_Broker: Cloudlet #1358 return received
24660.42720000001: MET_Broker: The number of finished Cloudlets is:1361
24679.04560000001: MET_Broker: Cloudlet #1364 return received
24679.04560000001: MET_Broker: The number of finished Cloudlets is:1362
24685.51520000001: MET_Broker: Cloudlet #1360 return received
24685.51520000001: MET_Broker: The number of finished Cloudlets is:1363
24691.72280000001: MET_Broker: Cloudlet #1365 return received
24691.72280000001: MET_Broker: The number of finished Cloudlets is:1364
24707.39280000001: MET_Broker: Cloudlet #1367 return received
24707.39280000001: MET_Broker: The number of finished Cloudlets is:1365
24741.70640000001: MET_Broker: Cloudlet #1366 return received
24741.70640000001: MET_Broker: The number of finished Cloudlets is:1366
24761.23280000001: MET_Broker: Cloudlet #1368 return received
24761.23280000001: MET_Broker: The number of finished Cloudlets is:1367
24780.775600000008: MET_Broker: Cloudlet #1370 return received
24780.775600000008: MET_Broker: The number of finished Cloudlets is:1368
24795.23320000001: MET_Broker: Cloudlet #1369 return received
24795.23320000001: MET_Broker: The number of finished Cloudlets is:1369
24817.63040000001: MET_Broker: Cloudlet #1372 return received
24817.63040000001: MET_Broker: The number of finished Cloudlets is:1370
24828.91680000001: MET_Broker: Cloudlet #1363 return received
24828.91680000001: MET_Broker: The number of finished Cloudlets is:1371
24878.82880000001: MET_Broker: Cloudlet #1361 return received
24878.82880000001: MET_Broker: The number of finished Cloudlets is:1372
24891.50520000001: MET_Broker: Cloudlet #1374 return received
24891.50520000001: MET_Broker: The number of finished Cloudlets is:1373
24925.19360000001: MET_Broker: Cloudlet #1375 return received
24925.19360000001: MET_Broker: The number of finished Cloudlets is:1374
24937.95840000001: MET_Broker: Cloudlet #1376 return received
24937.95840000001: MET_Broker: The number of finished Cloudlets is:1375
24940.25520000001: MET_Broker: Cloudlet #1377 return received
24940.25520000001: MET_Broker: The number of finished Cloudlets is:1376
24952.06280000001: MET_Broker: Cloudlet #1379 return received
24952.06280000001: MET_Broker: The number of finished Cloudlets is:1377
24957.00400000001: MET_Broker: Cloudlet #1371 return received
24957.00400000001: MET_Broker: The number of finished Cloudlets is:1378
24957.88120000001: MET_Broker: Cloudlet #1378 return received
24957.88120000001: MET_Broker: The number of finished Cloudlets is:1379
24965.06840000001: MET_Broker: Cloudlet #1381 return received
24965.06840000001: MET_Broker: The number of finished Cloudlets is:1380
24967.044000000013: MET_Broker: Cloudlet #1382 return received
24967.044000000013: MET_Broker: The number of finished Cloudlets is:1381
24969.384000000013: MET_Broker: Cloudlet #1380 return received
24969.384000000013: MET_Broker: The number of finished Cloudlets is:1382
24973.774400000013: MET_Broker: Cloudlet #1373 return received
24973.774400000013: MET_Broker: The number of finished Cloudlets is:1383
25005.950400000012: MET_Broker: Cloudlet #1384 return received
25005.950400000012: MET_Broker: The number of finished Cloudlets is:1384
25020.258000000013: MET_Broker: Cloudlet #1383 return received
25020.258000000013: MET_Broker: The number of finished Cloudlets is:1385
25020.391600000014: MET_Broker: Cloudlet #1385 return received
25020.391600000014: MET_Broker: The number of finished Cloudlets is:1386
25035.782400000015: MET_Broker: Cloudlet #1389 return received
25035.782400000015: MET_Broker: The number of finished Cloudlets is:1387
25044.221600000015: MET_Broker: Cloudlet #1390 return received
25044.221600000015: MET_Broker: The number of finished Cloudlets is:1388
25057.692000000014: MET_Broker: Cloudlet #1391 return received
25057.692000000014: MET_Broker: The number of finished Cloudlets is:1389
25072.726800000015: MET_Broker: Cloudlet #1386 return received
25072.726800000015: MET_Broker: The number of finished Cloudlets is:1390
25073.325200000014: MET_Broker: Cloudlet #1388 return received
25073.325200000014: MET_Broker: The number of finished Cloudlets is:1391
25080.448400000016: MET_Broker: Cloudlet #1393 return received
25080.448400000016: MET_Broker: The number of finished Cloudlets is:1392
25088.261200000015: MET_Broker: Cloudlet #1394 return received
25088.261200000015: MET_Broker: The number of finished Cloudlets is:1393
25113.729600000017: MET_Broker: Cloudlet #1395 return received
25113.729600000017: MET_Broker: The number of finished Cloudlets is:1394
25119.511200000015: MET_Broker: Cloudlet #1396 return received
25119.511200000015: MET_Broker: The number of finished Cloudlets is:1395
25121.952400000016: MET_Broker: Cloudlet #1397 return received
25121.952400000016: MET_Broker: The number of finished Cloudlets is:1396
25127.412800000016: MET_Broker: Cloudlet #1398 return received
25127.412800000016: MET_Broker: The number of finished Cloudlets is:1397
25135.161600000018: MET_Broker: Cloudlet #1399 return received
25135.161600000018: MET_Broker: The number of finished Cloudlets is:1398
25143.44080000002: MET_Broker: Cloudlet #1400 return received
25143.44080000002: MET_Broker: The number of finished Cloudlets is:1399
25144.47160000002: MET_Broker: Cloudlet #1401 return received
25144.47160000002: MET_Broker: The number of finished Cloudlets is:1400
25178.476400000018: MET_Broker: Cloudlet #1387 return received
25178.476400000018: MET_Broker: The number of finished Cloudlets is:1401
25189.51840000002: MET_Broker: Cloudlet #1402 return received
25189.51840000002: MET_Broker: The number of finished Cloudlets is:1402
25191.35800000002: MET_Broker: Cloudlet #1403 return received
25191.35800000002: MET_Broker: The number of finished Cloudlets is:1403
25202.38520000002: MET_Broker: Cloudlet #1405 return received
25202.38520000002: MET_Broker: The number of finished Cloudlets is:1404
25218.555200000017: MET_Broker: Cloudlet #1406 return received
25218.555200000017: MET_Broker: The number of finished Cloudlets is:1405
25232.990400000017: MET_Broker: Cloudlet #1408 return received
25232.990400000017: MET_Broker: The number of finished Cloudlets is:1406
25243.162400000016: MET_Broker: Cloudlet #1409 return received
25243.162400000016: MET_Broker: The number of finished Cloudlets is:1407
25290.652000000016: MET_Broker: Cloudlet #1410 return received
25290.652000000016: MET_Broker: The number of finished Cloudlets is:1408
25304.508400000017: MET_Broker: Cloudlet #1392 return received
25304.508400000017: MET_Broker: The number of finished Cloudlets is:1409
25306.51440000002: MET_Broker: Cloudlet #1404 return received
25306.51440000002: MET_Broker: The number of finished Cloudlets is:1410
25349.465600000018: MET_Broker: Cloudlet #1413 return received
25349.465600000018: MET_Broker: The number of finished Cloudlets is:1411
25363.412800000016: MET_Broker: Cloudlet #1412 return received
25363.412800000016: MET_Broker: The number of finished Cloudlets is:1412
25382.401200000015: MET_Broker: Cloudlet #1415 return received
25382.401200000015: MET_Broker: The number of finished Cloudlets is:1413
25391.855600000014: MET_Broker: Cloudlet #1407 return received
25391.855600000014: MET_Broker: The number of finished Cloudlets is:1414
25498.690400000014: MET_Broker: Cloudlet #1416 return received
25498.690400000014: MET_Broker: The number of finished Cloudlets is:1415
25541.966000000015: MET_Broker: Cloudlet #1418 return received
25541.966000000015: MET_Broker: The number of finished Cloudlets is:1416
25561.955600000016: MET_Broker: Cloudlet #1414 return received
25561.955600000016: MET_Broker: The number of finished Cloudlets is:1417
25578.865200000015: MET_Broker: Cloudlet #1420 return received
25578.865200000015: MET_Broker: The number of finished Cloudlets is:1418
25580.130000000016: MET_Broker: Cloudlet #1411 return received
25580.130000000016: MET_Broker: The number of finished Cloudlets is:1419
25587.042400000017: MET_Broker: Cloudlet #1417 return received
25587.042400000017: MET_Broker: The number of finished Cloudlets is:1420
25593.608800000016: MET_Broker: Cloudlet #1421 return received
25593.608800000016: MET_Broker: The number of finished Cloudlets is:1421
25594.200000000015: MET_Broker: Cloudlet #1419 return received
25594.200000000015: MET_Broker: The number of finished Cloudlets is:1422
25597.731600000014: MET_Broker: Cloudlet #1422 return received
25597.731600000014: MET_Broker: The number of finished Cloudlets is:1423
25612.041200000014: MET_Broker: Cloudlet #1424 return received
25612.041200000014: MET_Broker: The number of finished Cloudlets is:1424
25622.720000000016: MET_Broker: Cloudlet #1425 return received
25622.720000000016: MET_Broker: The number of finished Cloudlets is:1425
25622.804800000016: MET_Broker: Cloudlet #1427 return received
25622.804800000016: MET_Broker: The number of finished Cloudlets is:1426
25637.616000000016: MET_Broker: Cloudlet #1426 return received
25637.616000000016: MET_Broker: The number of finished Cloudlets is:1427
25644.906400000018: MET_Broker: Cloudlet #1423 return received
25644.906400000018: MET_Broker: The number of finished Cloudlets is:1428
25651.769600000018: MET_Broker: Cloudlet #1430 return received
25651.769600000018: MET_Broker: The number of finished Cloudlets is:1429
25655.47680000002: MET_Broker: Cloudlet #1428 return received
25655.47680000002: MET_Broker: The number of finished Cloudlets is:1430
25667.34760000002: MET_Broker: Cloudlet #1431 return received
25667.34760000002: MET_Broker: The number of finished Cloudlets is:1431
25694.85880000002: MET_Broker: Cloudlet #1434 return received
25694.85880000002: MET_Broker: The number of finished Cloudlets is:1432
25697.89320000002: MET_Broker: Cloudlet #1432 return received
25697.89320000002: MET_Broker: The number of finished Cloudlets is:1433
25714.60200000002: MET_Broker: Cloudlet #1436 return received
25714.60200000002: MET_Broker: The number of finished Cloudlets is:1434
25765.94880000002: MET_Broker: Cloudlet #1437 return received
25765.94880000002: MET_Broker: The number of finished Cloudlets is:1435
25777.39560000002: MET_Broker: Cloudlet #1438 return received
25777.39560000002: MET_Broker: The number of finished Cloudlets is:1436
25811.542000000023: MET_Broker: Cloudlet #1429 return received
25811.542000000023: MET_Broker: The number of finished Cloudlets is:1437
25836.640800000023: MET_Broker: Cloudlet #1439 return received
25836.640800000023: MET_Broker: The number of finished Cloudlets is:1438
25849.641200000024: MET_Broker: Cloudlet #1441 return received
25849.641200000024: MET_Broker: The number of finished Cloudlets is:1439
25903.075200000025: MET_Broker: Cloudlet #1442 return received
25903.075200000025: MET_Broker: The number of finished Cloudlets is:1440
25941.362800000024: MET_Broker: Cloudlet #1443 return received
25941.362800000024: MET_Broker: The number of finished Cloudlets is:1441
25946.838400000026: MET_Broker: Cloudlet #1435 return received
25946.838400000026: MET_Broker: The number of finished Cloudlets is:1442
25965.322800000027: MET_Broker: Cloudlet #1445 return received
25965.322800000027: MET_Broker: The number of finished Cloudlets is:1443
25990.08600000003: MET_Broker: Cloudlet #1433 return received
25990.08600000003: MET_Broker: The number of finished Cloudlets is:1444
26015.33960000003: MET_Broker: Cloudlet #1447 return received
26015.33960000003: MET_Broker: The number of finished Cloudlets is:1445
26022.43200000003: MET_Broker: Cloudlet #1444 return received
26022.43200000003: MET_Broker: The number of finished Cloudlets is:1446
26050.36320000003: MET_Broker: Cloudlet #1446 return received
26050.36320000003: MET_Broker: The number of finished Cloudlets is:1447
26058.394800000027: MET_Broker: Cloudlet #1448 return received
26058.394800000027: MET_Broker: The number of finished Cloudlets is:1448
26062.919200000026: MET_Broker: Cloudlet #1450 return received
26062.919200000026: MET_Broker: The number of finished Cloudlets is:1449
26075.381600000026: MET_Broker: Cloudlet #1451 return received
26075.381600000026: MET_Broker: The number of finished Cloudlets is:1450
26085.601600000027: MET_Broker: Cloudlet #1452 return received
26085.601600000027: MET_Broker: The number of finished Cloudlets is:1451
26103.992000000027: MET_Broker: Cloudlet #1454 return received
26103.992000000027: MET_Broker: The number of finished Cloudlets is:1452
26128.202000000027: MET_Broker: Cloudlet #1453 return received
26128.202000000027: MET_Broker: The number of finished Cloudlets is:1453
26143.230800000027: MET_Broker: Cloudlet #1455 return received
26143.230800000027: MET_Broker: The number of finished Cloudlets is:1454
26151.598000000027: MET_Broker: Cloudlet #1457 return received
26151.598000000027: MET_Broker: The number of finished Cloudlets is:1455
26152.056400000027: MET_Broker: Cloudlet #1440 return received
26152.056400000027: MET_Broker: The number of finished Cloudlets is:1456
26164.699600000025: MET_Broker: Cloudlet #1458 return received
26164.699600000025: MET_Broker: The number of finished Cloudlets is:1457
26188.508800000025: MET_Broker: Cloudlet #1456 return received
26188.508800000025: MET_Broker: The number of finished Cloudlets is:1458
26194.150800000025: MET_Broker: Cloudlet #1460 return received
26194.150800000025: MET_Broker: The number of finished Cloudlets is:1459
26204.366400000024: MET_Broker: Cloudlet #1462 return received
26204.366400000024: MET_Broker: The number of finished Cloudlets is:1460
26206.129600000026: MET_Broker: Cloudlet #1459 return received
26206.129600000026: MET_Broker: The number of finished Cloudlets is:1461
26215.168400000024: MET_Broker: Cloudlet #1464 return received
26215.168400000024: MET_Broker: The number of finished Cloudlets is:1462
26216.789600000026: MET_Broker: Cloudlet #1461 return received
26216.789600000026: MET_Broker: The number of finished Cloudlets is:1463
26245.235200000025: MET_Broker: Cloudlet #1463 return received
26245.235200000025: MET_Broker: The number of finished Cloudlets is:1464
26268.880000000023: MET_Broker: Cloudlet #1465 return received
26268.880000000023: MET_Broker: The number of finished Cloudlets is:1465
26293.29280000002: MET_Broker: Cloudlet #1467 return received
26293.29280000002: MET_Broker: The number of finished Cloudlets is:1466
26299.74760000002: MET_Broker: Cloudlet #1468 return received
26299.74760000002: MET_Broker: The number of finished Cloudlets is:1467
26320.17320000002: MET_Broker: Cloudlet #1466 return received
26320.17320000002: MET_Broker: The number of finished Cloudlets is:1468
26321.71960000002: MET_Broker: Cloudlet #1470 return received
26321.71960000002: MET_Broker: The number of finished Cloudlets is:1469
26328.69480000002: MET_Broker: Cloudlet #1469 return received
26328.69480000002: MET_Broker: The number of finished Cloudlets is:1470
26340.28720000002: MET_Broker: Cloudlet #1449 return received
26340.28720000002: MET_Broker: The number of finished Cloudlets is:1471
26350.39880000002: MET_Broker: Cloudlet #1472 return received
26350.39880000002: MET_Broker: The number of finished Cloudlets is:1472
26377.40200000002: MET_Broker: Cloudlet #1475 return received
26377.40200000002: MET_Broker: The number of finished Cloudlets is:1473
26461.14440000002: MET_Broker: Cloudlet #1476 return received
26461.14440000002: MET_Broker: The number of finished Cloudlets is:1474
26466.062800000018: MET_Broker: Cloudlet #1473 return received
26466.062800000018: MET_Broker: The number of finished Cloudlets is:1475
26490.323200000017: MET_Broker: Cloudlet #1474 return received
26490.323200000017: MET_Broker: The number of finished Cloudlets is:1476
26503.317600000017: MET_Broker: Cloudlet #1479 return received
26503.317600000017: MET_Broker: The number of finished Cloudlets is:1477
26512.481600000017: MET_Broker: Cloudlet #1478 return received
26512.481600000017: MET_Broker: The number of finished Cloudlets is:1478
26514.247200000016: MET_Broker: Cloudlet #1477 return received
26514.247200000016: MET_Broker: The number of finished Cloudlets is:1479
26569.680000000015: MET_Broker: Cloudlet #1481 return received
26569.680000000015: MET_Broker: The number of finished Cloudlets is:1480
26570.868000000013: MET_Broker: Cloudlet #1482 return received
26570.868000000013: MET_Broker: The number of finished Cloudlets is:1481
26578.675600000013: MET_Broker: Cloudlet #1484 return received
26578.675600000013: MET_Broker: The number of finished Cloudlets is:1482
26583.645600000014: MET_Broker: Cloudlet #1483 return received
26583.645600000014: MET_Broker: The number of finished Cloudlets is:1483
26589.889600000013: MET_Broker: Cloudlet #1485 return received
26589.889600000013: MET_Broker: The number of finished Cloudlets is:1484
26598.889600000013: MET_Broker: Cloudlet #1471 return received
26598.889600000013: MET_Broker: The number of finished Cloudlets is:1485
26625.566400000014: MET_Broker: Cloudlet #1488 return received
26625.566400000014: MET_Broker: The number of finished Cloudlets is:1486
26645.093200000014: MET_Broker: Cloudlet #1487 return received
26645.093200000014: MET_Broker: The number of finished Cloudlets is:1487
26657.145600000014: MET_Broker: Cloudlet #1489 return received
26657.145600000014: MET_Broker: The number of finished Cloudlets is:1488
26677.727200000016: MET_Broker: Cloudlet #1490 return received
26677.727200000016: MET_Broker: The number of finished Cloudlets is:1489
26681.289200000017: MET_Broker: Cloudlet #1491 return received
26681.289200000017: MET_Broker: The number of finished Cloudlets is:1490
26720.25720000002: MET_Broker: Cloudlet #1493 return received
26720.25720000002: MET_Broker: The number of finished Cloudlets is:1491
26752.102400000018: MET_Broker: Cloudlet #1480 return received
26752.102400000018: MET_Broker: The number of finished Cloudlets is:1492
26770.22880000002: MET_Broker: Cloudlet #1494 return received
26770.22880000002: MET_Broker: The number of finished Cloudlets is:1493
26787.74160000002: MET_Broker: Cloudlet #1486 return received
26787.74160000002: MET_Broker: The number of finished Cloudlets is:1494
26796.456800000018: MET_Broker: Cloudlet #1497 return received
26796.456800000018: MET_Broker: The number of finished Cloudlets is:1495
26820.80280000002: MET_Broker: Cloudlet #1496 return received
26820.80280000002: MET_Broker: The number of finished Cloudlets is:1496
26839.99360000002: MET_Broker: Cloudlet #1498 return received
26839.99360000002: MET_Broker: The number of finished Cloudlets is:1497
26841.83280000002: MET_Broker: Cloudlet #1492 return received
26841.83280000002: MET_Broker: The number of finished Cloudlets is:1498
26851.907600000017: MET_Broker: Cloudlet #1500 return received
26851.907600000017: MET_Broker: The number of finished Cloudlets is:1499
26853.822400000015: MET_Broker: Cloudlet #1501 return received
26853.822400000015: MET_Broker: The number of finished Cloudlets is:1500
26864.727200000016: MET_Broker: Cloudlet #1502 return received
26864.727200000016: MET_Broker: The number of finished Cloudlets is:1501
26864.925200000016: MET_Broker: Cloudlet #1499 return received
26864.925200000016: MET_Broker: The number of finished Cloudlets is:1502
26873.726400000018: MET_Broker: Cloudlet #1504 return received
26873.726400000018: MET_Broker: The number of finished Cloudlets is:1503
26877.269600000018: MET_Broker: Cloudlet #1503 return received
26877.269600000018: MET_Broker: The number of finished Cloudlets is:1504
26877.99160000002: MET_Broker: Cloudlet #1495 return received
26877.99160000002: MET_Broker: The number of finished Cloudlets is:1505
26880.36640000002: MET_Broker: Cloudlet #1506 return received
26880.36640000002: MET_Broker: The number of finished Cloudlets is:1506
26882.50600000002: MET_Broker: Cloudlet #1505 return received
26882.50600000002: MET_Broker: The number of finished Cloudlets is:1507
26890.14840000002: MET_Broker: Cloudlet #1508 return received
26890.14840000002: MET_Broker: The number of finished Cloudlets is:1508
26894.48000000002: MET_Broker: Cloudlet #1510 return received
26894.48000000002: MET_Broker: The number of finished Cloudlets is:1509
26904.246800000023: MET_Broker: Cloudlet #1511 return received
26904.246800000023: MET_Broker: The number of finished Cloudlets is:1510
26913.526000000023: MET_Broker: Cloudlet #1512 return received
26913.526000000023: MET_Broker: The number of finished Cloudlets is:1511
26922.152000000024: MET_Broker: Cloudlet #1507 return received
26922.152000000024: MET_Broker: The number of finished Cloudlets is:1512
26925.968400000023: MET_Broker: Cloudlet #1509 return received
26925.968400000023: MET_Broker: The number of finished Cloudlets is:1513
26931.453600000023: MET_Broker: Cloudlet #1514 return received
26931.453600000023: MET_Broker: The number of finished Cloudlets is:1514
26943.778000000024: MET_Broker: Cloudlet #1516 return received
26943.778000000024: MET_Broker: The number of finished Cloudlets is:1515
26945.032800000023: MET_Broker: Cloudlet #1513 return received
26945.032800000023: MET_Broker: The number of finished Cloudlets is:1516
26946.277200000022: MET_Broker: Cloudlet #1517 return received
26946.277200000022: MET_Broker: The number of finished Cloudlets is:1517
26963.839200000024: MET_Broker: Cloudlet #1519 return received
26963.839200000024: MET_Broker: The number of finished Cloudlets is:1518
26967.370800000022: MET_Broker: Cloudlet #1520 return received
26967.370800000022: MET_Broker: The number of finished Cloudlets is:1519
26972.704400000024: MET_Broker: Cloudlet #1515 return received
26972.704400000024: MET_Broker: The number of finished Cloudlets is:1520
26981.064400000025: MET_Broker: Cloudlet #1522 return received
26981.064400000025: MET_Broker: The number of finished Cloudlets is:1521
26999.960800000026: MET_Broker: Cloudlet #1523 return received
26999.960800000026: MET_Broker: The number of finished Cloudlets is:1522
27035.141200000027: MET_Broker: Cloudlet #1524 return received
27035.141200000027: MET_Broker: The number of finished Cloudlets is:1523
27040.184400000027: MET_Broker: Cloudlet #1521 return received
27040.184400000027: MET_Broker: The number of finished Cloudlets is:1524
27046.138800000026: MET_Broker: Cloudlet #1525 return received
27046.138800000026: MET_Broker: The number of finished Cloudlets is:1525
27062.104400000026: MET_Broker: Cloudlet #1527 return received
27062.104400000026: MET_Broker: The number of finished Cloudlets is:1526
27086.468400000027: MET_Broker: Cloudlet #1526 return received
27086.468400000027: MET_Broker: The number of finished Cloudlets is:1527
27190.103200000027: MET_Broker: Cloudlet #1518 return received
27190.103200000027: MET_Broker: The number of finished Cloudlets is:1528
27202.250000000025: MET_Broker: Cloudlet #1531 return received
27202.250000000025: MET_Broker: The number of finished Cloudlets is:1529
27227.217600000025: MET_Broker: Cloudlet #1528 return received
27227.217600000025: MET_Broker: The number of finished Cloudlets is:1530
27247.384400000024: MET_Broker: Cloudlet #1532 return received
27247.384400000024: MET_Broker: The number of finished Cloudlets is:1531
27278.186400000024: MET_Broker: Cloudlet #1530 return received
27278.186400000024: MET_Broker: The number of finished Cloudlets is:1532
27325.214000000025: MET_Broker: Cloudlet #1535 return received
27325.214000000025: MET_Broker: The number of finished Cloudlets is:1533
27339.717200000025: MET_Broker: Cloudlet #1536 return received
27339.717200000025: MET_Broker: The number of finished Cloudlets is:1534
27345.459600000024: MET_Broker: Cloudlet #1529 return received
27345.459600000024: MET_Broker: The number of finished Cloudlets is:1535
27358.258000000023: MET_Broker: Cloudlet #1534 return received
27358.258000000023: MET_Broker: The number of finished Cloudlets is:1536
27368.431200000025: MET_Broker: Cloudlet #1539 return received
27368.431200000025: MET_Broker: The number of finished Cloudlets is:1537
27373.316400000025: MET_Broker: Cloudlet #1538 return received
27373.316400000025: MET_Broker: The number of finished Cloudlets is:1538
27382.224400000025: MET_Broker: Cloudlet #1537 return received
27382.224400000025: MET_Broker: The number of finished Cloudlets is:1539
27385.418800000025: MET_Broker: Cloudlet #1541 return received
27385.418800000025: MET_Broker: The number of finished Cloudlets is:1540
27420.269200000024: MET_Broker: Cloudlet #1543 return received
27420.269200000024: MET_Broker: The number of finished Cloudlets is:1541
27540.490400000024: MET_Broker: Cloudlet #1533 return received
27540.490400000024: MET_Broker: The number of finished Cloudlets is:1542
27566.237200000025: MET_Broker: Cloudlet #1545 return received
27566.237200000025: MET_Broker: The number of finished Cloudlets is:1543
27603.460000000025: MET_Broker: Cloudlet #1542 return received
27603.460000000025: MET_Broker: The number of finished Cloudlets is:1544
27611.588000000025: MET_Broker: Cloudlet #1547 return received
27611.588000000025: MET_Broker: The number of finished Cloudlets is:1545
27632.230000000025: MET_Broker: Cloudlet #1540 return received
27632.230000000025: MET_Broker: The number of finished Cloudlets is:1546
27640.408400000026: MET_Broker: Cloudlet #1548 return received
27640.408400000026: MET_Broker: The number of finished Cloudlets is:1547
27642.102800000026: MET_Broker: Cloudlet #1544 return received
27642.102800000026: MET_Broker: The number of finished Cloudlets is:1548
27670.012400000025: MET_Broker: Cloudlet #1551 return received
27670.012400000025: MET_Broker: The number of finished Cloudlets is:1549
27701.362000000026: MET_Broker: Cloudlet #1546 return received
27701.362000000026: MET_Broker: The number of finished Cloudlets is:1550
27725.026400000028: MET_Broker: Cloudlet #1550 return received
27725.026400000028: MET_Broker: The number of finished Cloudlets is:1551
27740.130000000026: MET_Broker: Cloudlet #1549 return received
27740.130000000026: MET_Broker: The number of finished Cloudlets is:1552
27741.532400000026: MET_Broker: Cloudlet #1554 return received
27741.532400000026: MET_Broker: The number of finished Cloudlets is:1553
27762.875600000025: MET_Broker: Cloudlet #1555 return received
27762.875600000025: MET_Broker: The number of finished Cloudlets is:1554
27767.158400000026: MET_Broker: Cloudlet #1556 return received
27767.158400000026: MET_Broker: The number of finished Cloudlets is:1555
27770.836800000026: MET_Broker: Cloudlet #1557 return received
27770.836800000026: MET_Broker: The number of finished Cloudlets is:1556
27912.262800000026: MET_Broker: Cloudlet #1552 return received
27912.262800000026: MET_Broker: The number of finished Cloudlets is:1557
27959.954400000024: MET_Broker: Cloudlet #1560 return received
27959.954400000024: MET_Broker: The number of finished Cloudlets is:1558
27962.498800000023: MET_Broker: Cloudlet #1559 return received
27962.498800000023: MET_Broker: The number of finished Cloudlets is:1559
27982.887600000024: MET_Broker: Cloudlet #1558 return received
27982.887600000024: MET_Broker: The number of finished Cloudlets is:1560
28008.295600000023: MET_Broker: Cloudlet #1561 return received
28008.295600000023: MET_Broker: The number of finished Cloudlets is:1561
28045.750800000023: MET_Broker: Cloudlet #1553 return received
28045.750800000023: MET_Broker: The number of finished Cloudlets is:1562
28080.155200000023: MET_Broker: Cloudlet #1565 return received
28080.155200000023: MET_Broker: The number of finished Cloudlets is:1563
28096.703600000023: MET_Broker: Cloudlet #1566 return received
28096.703600000023: MET_Broker: The number of finished Cloudlets is:1564
28106.957600000023: MET_Broker: Cloudlet #1563 return received
28106.957600000023: MET_Broker: The number of finished Cloudlets is:1565
28182.614000000023: MET_Broker: Cloudlet #1562 return received
28182.614000000023: MET_Broker: The number of finished Cloudlets is:1566
28201.320400000022: MET_Broker: Cloudlet #1569 return received
28201.320400000022: MET_Broker: The number of finished Cloudlets is:1567
28260.69360000002: MET_Broker: Cloudlet #1564 return received
28260.69360000002: MET_Broker: The number of finished Cloudlets is:1568
28265.503600000022: MET_Broker: Cloudlet #1567 return received
28265.503600000022: MET_Broker: The number of finished Cloudlets is:1569
28305.72600000002: MET_Broker: Cloudlet #1571 return received
28305.72600000002: MET_Broker: The number of finished Cloudlets is:1570
28313.586400000022: MET_Broker: Cloudlet #1572 return received
28313.586400000022: MET_Broker: The number of finished Cloudlets is:1571
28352.846000000023: MET_Broker: Cloudlet #1574 return received
28352.846000000023: MET_Broker: The number of finished Cloudlets is:1572
28378.572800000024: MET_Broker: Cloudlet #1575 return received
28378.572800000024: MET_Broker: The number of finished Cloudlets is:1573
28394.140400000022: MET_Broker: Cloudlet #1573 return received
28394.140400000022: MET_Broker: The number of finished Cloudlets is:1574
28451.065600000024: MET_Broker: Cloudlet #1568 return received
28451.065600000024: MET_Broker: The number of finished Cloudlets is:1575
28489.143200000024: MET_Broker: Cloudlet #1578 return received
28489.143200000024: MET_Broker: The number of finished Cloudlets is:1576
28500.946000000025: MET_Broker: Cloudlet #1577 return received
28500.946000000025: MET_Broker: The number of finished Cloudlets is:1577
28535.464400000026: MET_Broker: Cloudlet #1570 return received
28535.464400000026: MET_Broker: The number of finished Cloudlets is:1578
28570.176000000025: MET_Broker: Cloudlet #1576 return received
28570.176000000025: MET_Broker: The number of finished Cloudlets is:1579
28592.421200000026: MET_Broker: Cloudlet #1580 return received
28592.421200000026: MET_Broker: The number of finished Cloudlets is:1580
28605.931200000025: MET_Broker: Cloudlet #1582 return received
28605.931200000025: MET_Broker: The number of finished Cloudlets is:1581
28686.990800000025: MET_Broker: Cloudlet #1579 return received
28686.990800000025: MET_Broker: The number of finished Cloudlets is:1582
28720.131200000025: MET_Broker: Cloudlet #1583 return received
28720.131200000025: MET_Broker: The number of finished Cloudlets is:1583
28722.214400000026: MET_Broker: Cloudlet #1585 return received
28722.214400000026: MET_Broker: The number of finished Cloudlets is:1584
28836.702000000027: MET_Broker: Cloudlet #1581 return received
28836.702000000027: MET_Broker: The number of finished Cloudlets is:1585
28847.965600000025: MET_Broker: Cloudlet #1588 return received
28847.965600000025: MET_Broker: The number of finished Cloudlets is:1586
28859.966800000024: MET_Broker: Cloudlet #1589 return received
28859.966800000024: MET_Broker: The number of finished Cloudlets is:1587
28867.679600000025: MET_Broker: Cloudlet #1590 return received
28867.679600000025: MET_Broker: The number of finished Cloudlets is:1588
28868.697200000024: MET_Broker: Cloudlet #1586 return received
28868.697200000024: MET_Broker: The number of finished Cloudlets is:1589
28872.621600000024: MET_Broker: Cloudlet #1584 return received
28872.621600000024: MET_Broker: The number of finished Cloudlets is:1590
28873.923600000024: MET_Broker: Cloudlet #1591 return received
28873.923600000024: MET_Broker: The number of finished Cloudlets is:1591
28881.280000000024: MET_Broker: Cloudlet #1592 return received
28881.280000000024: MET_Broker: The number of finished Cloudlets is:1592
28885.680000000026: MET_Broker: Cloudlet #1587 return received
28885.680000000026: MET_Broker: The number of finished Cloudlets is:1593
28886.172000000024: MET_Broker: Cloudlet #1593 return received
28886.172000000024: MET_Broker: The number of finished Cloudlets is:1594
28897.163200000025: MET_Broker: Cloudlet #1597 return received
28897.163200000025: MET_Broker: The number of finished Cloudlets is:1595
28897.699600000025: MET_Broker: Cloudlet #1595 return received
28897.699600000025: MET_Broker: The number of finished Cloudlets is:1596
28998.172800000026: MET_Broker: Cloudlet #1598 return received
28998.172800000026: MET_Broker: The number of finished Cloudlets is:1597
29048.030400000025: MET_Broker: Cloudlet #1596 return received
29048.030400000025: MET_Broker: The number of finished Cloudlets is:1598
29051.186400000024: MET_Broker: Cloudlet #1599 return received
29051.186400000024: MET_Broker: The number of finished Cloudlets is:1599
29053.745200000023: MET_Broker: Cloudlet #1600 return received
29053.745200000023: MET_Broker: The number of finished Cloudlets is:1600
29095.801600000024: MET_Broker: Cloudlet #1602 return received
29095.801600000024: MET_Broker: The number of finished Cloudlets is:1601
29141.836400000026: MET_Broker: Cloudlet #1603 return received
29141.836400000026: MET_Broker: The number of finished Cloudlets is:1602
29149.062000000027: MET_Broker: Cloudlet #1594 return received
29149.062000000027: MET_Broker: The number of finished Cloudlets is:1603
29171.109200000028: MET_Broker: Cloudlet #1604 return received
29171.109200000028: MET_Broker: The number of finished Cloudlets is:1604
29179.842800000028: MET_Broker: Cloudlet #1605 return received
29179.842800000028: MET_Broker: The number of finished Cloudlets is:1605
29181.563200000026: MET_Broker: Cloudlet #1601 return received
29181.563200000026: MET_Broker: The number of finished Cloudlets is:1606
29208.324000000026: MET_Broker: Cloudlet #1609 return received
29208.324000000026: MET_Broker: The number of finished Cloudlets is:1607
29216.919600000027: MET_Broker: Cloudlet #1610 return received
29216.919600000027: MET_Broker: The number of finished Cloudlets is:1608
29220.031600000028: MET_Broker: Cloudlet #1607 return received
29220.031600000028: MET_Broker: The number of finished Cloudlets is:1609
29228.678800000027: MET_Broker: Cloudlet #1608 return received
29228.678800000027: MET_Broker: The number of finished Cloudlets is:1610
29233.197200000028: MET_Broker: Cloudlet #1606 return received
29233.197200000028: MET_Broker: The number of finished Cloudlets is:1611
29247.98000000003: MET_Broker: Cloudlet #1613 return received
29247.98000000003: MET_Broker: The number of finished Cloudlets is:1612
29257.114000000027: MET_Broker: Cloudlet #1615 return received
29257.114000000027: MET_Broker: The number of finished Cloudlets is:1613
29261.860000000026: MET_Broker: Cloudlet #1611 return received
29261.860000000026: MET_Broker: The number of finished Cloudlets is:1614
29266.774000000027: MET_Broker: Cloudlet #1616 return received
29266.774000000027: MET_Broker: The number of finished Cloudlets is:1615
29274.011200000026: MET_Broker: Cloudlet #1614 return received
29274.011200000026: MET_Broker: The number of finished Cloudlets is:1616
29282.935200000025: MET_Broker: Cloudlet #1619 return received
29282.935200000025: MET_Broker: The number of finished Cloudlets is:1617
29296.490400000024: MET_Broker: Cloudlet #1620 return received
29296.490400000024: MET_Broker: The number of finished Cloudlets is:1618
29302.501600000025: MET_Broker: Cloudlet #1618 return received
29302.501600000025: MET_Broker: The number of finished Cloudlets is:1619
29391.802000000025: MET_Broker: Cloudlet #1621 return received
29391.802000000025: MET_Broker: The number of finished Cloudlets is:1620
29412.656000000025: MET_Broker: Cloudlet #1612 return received
29412.656000000025: MET_Broker: The number of finished Cloudlets is:1621
29439.621200000023: MET_Broker: Cloudlet #1623 return received
29439.621200000023: MET_Broker: The number of finished Cloudlets is:1622
29449.14200000002: MET_Broker: Cloudlet #1617 return received
29449.14200000002: MET_Broker: The number of finished Cloudlets is:1623
29485.93800000002: MET_Broker: Cloudlet #1622 return received
29485.93800000002: MET_Broker: The number of finished Cloudlets is:1624
29492.19840000002: MET_Broker: Cloudlet #1626 return received
29492.19840000002: MET_Broker: The number of finished Cloudlets is:1625
29518.34920000002: MET_Broker: Cloudlet #1628 return received
29518.34920000002: MET_Broker: The number of finished Cloudlets is:1626
29525.647200000018: MET_Broker: Cloudlet #1624 return received
29525.647200000018: MET_Broker: The number of finished Cloudlets is:1627
29533.747200000016: MET_Broker: Cloudlet #1630 return received
29533.747200000016: MET_Broker: The number of finished Cloudlets is:1628
29534.696800000016: MET_Broker: Cloudlet #1625 return received
29534.696800000016: MET_Broker: The number of finished Cloudlets is:1629
29544.178800000016: MET_Broker: Cloudlet #1629 return received
29544.178800000016: MET_Broker: The number of finished Cloudlets is:1630
29551.683600000015: MET_Broker: Cloudlet #1631 return received
29551.683600000015: MET_Broker: The number of finished Cloudlets is:1631
29573.154800000015: MET_Broker: Cloudlet #1633 return received
29573.154800000015: MET_Broker: The number of finished Cloudlets is:1632
29598.722000000016: MET_Broker: Cloudlet #1635 return received
29598.722000000016: MET_Broker: The number of finished Cloudlets is:1633
29603.579200000015: MET_Broker: Cloudlet #1627 return received
29603.579200000015: MET_Broker: The number of finished Cloudlets is:1634
29627.846400000013: MET_Broker: Cloudlet #1634 return received
29627.846400000013: MET_Broker: The number of finished Cloudlets is:1635
29636.264000000014: MET_Broker: Cloudlet #1637 return received
29636.264000000014: MET_Broker: The number of finished Cloudlets is:1636
29645.414800000013: MET_Broker: Cloudlet #1636 return received
29645.414800000013: MET_Broker: The number of finished Cloudlets is:1637
29658.807600000015: MET_Broker: Cloudlet #1639 return received
29658.807600000015: MET_Broker: The number of finished Cloudlets is:1638
29699.116000000016: MET_Broker: Cloudlet #1640 return received
29699.116000000016: MET_Broker: The number of finished Cloudlets is:1639
29700.509600000016: MET_Broker: Cloudlet #1641 return received
29700.509600000016: MET_Broker: The number of finished Cloudlets is:1640
29730.967600000014: MET_Broker: Cloudlet #1643 return received
29730.967600000014: MET_Broker: The number of finished Cloudlets is:1641
29738.571200000013: MET_Broker: Cloudlet #1642 return received
29738.571200000013: MET_Broker: The number of finished Cloudlets is:1642
29770.937200000015: MET_Broker: Cloudlet #1632 return received
29770.937200000015: MET_Broker: The number of finished Cloudlets is:1643
29789.668800000014: MET_Broker: Cloudlet #1645 return received
29789.668800000014: MET_Broker: The number of finished Cloudlets is:1644
29790.769200000013: MET_Broker: Cloudlet #1644 return received
29790.769200000013: MET_Broker: The number of finished Cloudlets is:1645
29801.394800000013: MET_Broker: Cloudlet #1646 return received
29801.394800000013: MET_Broker: The number of finished Cloudlets is:1646
29801.521200000014: MET_Broker: Cloudlet #1638 return received
29801.521200000014: MET_Broker: The number of finished Cloudlets is:1647
29822.042000000012: MET_Broker: Cloudlet #1647 return received
29822.042000000012: MET_Broker: The number of finished Cloudlets is:1648
29845.90280000001: MET_Broker: Cloudlet #1648 return received
29845.90280000001: MET_Broker: The number of finished Cloudlets is:1649
29855.592400000012: MET_Broker: Cloudlet #1652 return received
29855.592400000012: MET_Broker: The number of finished Cloudlets is:1650
29857.62440000001: MET_Broker: Cloudlet #1650 return received
29857.62440000001: MET_Broker: The number of finished Cloudlets is:1651
29877.875200000013: MET_Broker: Cloudlet #1653 return received
29877.875200000013: MET_Broker: The number of finished Cloudlets is:1652
29887.449600000014: MET_Broker: Cloudlet #1649 return received
29887.449600000014: MET_Broker: The number of finished Cloudlets is:1653
29896.108800000013: MET_Broker: Cloudlet #1654 return received
29896.108800000013: MET_Broker: The number of finished Cloudlets is:1654
29915.212800000012: MET_Broker: Cloudlet #1655 return received
29915.212800000012: MET_Broker: The number of finished Cloudlets is:1655
29949.715200000013: MET_Broker: Cloudlet #1657 return received
29949.715200000013: MET_Broker: The number of finished Cloudlets is:1656
29971.80080000001: MET_Broker: Cloudlet #1658 return received
29971.80080000001: MET_Broker: The number of finished Cloudlets is:1657
29988.28600000001: MET_Broker: Cloudlet #1651 return received
29988.28600000001: MET_Broker: The number of finished Cloudlets is:1658
30042.66560000001: MET_Broker: Cloudlet #1661 return received
30042.66560000001: MET_Broker: The number of finished Cloudlets is:1659
30123.691200000012: MET_Broker: Cloudlet #1660 return received
30123.691200000012: MET_Broker: The number of finished Cloudlets is:1660
30180.885600000012: MET_Broker: Cloudlet #1659 return received
30180.885600000012: MET_Broker: The number of finished Cloudlets is:1661
30199.04720000001: MET_Broker: Cloudlet #1662 return received
30199.04720000001: MET_Broker: The number of finished Cloudlets is:1662
30206.459600000013: MET_Broker: Cloudlet #1656 return received
30206.459600000013: MET_Broker: The number of finished Cloudlets is:1663
30211.454800000014: MET_Broker: Cloudlet #1664 return received
30211.454800000014: MET_Broker: The number of finished Cloudlets is:1664
30219.949600000014: MET_Broker: Cloudlet #1666 return received
30219.949600000014: MET_Broker: The number of finished Cloudlets is:1665
30228.879600000015: MET_Broker: Cloudlet #1667 return received
30228.879600000015: MET_Broker: The number of finished Cloudlets is:1666
30234.118800000015: MET_Broker: Cloudlet #1668 return received
30234.118800000015: MET_Broker: The number of finished Cloudlets is:1667
30234.773600000015: MET_Broker: Cloudlet #1665 return received
30234.773600000015: MET_Broker: The number of finished Cloudlets is:1668
30244.908800000016: MET_Broker: Cloudlet #1671 return received
30244.908800000016: MET_Broker: The number of finished Cloudlets is:1669
30254.816000000017: MET_Broker: Cloudlet #1672 return received
30254.816000000017: MET_Broker: The number of finished Cloudlets is:1670
30275.295600000016: MET_Broker: Cloudlet #1673 return received
30275.295600000016: MET_Broker: The number of finished Cloudlets is:1671
30276.084800000015: MET_Broker: Cloudlet #1669 return received
30276.084800000015: MET_Broker: The number of finished Cloudlets is:1672
30290.333600000016: MET_Broker: Cloudlet #1675 return received
30290.333600000016: MET_Broker: The number of finished Cloudlets is:1673
30298.913200000017: MET_Broker: Cloudlet #1676 return received
30298.913200000017: MET_Broker: The number of finished Cloudlets is:1674
30305.166400000016: MET_Broker: Cloudlet #1677 return received
30305.166400000016: MET_Broker: The number of finished Cloudlets is:1675
30311.925200000016: MET_Broker: Cloudlet #1678 return received
30311.925200000016: MET_Broker: The number of finished Cloudlets is:1676
30318.613200000014: MET_Broker: Cloudlet #1679 return received
30318.613200000014: MET_Broker: The number of finished Cloudlets is:1677
30334.379200000014: MET_Broker: Cloudlet #1674 return received
30334.379200000014: MET_Broker: The number of finished Cloudlets is:1678
30384.135200000015: MET_Broker: Cloudlet #1670 return received
30384.135200000015: MET_Broker: The number of finished Cloudlets is:1679
30431.736800000017: MET_Broker: Cloudlet #1682 return received
30431.736800000017: MET_Broker: The number of finished Cloudlets is:1680
30446.16200000002: MET_Broker: Cloudlet #1680 return received
30446.16200000002: MET_Broker: The number of finished Cloudlets is:1681
30460.11000000002: MET_Broker: Cloudlet #1683 return received
30460.11000000002: MET_Broker: The number of finished Cloudlets is:1682
30477.32560000002: MET_Broker: Cloudlet #1663 return received
30477.32560000002: MET_Broker: The number of finished Cloudlets is:1683
30481.05960000002: MET_Broker: Cloudlet #1684 return received
30481.05960000002: MET_Broker: The number of finished Cloudlets is:1684
30488.882800000018: MET_Broker: Cloudlet #1687 return received
30488.882800000018: MET_Broker: The number of finished Cloudlets is:1685
30525.04000000002: MET_Broker: Cloudlet #1688 return received
30525.04000000002: MET_Broker: The number of finished Cloudlets is:1686
30529.258800000018: MET_Broker: Cloudlet #1681 return received
30529.258800000018: MET_Broker: The number of finished Cloudlets is:1687
30534.272800000017: MET_Broker: Cloudlet #1685 return received
30534.272800000017: MET_Broker: The number of finished Cloudlets is:1688
30541.791200000018: MET_Broker: Cloudlet #1690 return received
30541.791200000018: MET_Broker: The number of finished Cloudlets is:1689
30541.904000000017: MET_Broker: Cloudlet #1689 return received
30541.904000000017: MET_Broker: The number of finished Cloudlets is:1690
30553.890000000018: MET_Broker: Cloudlet #1692 return received
30553.890000000018: MET_Broker: The number of finished Cloudlets is:1691
30555.234800000017: MET_Broker: Cloudlet #1693 return received
30555.234800000017: MET_Broker: The number of finished Cloudlets is:1692
30569.847600000016: MET_Broker: Cloudlet #1695 return received
30569.847600000016: MET_Broker: The number of finished Cloudlets is:1693
30575.068000000014: MET_Broker: Cloudlet #1691 return received
30575.068000000014: MET_Broker: The number of finished Cloudlets is:1694
30599.180000000015: MET_Broker: Cloudlet #1697 return received
30599.180000000015: MET_Broker: The number of finished Cloudlets is:1695
30605.536400000015: MET_Broker: Cloudlet #1696 return received
30605.536400000015: MET_Broker: The number of finished Cloudlets is:1696
30610.692000000014: MET_Broker: Cloudlet #1694 return received
30610.692000000014: MET_Broker: The number of finished Cloudlets is:1697
30613.059200000014: MET_Broker: Cloudlet #1686 return received
30613.059200000014: MET_Broker: The number of finished Cloudlets is:1698
30617.540400000013: MET_Broker: Cloudlet #1699 return received
30617.540400000013: MET_Broker: The number of finished Cloudlets is:1699
30618.443200000012: MET_Broker: Cloudlet #1698 return received
30618.443200000012: MET_Broker: The number of finished Cloudlets is:1700
30669.261600000013: MET_Broker: Cloudlet #1701 return received
30669.261600000013: MET_Broker: The number of finished Cloudlets is:1701
30700.03080000001: MET_Broker: Cloudlet #1704 return received
30700.03080000001: MET_Broker: The number of finished Cloudlets is:1702
30722.73320000001: MET_Broker: Cloudlet #1705 return received
30722.73320000001: MET_Broker: The number of finished Cloudlets is:1703
30729.44000000001: MET_Broker: Cloudlet #1706 return received
30729.44000000001: MET_Broker: The number of finished Cloudlets is:1704
30803.51240000001: MET_Broker: Cloudlet #1700 return received
30803.51240000001: MET_Broker: The number of finished Cloudlets is:1705
30811.35600000001: MET_Broker: Cloudlet #1702 return received
30811.35600000001: MET_Broker: The number of finished Cloudlets is:1706
30837.926800000012: MET_Broker: Cloudlet #1709 return received
30837.926800000012: MET_Broker: The number of finished Cloudlets is:1707
30855.74840000001: MET_Broker: Cloudlet #1708 return received
30855.74840000001: MET_Broker: The number of finished Cloudlets is:1708
30869.988400000013: MET_Broker: Cloudlet #1703 return received
30869.988400000013: MET_Broker: The number of finished Cloudlets is:1709
30887.265600000013: MET_Broker: Cloudlet #1712 return received
30887.265600000013: MET_Broker: The number of finished Cloudlets is:1710
30918.656400000014: MET_Broker: Cloudlet #1707 return received
30918.656400000014: MET_Broker: The number of finished Cloudlets is:1711
31003.925200000016: MET_Broker: Cloudlet #1710 return received
31003.925200000016: MET_Broker: The number of finished Cloudlets is:1712
31018.870800000015: MET_Broker: Cloudlet #1711 return received
31018.870800000015: MET_Broker: The number of finished Cloudlets is:1713
31046.955200000015: MET_Broker: Cloudlet #1716 return received
31046.955200000015: MET_Broker: The number of finished Cloudlets is:1714
31060.818000000014: MET_Broker: Cloudlet #1715 return received
31060.818000000014: MET_Broker: The number of finished Cloudlets is:1715
31072.684800000014: MET_Broker: Cloudlet #1713 return received
31072.684800000014: MET_Broker: The number of finished Cloudlets is:1716
31090.992000000013: MET_Broker: Cloudlet #1719 return received
31090.992000000013: MET_Broker: The number of finished Cloudlets is:1717
31102.416400000013: MET_Broker: Cloudlet #1717 return received
31102.416400000013: MET_Broker: The number of finished Cloudlets is:1718
31112.11360000001: MET_Broker: Cloudlet #1718 return received
31112.11360000001: MET_Broker: The number of finished Cloudlets is:1719
31119.346400000013: MET_Broker: Cloudlet #1720 return received
31119.346400000013: MET_Broker: The number of finished Cloudlets is:1720
31125.528000000013: MET_Broker: Cloudlet #1722 return received
31125.528000000013: MET_Broker: The number of finished Cloudlets is:1721
31154.67840000001: MET_Broker: Cloudlet #1721 return received
31154.67840000001: MET_Broker: The number of finished Cloudlets is:1722
31188.09200000001: MET_Broker: Cloudlet #1714 return received
31188.09200000001: MET_Broker: The number of finished Cloudlets is:1723
31189.598000000013: MET_Broker: Cloudlet #1725 return received
31189.598000000013: MET_Broker: The number of finished Cloudlets is:1724
31205.986400000013: MET_Broker: Cloudlet #1726 return received
31205.986400000013: MET_Broker: The number of finished Cloudlets is:1725
31207.407600000013: MET_Broker: Cloudlet #1727 return received
31207.407600000013: MET_Broker: The number of finished Cloudlets is:1726
31233.358800000013: MET_Broker: Cloudlet #1728 return received
31233.358800000013: MET_Broker: The number of finished Cloudlets is:1727
31242.467600000014: MET_Broker: Cloudlet #1729 return received
31242.467600000014: MET_Broker: The number of finished Cloudlets is:1728
31269.971600000015: MET_Broker: Cloudlet #1723 return received
31269.971600000015: MET_Broker: The number of finished Cloudlets is:1729
31288.016000000014: MET_Broker: Cloudlet #1724 return received
31288.016000000014: MET_Broker: The number of finished Cloudlets is:1730
31295.958000000013: MET_Broker: Cloudlet #1733 return received
31295.958000000013: MET_Broker: The number of finished Cloudlets is:1731
31313.832000000013: MET_Broker: Cloudlet #1730 return received
31313.832000000013: MET_Broker: The number of finished Cloudlets is:1732
31351.452400000013: MET_Broker: Cloudlet #1732 return received
31351.452400000013: MET_Broker: The number of finished Cloudlets is:1733
31369.340400000012: MET_Broker: Cloudlet #1736 return received
31369.340400000012: MET_Broker: The number of finished Cloudlets is:1734
31408.17600000001: MET_Broker: Cloudlet #1737 return received
31408.17600000001: MET_Broker: The number of finished Cloudlets is:1735
31432.20520000001: MET_Broker: Cloudlet #1735 return received
31432.20520000001: MET_Broker: The number of finished Cloudlets is:1736
31442.90680000001: MET_Broker: Cloudlet #1739 return received
31442.90680000001: MET_Broker: The number of finished Cloudlets is:1737
31452.824800000013: MET_Broker: Cloudlet #1738 return received
31452.824800000013: MET_Broker: The number of finished Cloudlets is:1738
31452.877200000014: MET_Broker: Cloudlet #1731 return received
31452.877200000014: MET_Broker: The number of finished Cloudlets is:1739
31469.879600000015: MET_Broker: Cloudlet #1740 return received
31469.879600000015: MET_Broker: The number of finished Cloudlets is:1740
31472.612000000016: MET_Broker: Cloudlet #1741 return received
31472.612000000016: MET_Broker: The number of finished Cloudlets is:1741
31524.597600000016: MET_Broker: Cloudlet #1744 return received
31524.597600000016: MET_Broker: The number of finished Cloudlets is:1742
31554.961200000016: MET_Broker: Cloudlet #1742 return received
31554.961200000016: MET_Broker: The number of finished Cloudlets is:1743
31604.101200000016: MET_Broker: Cloudlet #1743 return received
31604.101200000016: MET_Broker: The number of finished Cloudlets is:1744
31607.368000000017: MET_Broker: Cloudlet #1746 return received
31607.368000000017: MET_Broker: The number of finished Cloudlets is:1745
31611.925200000016: MET_Broker: Cloudlet #1747 return received
31611.925200000016: MET_Broker: The number of finished Cloudlets is:1746
31625.347600000016: MET_Broker: Cloudlet #1734 return received
31625.347600000016: MET_Broker: The number of finished Cloudlets is:1747
31642.001200000017: MET_Broker: Cloudlet #1750 return received
31642.001200000017: MET_Broker: The number of finished Cloudlets is:1748
31645.343200000018: MET_Broker: Cloudlet #1749 return received
31645.343200000018: MET_Broker: The number of finished Cloudlets is:1749
31663.037600000018: MET_Broker: Cloudlet #1748 return received
31663.037600000018: MET_Broker: The number of finished Cloudlets is:1750
31748.42840000002: MET_Broker: Cloudlet #1752 return received
31748.42840000002: MET_Broker: The number of finished Cloudlets is:1751
31753.37840000002: MET_Broker: Cloudlet #1745 return received
31753.37840000002: MET_Broker: The number of finished Cloudlets is:1752
31772.25960000002: MET_Broker: Cloudlet #1751 return received
31772.25960000002: MET_Broker: The number of finished Cloudlets is:1753
31780.06960000002: MET_Broker: Cloudlet #1754 return received
31780.06960000002: MET_Broker: The number of finished Cloudlets is:1754
31816.45800000002: MET_Broker: Cloudlet #1757 return received
31816.45800000002: MET_Broker: The number of finished Cloudlets is:1755
31819.16880000002: MET_Broker: Cloudlet #1756 return received
31819.16880000002: MET_Broker: The number of finished Cloudlets is:1756
31823.54080000002: MET_Broker: Cloudlet #1753 return received
31823.54080000002: MET_Broker: The number of finished Cloudlets is:1757
31861.41440000002: MET_Broker: Cloudlet #1758 return received
31861.41440000002: MET_Broker: The number of finished Cloudlets is:1758
31861.992800000018: MET_Broker: Cloudlet #1760 return received
31861.992800000018: MET_Broker: The number of finished Cloudlets is:1759
31900.248000000018: MET_Broker: Cloudlet #1755 return received
31900.248000000018: MET_Broker: The number of finished Cloudlets is:1760
31919.236800000017: MET_Broker: Cloudlet #1761 return received
31919.236800000017: MET_Broker: The number of finished Cloudlets is:1761
32026.660400000015: MET_Broker: Cloudlet #1763 return received
32026.660400000015: MET_Broker: The number of finished Cloudlets is:1762
32035.518800000016: MET_Broker: Cloudlet #1765 return received
32035.518800000016: MET_Broker: The number of finished Cloudlets is:1763
32045.172000000017: MET_Broker: Cloudlet #1762 return received
32045.172000000017: MET_Broker: The number of finished Cloudlets is:1764
32047.790400000016: MET_Broker: Cloudlet #1766 return received
32047.790400000016: MET_Broker: The number of finished Cloudlets is:1765
32084.272000000015: MET_Broker: Cloudlet #1767 return received
32084.272000000015: MET_Broker: The number of finished Cloudlets is:1766
32112.704400000017: MET_Broker: Cloudlet #1759 return received
32112.704400000017: MET_Broker: The number of finished Cloudlets is:1767
32138.610400000016: MET_Broker: Cloudlet #1770 return received
32138.610400000016: MET_Broker: The number of finished Cloudlets is:1768
32222.464400000015: MET_Broker: Cloudlet #1764 return received
32222.464400000015: MET_Broker: The number of finished Cloudlets is:1769
32241.224400000014: MET_Broker: Cloudlet #1771 return received
32241.224400000014: MET_Broker: The number of finished Cloudlets is:1770
32252.232800000013: MET_Broker: Cloudlet #1773 return received
32252.232800000013: MET_Broker: The number of finished Cloudlets is:1771
32253.706000000013: MET_Broker: Cloudlet #1768 return received
32253.706000000013: MET_Broker: The number of finished Cloudlets is:1772
32264.817600000013: MET_Broker: Cloudlet #1769 return received
32264.817600000013: MET_Broker: The number of finished Cloudlets is:1773
32276.430800000013: MET_Broker: Cloudlet #1774 return received
32276.430800000013: MET_Broker: The number of finished Cloudlets is:1774
32289.37440000001: MET_Broker: Cloudlet #1777 return received
32289.37440000001: MET_Broker: The number of finished Cloudlets is:1775
32314.72440000001: MET_Broker: Cloudlet #1776 return received
32314.72440000001: MET_Broker: The number of finished Cloudlets is:1776
32329.89840000001: MET_Broker: Cloudlet #1779 return received
32329.89840000001: MET_Broker: The number of finished Cloudlets is:1777
32333.65040000001: MET_Broker: Cloudlet #1778 return received
32333.65040000001: MET_Broker: The number of finished Cloudlets is:1778
32339.35160000001: MET_Broker: Cloudlet #1772 return received
32339.35160000001: MET_Broker: The number of finished Cloudlets is:1779
32358.66000000001: MET_Broker: Cloudlet #1782 return received
32358.66000000001: MET_Broker: The number of finished Cloudlets is:1780
32379.61600000001: MET_Broker: Cloudlet #1783 return received
32379.61600000001: MET_Broker: The number of finished Cloudlets is:1781
32379.96120000001: MET_Broker: Cloudlet #1780 return received
32379.96120000001: MET_Broker: The number of finished Cloudlets is:1782
32397.286400000008: MET_Broker: Cloudlet #1785 return received
32397.286400000008: MET_Broker: The number of finished Cloudlets is:1783
32416.78320000001: MET_Broker: Cloudlet #1784 return received
32416.78320000001: MET_Broker: The number of finished Cloudlets is:1784
32428.23840000001: MET_Broker: Cloudlet #1786 return received
32428.23840000001: MET_Broker: The number of finished Cloudlets is:1785
32431.49760000001: MET_Broker: Cloudlet #1787 return received
32431.49760000001: MET_Broker: The number of finished Cloudlets is:1786
32440.02880000001: MET_Broker: Cloudlet #1789 return received
32440.02880000001: MET_Broker: The number of finished Cloudlets is:1787
32447.90040000001: MET_Broker: Cloudlet #1790 return received
32447.90040000001: MET_Broker: The number of finished Cloudlets is:1788
32457.906800000008: MET_Broker: Cloudlet #1791 return received
32457.906800000008: MET_Broker: The number of finished Cloudlets is:1789
32485.584800000008: MET_Broker: Cloudlet #1792 return received
32485.584800000008: MET_Broker: The number of finished Cloudlets is:1790
32521.22920000001: MET_Broker: Cloudlet #1793 return received
32521.22920000001: MET_Broker: The number of finished Cloudlets is:1791
32570.09880000001: MET_Broker: Cloudlet #1794 return received
32570.09880000001: MET_Broker: The number of finished Cloudlets is:1792
32584.38440000001: MET_Broker: Cloudlet #1788 return received
32584.38440000001: MET_Broker: The number of finished Cloudlets is:1793
32601.49360000001: MET_Broker: Cloudlet #1775 return received
32601.49360000001: MET_Broker: The number of finished Cloudlets is:1794
32605.575600000007: MET_Broker: Cloudlet #1795 return received
32605.575600000007: MET_Broker: The number of finished Cloudlets is:1795
32616.092000000008: MET_Broker: Cloudlet #1797 return received
32616.092000000008: MET_Broker: The number of finished Cloudlets is:1796
32624.540000000008: MET_Broker: Cloudlet #1799 return received
32624.540000000008: MET_Broker: The number of finished Cloudlets is:1797
32634.61560000001: MET_Broker: Cloudlet #1800 return received
32634.61560000001: MET_Broker: The number of finished Cloudlets is:1798
32639.976800000008: MET_Broker: Cloudlet #1798 return received
32639.976800000008: MET_Broker: The number of finished Cloudlets is:1799
32653.07480000001: MET_Broker: Cloudlet #1801 return received
32653.07480000001: MET_Broker: The number of finished Cloudlets is:1800
32659.52480000001: MET_Broker: Cloudlet #1781 return received
32659.52480000001: MET_Broker: The number of finished Cloudlets is:1801
32677.63320000001: MET_Broker: Cloudlet #1802 return received
32677.63320000001: MET_Broker: The number of finished Cloudlets is:1802
32679.097600000012: MET_Broker: Cloudlet #1796 return received
32679.097600000012: MET_Broker: The number of finished Cloudlets is:1803
32686.76280000001: MET_Broker: Cloudlet #1806 return received
32686.76280000001: MET_Broker: The number of finished Cloudlets is:1804
32696.752400000012: MET_Broker: Cloudlet #1805 return received
32696.752400000012: MET_Broker: The number of finished Cloudlets is:1805
32710.12800000001: MET_Broker: Cloudlet #1804 return received
32710.12800000001: MET_Broker: The number of finished Cloudlets is:1806
32712.240000000013: MET_Broker: Cloudlet #1803 return received
32712.240000000013: MET_Broker: The number of finished Cloudlets is:1807
32751.211600000013: MET_Broker: Cloudlet #1810 return received
32751.211600000013: MET_Broker: The number of finished Cloudlets is:1808
32756.023600000015: MET_Broker: Cloudlet #1809 return received
32756.023600000015: MET_Broker: The number of finished Cloudlets is:1809
32793.72480000002: MET_Broker: Cloudlet #1812 return received
32793.72480000002: MET_Broker: The number of finished Cloudlets is:1810
32795.74960000002: MET_Broker: Cloudlet #1811 return received
32795.74960000002: MET_Broker: The number of finished Cloudlets is:1811
32813.46440000002: MET_Broker: Cloudlet #1807 return received
32813.46440000002: MET_Broker: The number of finished Cloudlets is:1812
32817.61480000002: MET_Broker: Cloudlet #1813 return received
32817.61480000002: MET_Broker: The number of finished Cloudlets is:1813
32849.534000000014: MET_Broker: Cloudlet #1815 return received
32849.534000000014: MET_Broker: The number of finished Cloudlets is:1814
32862.54480000001: MET_Broker: Cloudlet #1817 return received
32862.54480000001: MET_Broker: The number of finished Cloudlets is:1815
32878.49160000001: MET_Broker: Cloudlet #1818 return received
32878.49160000001: MET_Broker: The number of finished Cloudlets is:1816
32888.16600000001: MET_Broker: Cloudlet #1819 return received
32888.16600000001: MET_Broker: The number of finished Cloudlets is:1817
32896.000000000015: MET_Broker: Cloudlet #1820 return received
32896.000000000015: MET_Broker: The number of finished Cloudlets is:1818
32902.36480000002: MET_Broker: Cloudlet #1821 return received
32902.36480000002: MET_Broker: The number of finished Cloudlets is:1819
32955.426000000014: MET_Broker: Cloudlet #1808 return received
32955.426000000014: MET_Broker: The number of finished Cloudlets is:1820
32963.96160000002: MET_Broker: Cloudlet #1814 return received
32963.96160000002: MET_Broker: The number of finished Cloudlets is:1821
32990.36480000002: MET_Broker: Cloudlet #1822 return received
32990.36480000002: MET_Broker: The number of finished Cloudlets is:1822
33008.69400000002: MET_Broker: Cloudlet #1816 return received
33008.69400000002: MET_Broker: The number of finished Cloudlets is:1823
33015.74720000002: MET_Broker: Cloudlet #1824 return received
33015.74720000002: MET_Broker: The number of finished Cloudlets is:1824
33018.31880000002: MET_Broker: Cloudlet #1823 return received
33018.31880000002: MET_Broker: The number of finished Cloudlets is:1825
33025.17800000002: MET_Broker: Cloudlet #1827 return received
33025.17800000002: MET_Broker: The number of finished Cloudlets is:1826
33036.118000000024: MET_Broker: Cloudlet #1825 return received
33036.118000000024: MET_Broker: The number of finished Cloudlets is:1827
33043.636400000025: MET_Broker: Cloudlet #1830 return received
33043.636400000025: MET_Broker: The number of finished Cloudlets is:1828
33072.97040000003: MET_Broker: Cloudlet #1828 return received
33072.97040000003: MET_Broker: The number of finished Cloudlets is:1829
33087.845200000025: MET_Broker: Cloudlet #1831 return received
33087.845200000025: MET_Broker: The number of finished Cloudlets is:1830
33153.85280000002: MET_Broker: Cloudlet #1832 return received
33153.85280000002: MET_Broker: The number of finished Cloudlets is:1831
33165.37680000002: MET_Broker: Cloudlet #1833 return received
33165.37680000002: MET_Broker: The number of finished Cloudlets is:1832
33166.80480000002: MET_Broker: Cloudlet #1834 return received
33166.80480000002: MET_Broker: The number of finished Cloudlets is:1833
33187.77480000002: MET_Broker: Cloudlet #1826 return received
33187.77480000002: MET_Broker: The number of finished Cloudlets is:1834
33204.652000000024: MET_Broker: Cloudlet #1837 return received
33204.652000000024: MET_Broker: The number of finished Cloudlets is:1835
33212.859600000025: MET_Broker: Cloudlet #1829 return received
33212.859600000025: MET_Broker: The number of finished Cloudlets is:1836
33242.10920000003: MET_Broker: Cloudlet #1838 return received
33242.10920000003: MET_Broker: The number of finished Cloudlets is:1837
33262.35200000003: MET_Broker: Cloudlet #1836 return received
33262.35200000003: MET_Broker: The number of finished Cloudlets is:1838
33264.32720000003: MET_Broker: Cloudlet #1840 return received
33264.32720000003: MET_Broker: The number of finished Cloudlets is:1839
33272.81960000003: MET_Broker: Cloudlet #1842 return received
33272.81960000003: MET_Broker: The number of finished Cloudlets is:1840
33302.14400000003: MET_Broker: Cloudlet #1841 return received
33302.14400000003: MET_Broker: The number of finished Cloudlets is:1841
33411.784400000026: MET_Broker: Cloudlet #1839 return received
33411.784400000026: MET_Broker: The number of finished Cloudlets is:1842
33449.52480000003: MET_Broker: Cloudlet #1845 return received
33449.52480000003: MET_Broker: The number of finished Cloudlets is:1843
33461.76200000003: MET_Broker: Cloudlet #1846 return received
33461.76200000003: MET_Broker: The number of finished Cloudlets is:1844
33509.25520000003: MET_Broker: Cloudlet #1847 return received
33509.25520000003: MET_Broker: The number of finished Cloudlets is:1845
33518.885200000026: MET_Broker: Cloudlet #1835 return received
33518.885200000026: MET_Broker: The number of finished Cloudlets is:1846
33528.74480000003: MET_Broker: Cloudlet #1848 return received
33528.74480000003: MET_Broker: The number of finished Cloudlets is:1847
33545.55120000003: MET_Broker: Cloudlet #1843 return received
33545.55120000003: MET_Broker: The number of finished Cloudlets is:1848
33571.71400000003: MET_Broker: Cloudlet #1844 return received
33571.71400000003: MET_Broker: The number of finished Cloudlets is:1849
33581.825600000026: MET_Broker: Cloudlet #1851 return received
33581.825600000026: MET_Broker: The number of finished Cloudlets is:1850
33586.21120000003: MET_Broker: Cloudlet #1852 return received
33586.21120000003: MET_Broker: The number of finished Cloudlets is:1851
33685.77360000003: MET_Broker: Cloudlet #1854 return received
33685.77360000003: MET_Broker: The number of finished Cloudlets is:1852
33693.457200000026: MET_Broker: Cloudlet #1855 return received
33693.457200000026: MET_Broker: The number of finished Cloudlets is:1853
33734.692800000026: MET_Broker: Cloudlet #1856 return received
33734.692800000026: MET_Broker: The number of finished Cloudlets is:1854
33829.156800000026: MET_Broker: Cloudlet #1849 return received
33829.156800000026: MET_Broker: The number of finished Cloudlets is:1855
33838.416400000024: MET_Broker: Cloudlet #1858 return received
33838.416400000024: MET_Broker: The number of finished Cloudlets is:1856
33851.21640000003: MET_Broker: Cloudlet #1850 return received
33851.21640000003: MET_Broker: The number of finished Cloudlets is:1857
33857.06800000003: MET_Broker: Cloudlet #1853 return received
33857.06800000003: MET_Broker: The number of finished Cloudlets is:1858
33867.794800000025: MET_Broker: Cloudlet #1857 return received
33867.794800000025: MET_Broker: The number of finished Cloudlets is:1859
33877.25520000003: MET_Broker: Cloudlet #1860 return received
33877.25520000003: MET_Broker: The number of finished Cloudlets is:1860
33882.48120000003: MET_Broker: Cloudlet #1859 return received
33882.48120000003: MET_Broker: The number of finished Cloudlets is:1861
33894.694800000034: MET_Broker: Cloudlet #1863 return received
33894.694800000034: MET_Broker: The number of finished Cloudlets is:1862
33896.052800000034: MET_Broker: Cloudlet #1862 return received
33896.052800000034: MET_Broker: The number of finished Cloudlets is:1863
33909.43200000004: MET_Broker: Cloudlet #1865 return received
33909.43200000004: MET_Broker: The number of finished Cloudlets is:1864
33913.710000000036: MET_Broker: Cloudlet #1866 return received
33913.710000000036: MET_Broker: The number of finished Cloudlets is:1865
33929.74960000003: MET_Broker: Cloudlet #1861 return received
33929.74960000003: MET_Broker: The number of finished Cloudlets is:1866
33938.044400000035: MET_Broker: Cloudlet #1864 return received
33938.044400000035: MET_Broker: The number of finished Cloudlets is:1867
33941.81960000003: MET_Broker: Cloudlet #1867 return received
33941.81960000003: MET_Broker: The number of finished Cloudlets is:1868
33945.77000000003: MET_Broker: Cloudlet #1868 return received
33945.77000000003: MET_Broker: The number of finished Cloudlets is:1869
33955.07800000003: MET_Broker: Cloudlet #1872 return received
33955.07800000003: MET_Broker: The number of finished Cloudlets is:1870
33956.24040000003: MET_Broker: Cloudlet #1870 return received
33956.24040000003: MET_Broker: The number of finished Cloudlets is:1871
33960.76400000003: MET_Broker: Cloudlet #1871 return received
33960.76400000003: MET_Broker: The number of finished Cloudlets is:1872
33967.69080000003: MET_Broker: Cloudlet #1873 return received
33967.69080000003: MET_Broker: The number of finished Cloudlets is:1873
33980.00400000003: MET_Broker: Cloudlet #1876 return received
33980.00400000003: MET_Broker: The number of finished Cloudlets is:1874
34018.06160000003: MET_Broker: Cloudlet #1877 return received
34018.06160000003: MET_Broker: The number of finished Cloudlets is:1875
34137.17320000003: MET_Broker: Cloudlet #1874 return received
34137.17320000003: MET_Broker: The number of finished Cloudlets is:1876
34144.987200000025: MET_Broker: Cloudlet #1879 return received
34144.987200000025: MET_Broker: The number of finished Cloudlets is:1877
34152.03280000002: MET_Broker: Cloudlet #1880 return received
34152.03280000002: MET_Broker: The number of finished Cloudlets is:1878
34162.03400000002: MET_Broker: Cloudlet #1881 return received
34162.03400000002: MET_Broker: The number of finished Cloudlets is:1879
34194.50840000002: MET_Broker: Cloudlet #1875 return received
34194.50840000002: MET_Broker: The number of finished Cloudlets is:1880
34212.12440000002: MET_Broker: Cloudlet #1882 return received
34212.12440000002: MET_Broker: The number of finished Cloudlets is:1881
34226.427600000025: MET_Broker: Cloudlet #1869 return received
34226.427600000025: MET_Broker: The number of finished Cloudlets is:1882
34229.97640000002: MET_Broker: Cloudlet #1883 return received
34229.97640000002: MET_Broker: The number of finished Cloudlets is:1883
34252.84760000002: MET_Broker: Cloudlet #1884 return received
34252.84760000002: MET_Broker: The number of finished Cloudlets is:1884
34263.140400000026: MET_Broker: Cloudlet #1887 return received
34263.140400000026: MET_Broker: The number of finished Cloudlets is:1885
34274.12440000002: MET_Broker: Cloudlet #1888 return received
34274.12440000002: MET_Broker: The number of finished Cloudlets is:1886
34278.01360000002: MET_Broker: Cloudlet #1885 return received
34278.01360000002: MET_Broker: The number of finished Cloudlets is:1887
34299.33200000002: MET_Broker: Cloudlet #1878 return received
34299.33200000002: MET_Broker: The number of finished Cloudlets is:1888
34316.59600000002: MET_Broker: Cloudlet #1886 return received
34316.59600000002: MET_Broker: The number of finished Cloudlets is:1889
34318.71440000002: MET_Broker: Cloudlet #1889 return received
34318.71440000002: MET_Broker: The number of finished Cloudlets is:1890
34330.93320000002: MET_Broker: Cloudlet #1891 return received
34330.93320000002: MET_Broker: The number of finished Cloudlets is:1891
34334.81200000002: MET_Broker: Cloudlet #1893 return received
34334.81200000002: MET_Broker: The number of finished Cloudlets is:1892
34353.89280000002: MET_Broker: Cloudlet #1894 return received
34353.89280000002: MET_Broker: The number of finished Cloudlets is:1893
34354.44120000002: MET_Broker: Cloudlet #1895 return received
34354.44120000002: MET_Broker: The number of finished Cloudlets is:1894
34366.022000000026: MET_Broker: Cloudlet #1896 return received
34366.022000000026: MET_Broker: The number of finished Cloudlets is:1895
34382.092000000026: MET_Broker: Cloudlet #1897 return received
34382.092000000026: MET_Broker: The number of finished Cloudlets is:1896
34388.22760000003: MET_Broker: Cloudlet #1898 return received
34388.22760000003: MET_Broker: The number of finished Cloudlets is:1897
34389.86440000003: MET_Broker: Cloudlet #1892 return received
34389.86440000003: MET_Broker: The number of finished Cloudlets is:1898
34397.638400000025: MET_Broker: Cloudlet #1900 return received
34397.638400000025: MET_Broker: The number of finished Cloudlets is:1899
34410.76320000002: MET_Broker: Cloudlet #1901 return received
34410.76320000002: MET_Broker: The number of finished Cloudlets is:1900
34427.106400000026: MET_Broker: Cloudlet #1903 return received
34427.106400000026: MET_Broker: The number of finished Cloudlets is:1901
34439.83720000002: MET_Broker: Cloudlet #1902 return received
34439.83720000002: MET_Broker: The number of finished Cloudlets is:1902
34481.30360000002: MET_Broker: Cloudlet #1905 return received
34481.30360000002: MET_Broker: The number of finished Cloudlets is:1903
34488.06440000002: MET_Broker: Cloudlet #1906 return received
34488.06440000002: MET_Broker: The number of finished Cloudlets is:1904
34513.06440000002: MET_Broker: Cloudlet #1907 return received
34513.06440000002: MET_Broker: The number of finished Cloudlets is:1905
34513.68760000002: MET_Broker: Cloudlet #1890 return received
34513.68760000002: MET_Broker: The number of finished Cloudlets is:1906
34538.35440000002: MET_Broker: Cloudlet #1908 return received
34538.35440000002: MET_Broker: The number of finished Cloudlets is:1907
34552.09880000002: MET_Broker: Cloudlet #1904 return received
34552.09880000002: MET_Broker: The number of finished Cloudlets is:1908
34556.67520000002: MET_Broker: Cloudlet #1910 return received
34556.67520000002: MET_Broker: The number of finished Cloudlets is:1909
34588.09960000002: MET_Broker: Cloudlet #1912 return received
34588.09960000002: MET_Broker: The number of finished Cloudlets is:1910
34592.36600000002: MET_Broker: Cloudlet #1911 return received
34592.36600000002: MET_Broker: The number of finished Cloudlets is:1911
34597.36640000002: MET_Broker: Cloudlet #1913 return received
34597.36640000002: MET_Broker: The number of finished Cloudlets is:1912
34625.19920000002: MET_Broker: Cloudlet #1899 return received
34625.19920000002: MET_Broker: The number of finished Cloudlets is:1913
34664.54080000002: MET_Broker: Cloudlet #1916 return received
34664.54080000002: MET_Broker: The number of finished Cloudlets is:1914
34670.446400000015: MET_Broker: Cloudlet #1914 return received
34670.446400000015: MET_Broker: The number of finished Cloudlets is:1915
34705.38040000002: MET_Broker: Cloudlet #1915 return received
34705.38040000002: MET_Broker: The number of finished Cloudlets is:1916
34720.43800000002: MET_Broker: Cloudlet #1917 return received
34720.43800000002: MET_Broker: The number of finished Cloudlets is:1917
34727.20840000002: MET_Broker: Cloudlet #1909 return received
34727.20840000002: MET_Broker: The number of finished Cloudlets is:1918
34751.134800000014: MET_Broker: Cloudlet #1920 return received
34751.134800000014: MET_Broker: The number of finished Cloudlets is:1919
34755.97400000002: MET_Broker: Cloudlet #1919 return received
34755.97400000002: MET_Broker: The number of finished Cloudlets is:1920
34818.170800000014: MET_Broker: Cloudlet #1918 return received
34818.170800000014: MET_Broker: The number of finished Cloudlets is:1921
34839.719200000014: MET_Broker: Cloudlet #1921 return received
34839.719200000014: MET_Broker: The number of finished Cloudlets is:1922
34852.591600000014: MET_Broker: Cloudlet #1925 return received
34852.591600000014: MET_Broker: The number of finished Cloudlets is:1923
34853.58560000001: MET_Broker: Cloudlet #1923 return received
34853.58560000001: MET_Broker: The number of finished Cloudlets is:1924
34890.290000000015: MET_Broker: Cloudlet #1926 return received
34890.290000000015: MET_Broker: The number of finished Cloudlets is:1925
34936.530800000015: MET_Broker: Cloudlet #1922 return received
34936.530800000015: MET_Broker: The number of finished Cloudlets is:1926
34943.44360000001: MET_Broker: Cloudlet #1927 return received
34943.44360000001: MET_Broker: The number of finished Cloudlets is:1927
34997.18120000001: MET_Broker: Cloudlet #1930 return received
34997.18120000001: MET_Broker: The number of finished Cloudlets is:1928
35011.384800000014: MET_Broker: Cloudlet #1929 return received
35011.384800000014: MET_Broker: The number of finished Cloudlets is:1929
35032.02200000001: MET_Broker: Cloudlet #1931 return received
35032.02200000001: MET_Broker: The number of finished Cloudlets is:1930
35051.225200000015: MET_Broker: Cloudlet #1924 return received
35051.225200000015: MET_Broker: The number of finished Cloudlets is:1931
35074.48920000002: MET_Broker: Cloudlet #1928 return received
35074.48920000002: MET_Broker: The number of finished Cloudlets is:1932
35078.75760000002: MET_Broker: Cloudlet #1934 return received
35078.75760000002: MET_Broker: The number of finished Cloudlets is:1933
35093.797200000015: MET_Broker: Cloudlet #1935 return received
35093.797200000015: MET_Broker: The number of finished Cloudlets is:1934
35174.98200000002: MET_Broker: Cloudlet #1933 return received
35174.98200000002: MET_Broker: The number of finished Cloudlets is:1935
35193.01920000002: MET_Broker: Cloudlet #1936 return received
35193.01920000002: MET_Broker: The number of finished Cloudlets is:1936
35202.99640000002: MET_Broker: Cloudlet #1939 return received
35202.99640000002: MET_Broker: The number of finished Cloudlets is:1937
35206.034800000016: MET_Broker: Cloudlet #1938 return received
35206.034800000016: MET_Broker: The number of finished Cloudlets is:1938
35256.558400000016: MET_Broker: Cloudlet #1940 return received
35256.558400000016: MET_Broker: The number of finished Cloudlets is:1939
35279.03960000002: MET_Broker: Cloudlet #1932 return received
35279.03960000002: MET_Broker: The number of finished Cloudlets is:1940
35355.68560000002: MET_Broker: Cloudlet #1937 return received
35355.68560000002: MET_Broker: The number of finished Cloudlets is:1941
35362.80680000002: MET_Broker: Cloudlet #1942 return received
35362.80680000002: MET_Broker: The number of finished Cloudlets is:1942
35411.46160000002: MET_Broker: Cloudlet #1945 return received
35411.46160000002: MET_Broker: The number of finished Cloudlets is:1943
35425.14760000002: MET_Broker: Cloudlet #1941 return received
35425.14760000002: MET_Broker: The number of finished Cloudlets is:1944
35428.13240000002: MET_Broker: Cloudlet #1946 return received
35428.13240000002: MET_Broker: The number of finished Cloudlets is:1945
35444.12080000002: MET_Broker: Cloudlet #1944 return received
35444.12080000002: MET_Broker: The number of finished Cloudlets is:1946
35453.05320000002: MET_Broker: Cloudlet #1949 return received
35453.05320000002: MET_Broker: The number of finished Cloudlets is:1947
35464.33360000002: MET_Broker: Cloudlet #1947 return received
35464.33360000002: MET_Broker: The number of finished Cloudlets is:1948
35472.09200000002: MET_Broker: Cloudlet #1948 return received
35472.09200000002: MET_Broker: The number of finished Cloudlets is:1949
35512.090400000016: MET_Broker: Cloudlet #1951 return received
35512.090400000016: MET_Broker: The number of finished Cloudlets is:1950
35518.88240000002: MET_Broker: Cloudlet #1943 return received
35518.88240000002: MET_Broker: The number of finished Cloudlets is:1951
35526.448400000016: MET_Broker: Cloudlet #1950 return received
35526.448400000016: MET_Broker: The number of finished Cloudlets is:1952
35557.38040000002: MET_Broker: Cloudlet #1954 return received
35557.38040000002: MET_Broker: The number of finished Cloudlets is:1953
35604.690400000014: MET_Broker: Cloudlet #1955 return received
35604.690400000014: MET_Broker: The number of finished Cloudlets is:1954
35616.46880000002: MET_Broker: Cloudlet #1957 return received
35616.46880000002: MET_Broker: The number of finished Cloudlets is:1955
35629.203600000015: MET_Broker: Cloudlet #1952 return received
35629.203600000015: MET_Broker: The number of finished Cloudlets is:1956
35633.482400000015: MET_Broker: Cloudlet #1958 return received
35633.482400000015: MET_Broker: The number of finished Cloudlets is:1957
35642.66520000002: MET_Broker: Cloudlet #1960 return received
35642.66520000002: MET_Broker: The number of finished Cloudlets is:1958
35653.97160000002: MET_Broker: Cloudlet #1959 return received
35653.97160000002: MET_Broker: The number of finished Cloudlets is:1959
35664.09800000002: MET_Broker: Cloudlet #1962 return received
35664.09800000002: MET_Broker: The number of finished Cloudlets is:1960
35684.28040000002: MET_Broker: Cloudlet #1963 return received
35684.28040000002: MET_Broker: The number of finished Cloudlets is:1961
35696.284800000016: MET_Broker: Cloudlet #1953 return received
35696.284800000016: MET_Broker: The number of finished Cloudlets is:1962
35710.992800000015: MET_Broker: Cloudlet #1965 return received
35710.992800000015: MET_Broker: The number of finished Cloudlets is:1963
35771.77520000001: MET_Broker: Cloudlet #1961 return received
35771.77520000001: MET_Broker: The number of finished Cloudlets is:1964
35773.69800000001: MET_Broker: Cloudlet #1956 return received
35773.69800000001: MET_Broker: The number of finished Cloudlets is:1965
35783.73840000001: MET_Broker: Cloudlet #1967 return received
35783.73840000001: MET_Broker: The number of finished Cloudlets is:1966
35788.75560000001: MET_Broker: Cloudlet #1966 return received
35788.75560000001: MET_Broker: The number of finished Cloudlets is:1967
35798.382800000014: MET_Broker: Cloudlet #1970 return received
35798.382800000014: MET_Broker: The number of finished Cloudlets is:1968
35825.84080000001: MET_Broker: Cloudlet #1968 return received
35825.84080000001: MET_Broker: The number of finished Cloudlets is:1969
35826.685200000014: MET_Broker: Cloudlet #1964 return received
35826.685200000014: MET_Broker: The number of finished Cloudlets is:1970
35831.98600000001: MET_Broker: Cloudlet #1972 return received
35831.98600000001: MET_Broker: The number of finished Cloudlets is:1971
35836.93800000001: MET_Broker: Cloudlet #1969 return received
35836.93800000001: MET_Broker: The number of finished Cloudlets is:1972
35843.23880000001: MET_Broker: Cloudlet #1975 return received
35843.23880000001: MET_Broker: The number of finished Cloudlets is:1973
35869.602000000006: MET_Broker: Cloudlet #1976 return received
35869.602000000006: MET_Broker: The number of finished Cloudlets is:1974
35885.42600000001: MET_Broker: Cloudlet #1973 return received
35885.42600000001: MET_Broker: The number of finished Cloudlets is:1975
35886.04200000001: MET_Broker: Cloudlet #1974 return received
35886.04200000001: MET_Broker: The number of finished Cloudlets is:1976
35900.562000000005: MET_Broker: Cloudlet #1979 return received
35900.562000000005: MET_Broker: The number of finished Cloudlets is:1977
35901.3648: MET_Broker: Cloudlet #1978 return received
35901.3648: MET_Broker: The number of finished Cloudlets is:1978
35910.3836: MET_Broker: Cloudlet #1981 return received
35910.3836: MET_Broker: The number of finished Cloudlets is:1979
35925.952: MET_Broker: Cloudlet #1980 return received
35925.952: MET_Broker: The number of finished Cloudlets is:1980
35928.635599999994: MET_Broker: Cloudlet #1982 return received
35928.635599999994: MET_Broker: The number of finished Cloudlets is:1981
35938.1176: MET_Broker: Cloudlet #1983 return received
35938.1176: MET_Broker: The number of finished Cloudlets is:1982
35941.206: MET_Broker: Cloudlet #1984 return received
35941.206: MET_Broker: The number of finished Cloudlets is:1983
35953.268: MET_Broker: Cloudlet #1971 return received
35953.268: MET_Broker: The number of finished Cloudlets is:1984
35974.044799999996: MET_Broker: Cloudlet #1986 return received
35974.044799999996: MET_Broker: The number of finished Cloudlets is:1985
35983.149999999994: MET_Broker: Cloudlet #1985 return received
35983.149999999994: MET_Broker: The number of finished Cloudlets is:1986
35986.93239999999: MET_Broker: Cloudlet #1988 return received
35986.93239999999: MET_Broker: The number of finished Cloudlets is:1987
36018.08879999999: MET_Broker: Cloudlet #1989 return received
36018.08879999999: MET_Broker: The number of finished Cloudlets is:1988
36023.19999999999: MET_Broker: Cloudlet #1990 return received
36023.19999999999: MET_Broker: The number of finished Cloudlets is:1989
36031.83519999999: MET_Broker: Cloudlet #1992 return received
36031.83519999999: MET_Broker: The number of finished Cloudlets is:1990
36050.01879999998: MET_Broker: Cloudlet #1991 return received
36050.01879999998: MET_Broker: The number of finished Cloudlets is:1991
36060.195599999985: MET_Broker: Cloudlet #1977 return received
36060.195599999985: MET_Broker: The number of finished Cloudlets is:1992
36067.673999999985: MET_Broker: Cloudlet #1993 return received
36067.673999999985: MET_Broker: The number of finished Cloudlets is:1993
36068.424799999986: MET_Broker: Cloudlet #1994 return received
36068.424799999986: MET_Broker: The number of finished Cloudlets is:1994
36107.222399999984: MET_Broker: Cloudlet #1996 return received
36107.222399999984: MET_Broker: The number of finished Cloudlets is:1995
36116.66719999998: MET_Broker: Cloudlet #1998 return received
36116.66719999998: MET_Broker: The number of finished Cloudlets is:1996
36124.09199999998: MET_Broker: Cloudlet #1997 return received
36124.09199999998: MET_Broker: The number of finished Cloudlets is:1997
36131.45359999998: MET_Broker: Cloudlet #1999 return received
36131.45359999998: MET_Broker: The number of finished Cloudlets is:1998
36174.51799999998: MET_Broker: Cloudlet #2000 return received
36174.51799999998: MET_Broker: The number of finished Cloudlets is:1999
36174.539199999985: MET_Broker: Cloudlet #1987 return received
36174.539199999985: MET_Broker: The number of finished Cloudlets is:2000
36258.273599999986: MET_Broker: Cloudlet #1995 return received
36258.273599999986: MET_Broker: The number of finished Cloudlets is:2001
36262.21839999998: MET_Broker: Cloudlet #2003 return received
36262.21839999998: MET_Broker: The number of finished Cloudlets is:2002
36298.681999999986: MET_Broker: Cloudlet #2001 return received
36298.681999999986: MET_Broker: The number of finished Cloudlets is:2003
36302.47919999999: MET_Broker: Cloudlet #2004 return received
36302.47919999999: MET_Broker: The number of finished Cloudlets is:2004
36307.32799999999: MET_Broker: Cloudlet #2005 return received
36307.32799999999: MET_Broker: The number of finished Cloudlets is:2005
36309.243999999984: MET_Broker: Cloudlet #2006 return received
36309.243999999984: MET_Broker: The number of finished Cloudlets is:2006
36316.97999999998: MET_Broker: Cloudlet #2007 return received
36316.97999999998: MET_Broker: The number of finished Cloudlets is:2007
36349.277999999984: MET_Broker: Cloudlet #2008 return received
36349.277999999984: MET_Broker: The number of finished Cloudlets is:2008
36350.99559999999: MET_Broker: Cloudlet #2010 return received
36350.99559999999: MET_Broker: The number of finished Cloudlets is:2009
36356.26159999999: MET_Broker: Cloudlet #2002 return received
36356.26159999999: MET_Broker: The number of finished Cloudlets is:2010
36457.59119999999: MET_Broker: Cloudlet #2013 return received
36457.59119999999: MET_Broker: The number of finished Cloudlets is:2011
36469.34319999999: MET_Broker: Cloudlet #2014 return received
36469.34319999999: MET_Broker: The number of finished Cloudlets is:2012
36494.645999999986: MET_Broker: Cloudlet #2015 return received
36494.645999999986: MET_Broker: The number of finished Cloudlets is:2013
36535.49959999999: MET_Broker: Cloudlet #2012 return received
36535.49959999999: MET_Broker: The number of finished Cloudlets is:2014
36552.77439999999: MET_Broker: Cloudlet #2016 return received
36552.77439999999: MET_Broker: The number of finished Cloudlets is:2015
36581.706799999985: MET_Broker: Cloudlet #2017 return received
36581.706799999985: MET_Broker: The number of finished Cloudlets is:2016
36587.983599999985: MET_Broker: Cloudlet #2009 return received
36587.983599999985: MET_Broker: The number of finished Cloudlets is:2017
36594.990799999985: MET_Broker: Cloudlet #2019 return received
36594.990799999985: MET_Broker: The number of finished Cloudlets is:2018
36611.78159999999: MET_Broker: Cloudlet #2021 return received
36611.78159999999: MET_Broker: The number of finished Cloudlets is:2019
36621.96759999999: MET_Broker: Cloudlet #2020 return received
36621.96759999999: MET_Broker: The number of finished Cloudlets is:2020
36653.903199999986: MET_Broker: Cloudlet #2011 return received
36653.903199999986: MET_Broker: The number of finished Cloudlets is:2021
36660.08079999999: MET_Broker: Cloudlet #2022 return received
36660.08079999999: MET_Broker: The number of finished Cloudlets is:2022
36700.95599999999: MET_Broker: Cloudlet #2025 return received
36700.95599999999: MET_Broker: The number of finished Cloudlets is:2023
36773.11439999999: MET_Broker: Cloudlet #2018 return received
36773.11439999999: MET_Broker: The number of finished Cloudlets is:2024
36785.96159999999: MET_Broker: Cloudlet #2027 return received
36785.96159999999: MET_Broker: The number of finished Cloudlets is:2025
36850.21759999999: MET_Broker: Cloudlet #2024 return received
36850.21759999999: MET_Broker: The number of finished Cloudlets is:2026
36866.20239999999: MET_Broker: Cloudlet #2029 return received
36866.20239999999: MET_Broker: The number of finished Cloudlets is:2027
36873.03319999999: MET_Broker: Cloudlet #2026 return received
36873.03319999999: MET_Broker: The number of finished Cloudlets is:2028
36902.21199999999: MET_Broker: Cloudlet #2031 return received
36902.21199999999: MET_Broker: The number of finished Cloudlets is:2029
36911.64319999999: MET_Broker: Cloudlet #2023 return received
36911.64319999999: MET_Broker: The number of finished Cloudlets is:2030
36923.52079999999: MET_Broker: Cloudlet #2033 return received
36923.52079999999: MET_Broker: The number of finished Cloudlets is:2031
36925.50519999999: MET_Broker: Cloudlet #2032 return received
36925.50519999999: MET_Broker: The number of finished Cloudlets is:2032
36932.279599999994: MET_Broker: Cloudlet #2028 return received
36932.279599999994: MET_Broker: The number of finished Cloudlets is:2033
36941.41479999999: MET_Broker: Cloudlet #2034 return received
36941.41479999999: MET_Broker: The number of finished Cloudlets is:2034
36959.54239999999: MET_Broker: Cloudlet #2030 return received
36959.54239999999: MET_Broker: The number of finished Cloudlets is:2035
36962.81319999999: MET_Broker: Cloudlet #2037 return received
36962.81319999999: MET_Broker: The number of finished Cloudlets is:2036
36974.84519999999: MET_Broker: Cloudlet #2039 return received
36974.84519999999: MET_Broker: The number of finished Cloudlets is:2037
36983.53439999999: MET_Broker: Cloudlet #2040 return received
36983.53439999999: MET_Broker: The number of finished Cloudlets is:2038
37001.65199999999: MET_Broker: Cloudlet #2041 return received
37001.65199999999: MET_Broker: The number of finished Cloudlets is:2039
37022.71839999999: MET_Broker: Cloudlet #2042 return received
37022.71839999999: MET_Broker: The number of finished Cloudlets is:2040
37077.43359999999: MET_Broker: Cloudlet #2043 return received
37077.43359999999: MET_Broker: The number of finished Cloudlets is:2041
37087.96239999999: MET_Broker: Cloudlet #2038 return received
37087.96239999999: MET_Broker: The number of finished Cloudlets is:2042
37099.96319999999: MET_Broker: Cloudlet #2045 return received
37099.96319999999: MET_Broker: The number of finished Cloudlets is:2043
37110.92519999999: MET_Broker: Cloudlet #2044 return received
37110.92519999999: MET_Broker: The number of finished Cloudlets is:2044
37111.54399999999: MET_Broker: Cloudlet #2035 return received
37111.54399999999: MET_Broker: The number of finished Cloudlets is:2045
37154.97479999999: MET_Broker: Cloudlet #2046 return received
37154.97479999999: MET_Broker: The number of finished Cloudlets is:2046
37167.69959999999: MET_Broker: Cloudlet #2048 return received
37167.69959999999: MET_Broker: The number of finished Cloudlets is:2047
37193.855599999995: MET_Broker: Cloudlet #2050 return received
37193.855599999995: MET_Broker: The number of finished Cloudlets is:2048
37198.41759999999: MET_Broker: Cloudlet #2049 return received
37198.41759999999: MET_Broker: The number of finished Cloudlets is:2049
37208.15639999999: MET_Broker: Cloudlet #2051 return received
37208.15639999999: MET_Broker: The number of finished Cloudlets is:2050
37216.02799999999: MET_Broker: Cloudlet #2053 return received
37216.02799999999: MET_Broker: The number of finished Cloudlets is:2051
37217.53159999999: MET_Broker: Cloudlet #2036 return received
37217.53159999999: MET_Broker: The number of finished Cloudlets is:2052
37232.295199999986: MET_Broker: Cloudlet #2047 return received
37232.295199999986: MET_Broker: The number of finished Cloudlets is:2053
37239.58079999999: MET_Broker: Cloudlet #2056 return received
37239.58079999999: MET_Broker: The number of finished Cloudlets is:2054
37240.44879999999: MET_Broker: Cloudlet #2055 return received
37240.44879999999: MET_Broker: The number of finished Cloudlets is:2055
37250.45399999999: MET_Broker: Cloudlet #2052 return received
37250.45399999999: MET_Broker: The number of finished Cloudlets is:2056
37254.99119999999: MET_Broker: Cloudlet #2057 return received
37254.99119999999: MET_Broker: The number of finished Cloudlets is:2057
37276.84399999999: MET_Broker: Cloudlet #2059 return received
37276.84399999999: MET_Broker: The number of finished Cloudlets is:2058
37285.55959999999: MET_Broker: Cloudlet #2061 return received
37285.55959999999: MET_Broker: The number of finished Cloudlets is:2059
37291.076799999995: MET_Broker: Cloudlet #2060 return received
37291.076799999995: MET_Broker: The number of finished Cloudlets is:2060
37297.62039999999: MET_Broker: Cloudlet #2063 return received
37297.62039999999: MET_Broker: The number of finished Cloudlets is:2061
37297.84999999999: MET_Broker: Cloudlet #2058 return received
37297.84999999999: MET_Broker: The number of finished Cloudlets is:2062
37303.15039999999: MET_Broker: Cloudlet #2062 return received
37303.15039999999: MET_Broker: The number of finished Cloudlets is:2063
37309.36959999999: MET_Broker: Cloudlet #2064 return received
37309.36959999999: MET_Broker: The number of finished Cloudlets is:2064
37311.39439999999: MET_Broker: Cloudlet #2066 return received
37311.39439999999: MET_Broker: The number of finished Cloudlets is:2065
37328.45639999999: MET_Broker: Cloudlet #2067 return received
37328.45639999999: MET_Broker: The number of finished Cloudlets is:2066
37362.01919999999: MET_Broker: Cloudlet #2054 return received
37362.01919999999: MET_Broker: The number of finished Cloudlets is:2067
37408.456799999985: MET_Broker: Cloudlet #2070 return received
37408.456799999985: MET_Broker: The number of finished Cloudlets is:2068
37422.187199999986: MET_Broker: Cloudlet #2071 return received
37422.187199999986: MET_Broker: The number of finished Cloudlets is:2069
37474.04159999998: MET_Broker: Cloudlet #2068 return received
37474.04159999998: MET_Broker: The number of finished Cloudlets is:2070
37502.67439999998: MET_Broker: Cloudlet #2073 return received
37502.67439999998: MET_Broker: The number of finished Cloudlets is:2071
37563.69079999998: MET_Broker: Cloudlet #2072 return received
37563.69079999998: MET_Broker: The number of finished Cloudlets is:2072
37565.29559999998: MET_Broker: Cloudlet #2065 return received
37565.29559999998: MET_Broker: The number of finished Cloudlets is:2073
37578.01279999998: MET_Broker: Cloudlet #2076 return received
37578.01279999998: MET_Broker: The number of finished Cloudlets is:2074
37579.55239999998: MET_Broker: Cloudlet #2075 return received
37579.55239999998: MET_Broker: The number of finished Cloudlets is:2075
37591.95599999998: MET_Broker: Cloudlet #2078 return received
37591.95599999998: MET_Broker: The number of finished Cloudlets is:2076
37591.983999999975: MET_Broker: Cloudlet #2077 return received
37591.983999999975: MET_Broker: The number of finished Cloudlets is:2077
37609.38239999997: MET_Broker: Cloudlet #2079 return received
37609.38239999997: MET_Broker: The number of finished Cloudlets is:2078
37614.71879999997: MET_Broker: Cloudlet #2074 return received
37614.71879999997: MET_Broker: The number of finished Cloudlets is:2079
37618.212399999975: MET_Broker: Cloudlet #2081 return received
37618.212399999975: MET_Broker: The number of finished Cloudlets is:2080
37626.64719999998: MET_Broker: Cloudlet #2082 return received
37626.64719999998: MET_Broker: The number of finished Cloudlets is:2081
37637.99959999998: MET_Broker: Cloudlet #2080 return received
37637.99959999998: MET_Broker: The number of finished Cloudlets is:2082
37638.82879999998: MET_Broker: Cloudlet #2069 return received
37638.82879999998: MET_Broker: The number of finished Cloudlets is:2083
37639.38319999998: MET_Broker: Cloudlet #2084 return received
37639.38319999998: MET_Broker: The number of finished Cloudlets is:2084
37661.007199999985: MET_Broker: Cloudlet #2085 return received
37661.007199999985: MET_Broker: The number of finished Cloudlets is:2085
37667.76599999999: MET_Broker: Cloudlet #2088 return received
37667.76599999999: MET_Broker: The number of finished Cloudlets is:2086
37681.42239999999: MET_Broker: Cloudlet #2087 return received
37681.42239999999: MET_Broker: The number of finished Cloudlets is:2087
37683.946399999986: MET_Broker: Cloudlet #2086 return received
37683.946399999986: MET_Broker: The number of finished Cloudlets is:2088
37690.31719999998: MET_Broker: Cloudlet #2091 return received
37690.31719999998: MET_Broker: The number of finished Cloudlets is:2089
37708.208799999986: MET_Broker: Cloudlet #2092 return received
37708.208799999986: MET_Broker: The number of finished Cloudlets is:2090
37711.50279999999: MET_Broker: Cloudlet #2090 return received
37711.50279999999: MET_Broker: The number of finished Cloudlets is:2091
37725.64839999999: MET_Broker: Cloudlet #2083 return received
37725.64839999999: MET_Broker: The number of finished Cloudlets is:2092
37727.31919999999: MET_Broker: Cloudlet #2089 return received
37727.31919999999: MET_Broker: The number of finished Cloudlets is:2093
37735.71079999999: MET_Broker: Cloudlet #2096 return received
37735.71079999999: MET_Broker: The number of finished Cloudlets is:2094
37737.932799999995: MET_Broker: Cloudlet #2094 return received
37737.932799999995: MET_Broker: The number of finished Cloudlets is:2095
37748.400799999996: MET_Broker: Cloudlet #2095 return received
37748.400799999996: MET_Broker: The number of finished Cloudlets is:2096
37756.734399999994: MET_Broker: Cloudlet #2093 return received
37756.734399999994: MET_Broker: The number of finished Cloudlets is:2097
37762.1568: MET_Broker: Cloudlet #2099 return received
37762.1568: MET_Broker: The number of finished Cloudlets is:2098
37764.8728: MET_Broker: Cloudlet #2100 return received
37764.8728: MET_Broker: The number of finished Cloudlets is:2099
37771.6464: MET_Broker: Cloudlet #2098 return received
37771.6464: MET_Broker: The number of finished Cloudlets is:2100
37782.6256: MET_Broker: Cloudlet #2097 return received
37782.6256: MET_Broker: The number of finished Cloudlets is:2101
37782.916: MET_Broker: Cloudlet #2102 return received
37782.916: MET_Broker: The number of finished Cloudlets is:2102
37789.376: MET_Broker: Cloudlet #2101 return received
37789.376: MET_Broker: The number of finished Cloudlets is:2103
37817.7916: MET_Broker: Cloudlet #2104 return received
37817.7916: MET_Broker: The number of finished Cloudlets is:2104
37823.0684: MET_Broker: Cloudlet #2103 return received
37823.0684: MET_Broker: The number of finished Cloudlets is:2105
37823.172: MET_Broker: Cloudlet #2105 return received
37823.172: MET_Broker: The number of finished Cloudlets is:2106
37837.9764: MET_Broker: Cloudlet #2108 return received
37837.9764: MET_Broker: The number of finished Cloudlets is:2107
37847.0516: MET_Broker: Cloudlet #2106 return received
37847.0516: MET_Broker: The number of finished Cloudlets is:2108
37859.0828: MET_Broker: Cloudlet #2107 return received
37859.0828: MET_Broker: The number of finished Cloudlets is:2109
37880.892799999994: MET_Broker: Cloudlet #2110 return received
37880.892799999994: MET_Broker: The number of finished Cloudlets is:2110
37884.94959999999: MET_Broker: Cloudlet #2109 return received
37884.94959999999: MET_Broker: The number of finished Cloudlets is:2111
37895.48919999999: MET_Broker: Cloudlet #2112 return received
37895.48919999999: MET_Broker: The number of finished Cloudlets is:2112
37898.97639999999: MET_Broker: Cloudlet #2114 return received
37898.97639999999: MET_Broker: The number of finished Cloudlets is:2113
37907.66599999999: MET_Broker: Cloudlet #2113 return received
37907.66599999999: MET_Broker: The number of finished Cloudlets is:2114
37926.95679999999: MET_Broker: Cloudlet #2115 return received
37926.95679999999: MET_Broker: The number of finished Cloudlets is:2115
37941.860799999995: MET_Broker: Cloudlet #2111 return received
37941.860799999995: MET_Broker: The number of finished Cloudlets is:2116
37961.9304: MET_Broker: Cloudlet #2117 return received
37961.9304: MET_Broker: The number of finished Cloudlets is:2117
37977.1432: MET_Broker: Cloudlet #2118 return received
37977.1432: MET_Broker: The number of finished Cloudlets is:2118
37981.284: MET_Broker: Cloudlet #2120 return received
37981.284: MET_Broker: The number of finished Cloudlets is:2119
37990.6832: MET_Broker: Cloudlet #2121 return received
37990.6832: MET_Broker: The number of finished Cloudlets is:2120
38014.0168: MET_Broker: Cloudlet #2122 return received
38014.0168: MET_Broker: The number of finished Cloudlets is:2121
38024.932799999995: MET_Broker: Cloudlet #2116 return received
38024.932799999995: MET_Broker: The number of finished Cloudlets is:2122
38049.195999999996: MET_Broker: Cloudlet #2124 return received
38049.195999999996: MET_Broker: The number of finished Cloudlets is:2123
38058.5796: MET_Broker: Cloudlet #2125 return received
38058.5796: MET_Broker: The number of finished Cloudlets is:2124
38154.7556: MET_Broker: Cloudlet #2126 return received
38154.7556: MET_Broker: The number of finished Cloudlets is:2125
38165.1228: MET_Broker: Cloudlet #2119 return received
38165.1228: MET_Broker: The number of finished Cloudlets is:2126
38167.008799999996: MET_Broker: Cloudlet #2128 return received
38167.008799999996: MET_Broker: The number of finished Cloudlets is:2127
38168.234399999994: MET_Broker: Cloudlet #2127 return received
38168.234399999994: MET_Broker: The number of finished Cloudlets is:2128
38184.90239999999: MET_Broker: Cloudlet #2130 return received
38184.90239999999: MET_Broker: The number of finished Cloudlets is:2129
38200.35119999999: MET_Broker: Cloudlet #2129 return received
38200.35119999999: MET_Broker: The number of finished Cloudlets is:2130
38221.11599999999: MET_Broker: Cloudlet #2131 return received
38221.11599999999: MET_Broker: The number of finished Cloudlets is:2131
38228.87079999999: MET_Broker: Cloudlet #2133 return received
38228.87079999999: MET_Broker: The number of finished Cloudlets is:2132
38238.16719999999: MET_Broker: Cloudlet #2135 return received
38238.16719999999: MET_Broker: The number of finished Cloudlets is:2133
38245.16199999999: MET_Broker: Cloudlet #2134 return received
38245.16199999999: MET_Broker: The number of finished Cloudlets is:2134
38257.28959999999: MET_Broker: Cloudlet #2136 return received
38257.28959999999: MET_Broker: The number of finished Cloudlets is:2135
38285.32519999999: MET_Broker: Cloudlet #2123 return received
38285.32519999999: MET_Broker: The number of finished Cloudlets is:2136
38285.526399999995: MET_Broker: Cloudlet #2137 return received
38285.526399999995: MET_Broker: The number of finished Cloudlets is:2137
38295.6516: MET_Broker: Cloudlet #2139 return received
38295.6516: MET_Broker: The number of finished Cloudlets is:2138
38311.286799999994: MET_Broker: Cloudlet #2141 return received
38311.286799999994: MET_Broker: The number of finished Cloudlets is:2139
38320.95079999999: MET_Broker: Cloudlet #2142 return received
38320.95079999999: MET_Broker: The number of finished Cloudlets is:2140
38332.19999999999: MET_Broker: Cloudlet #2140 return received
38332.19999999999: MET_Broker: The number of finished Cloudlets is:2141
38356.77199999999: MET_Broker: Cloudlet #2143 return received
38356.77199999999: MET_Broker: The number of finished Cloudlets is:2142
38374.09919999999: MET_Broker: Cloudlet #2144 return received
38374.09919999999: MET_Broker: The number of finished Cloudlets is:2143
38385.65359999999: MET_Broker: Cloudlet #2138 return received
38385.65359999999: MET_Broker: The number of finished Cloudlets is:2144
38387.09319999999: MET_Broker: Cloudlet #2146 return received
38387.09319999999: MET_Broker: The number of finished Cloudlets is:2145
38393.50679999999: MET_Broker: Cloudlet #2148 return received
38393.50679999999: MET_Broker: The number of finished Cloudlets is:2146
38398.03159999999: MET_Broker: Cloudlet #2147 return received
38398.03159999999: MET_Broker: The number of finished Cloudlets is:2147
38404.681199999985: MET_Broker: Cloudlet #2150 return received
38404.681199999985: MET_Broker: The number of finished Cloudlets is:2148
38406.92119999998: MET_Broker: Cloudlet #2145 return received
38406.92119999998: MET_Broker: The number of finished Cloudlets is:2149
38452.07679999998: MET_Broker: Cloudlet #2152 return received
38452.07679999998: MET_Broker: The number of finished Cloudlets is:2150
38461.07959999998: MET_Broker: Cloudlet #2153 return received
38461.07959999998: MET_Broker: The number of finished Cloudlets is:2151
38473.02399999998: MET_Broker: Cloudlet #2149 return received
38473.02399999998: MET_Broker: The number of finished Cloudlets is:2152
38489.43959999998: MET_Broker: Cloudlet #2151 return received
38489.43959999998: MET_Broker: The number of finished Cloudlets is:2153
38504.811599999986: MET_Broker: Cloudlet #2132 return received
38504.811599999986: MET_Broker: The number of finished Cloudlets is:2154
38509.765599999984: MET_Broker: Cloudlet #2155 return received
38509.765599999984: MET_Broker: The number of finished Cloudlets is:2155
38522.11759999998: MET_Broker: Cloudlet #2157 return received
38522.11759999998: MET_Broker: The number of finished Cloudlets is:2156
38523.29199999999: MET_Broker: Cloudlet #2154 return received
38523.29199999999: MET_Broker: The number of finished Cloudlets is:2157
38528.16959999999: MET_Broker: Cloudlet #2158 return received
38528.16959999999: MET_Broker: The number of finished Cloudlets is:2158
38571.52599999998: MET_Broker: Cloudlet #2161 return received
38571.52599999998: MET_Broker: The number of finished Cloudlets is:2159
38625.160399999986: MET_Broker: Cloudlet #2162 return received
38625.160399999986: MET_Broker: The number of finished Cloudlets is:2160
38661.94999999998: MET_Broker: Cloudlet #2163 return received
38661.94999999998: MET_Broker: The number of finished Cloudlets is:2161
38694.33919999998: MET_Broker: Cloudlet #2164 return received
38694.33919999998: MET_Broker: The number of finished Cloudlets is:2162
38713.06999999998: MET_Broker: Cloudlet #2165 return received
38713.06999999998: MET_Broker: The number of finished Cloudlets is:2163
38721.45279999998: MET_Broker: Cloudlet #2166 return received
38721.45279999998: MET_Broker: The number of finished Cloudlets is:2164
38732.737199999974: MET_Broker: Cloudlet #2159 return received
38732.737199999974: MET_Broker: The number of finished Cloudlets is:2165
38808.063199999975: MET_Broker: Cloudlet #2167 return received
38808.063199999975: MET_Broker: The number of finished Cloudlets is:2166
38821.622799999976: MET_Broker: Cloudlet #2156 return received
38821.622799999976: MET_Broker: The number of finished Cloudlets is:2167
38852.079599999975: MET_Broker: Cloudlet #2160 return received
38852.079599999975: MET_Broker: The number of finished Cloudlets is:2168
38858.244399999974: MET_Broker: Cloudlet #2170 return received
38858.244399999974: MET_Broker: The number of finished Cloudlets is:2169
38900.031199999976: MET_Broker: Cloudlet #2171 return received
38900.031199999976: MET_Broker: The number of finished Cloudlets is:2170
38915.971599999975: MET_Broker: Cloudlet #2172 return received
38915.971599999975: MET_Broker: The number of finished Cloudlets is:2171
38921.40959999998: MET_Broker: Cloudlet #2173 return received
38921.40959999998: MET_Broker: The number of finished Cloudlets is:2172
38930.49599999998: MET_Broker: Cloudlet #2174 return received
38930.49599999998: MET_Broker: The number of finished Cloudlets is:2173
38948.50319999998: MET_Broker: Cloudlet #2176 return received
38948.50319999998: MET_Broker: The number of finished Cloudlets is:2174
38963.00639999998: MET_Broker: Cloudlet #2177 return received
38963.00639999998: MET_Broker: The number of finished Cloudlets is:2175
38970.46319999998: MET_Broker: Cloudlet #2175 return received
38970.46319999998: MET_Broker: The number of finished Cloudlets is:2176
38988.98479999998: MET_Broker: Cloudlet #2178 return received
38988.98479999998: MET_Broker: The number of finished Cloudlets is:2177
39004.04319999998: MET_Broker: Cloudlet #2180 return received
39004.04319999998: MET_Broker: The number of finished Cloudlets is:2178
39011.45839999998: MET_Broker: Cloudlet #2179 return received
39011.45839999998: MET_Broker: The number of finished Cloudlets is:2179
39012.15919999998: MET_Broker: Cloudlet #2168 return received
39012.15919999998: MET_Broker: The number of finished Cloudlets is:2180
39021.49999999998: MET_Broker: Cloudlet #2183 return received
39021.49999999998: MET_Broker: The number of finished Cloudlets is:2181
39025.22399999998: MET_Broker: Cloudlet #2182 return received
39025.22399999998: MET_Broker: The number of finished Cloudlets is:2182
39025.24679999998: MET_Broker: Cloudlet #2169 return received
39025.24679999998: MET_Broker: The number of finished Cloudlets is:2183
39030.52559999998: MET_Broker: Cloudlet #2184 return received
39030.52559999998: MET_Broker: The number of finished Cloudlets is:2184
39041.32879999998: MET_Broker: Cloudlet #2181 return received
39041.32879999998: MET_Broker: The number of finished Cloudlets is:2185
39054.94719999998: MET_Broker: Cloudlet #2187 return received
39054.94719999998: MET_Broker: The number of finished Cloudlets is:2186
39065.56439999998: MET_Broker: Cloudlet #2189 return received
39065.56439999998: MET_Broker: The number of finished Cloudlets is:2187
39130.00479999998: MET_Broker: Cloudlet #2186 return received
39130.00479999998: MET_Broker: The number of finished Cloudlets is:2188
39174.10799999998: MET_Broker: Cloudlet #2190 return received
39174.10799999998: MET_Broker: The number of finished Cloudlets is:2189
39181.353199999976: MET_Broker: Cloudlet #2191 return received
39181.353199999976: MET_Broker: The number of finished Cloudlets is:2190
39185.40919999997: MET_Broker: Cloudlet #2188 return received
39185.40919999997: MET_Broker: The number of finished Cloudlets is:2191
39215.35159999997: MET_Broker: Cloudlet #2193 return received
39215.35159999997: MET_Broker: The number of finished Cloudlets is:2192
39216.01759999997: MET_Broker: Cloudlet #2192 return received
39216.01759999997: MET_Broker: The number of finished Cloudlets is:2193
39233.68199999997: MET_Broker: Cloudlet #2185 return received
39233.68199999997: MET_Broker: The number of finished Cloudlets is:2194
39237.49319999997: MET_Broker: Cloudlet #2194 return received
39237.49319999997: MET_Broker: The number of finished Cloudlets is:2195
39240.98759999997: MET_Broker: Cloudlet #2195 return received
39240.98759999997: MET_Broker: The number of finished Cloudlets is:2196
39287.74599999997: MET_Broker: Cloudlet #2199 return received
39287.74599999997: MET_Broker: The number of finished Cloudlets is:2197
39288.16159999997: MET_Broker: Cloudlet #2196 return received
39288.16159999997: MET_Broker: The number of finished Cloudlets is:2198
39297.86279999997: MET_Broker: Cloudlet #2200 return received
39297.86279999997: MET_Broker: The number of finished Cloudlets is:2199
39302.30759999997: MET_Broker: Cloudlet #2201 return received
39302.30759999997: MET_Broker: The number of finished Cloudlets is:2200
39313.72959999997: MET_Broker: Cloudlet #2203 return received
39313.72959999997: MET_Broker: The number of finished Cloudlets is:2201
39324.56319999997: MET_Broker: Cloudlet #2202 return received
39324.56319999997: MET_Broker: The number of finished Cloudlets is:2202
39342.59159999997: MET_Broker: Cloudlet #2205 return received
39342.59159999997: MET_Broker: The number of finished Cloudlets is:2203
39372.70039999997: MET_Broker: Cloudlet #2204 return received
39372.70039999997: MET_Broker: The number of finished Cloudlets is:2204
39391.845199999974: MET_Broker: Cloudlet #2206 return received
39391.845199999974: MET_Broker: The number of finished Cloudlets is:2205
39393.400799999974: MET_Broker: Cloudlet #2198 return received
39393.400799999974: MET_Broker: The number of finished Cloudlets is:2206
39429.59839999997: MET_Broker: Cloudlet #2207 return received
39429.59839999997: MET_Broker: The number of finished Cloudlets is:2207
39439.39119999998: MET_Broker: Cloudlet #2210 return received
39439.39119999998: MET_Broker: The number of finished Cloudlets is:2208
39449.72599999997: MET_Broker: Cloudlet #2209 return received
39449.72599999997: MET_Broker: The number of finished Cloudlets is:2209
39469.26039999997: MET_Broker: Cloudlet #2211 return received
39469.26039999997: MET_Broker: The number of finished Cloudlets is:2210
39473.59279999997: MET_Broker: Cloudlet #2212 return received
39473.59279999997: MET_Broker: The number of finished Cloudlets is:2211
39475.23359999997: MET_Broker: Cloudlet #2197 return received
39475.23359999997: MET_Broker: The number of finished Cloudlets is:2212
39519.93959999997: MET_Broker: Cloudlet #2214 return received
39519.93959999997: MET_Broker: The number of finished Cloudlets is:2213
39524.45839999997: MET_Broker: Cloudlet #2213 return received
39524.45839999997: MET_Broker: The number of finished Cloudlets is:2214
39532.886799999964: MET_Broker: Cloudlet #2216 return received
39532.886799999964: MET_Broker: The number of finished Cloudlets is:2215
39543.77079999996: MET_Broker: Cloudlet #2217 return received
39543.77079999996: MET_Broker: The number of finished Cloudlets is:2216
39560.79239999996: MET_Broker: Cloudlet #2219 return received
39560.79239999996: MET_Broker: The number of finished Cloudlets is:2217
39584.33479999996: MET_Broker: Cloudlet #2220 return received
39584.33479999996: MET_Broker: The number of finished Cloudlets is:2218
39588.16439999996: MET_Broker: Cloudlet #2208 return received
39588.16439999996: MET_Broker: The number of finished Cloudlets is:2219
39600.88919999996: MET_Broker: Cloudlet #2221 return received
39600.88919999996: MET_Broker: The number of finished Cloudlets is:2220
39605.039999999964: MET_Broker: Cloudlet #2222 return received
39605.039999999964: MET_Broker: The number of finished Cloudlets is:2221
39621.03559999997: MET_Broker: Cloudlet #2215 return received
39621.03559999997: MET_Broker: The number of finished Cloudlets is:2222
39623.76159999997: MET_Broker: Cloudlet #2223 return received
39623.76159999997: MET_Broker: The number of finished Cloudlets is:2223
39657.97679999997: MET_Broker: Cloudlet #2226 return received
39657.97679999997: MET_Broker: The number of finished Cloudlets is:2224
39750.44919999997: MET_Broker: Cloudlet #2225 return received
39750.44919999997: MET_Broker: The number of finished Cloudlets is:2225
39768.455599999965: MET_Broker: Cloudlet #2224 return received
39768.455599999965: MET_Broker: The number of finished Cloudlets is:2226
39775.85039999997: MET_Broker: Cloudlet #2227 return received
39775.85039999997: MET_Broker: The number of finished Cloudlets is:2227
39796.264399999964: MET_Broker: Cloudlet #2229 return received
39796.264399999964: MET_Broker: The number of finished Cloudlets is:2228
39809.89919999996: MET_Broker: Cloudlet #2231 return received
39809.89919999996: MET_Broker: The number of finished Cloudlets is:2229
39818.653999999966: MET_Broker: Cloudlet #2230 return received
39818.653999999966: MET_Broker: The number of finished Cloudlets is:2230
39831.806399999965: MET_Broker: Cloudlet #2218 return received
39831.806399999965: MET_Broker: The number of finished Cloudlets is:2231
39879.30359999996: MET_Broker: Cloudlet #2234 return received
39879.30359999996: MET_Broker: The number of finished Cloudlets is:2232
39897.489599999964: MET_Broker: Cloudlet #2235 return received
39897.489599999964: MET_Broker: The number of finished Cloudlets is:2233
39904.842399999965: MET_Broker: Cloudlet #2236 return received
39904.842399999965: MET_Broker: The number of finished Cloudlets is:2234
39910.882399999966: MET_Broker: Cloudlet #2232 return received
39910.882399999966: MET_Broker: The number of finished Cloudlets is:2235
39943.585199999965: MET_Broker: Cloudlet #2228 return received
39943.585199999965: MET_Broker: The number of finished Cloudlets is:2236
39943.96959999997: MET_Broker: Cloudlet #2238 return received
39943.96959999997: MET_Broker: The number of finished Cloudlets is:2237
39971.21559999997: MET_Broker: Cloudlet #2233 return received
39971.21559999997: MET_Broker: The number of finished Cloudlets is:2238
39974.21319999997: MET_Broker: Cloudlet #2237 return received
39974.21319999997: MET_Broker: The number of finished Cloudlets is:2239
39991.33599999997: MET_Broker: Cloudlet #2242 return received
39991.33599999997: MET_Broker: The number of finished Cloudlets is:2240
39994.15799999997: MET_Broker: Cloudlet #2241 return received
39994.15799999997: MET_Broker: The number of finished Cloudlets is:2241
40004.063599999965: MET_Broker: Cloudlet #2244 return received
40004.063599999965: MET_Broker: The number of finished Cloudlets is:2242
40007.469999999965: MET_Broker: Cloudlet #2240 return received
40007.469999999965: MET_Broker: The number of finished Cloudlets is:2243
40015.041999999965: MET_Broker: Cloudlet #2246 return received
40015.041999999965: MET_Broker: The number of finished Cloudlets is:2244
40027.95199999997: MET_Broker: Cloudlet #2245 return received
40027.95199999997: MET_Broker: The number of finished Cloudlets is:2245
40060.22079999997: MET_Broker: Cloudlet #2248 return received
40060.22079999997: MET_Broker: The number of finished Cloudlets is:2246
40086.75759999997: MET_Broker: Cloudlet #2249 return received
40086.75759999997: MET_Broker: The number of finished Cloudlets is:2247
40129.098399999966: MET_Broker: Cloudlet #2250 return received
40129.098399999966: MET_Broker: The number of finished Cloudlets is:2248
40147.496799999964: MET_Broker: Cloudlet #2251 return received
40147.496799999964: MET_Broker: The number of finished Cloudlets is:2249
40191.02319999997: MET_Broker: Cloudlet #2243 return received
40191.02319999997: MET_Broker: The number of finished Cloudlets is:2250
40206.81319999997: MET_Broker: Cloudlet #2252 return received
40206.81319999997: MET_Broker: The number of finished Cloudlets is:2251
40228.484399999965: MET_Broker: Cloudlet #2253 return received
40228.484399999965: MET_Broker: The number of finished Cloudlets is:2252
40228.53839999996: MET_Broker: Cloudlet #2254 return received
40228.53839999996: MET_Broker: The number of finished Cloudlets is:2253
40258.857999999964: MET_Broker: Cloudlet #2239 return received
40258.857999999964: MET_Broker: The number of finished Cloudlets is:2254
40265.61559999996: MET_Broker: Cloudlet #2247 return received
40265.61559999996: MET_Broker: The number of finished Cloudlets is:2255
40285.56079999996: MET_Broker: Cloudlet #2255 return received
40285.56079999996: MET_Broker: The number of finished Cloudlets is:2256
40292.227199999965: MET_Broker: Cloudlet #2257 return received
40292.227199999965: MET_Broker: The number of finished Cloudlets is:2257
40300.125199999966: MET_Broker: Cloudlet #2259 return received
40300.125199999966: MET_Broker: The number of finished Cloudlets is:2258
40302.79479999997: MET_Broker: Cloudlet #2260 return received
40302.79479999997: MET_Broker: The number of finished Cloudlets is:2259
40320.61119999997: MET_Broker: Cloudlet #2261 return received
40320.61119999997: MET_Broker: The number of finished Cloudlets is:2260
40322.39879999997: MET_Broker: Cloudlet #2262 return received
40322.39879999997: MET_Broker: The number of finished Cloudlets is:2261
40333.87959999997: MET_Broker: Cloudlet #2263 return received
40333.87959999997: MET_Broker: The number of finished Cloudlets is:2262
40370.82519999997: MET_Broker: Cloudlet #2265 return received
40370.82519999997: MET_Broker: The number of finished Cloudlets is:2263
40380.20959999997: MET_Broker: Cloudlet #2264 return received
40380.20959999997: MET_Broker: The number of finished Cloudlets is:2264
40384.34639999997: MET_Broker: Cloudlet #2266 return received
40384.34639999997: MET_Broker: The number of finished Cloudlets is:2265
40405.15039999997: MET_Broker: Cloudlet #2268 return received
40405.15039999997: MET_Broker: The number of finished Cloudlets is:2266
40407.86679999997: MET_Broker: Cloudlet #2267 return received
40407.86679999997: MET_Broker: The number of finished Cloudlets is:2267
40413.24199999997: MET_Broker: Cloudlet #2269 return received
40413.24199999997: MET_Broker: The number of finished Cloudlets is:2268
40450.704399999966: MET_Broker: Cloudlet #2271 return received
40450.704399999966: MET_Broker: The number of finished Cloudlets is:2269
40475.602799999964: MET_Broker: Cloudlet #2272 return received
40475.602799999964: MET_Broker: The number of finished Cloudlets is:2270
40484.11479999997: MET_Broker: Cloudlet #2256 return received
40484.11479999997: MET_Broker: The number of finished Cloudlets is:2271
40502.32839999997: MET_Broker: Cloudlet #2274 return received
40502.32839999997: MET_Broker: The number of finished Cloudlets is:2272
40513.66639999997: MET_Broker: Cloudlet #2273 return received
40513.66639999997: MET_Broker: The number of finished Cloudlets is:2273
40548.57839999997: MET_Broker: Cloudlet #2258 return received
40548.57839999997: MET_Broker: The number of finished Cloudlets is:2274
40590.96199999997: MET_Broker: Cloudlet #2275 return received
40590.96199999997: MET_Broker: The number of finished Cloudlets is:2275
40596.02439999997: MET_Broker: Cloudlet #2277 return received
40596.02439999997: MET_Broker: The number of finished Cloudlets is:2276
40618.37719999997: MET_Broker: Cloudlet #2278 return received
40618.37719999997: MET_Broker: The number of finished Cloudlets is:2277
40633.892399999975: MET_Broker: Cloudlet #2280 return received
40633.892399999975: MET_Broker: The number of finished Cloudlets is:2278
40647.152799999974: MET_Broker: Cloudlet #2279 return received
40647.152799999974: MET_Broker: The number of finished Cloudlets is:2279
40647.31599999998: MET_Broker: Cloudlet #2276 return received
40647.31599999998: MET_Broker: The number of finished Cloudlets is:2280
40682.74679999998: MET_Broker: Cloudlet #2281 return received
40682.74679999998: MET_Broker: The number of finished Cloudlets is:2281
40687.293599999975: MET_Broker: Cloudlet #2282 return received
40687.293599999975: MET_Broker: The number of finished Cloudlets is:2282
40688.61319999998: MET_Broker: Cloudlet #2283 return received
40688.61319999998: MET_Broker: The number of finished Cloudlets is:2283
40739.703999999976: MET_Broker: Cloudlet #2284 return received
40739.703999999976: MET_Broker: The number of finished Cloudlets is:2284
40743.61119999998: MET_Broker: Cloudlet #2270 return received
40743.61119999998: MET_Broker: The number of finished Cloudlets is:2285
40745.46279999998: MET_Broker: Cloudlet #2286 return received
40745.46279999998: MET_Broker: The number of finished Cloudlets is:2286
40754.66679999998: MET_Broker: Cloudlet #2289 return received
40754.66679999998: MET_Broker: The number of finished Cloudlets is:2287
40755.52999999998: MET_Broker: Cloudlet #2287 return received
40755.52999999998: MET_Broker: The number of finished Cloudlets is:2288
40796.156799999975: MET_Broker: Cloudlet #2285 return received
40796.156799999975: MET_Broker: The number of finished Cloudlets is:2289
40807.64599999998: MET_Broker: Cloudlet #2290 return received
40807.64599999998: MET_Broker: The number of finished Cloudlets is:2290
40822.53079999998: MET_Broker: Cloudlet #2293 return received
40822.53079999998: MET_Broker: The number of finished Cloudlets is:2291
40835.16359999998: MET_Broker: Cloudlet #2292 return received
40835.16359999998: MET_Broker: The number of finished Cloudlets is:2292
40866.78039999998: MET_Broker: Cloudlet #2295 return received
40866.78039999998: MET_Broker: The number of finished Cloudlets is:2293
40870.26399999998: MET_Broker: Cloudlet #2291 return received
40870.26399999998: MET_Broker: The number of finished Cloudlets is:2294
40899.44639999998: MET_Broker: Cloudlet #2297 return received
40899.44639999998: MET_Broker: The number of finished Cloudlets is:2295
40907.30359999998: MET_Broker: Cloudlet #2298 return received
40907.30359999998: MET_Broker: The number of finished Cloudlets is:2296
40915.854399999975: MET_Broker: Cloudlet #2296 return received
40915.854399999975: MET_Broker: The number of finished Cloudlets is:2297
40926.71519999998: MET_Broker: Cloudlet #2288 return received
40926.71519999998: MET_Broker: The number of finished Cloudlets is:2298
40971.69239999998: MET_Broker: Cloudlet #2294 return received
40971.69239999998: MET_Broker: The number of finished Cloudlets is:2299
40975.543599999975: MET_Broker: Cloudlet #2301 return received
40975.543599999975: MET_Broker: The number of finished Cloudlets is:2300
40987.370799999975: MET_Broker: Cloudlet #2302 return received
40987.370799999975: MET_Broker: The number of finished Cloudlets is:2301
40992.22839999998: MET_Broker: Cloudlet #2303 return received
40992.22839999998: MET_Broker: The number of finished Cloudlets is:2302
41007.90199999998: MET_Broker: Cloudlet #2305 return received
41007.90199999998: MET_Broker: The number of finished Cloudlets is:2303
41017.96999999998: MET_Broker: Cloudlet #2304 return received
41017.96999999998: MET_Broker: The number of finished Cloudlets is:2304
41034.15799999998: MET_Broker: Cloudlet #2307 return received
41034.15799999998: MET_Broker: The number of finished Cloudlets is:2305
41039.77959999998: MET_Broker: Cloudlet #2306 return received
41039.77959999998: MET_Broker: The number of finished Cloudlets is:2306
41046.54719999998: MET_Broker: Cloudlet #2308 return received
41046.54719999998: MET_Broker: The number of finished Cloudlets is:2307
41057.75519999998: MET_Broker: Cloudlet #2309 return received
41057.75519999998: MET_Broker: The number of finished Cloudlets is:2308
41077.209199999976: MET_Broker: Cloudlet #2311 return received
41077.209199999976: MET_Broker: The number of finished Cloudlets is:2309
41079.43079999997: MET_Broker: Cloudlet #2310 return received
41079.43079999997: MET_Broker: The number of finished Cloudlets is:2310
41089.015999999974: MET_Broker: Cloudlet #2313 return received
41089.015999999974: MET_Broker: The number of finished Cloudlets is:2311
41092.797599999976: MET_Broker: Cloudlet #2312 return received
41092.797599999976: MET_Broker: The number of finished Cloudlets is:2312
41097.459199999976: MET_Broker: Cloudlet #2314 return received
41097.459199999976: MET_Broker: The number of finished Cloudlets is:2313
41106.201199999974: MET_Broker: Cloudlet #2316 return received
41106.201199999974: MET_Broker: The number of finished Cloudlets is:2314
41122.752399999976: MET_Broker: Cloudlet #2317 return received
41122.752399999976: MET_Broker: The number of finished Cloudlets is:2315
41197.31279999998: MET_Broker: Cloudlet #2300 return received
41197.31279999998: MET_Broker: The number of finished Cloudlets is:2316
41206.618799999975: MET_Broker: Cloudlet #2299 return received
41206.618799999975: MET_Broker: The number of finished Cloudlets is:2317
41209.275999999976: MET_Broker: Cloudlet #2319 return received
41209.275999999976: MET_Broker: The number of finished Cloudlets is:2318
41253.278399999974: MET_Broker: Cloudlet #2320 return received
41253.278399999974: MET_Broker: The number of finished Cloudlets is:2319
41254.85999999997: MET_Broker: Cloudlet #2315 return received
41254.85999999997: MET_Broker: The number of finished Cloudlets is:2320
41267.794799999974: MET_Broker: Cloudlet #2323 return received
41267.794799999974: MET_Broker: The number of finished Cloudlets is:2321
41279.70239999997: MET_Broker: Cloudlet #2322 return received
41279.70239999997: MET_Broker: The number of finished Cloudlets is:2322
41289.13159999997: MET_Broker: Cloudlet #2325 return received
41289.13159999997: MET_Broker: The number of finished Cloudlets is:2323
41297.557199999974: MET_Broker: Cloudlet #2324 return received
41297.557199999974: MET_Broker: The number of finished Cloudlets is:2324
41344.725599999976: MET_Broker: Cloudlet #2326 return received
41344.725599999976: MET_Broker: The number of finished Cloudlets is:2325
41345.98839999997: MET_Broker: Cloudlet #2321 return received
41345.98839999997: MET_Broker: The number of finished Cloudlets is:2326
41352.14839999998: MET_Broker: Cloudlet #2329 return received
41352.14839999998: MET_Broker: The number of finished Cloudlets is:2327
41355.98479999998: MET_Broker: Cloudlet #2327 return received
41355.98479999998: MET_Broker: The number of finished Cloudlets is:2328
41432.444799999976: MET_Broker: Cloudlet #2328 return received
41432.444799999976: MET_Broker: The number of finished Cloudlets is:2329
41455.031199999976: MET_Broker: Cloudlet #2318 return received
41455.031199999976: MET_Broker: The number of finished Cloudlets is:2330
41485.113599999975: MET_Broker: Cloudlet #2330 return received
41485.113599999975: MET_Broker: The number of finished Cloudlets is:2331
41513.87559999998: MET_Broker: Cloudlet #2333 return received
41513.87559999998: MET_Broker: The number of finished Cloudlets is:2332
41521.203199999974: MET_Broker: Cloudlet #2332 return received
41521.203199999974: MET_Broker: The number of finished Cloudlets is:2333
41536.902799999974: MET_Broker: Cloudlet #2335 return received
41536.902799999974: MET_Broker: The number of finished Cloudlets is:2334
41542.989199999975: MET_Broker: Cloudlet #2334 return received
41542.989199999975: MET_Broker: The number of finished Cloudlets is:2335
41558.978799999975: MET_Broker: Cloudlet #2336 return received
41558.978799999975: MET_Broker: The number of finished Cloudlets is:2336
41572.828799999974: MET_Broker: Cloudlet #2339 return received
41572.828799999974: MET_Broker: The number of finished Cloudlets is:2337
41587.923199999976: MET_Broker: Cloudlet #2337 return received
41587.923199999976: MET_Broker: The number of finished Cloudlets is:2338
41596.982799999976: MET_Broker: Cloudlet #2340 return received
41596.982799999976: MET_Broker: The number of finished Cloudlets is:2339
41600.87519999997: MET_Broker: Cloudlet #2341 return received
41600.87519999997: MET_Broker: The number of finished Cloudlets is:2340
41601.14999999997: MET_Broker: Cloudlet #2338 return received
41601.14999999997: MET_Broker: The number of finished Cloudlets is:2341
41608.90599999997: MET_Broker: Cloudlet #2343 return received
41608.90599999997: MET_Broker: The number of finished Cloudlets is:2342
41633.57079999997: MET_Broker: Cloudlet #2344 return received
41633.57079999997: MET_Broker: The number of finished Cloudlets is:2343
41639.993199999975: MET_Broker: Cloudlet #2331 return received
41639.993199999975: MET_Broker: The number of finished Cloudlets is:2344
41662.41239999997: MET_Broker: Cloudlet #2346 return received
41662.41239999997: MET_Broker: The number of finished Cloudlets is:2345
41666.555999999975: MET_Broker: Cloudlet #2347 return received
41666.555999999975: MET_Broker: The number of finished Cloudlets is:2346
41675.795599999976: MET_Broker: Cloudlet #2349 return received
41675.795599999976: MET_Broker: The number of finished Cloudlets is:2347
41709.81959999997: MET_Broker: Cloudlet #2348 return received
41709.81959999997: MET_Broker: The number of finished Cloudlets is:2348
41721.51719999997: MET_Broker: Cloudlet #2350 return received
41721.51719999997: MET_Broker: The number of finished Cloudlets is:2349
41761.76359999998: MET_Broker: Cloudlet #2352 return received
41761.76359999998: MET_Broker: The number of finished Cloudlets is:2350
41767.719599999975: MET_Broker: Cloudlet #2351 return received
41767.719599999975: MET_Broker: The number of finished Cloudlets is:2351
41783.44519999997: MET_Broker: Cloudlet #2354 return received
41783.44519999997: MET_Broker: The number of finished Cloudlets is:2352
41790.89119999998: MET_Broker: Cloudlet #2353 return received
41790.89119999998: MET_Broker: The number of finished Cloudlets is:2353
41835.768799999976: MET_Broker: Cloudlet #2355 return received
41835.768799999976: MET_Broker: The number of finished Cloudlets is:2354
41865.620799999975: MET_Broker: Cloudlet #2345 return received
41865.620799999975: MET_Broker: The number of finished Cloudlets is:2355
41868.665199999974: MET_Broker: Cloudlet #2342 return received
41868.665199999974: MET_Broker: The number of finished Cloudlets is:2356
41881.78799999997: MET_Broker: Cloudlet #2359 return received
41881.78799999997: MET_Broker: The number of finished Cloudlets is:2357
41933.75959999997: MET_Broker: Cloudlet #2360 return received
41933.75959999997: MET_Broker: The number of finished Cloudlets is:2358
41953.54359999997: MET_Broker: Cloudlet #2356 return received
41953.54359999997: MET_Broker: The number of finished Cloudlets is:2359
41985.58799999997: MET_Broker: Cloudlet #2361 return received
41985.58799999997: MET_Broker: The number of finished Cloudlets is:2360
41998.973999999966: MET_Broker: Cloudlet #2363 return received
41998.973999999966: MET_Broker: The number of finished Cloudlets is:2361
42000.141599999966: MET_Broker: Cloudlet #2362 return received
42000.141599999966: MET_Broker: The number of finished Cloudlets is:2362
42019.53639999997: MET_Broker: Cloudlet #2357 return received
42019.53639999997: MET_Broker: The number of finished Cloudlets is:2363
42023.669599999965: MET_Broker: Cloudlet #2365 return received
42023.669599999965: MET_Broker: The number of finished Cloudlets is:2364
42039.989599999964: MET_Broker: Cloudlet #2364 return received
42039.989599999964: MET_Broker: The number of finished Cloudlets is:2365
42050.545999999966: MET_Broker: Cloudlet #2368 return received
42050.545999999966: MET_Broker: The number of finished Cloudlets is:2366
42061.375199999966: MET_Broker: Cloudlet #2366 return received
42061.375199999966: MET_Broker: The number of finished Cloudlets is:2367
42190.01279999997: MET_Broker: Cloudlet #2370 return received
42190.01279999997: MET_Broker: The number of finished Cloudlets is:2368
42200.39519999997: MET_Broker: Cloudlet #2358 return received
42200.39519999997: MET_Broker: The number of finished Cloudlets is:2369
42229.95199999997: MET_Broker: Cloudlet #2372 return received
42229.95199999997: MET_Broker: The number of finished Cloudlets is:2370
42237.56479999997: MET_Broker: Cloudlet #2371 return received
42237.56479999997: MET_Broker: The number of finished Cloudlets is:2371
42254.64719999997: MET_Broker: Cloudlet #2367 return received
42254.64719999997: MET_Broker: The number of finished Cloudlets is:2372
42260.23839999997: MET_Broker: Cloudlet #2373 return received
42260.23839999997: MET_Broker: The number of finished Cloudlets is:2373
42263.47919999997: MET_Broker: Cloudlet #2369 return received
42263.47919999997: MET_Broker: The number of finished Cloudlets is:2374
42301.81999999997: MET_Broker: Cloudlet #2377 return received
42301.81999999997: MET_Broker: The number of finished Cloudlets is:2375
42323.85399999997: MET_Broker: Cloudlet #2375 return received
42323.85399999997: MET_Broker: The number of finished Cloudlets is:2376
42356.21639999997: MET_Broker: Cloudlet #2378 return received
42356.21639999997: MET_Broker: The number of finished Cloudlets is:2377
42362.05479999997: MET_Broker: Cloudlet #2374 return received
42362.05479999997: MET_Broker: The number of finished Cloudlets is:2378
42366.09079999997: MET_Broker: Cloudlet #2379 return received
42366.09079999997: MET_Broker: The number of finished Cloudlets is:2379
42369.51879999997: MET_Broker: Cloudlet #2380 return received
42369.51879999997: MET_Broker: The number of finished Cloudlets is:2380
42372.81399999997: MET_Broker: Cloudlet #2382 return received
42372.81399999997: MET_Broker: The number of finished Cloudlets is:2381
42385.23119999997: MET_Broker: Cloudlet #2384 return received
42385.23119999997: MET_Broker: The number of finished Cloudlets is:2382
42394.101199999976: MET_Broker: Cloudlet #2381 return received
42394.101199999976: MET_Broker: The number of finished Cloudlets is:2383
42414.345199999974: MET_Broker: Cloudlet #2383 return received
42414.345199999974: MET_Broker: The number of finished Cloudlets is:2384
42442.23439999997: MET_Broker: Cloudlet #2385 return received
42442.23439999997: MET_Broker: The number of finished Cloudlets is:2385
42472.33439999997: MET_Broker: Cloudlet #2387 return received
42472.33439999997: MET_Broker: The number of finished Cloudlets is:2386
42485.67759999997: MET_Broker: Cloudlet #2386 return received
42485.67759999997: MET_Broker: The number of finished Cloudlets is:2387
42527.485999999975: MET_Broker: Cloudlet #2389 return received
42527.485999999975: MET_Broker: The number of finished Cloudlets is:2388
42538.302799999976: MET_Broker: Cloudlet #2376 return received
42538.302799999976: MET_Broker: The number of finished Cloudlets is:2389
42538.61639999998: MET_Broker: Cloudlet #2390 return received
42538.61639999998: MET_Broker: The number of finished Cloudlets is:2390
42541.67919999998: MET_Broker: Cloudlet #2391 return received
42541.67919999998: MET_Broker: The number of finished Cloudlets is:2391
42548.334799999975: MET_Broker: Cloudlet #2394 return received
42548.334799999975: MET_Broker: The number of finished Cloudlets is:2392
42552.302799999976: MET_Broker: Cloudlet #2392 return received
42552.302799999976: MET_Broker: The number of finished Cloudlets is:2393
42561.478799999975: MET_Broker: Cloudlet #2395 return received
42561.478799999975: MET_Broker: The number of finished Cloudlets is:2394
42574.42679999997: MET_Broker: Cloudlet #2397 return received
42574.42679999997: MET_Broker: The number of finished Cloudlets is:2395
42584.33759999997: MET_Broker: Cloudlet #2398 return received
42584.33759999997: MET_Broker: The number of finished Cloudlets is:2396
42585.42919999997: MET_Broker: Cloudlet #2388 return received
42585.42919999997: MET_Broker: The number of finished Cloudlets is:2397
42595.51439999997: MET_Broker: Cloudlet #2393 return received
42595.51439999997: MET_Broker: The number of finished Cloudlets is:2398
42598.07679999997: MET_Broker: Cloudlet #2399 return received
42598.07679999997: MET_Broker: The number of finished Cloudlets is:2399
42603.61599999997: MET_Broker: Cloudlet #2396 return received
42603.61599999997: MET_Broker: The number of finished Cloudlets is:2400
42610.39079999997: MET_Broker: Cloudlet #2402 return received
42610.39079999997: MET_Broker: The number of finished Cloudlets is:2401
42611.03679999997: MET_Broker: Cloudlet #2403 return received
42611.03679999997: MET_Broker: The number of finished Cloudlets is:2402
42616.11919999997: MET_Broker: Cloudlet #2400 return received
42616.11919999997: MET_Broker: The number of finished Cloudlets is:2403
42624.45439999997: MET_Broker: Cloudlet #2401 return received
42624.45439999997: MET_Broker: The number of finished Cloudlets is:2404
42658.230799999976: MET_Broker: Cloudlet #2405 return received
42658.230799999976: MET_Broker: The number of finished Cloudlets is:2405
42704.858399999976: MET_Broker: Cloudlet #2404 return received
42704.858399999976: MET_Broker: The number of finished Cloudlets is:2406
42713.98359999998: MET_Broker: Cloudlet #2408 return received
42713.98359999998: MET_Broker: The number of finished Cloudlets is:2407
42721.95119999998: MET_Broker: Cloudlet #2410 return received
42721.95119999998: MET_Broker: The number of finished Cloudlets is:2408
42726.31279999998: MET_Broker: Cloudlet #2406 return received
42726.31279999998: MET_Broker: The number of finished Cloudlets is:2409
42729.483999999975: MET_Broker: Cloudlet #2411 return received
42729.483999999975: MET_Broker: The number of finished Cloudlets is:2410
42729.92759999997: MET_Broker: Cloudlet #2409 return received
42729.92759999997: MET_Broker: The number of finished Cloudlets is:2411
42764.12319999997: MET_Broker: Cloudlet #2407 return received
42764.12319999997: MET_Broker: The number of finished Cloudlets is:2412
42767.43199999997: MET_Broker: Cloudlet #2413 return received
42767.43199999997: MET_Broker: The number of finished Cloudlets is:2413
42791.87559999997: MET_Broker: Cloudlet #2414 return received
42791.87559999997: MET_Broker: The number of finished Cloudlets is:2414
42807.43439999997: MET_Broker: Cloudlet #2417 return received
42807.43439999997: MET_Broker: The number of finished Cloudlets is:2415
42816.04639999997: MET_Broker: Cloudlet #2415 return received
42816.04639999997: MET_Broker: The number of finished Cloudlets is:2416
42834.84839999997: MET_Broker: Cloudlet #2416 return received
42834.84839999997: MET_Broker: The number of finished Cloudlets is:2417
42852.631199999974: MET_Broker: Cloudlet #2418 return received
42852.631199999974: MET_Broker: The number of finished Cloudlets is:2418
42859.35679999997: MET_Broker: Cloudlet #2412 return received
42859.35679999997: MET_Broker: The number of finished Cloudlets is:2419
42864.88799999997: MET_Broker: Cloudlet #2421 return received
42864.88799999997: MET_Broker: The number of finished Cloudlets is:2420
42873.96159999997: MET_Broker: Cloudlet #2422 return received
42873.96159999997: MET_Broker: The number of finished Cloudlets is:2421
42918.311999999976: MET_Broker: Cloudlet #2424 return received
42918.311999999976: MET_Broker: The number of finished Cloudlets is:2422
42975.77479999998: MET_Broker: Cloudlet #2420 return received
42975.77479999998: MET_Broker: The number of finished Cloudlets is:2423
42988.73359999998: MET_Broker: Cloudlet #2426 return received
42988.73359999998: MET_Broker: The number of finished Cloudlets is:2424
42991.33239999998: MET_Broker: Cloudlet #2419 return received
42991.33239999998: MET_Broker: The number of finished Cloudlets is:2425
42994.903599999976: MET_Broker: Cloudlet #2427 return received
42994.903599999976: MET_Broker: The number of finished Cloudlets is:2426
43008.151599999976: MET_Broker: Cloudlet #2429 return received
43008.151599999976: MET_Broker: The number of finished Cloudlets is:2427
43012.19439999998: MET_Broker: Cloudlet #2428 return received
43012.19439999998: MET_Broker: The number of finished Cloudlets is:2428
43016.59639999998: MET_Broker: Cloudlet #2430 return received
43016.59639999998: MET_Broker: The number of finished Cloudlets is:2429
43041.28199999998: MET_Broker: Cloudlet #2425 return received
43041.28199999998: MET_Broker: The number of finished Cloudlets is:2430
43049.58559999998: MET_Broker: Cloudlet #2432 return received
43049.58559999998: MET_Broker: The number of finished Cloudlets is:2431
43060.67919999998: MET_Broker: Cloudlet #2431 return received
43060.67919999998: MET_Broker: The number of finished Cloudlets is:2432
43077.426399999975: MET_Broker: Cloudlet #2435 return received
43077.426399999975: MET_Broker: The number of finished Cloudlets is:2433
43084.41359999998: MET_Broker: Cloudlet #2423 return received
43084.41359999998: MET_Broker: The number of finished Cloudlets is:2434
43095.50199999998: MET_Broker: Cloudlet #2437 return received
43095.50199999998: MET_Broker: The number of finished Cloudlets is:2435
43100.953999999976: MET_Broker: Cloudlet #2433 return received
43100.953999999976: MET_Broker: The number of finished Cloudlets is:2436
43122.305999999975: MET_Broker: Cloudlet #2438 return received
43122.305999999975: MET_Broker: The number of finished Cloudlets is:2437
43132.31159999997: MET_Broker: Cloudlet #2440 return received
43132.31159999997: MET_Broker: The number of finished Cloudlets is:2438
43178.92559999997: MET_Broker: Cloudlet #2439 return received
43178.92559999997: MET_Broker: The number of finished Cloudlets is:2439
43216.713599999974: MET_Broker: Cloudlet #2434 return received
43216.713599999974: MET_Broker: The number of finished Cloudlets is:2440
43217.64799999997: MET_Broker: Cloudlet #2442 return received
43217.64799999997: MET_Broker: The number of finished Cloudlets is:2441
43267.674399999974: MET_Broker: Cloudlet #2444 return received
43267.674399999974: MET_Broker: The number of finished Cloudlets is:2442
43310.54519999997: MET_Broker: Cloudlet #2445 return received
43310.54519999997: MET_Broker: The number of finished Cloudlets is:2443
43311.71119999997: MET_Broker: Cloudlet #2443 return received
43311.71119999997: MET_Broker: The number of finished Cloudlets is:2444
43313.40679999997: MET_Broker: Cloudlet #2441 return received
43313.40679999997: MET_Broker: The number of finished Cloudlets is:2445
43319.14959999997: MET_Broker: Cloudlet #2446 return received
43319.14959999997: MET_Broker: The number of finished Cloudlets is:2446
43334.14559999997: MET_Broker: Cloudlet #2448 return received
43334.14559999997: MET_Broker: The number of finished Cloudlets is:2447
43344.15079999997: MET_Broker: Cloudlet #2449 return received
43344.15079999997: MET_Broker: The number of finished Cloudlets is:2448
43344.33239999997: MET_Broker: Cloudlet #2447 return received
43344.33239999997: MET_Broker: The number of finished Cloudlets is:2449
43355.33639999997: MET_Broker: Cloudlet #2451 return received
43355.33639999997: MET_Broker: The number of finished Cloudlets is:2450
43356.88159999997: MET_Broker: Cloudlet #2450 return received
43356.88159999997: MET_Broker: The number of finished Cloudlets is:2451
43365.54759999997: MET_Broker: Cloudlet #2452 return received
43365.54759999997: MET_Broker: The number of finished Cloudlets is:2452
43396.59599999997: MET_Broker: Cloudlet #2453 return received
43396.59599999997: MET_Broker: The number of finished Cloudlets is:2453
43407.59239999997: MET_Broker: Cloudlet #2456 return received
43407.59239999997: MET_Broker: The number of finished Cloudlets is:2454
43422.79599999997: MET_Broker: Cloudlet #2436 return received
43422.79599999997: MET_Broker: The number of finished Cloudlets is:2455
43437.561199999975: MET_Broker: Cloudlet #2454 return received
43437.561199999975: MET_Broker: The number of finished Cloudlets is:2456
43470.10079999997: MET_Broker: Cloudlet #2459 return received
43470.10079999997: MET_Broker: The number of finished Cloudlets is:2457
43526.42199999997: MET_Broker: Cloudlet #2460 return received
43526.42199999997: MET_Broker: The number of finished Cloudlets is:2458
43641.70399999997: MET_Broker: Cloudlet #2457 return received
43641.70399999997: MET_Broker: The number of finished Cloudlets is:2459
43692.47119999997: MET_Broker: Cloudlet #2462 return received
43692.47119999997: MET_Broker: The number of finished Cloudlets is:2460
43701.92599999997: MET_Broker: Cloudlet #2463 return received
43701.92599999997: MET_Broker: The number of finished Cloudlets is:2461
43715.90039999997: MET_Broker: Cloudlet #2455 return received
43715.90039999997: MET_Broker: The number of finished Cloudlets is:2462
43717.43319999997: MET_Broker: Cloudlet #2464 return received
43717.43319999997: MET_Broker: The number of finished Cloudlets is:2463
43741.400799999974: MET_Broker: Cloudlet #2458 return received
43741.400799999974: MET_Broker: The number of finished Cloudlets is:2464
43744.05159999998: MET_Broker: Cloudlet #2466 return received
43744.05159999998: MET_Broker: The number of finished Cloudlets is:2465
43749.24159999998: MET_Broker: Cloudlet #2465 return received
43749.24159999998: MET_Broker: The number of finished Cloudlets is:2466
43755.11399999998: MET_Broker: Cloudlet #2467 return received
43755.11399999998: MET_Broker: The number of finished Cloudlets is:2467
43800.92999999998: MET_Broker: Cloudlet #2469 return received
43800.92999999998: MET_Broker: The number of finished Cloudlets is:2468
43808.788399999976: MET_Broker: Cloudlet #2468 return received
43808.788399999976: MET_Broker: The number of finished Cloudlets is:2469
43809.030399999974: MET_Broker: Cloudlet #2470 return received
43809.030399999974: MET_Broker: The number of finished Cloudlets is:2470
43829.745199999976: MET_Broker: Cloudlet #2471 return received
43829.745199999976: MET_Broker: The number of finished Cloudlets is:2471
43852.06479999998: MET_Broker: Cloudlet #2474 return received
43852.06479999998: MET_Broker: The number of finished Cloudlets is:2472
43855.11279999998: MET_Broker: Cloudlet #2461 return received
43855.11279999998: MET_Broker: The number of finished Cloudlets is:2473
43934.07799999998: MET_Broker: Cloudlet #2473 return received
43934.07799999998: MET_Broker: The number of finished Cloudlets is:2474
43981.48199999998: MET_Broker: Cloudlet #2476 return received
43981.48199999998: MET_Broker: The number of finished Cloudlets is:2475
44000.60959999998: MET_Broker: Cloudlet #2472 return received
44000.60959999998: MET_Broker: The number of finished Cloudlets is:2476
44009.28879999998: MET_Broker: Cloudlet #2479 return received
44009.28879999998: MET_Broker: The number of finished Cloudlets is:2477
44019.47399999998: MET_Broker: Cloudlet #2480 return received
44019.47399999998: MET_Broker: The number of finished Cloudlets is:2478
44029.61879999998: MET_Broker: Cloudlet #2478 return received
44029.61879999998: MET_Broker: The number of finished Cloudlets is:2479
44034.59519999998: MET_Broker: Cloudlet #2481 return received
44034.59519999998: MET_Broker: The number of finished Cloudlets is:2480
44040.997999999985: MET_Broker: Cloudlet #2482 return received
44040.997999999985: MET_Broker: The number of finished Cloudlets is:2481
44064.099999999984: MET_Broker: Cloudlet #2484 return received
44064.099999999984: MET_Broker: The number of finished Cloudlets is:2482
44094.089599999985: MET_Broker: Cloudlet #2483 return received
44094.089599999985: MET_Broker: The number of finished Cloudlets is:2483
44105.967999999986: MET_Broker: Cloudlet #2486 return received
44105.967999999986: MET_Broker: The number of finished Cloudlets is:2484
44111.988799999985: MET_Broker: Cloudlet #2485 return received
44111.988799999985: MET_Broker: The number of finished Cloudlets is:2485
44118.200799999984: MET_Broker: Cloudlet #2488 return received
44118.200799999984: MET_Broker: The number of finished Cloudlets is:2486
44122.76079999998: MET_Broker: Cloudlet #2487 return received
44122.76079999998: MET_Broker: The number of finished Cloudlets is:2487
44130.34799999998: MET_Broker: Cloudlet #2490 return received
44130.34799999998: MET_Broker: The number of finished Cloudlets is:2488
44151.19919999998: MET_Broker: Cloudlet #2489 return received
44151.19919999998: MET_Broker: The number of finished Cloudlets is:2489
44168.96199999998: MET_Broker: Cloudlet #2477 return received
44168.96199999998: MET_Broker: The number of finished Cloudlets is:2490
44171.969599999975: MET_Broker: Cloudlet #2491 return received
44171.969599999975: MET_Broker: The number of finished Cloudlets is:2491
44173.29199999997: MET_Broker: Cloudlet #2475 return received
44173.29199999997: MET_Broker: The number of finished Cloudlets is:2492
44183.51239999997: MET_Broker: Cloudlet #2493 return received
44183.51239999997: MET_Broker: The number of finished Cloudlets is:2493
44194.95599999997: MET_Broker: Cloudlet #2495 return received
44194.95599999997: MET_Broker: The number of finished Cloudlets is:2494
44196.06479999997: MET_Broker: Cloudlet #2494 return received
44196.06479999997: MET_Broker: The number of finished Cloudlets is:2495
44206.75079999997: MET_Broker: Cloudlet #2492 return received
44206.75079999997: MET_Broker: The number of finished Cloudlets is:2496
44220.67039999997: MET_Broker: Cloudlet #2499 return received
44220.67039999997: MET_Broker: The number of finished Cloudlets is:2497
44223.261599999976: MET_Broker: Cloudlet #2496 return received
44223.261599999976: MET_Broker: The number of finished Cloudlets is:2498
44234.92079999998: MET_Broker: Cloudlet #2498 return received
44234.92079999998: MET_Broker: The number of finished Cloudlets is:2499
44253.64559999998: MET_Broker: Cloudlet #2502 return received
44253.64559999998: MET_Broker: The number of finished Cloudlets is:2500
44254.74119999998: MET_Broker: Cloudlet #2497 return received
44254.74119999998: MET_Broker: The number of finished Cloudlets is:2501
44307.26199999998: MET_Broker: Cloudlet #2503 return received
44307.26199999998: MET_Broker: The number of finished Cloudlets is:2502
44327.75479999998: MET_Broker: Cloudlet #2500 return received
44327.75479999998: MET_Broker: The number of finished Cloudlets is:2503
44359.98599999998: MET_Broker: Cloudlet #2504 return received
44359.98599999998: MET_Broker: The number of finished Cloudlets is:2504
44364.23799999998: MET_Broker: Cloudlet #2506 return received
44364.23799999998: MET_Broker: The number of finished Cloudlets is:2505
44371.83719999998: MET_Broker: Cloudlet #2507 return received
44371.83719999998: MET_Broker: The number of finished Cloudlets is:2506
44414.41519999998: MET_Broker: Cloudlet #2505 return received
44414.41519999998: MET_Broker: The number of finished Cloudlets is:2507
44416.62839999998: MET_Broker: Cloudlet #2501 return received
44416.62839999998: MET_Broker: The number of finished Cloudlets is:2508
44421.84839999998: MET_Broker: Cloudlet #2508 return received
44421.84839999998: MET_Broker: The number of finished Cloudlets is:2509
44430.87959999998: MET_Broker: Cloudlet #2512 return received
44430.87959999998: MET_Broker: The number of finished Cloudlets is:2510
44432.334799999975: MET_Broker: Cloudlet #2510 return received
44432.334799999975: MET_Broker: The number of finished Cloudlets is:2511
44445.26039999998: MET_Broker: Cloudlet #2513 return received
44445.26039999998: MET_Broker: The number of finished Cloudlets is:2512
44462.705199999975: MET_Broker: Cloudlet #2511 return received
44462.705199999975: MET_Broker: The number of finished Cloudlets is:2513
44475.20359999997: MET_Broker: Cloudlet #2516 return received
44475.20359999997: MET_Broker: The number of finished Cloudlets is:2514
44502.70199999997: MET_Broker: Cloudlet #2515 return received
44502.70199999997: MET_Broker: The number of finished Cloudlets is:2515
44503.33679999997: MET_Broker: Cloudlet #2517 return received
44503.33679999997: MET_Broker: The number of finished Cloudlets is:2516
44535.376399999965: MET_Broker: Cloudlet #2518 return received
44535.376399999965: MET_Broker: The number of finished Cloudlets is:2517
44549.60519999996: MET_Broker: Cloudlet #2520 return received
44549.60519999996: MET_Broker: The number of finished Cloudlets is:2518
44569.74639999996: MET_Broker: Cloudlet #2509 return received
44569.74639999996: MET_Broker: The number of finished Cloudlets is:2519
44599.45359999996: MET_Broker: Cloudlet #2514 return received
44599.45359999996: MET_Broker: The number of finished Cloudlets is:2520
44642.72719999996: MET_Broker: Cloudlet #2523 return received
44642.72719999996: MET_Broker: The number of finished Cloudlets is:2521
44675.934399999955: MET_Broker: Cloudlet #2519 return received
44675.934399999955: MET_Broker: The number of finished Cloudlets is:2522
44708.38439999995: MET_Broker: Cloudlet #2521 return received
44708.38439999995: MET_Broker: The number of finished Cloudlets is:2523
44727.03279999995: MET_Broker: Cloudlet #2526 return received
44727.03279999995: MET_Broker: The number of finished Cloudlets is:2524
44738.78959999995: MET_Broker: Cloudlet #2527 return received
44738.78959999995: MET_Broker: The number of finished Cloudlets is:2525
44751.185199999956: MET_Broker: Cloudlet #2528 return received
44751.185199999956: MET_Broker: The number of finished Cloudlets is:2526
44779.843999999954: MET_Broker: Cloudlet #2522 return received
44779.843999999954: MET_Broker: The number of finished Cloudlets is:2527
44807.88319999995: MET_Broker: Cloudlet #2525 return received
44807.88319999995: MET_Broker: The number of finished Cloudlets is:2528
44814.94919999995: MET_Broker: Cloudlet #2530 return received
44814.94919999995: MET_Broker: The number of finished Cloudlets is:2529
44815.423999999955: MET_Broker: Cloudlet #2524 return received
44815.423999999955: MET_Broker: The number of finished Cloudlets is:2530
44831.03359999996: MET_Broker: Cloudlet #2532 return received
44831.03359999996: MET_Broker: The number of finished Cloudlets is:2531
44831.11079999996: MET_Broker: Cloudlet #2533 return received
44831.11079999996: MET_Broker: The number of finished Cloudlets is:2532
44844.591599999956: MET_Broker: Cloudlet #2531 return received
44844.591599999956: MET_Broker: The number of finished Cloudlets is:2533
44863.71879999996: MET_Broker: Cloudlet #2535 return received
44863.71879999996: MET_Broker: The number of finished Cloudlets is:2534
44871.35679999996: MET_Broker: Cloudlet #2536 return received
44871.35679999996: MET_Broker: The number of finished Cloudlets is:2535
44889.87999999996: MET_Broker: Cloudlet #2538 return received
44889.87999999996: MET_Broker: The number of finished Cloudlets is:2536
44897.54599999996: MET_Broker: Cloudlet #2539 return received
44897.54599999996: MET_Broker: The number of finished Cloudlets is:2537
44971.82399999996: MET_Broker: Cloudlet #2534 return received
44971.82399999996: MET_Broker: The number of finished Cloudlets is:2538
44989.33599999996: MET_Broker: Cloudlet #2541 return received
44989.33599999996: MET_Broker: The number of finished Cloudlets is:2539
45039.57279999996: MET_Broker: Cloudlet #2540 return received
45039.57279999996: MET_Broker: The number of finished Cloudlets is:2540
45045.904399999956: MET_Broker: Cloudlet #2543 return received
45045.904399999956: MET_Broker: The number of finished Cloudlets is:2541
45051.64559999995: MET_Broker: Cloudlet #2529 return received
45051.64559999995: MET_Broker: The number of finished Cloudlets is:2542
45067.59359999995: MET_Broker: Cloudlet #2544 return received
45067.59359999995: MET_Broker: The number of finished Cloudlets is:2543
45076.17399999995: MET_Broker: Cloudlet #2546 return received
45076.17399999995: MET_Broker: The number of finished Cloudlets is:2544
45078.17199999995: MET_Broker: Cloudlet #2545 return received
45078.17199999995: MET_Broker: The number of finished Cloudlets is:2545
45137.046799999946: MET_Broker: Cloudlet #2548 return received
45137.046799999946: MET_Broker: The number of finished Cloudlets is:2546
45154.17399999995: MET_Broker: Cloudlet #2537 return received
45154.17399999995: MET_Broker: The number of finished Cloudlets is:2547
45157.81719999995: MET_Broker: Cloudlet #2547 return received
45157.81719999995: MET_Broker: The number of finished Cloudlets is:2548
45182.435599999946: MET_Broker: Cloudlet #2549 return received
45182.435599999946: MET_Broker: The number of finished Cloudlets is:2549
45202.42399999995: MET_Broker: Cloudlet #2552 return received
45202.42399999995: MET_Broker: The number of finished Cloudlets is:2550
45316.699999999946: MET_Broker: Cloudlet #2542 return received
45316.699999999946: MET_Broker: The number of finished Cloudlets is:2551
45321.297999999944: MET_Broker: Cloudlet #2550 return received
45321.297999999944: MET_Broker: The number of finished Cloudlets is:2552
45325.53679999994: MET_Broker: Cloudlet #2554 return received
45325.53679999994: MET_Broker: The number of finished Cloudlets is:2553
45341.644799999944: MET_Broker: Cloudlet #2555 return received
45341.644799999944: MET_Broker: The number of finished Cloudlets is:2554
45346.136399999945: MET_Broker: Cloudlet #2556 return received
45346.136399999945: MET_Broker: The number of finished Cloudlets is:2555
45381.52159999994: MET_Broker: Cloudlet #2558 return received
45381.52159999994: MET_Broker: The number of finished Cloudlets is:2556
45385.79519999994: MET_Broker: Cloudlet #2557 return received
45385.79519999994: MET_Broker: The number of finished Cloudlets is:2557
45390.76439999994: MET_Broker: Cloudlet #2551 return received
45390.76439999994: MET_Broker: The number of finished Cloudlets is:2558
45398.75839999994: MET_Broker: Cloudlet #2560 return received
45398.75839999994: MET_Broker: The number of finished Cloudlets is:2559
45402.19479999994: MET_Broker: Cloudlet #2561 return received
45402.19479999994: MET_Broker: The number of finished Cloudlets is:2560
45412.171599999936: MET_Broker: Cloudlet #2559 return received
45412.171599999936: MET_Broker: The number of finished Cloudlets is:2561
45416.30479999993: MET_Broker: Cloudlet #2562 return received
45416.30479999993: MET_Broker: The number of finished Cloudlets is:2562
45419.28359999993: MET_Broker: Cloudlet #2563 return received
45419.28359999993: MET_Broker: The number of finished Cloudlets is:2563
45424.60679999993: MET_Broker: Cloudlet #2564 return received
45424.60679999993: MET_Broker: The number of finished Cloudlets is:2564
45431.17359999993: MET_Broker: Cloudlet #2566 return received
45431.17359999993: MET_Broker: The number of finished Cloudlets is:2565
45445.42799999993: MET_Broker: Cloudlet #2567 return received
45445.42799999993: MET_Broker: The number of finished Cloudlets is:2566
45476.01199999993: MET_Broker: Cloudlet #2565 return received
45476.01199999993: MET_Broker: The number of finished Cloudlets is:2567
45500.21959999993: MET_Broker: Cloudlet #2570 return received
45500.21959999993: MET_Broker: The number of finished Cloudlets is:2568
45501.18839999993: MET_Broker: Cloudlet #2553 return received
45501.18839999993: MET_Broker: The number of finished Cloudlets is:2569
45509.388799999935: MET_Broker: Cloudlet #2572 return received
45509.388799999935: MET_Broker: The number of finished Cloudlets is:2570
45522.68879999994: MET_Broker: Cloudlet #2573 return received
45522.68879999994: MET_Broker: The number of finished Cloudlets is:2571
45533.19399999994: MET_Broker: Cloudlet #2571 return received
45533.19399999994: MET_Broker: The number of finished Cloudlets is:2572
45542.819999999934: MET_Broker: Cloudlet #2575 return received
45542.819999999934: MET_Broker: The number of finished Cloudlets is:2573
45606.672799999935: MET_Broker: Cloudlet #2569 return received
45606.672799999935: MET_Broker: The number of finished Cloudlets is:2574
45620.09119999994: MET_Broker: Cloudlet #2577 return received
45620.09119999994: MET_Broker: The number of finished Cloudlets is:2575
45624.44799999994: MET_Broker: Cloudlet #2568 return received
45624.44799999994: MET_Broker: The number of finished Cloudlets is:2576
45712.01399999994: MET_Broker: Cloudlet #2574 return received
45712.01399999994: MET_Broker: The number of finished Cloudlets is:2577
45745.030799999935: MET_Broker: Cloudlet #2580 return received
45745.030799999935: MET_Broker: The number of finished Cloudlets is:2578
45745.653199999935: MET_Broker: Cloudlet #2579 return received
45745.653199999935: MET_Broker: The number of finished Cloudlets is:2579
45778.028799999935: MET_Broker: Cloudlet #2576 return received
45778.028799999935: MET_Broker: The number of finished Cloudlets is:2580
45786.95319999994: MET_Broker: Cloudlet #2581 return received
45786.95319999994: MET_Broker: The number of finished Cloudlets is:2581
45790.12799999994: MET_Broker: Cloudlet #2582 return received
45790.12799999994: MET_Broker: The number of finished Cloudlets is:2582
45809.935999999936: MET_Broker: Cloudlet #2584 return received
45809.935999999936: MET_Broker: The number of finished Cloudlets is:2583
45816.177999999934: MET_Broker: Cloudlet #2578 return received
45816.177999999934: MET_Broker: The number of finished Cloudlets is:2584
45818.731599999934: MET_Broker: Cloudlet #2586 return received
45818.731599999934: MET_Broker: The number of finished Cloudlets is:2585
45839.55199999993: MET_Broker: Cloudlet #2588 return received
45839.55199999993: MET_Broker: The number of finished Cloudlets is:2586
45848.24839999993: MET_Broker: Cloudlet #2585 return received
45848.24839999993: MET_Broker: The number of finished Cloudlets is:2587
45861.84279999993: MET_Broker: Cloudlet #2589 return received
45861.84279999993: MET_Broker: The number of finished Cloudlets is:2588
45863.47079999993: MET_Broker: Cloudlet #2590 return received
45863.47079999993: MET_Broker: The number of finished Cloudlets is:2589
45878.77199999993: MET_Broker: Cloudlet #2592 return received
45878.77199999993: MET_Broker: The number of finished Cloudlets is:2590
45890.81439999993: MET_Broker: Cloudlet #2583 return received
45890.81439999993: MET_Broker: The number of finished Cloudlets is:2591
45891.59359999993: MET_Broker: Cloudlet #2587 return received
45891.59359999993: MET_Broker: The number of finished Cloudlets is:2592
45897.756399999926: MET_Broker: Cloudlet #2593 return received
45897.756399999926: MET_Broker: The number of finished Cloudlets is:2593
45907.90119999993: MET_Broker: Cloudlet #2594 return received
45907.90119999993: MET_Broker: The number of finished Cloudlets is:2594
45914.96759999993: MET_Broker: Cloudlet #2596 return received
45914.96759999993: MET_Broker: The number of finished Cloudlets is:2595
45926.567999999934: MET_Broker: Cloudlet #2597 return received
45926.567999999934: MET_Broker: The number of finished Cloudlets is:2596
45928.04039999993: MET_Broker: Cloudlet #2595 return received
45928.04039999993: MET_Broker: The number of finished Cloudlets is:2597
45928.42119999993: MET_Broker: Cloudlet #2598 return received
45928.42119999993: MET_Broker: The number of finished Cloudlets is:2598
45944.43839999993: MET_Broker: Cloudlet #2600 return received
45944.43839999993: MET_Broker: The number of finished Cloudlets is:2599
45956.082399999934: MET_Broker: Cloudlet #2602 return received
45956.082399999934: MET_Broker: The number of finished Cloudlets is:2600
45980.743599999936: MET_Broker: Cloudlet #2601 return received
45980.743599999936: MET_Broker: The number of finished Cloudlets is:2601
46016.92039999994: MET_Broker: Cloudlet #2604 return received
46016.92039999994: MET_Broker: The number of finished Cloudlets is:2602
46039.72679999994: MET_Broker: Cloudlet #2603 return received
46039.72679999994: MET_Broker: The number of finished Cloudlets is:2603
46045.48559999994: MET_Broker: Cloudlet #2591 return received
46045.48559999994: MET_Broker: The number of finished Cloudlets is:2604
46059.49519999994: MET_Broker: Cloudlet #2605 return received
46059.49519999994: MET_Broker: The number of finished Cloudlets is:2605
46072.93879999994: MET_Broker: Cloudlet #2606 return received
46072.93879999994: MET_Broker: The number of finished Cloudlets is:2606
46081.791999999936: MET_Broker: Cloudlet #2608 return received
46081.791999999936: MET_Broker: The number of finished Cloudlets is:2607
46099.355999999934: MET_Broker: Cloudlet #2607 return received
46099.355999999934: MET_Broker: The number of finished Cloudlets is:2608
46145.675999999934: MET_Broker: Cloudlet #2611 return received
46145.675999999934: MET_Broker: The number of finished Cloudlets is:2609
46162.374399999935: MET_Broker: Cloudlet #2612 return received
46162.374399999935: MET_Broker: The number of finished Cloudlets is:2610
46220.05399999994: MET_Broker: Cloudlet #2599 return received
46220.05399999994: MET_Broker: The number of finished Cloudlets is:2611
46228.02639999994: MET_Broker: Cloudlet #2614 return received
46228.02639999994: MET_Broker: The number of finished Cloudlets is:2612
46251.36959999994: MET_Broker: Cloudlet #2615 return received
46251.36959999994: MET_Broker: The number of finished Cloudlets is:2613
46252.58199999994: MET_Broker: Cloudlet #2610 return received
46252.58199999994: MET_Broker: The number of finished Cloudlets is:2614
46299.367199999935: MET_Broker: Cloudlet #2616 return received
46299.367199999935: MET_Broker: The number of finished Cloudlets is:2615
46310.155199999936: MET_Broker: Cloudlet #2609 return received
46310.155199999936: MET_Broker: The number of finished Cloudlets is:2616
46323.092399999936: MET_Broker: Cloudlet #2619 return received
46323.092399999936: MET_Broker: The number of finished Cloudlets is:2617
46351.12399999994: MET_Broker: Cloudlet #2620 return received
46351.12399999994: MET_Broker: The number of finished Cloudlets is:2618
46370.74119999994: MET_Broker: Cloudlet #2617 return received
46370.74119999994: MET_Broker: The number of finished Cloudlets is:2619
46405.32359999994: MET_Broker: Cloudlet #2621 return received
46405.32359999994: MET_Broker: The number of finished Cloudlets is:2620
46407.944399999935: MET_Broker: Cloudlet #2622 return received
46407.944399999935: MET_Broker: The number of finished Cloudlets is:2621
46425.94519999994: MET_Broker: Cloudlet #2623 return received
46425.94519999994: MET_Broker: The number of finished Cloudlets is:2622
46491.90079999994: MET_Broker: Cloudlet #2624 return received
46491.90079999994: MET_Broker: The number of finished Cloudlets is:2623
46513.79679999994: MET_Broker: Cloudlet #2613 return received
46513.79679999994: MET_Broker: The number of finished Cloudlets is:2624
46524.244799999935: MET_Broker: Cloudlet #2627 return received
46524.244799999935: MET_Broker: The number of finished Cloudlets is:2625
46540.54159999993: MET_Broker: Cloudlet #2626 return received
46540.54159999993: MET_Broker: The number of finished Cloudlets is:2626
46573.59479999993: MET_Broker: Cloudlet #2618 return received
46573.59479999993: MET_Broker: The number of finished Cloudlets is:2627
46579.95599999993: MET_Broker: Cloudlet #2628 return received
46579.95599999993: MET_Broker: The number of finished Cloudlets is:2628
46604.06119999993: MET_Broker: Cloudlet #2625 return received
46604.06119999993: MET_Broker: The number of finished Cloudlets is:2629
46627.11959999993: MET_Broker: Cloudlet #2631 return received
46627.11959999993: MET_Broker: The number of finished Cloudlets is:2630
46647.83999999993: MET_Broker: Cloudlet #2632 return received
46647.83999999993: MET_Broker: The number of finished Cloudlets is:2631
46699.56719999993: MET_Broker: Cloudlet #2630 return received
46699.56719999993: MET_Broker: The number of finished Cloudlets is:2632
46700.59439999993: MET_Broker: Cloudlet #2634 return received
46700.59439999993: MET_Broker: The number of finished Cloudlets is:2633
46725.07199999993: MET_Broker: Cloudlet #2629 return received
46725.07199999993: MET_Broker: The number of finished Cloudlets is:2634
46726.806799999926: MET_Broker: Cloudlet #2635 return received
46726.806799999926: MET_Broker: The number of finished Cloudlets is:2635
46737.31079999993: MET_Broker: Cloudlet #2637 return received
46737.31079999993: MET_Broker: The number of finished Cloudlets is:2636
46738.40599999993: MET_Broker: Cloudlet #2633 return received
46738.40599999993: MET_Broker: The number of finished Cloudlets is:2637
46738.54759999993: MET_Broker: Cloudlet #2638 return received
46738.54759999993: MET_Broker: The number of finished Cloudlets is:2638
46758.251999999935: MET_Broker: Cloudlet #2641 return received
46758.251999999935: MET_Broker: The number of finished Cloudlets is:2639
46764.82679999994: MET_Broker: Cloudlet #2642 return received
46764.82679999994: MET_Broker: The number of finished Cloudlets is:2640
46789.01279999994: MET_Broker: Cloudlet #2639 return received
46789.01279999994: MET_Broker: The number of finished Cloudlets is:2641
46797.38199999994: MET_Broker: Cloudlet #2644 return received
46797.38199999994: MET_Broker: The number of finished Cloudlets is:2642
46809.15479999994: MET_Broker: Cloudlet #2645 return received
46809.15479999994: MET_Broker: The number of finished Cloudlets is:2643
46885.97879999994: MET_Broker: Cloudlet #2643 return received
46885.97879999994: MET_Broker: The number of finished Cloudlets is:2644
46929.95119999994: MET_Broker: Cloudlet #2647 return received
46929.95119999994: MET_Broker: The number of finished Cloudlets is:2645
46947.369199999936: MET_Broker: Cloudlet #2648 return received
46947.369199999936: MET_Broker: The number of finished Cloudlets is:2646
46991.769599999934: MET_Broker: Cloudlet #2649 return received
46991.769599999934: MET_Broker: The number of finished Cloudlets is:2647
47013.01079999993: MET_Broker: Cloudlet #2640 return received
47013.01079999993: MET_Broker: The number of finished Cloudlets is:2648
47014.60759999993: MET_Broker: Cloudlet #2636 return received
47014.60759999993: MET_Broker: The number of finished Cloudlets is:2649
47020.14359999993: MET_Broker: Cloudlet #2650 return received
47020.14359999993: MET_Broker: The number of finished Cloudlets is:2650
47030.15519999993: MET_Broker: Cloudlet #2651 return received
47030.15519999993: MET_Broker: The number of finished Cloudlets is:2651
47044.06079999993: MET_Broker: Cloudlet #2654 return received
47044.06079999993: MET_Broker: The number of finished Cloudlets is:2652
47065.053999999924: MET_Broker: Cloudlet #2655 return received
47065.053999999924: MET_Broker: The number of finished Cloudlets is:2653
47083.35879999992: MET_Broker: Cloudlet #2656 return received
47083.35879999992: MET_Broker: The number of finished Cloudlets is:2654
47132.50159999992: MET_Broker: Cloudlet #2657 return received
47132.50159999992: MET_Broker: The number of finished Cloudlets is:2655
47151.17079999992: MET_Broker: Cloudlet #2646 return received
47151.17079999992: MET_Broker: The number of finished Cloudlets is:2656
47151.65559999992: MET_Broker: Cloudlet #2658 return received
47151.65559999992: MET_Broker: The number of finished Cloudlets is:2657
47162.21119999992: MET_Broker: Cloudlet #2659 return received
47162.21119999992: MET_Broker: The number of finished Cloudlets is:2658
47177.57959999992: MET_Broker: Cloudlet #2652 return received
47177.57959999992: MET_Broker: The number of finished Cloudlets is:2659
47214.223999999915: MET_Broker: Cloudlet #2661 return received
47214.223999999915: MET_Broker: The number of finished Cloudlets is:2660
47357.89839999992: MET_Broker: Cloudlet #2653 return received
47357.89839999992: MET_Broker: The number of finished Cloudlets is:2661
47403.087999999916: MET_Broker: Cloudlet #2664 return received
47403.087999999916: MET_Broker: The number of finished Cloudlets is:2662
47407.28599999991: MET_Broker: Cloudlet #2660 return received
47407.28599999991: MET_Broker: The number of finished Cloudlets is:2663
47419.689999999915: MET_Broker: Cloudlet #2663 return received
47419.689999999915: MET_Broker: The number of finished Cloudlets is:2664
47439.78839999992: MET_Broker: Cloudlet #2665 return received
47439.78839999992: MET_Broker: The number of finished Cloudlets is:2665
47451.98759999992: MET_Broker: Cloudlet #2662 return received
47451.98759999992: MET_Broker: The number of finished Cloudlets is:2666
47457.52559999992: MET_Broker: Cloudlet #2666 return received
47457.52559999992: MET_Broker: The number of finished Cloudlets is:2667
47600.22719999992: MET_Broker: Cloudlet #2670 return received
47600.22719999992: MET_Broker: The number of finished Cloudlets is:2668
47609.64879999992: MET_Broker: Cloudlet #2668 return received
47609.64879999992: MET_Broker: The number of finished Cloudlets is:2669
47640.39559999992: MET_Broker: Cloudlet #2669 return received
47640.39559999992: MET_Broker: The number of finished Cloudlets is:2670
47641.84839999992: MET_Broker: Cloudlet #2667 return received
47641.84839999992: MET_Broker: The number of finished Cloudlets is:2671
47642.06759999992: MET_Broker: Cloudlet #2671 return received
47642.06759999992: MET_Broker: The number of finished Cloudlets is:2672
47645.87399999992: MET_Broker: Cloudlet #2672 return received
47645.87399999992: MET_Broker: The number of finished Cloudlets is:2673
47667.33919999992: MET_Broker: Cloudlet #2675 return received
47667.33919999992: MET_Broker: The number of finished Cloudlets is:2674
47679.684399999926: MET_Broker: Cloudlet #2674 return received
47679.684399999926: MET_Broker: The number of finished Cloudlets is:2675
47699.737999999925: MET_Broker: Cloudlet #2676 return received
47699.737999999925: MET_Broker: The number of finished Cloudlets is:2676
47711.28999999993: MET_Broker: Cloudlet #2679 return received
47711.28999999993: MET_Broker: The number of finished Cloudlets is:2677
47719.92079999993: MET_Broker: Cloudlet #2680 return received
47719.92079999993: MET_Broker: The number of finished Cloudlets is:2678
47735.02319999993: MET_Broker: Cloudlet #2678 return received
47735.02319999993: MET_Broker: The number of finished Cloudlets is:2679
47747.02119999993: MET_Broker: Cloudlet #2681 return received
47747.02119999993: MET_Broker: The number of finished Cloudlets is:2680
47756.96239999993: MET_Broker: Cloudlet #2682 return received
47756.96239999993: MET_Broker: The number of finished Cloudlets is:2681
47758.74399999993: MET_Broker: Cloudlet #2673 return received
47758.74399999993: MET_Broker: The number of finished Cloudlets is:2682
47778.64679999994: MET_Broker: Cloudlet #2685 return received
47778.64679999994: MET_Broker: The number of finished Cloudlets is:2683
47794.302399999935: MET_Broker: Cloudlet #2683 return received
47794.302399999935: MET_Broker: The number of finished Cloudlets is:2684
47800.735599999934: MET_Broker: Cloudlet #2684 return received
47800.735599999934: MET_Broker: The number of finished Cloudlets is:2685
47805.456799999934: MET_Broker: Cloudlet #2677 return received
47805.456799999934: MET_Broker: The number of finished Cloudlets is:2686
47811.365999999936: MET_Broker: Cloudlet #2686 return received
47811.365999999936: MET_Broker: The number of finished Cloudlets is:2687
47812.26599999994: MET_Broker: Cloudlet #2688 return received
47812.26599999994: MET_Broker: The number of finished Cloudlets is:2688
47812.61239999994: MET_Broker: Cloudlet #2689 return received
47812.61239999994: MET_Broker: The number of finished Cloudlets is:2689
47821.60159999994: MET_Broker: Cloudlet #2690 return received
47821.60159999994: MET_Broker: The number of finished Cloudlets is:2690
47933.65959999994: MET_Broker: Cloudlet #2693 return received
47933.65959999994: MET_Broker: The number of finished Cloudlets is:2691
47975.32879999994: MET_Broker: Cloudlet #2694 return received
47975.32879999994: MET_Broker: The number of finished Cloudlets is:2692
47992.624399999935: MET_Broker: Cloudlet #2691 return received
47992.624399999935: MET_Broker: The number of finished Cloudlets is:2693
48007.89359999994: MET_Broker: Cloudlet #2696 return received
48007.89359999994: MET_Broker: The number of finished Cloudlets is:2694
48017.94479999994: MET_Broker: Cloudlet #2697 return received
48017.94479999994: MET_Broker: The number of finished Cloudlets is:2695
48088.58359999994: MET_Broker: Cloudlet #2687 return received
48088.58359999994: MET_Broker: The number of finished Cloudlets is:2696
48090.08159999994: MET_Broker: Cloudlet #2692 return received
48090.08159999994: MET_Broker: The number of finished Cloudlets is:2697
48096.15159999994: MET_Broker: Cloudlet #2700 return received
48096.15159999994: MET_Broker: The number of finished Cloudlets is:2698
48106.01999999994: MET_Broker: Cloudlet #2701 return received
48106.01999999994: MET_Broker: The number of finished Cloudlets is:2699
48152.455599999936: MET_Broker: Cloudlet #2702 return received
48152.455599999936: MET_Broker: The number of finished Cloudlets is:2700
48200.59399999994: MET_Broker: Cloudlet #2703 return received
48200.59399999994: MET_Broker: The number of finished Cloudlets is:2701
48258.42759999994: MET_Broker: Cloudlet #2695 return received
48258.42759999994: MET_Broker: The number of finished Cloudlets is:2702
48261.489599999935: MET_Broker: Cloudlet #2698 return received
48261.489599999935: MET_Broker: The number of finished Cloudlets is:2703
48303.79479999994: MET_Broker: Cloudlet #2699 return received
48303.79479999994: MET_Broker: The number of finished Cloudlets is:2704
48310.53639999994: MET_Broker: Cloudlet #2706 return received
48310.53639999994: MET_Broker: The number of finished Cloudlets is:2705
48336.43279999994: MET_Broker: Cloudlet #2705 return received
48336.43279999994: MET_Broker: The number of finished Cloudlets is:2706
48355.521599999935: MET_Broker: Cloudlet #2707 return received
48355.521599999935: MET_Broker: The number of finished Cloudlets is:2707
48360.823999999935: MET_Broker: Cloudlet #2708 return received
48360.823999999935: MET_Broker: The number of finished Cloudlets is:2708
48387.69479999993: MET_Broker: Cloudlet #2711 return received
48387.69479999993: MET_Broker: The number of finished Cloudlets is:2709
48400.376399999936: MET_Broker: Cloudlet #2712 return received
48400.376399999936: MET_Broker: The number of finished Cloudlets is:2710
48407.86079999994: MET_Broker: Cloudlet #2704 return received
48407.86079999994: MET_Broker: The number of finished Cloudlets is:2711
48435.34919999994: MET_Broker: Cloudlet #2713 return received
48435.34919999994: MET_Broker: The number of finished Cloudlets is:2712
48449.03959999994: MET_Broker: Cloudlet #2715 return received
48449.03959999994: MET_Broker: The number of finished Cloudlets is:2713
48456.696399999935: MET_Broker: Cloudlet #2716 return received
48456.696399999935: MET_Broker: The number of finished Cloudlets is:2714
48456.870399999934: MET_Broker: Cloudlet #2714 return received
48456.870399999934: MET_Broker: The number of finished Cloudlets is:2715
48490.56239999994: MET_Broker: Cloudlet #2709 return received
48490.56239999994: MET_Broker: The number of finished Cloudlets is:2716
48499.53839999994: MET_Broker: Cloudlet #2717 return received
48499.53839999994: MET_Broker: The number of finished Cloudlets is:2717
48551.26279999994: MET_Broker: Cloudlet #2720 return received
48551.26279999994: MET_Broker: The number of finished Cloudlets is:2718
48560.19439999994: MET_Broker: Cloudlet #2719 return received
48560.19439999994: MET_Broker: The number of finished Cloudlets is:2719
48588.55279999994: MET_Broker: Cloudlet #2710 return received
48588.55279999994: MET_Broker: The number of finished Cloudlets is:2720
48619.64159999994: MET_Broker: Cloudlet #2722 return received
48619.64159999994: MET_Broker: The number of finished Cloudlets is:2721
48632.814799999935: MET_Broker: Cloudlet #2718 return received
48632.814799999935: MET_Broker: The number of finished Cloudlets is:2722
48644.52319999994: MET_Broker: Cloudlet #2723 return received
48644.52319999994: MET_Broker: The number of finished Cloudlets is:2723
48645.14159999994: MET_Broker: Cloudlet #2725 return received
48645.14159999994: MET_Broker: The number of finished Cloudlets is:2724
48645.83999999994: MET_Broker: Cloudlet #2724 return received
48645.83999999994: MET_Broker: The number of finished Cloudlets is:2725
48668.92079999994: MET_Broker: Cloudlet #2727 return received
48668.92079999994: MET_Broker: The number of finished Cloudlets is:2726
48683.20919999994: MET_Broker: Cloudlet #2721 return received
48683.20919999994: MET_Broker: The number of finished Cloudlets is:2727
48692.17079999994: MET_Broker: Cloudlet #2728 return received
48692.17079999994: MET_Broker: The number of finished Cloudlets is:2728
48706.15439999994: MET_Broker: Cloudlet #2730 return received
48706.15439999994: MET_Broker: The number of finished Cloudlets is:2729
48725.427599999945: MET_Broker: Cloudlet #2729 return received
48725.427599999945: MET_Broker: The number of finished Cloudlets is:2730
48736.84959999994: MET_Broker: Cloudlet #2726 return received
48736.84959999994: MET_Broker: The number of finished Cloudlets is:2731
48760.45679999994: MET_Broker: Cloudlet #2732 return received
48760.45679999994: MET_Broker: The number of finished Cloudlets is:2732
48766.62599999994: MET_Broker: Cloudlet #2731 return received
48766.62599999994: MET_Broker: The number of finished Cloudlets is:2733
48774.386799999935: MET_Broker: Cloudlet #2735 return received
48774.386799999935: MET_Broker: The number of finished Cloudlets is:2734
48823.72359999993: MET_Broker: Cloudlet #2736 return received
48823.72359999993: MET_Broker: The number of finished Cloudlets is:2735
48840.368399999934: MET_Broker: Cloudlet #2738 return received
48840.368399999934: MET_Broker: The number of finished Cloudlets is:2736
48861.977199999936: MET_Broker: Cloudlet #2733 return received
48861.977199999936: MET_Broker: The number of finished Cloudlets is:2737
48862.91199999994: MET_Broker: Cloudlet #2734 return received
48862.91199999994: MET_Broker: The number of finished Cloudlets is:2738
48960.12079999994: MET_Broker: Cloudlet #2739 return received
48960.12079999994: MET_Broker: The number of finished Cloudlets is:2739
48972.94439999994: MET_Broker: Cloudlet #2741 return received
48972.94439999994: MET_Broker: The number of finished Cloudlets is:2740
48995.629199999945: MET_Broker: Cloudlet #2742 return received
48995.629199999945: MET_Broker: The number of finished Cloudlets is:2741
49012.097199999946: MET_Broker: Cloudlet #2737 return received
49012.097199999946: MET_Broker: The number of finished Cloudlets is:2742
49016.057999999946: MET_Broker: Cloudlet #2744 return received
49016.057999999946: MET_Broker: The number of finished Cloudlets is:2743
49033.542799999945: MET_Broker: Cloudlet #2746 return received
49033.542799999945: MET_Broker: The number of finished Cloudlets is:2744
49057.725999999944: MET_Broker: Cloudlet #2745 return received
49057.725999999944: MET_Broker: The number of finished Cloudlets is:2745
49211.117999999944: MET_Broker: Cloudlet #2740 return received
49211.117999999944: MET_Broker: The number of finished Cloudlets is:2746
49230.379199999945: MET_Broker: Cloudlet #2749 return received
49230.379199999945: MET_Broker: The number of finished Cloudlets is:2747
49243.356399999946: MET_Broker: Cloudlet #2743 return received
49243.356399999946: MET_Broker: The number of finished Cloudlets is:2748
49254.69319999994: MET_Broker: Cloudlet #2751 return received
49254.69319999994: MET_Broker: The number of finished Cloudlets is:2749
49292.25919999994: MET_Broker: Cloudlet #2752 return received
49292.25919999994: MET_Broker: The number of finished Cloudlets is:2750
49348.165199999945: MET_Broker: Cloudlet #2753 return received
49348.165199999945: MET_Broker: The number of finished Cloudlets is:2751
49367.60679999994: MET_Broker: Cloudlet #2747 return received
49367.60679999994: MET_Broker: The number of finished Cloudlets is:2752
49371.92399999994: MET_Broker: Cloudlet #2750 return received
49371.92399999994: MET_Broker: The number of finished Cloudlets is:2753
49398.60799999994: MET_Broker: Cloudlet #2754 return received
49398.60799999994: MET_Broker: The number of finished Cloudlets is:2754
49403.871999999945: MET_Broker: Cloudlet #2748 return received
49403.871999999945: MET_Broker: The number of finished Cloudlets is:2755
49417.384399999944: MET_Broker: Cloudlet #2755 return received
49417.384399999944: MET_Broker: The number of finished Cloudlets is:2756
49453.53919999994: MET_Broker: Cloudlet #2758 return received
49453.53919999994: MET_Broker: The number of finished Cloudlets is:2757
49455.49479999994: MET_Broker: Cloudlet #2757 return received
49455.49479999994: MET_Broker: The number of finished Cloudlets is:2758
49459.71279999994: MET_Broker: Cloudlet #2756 return received
49459.71279999994: MET_Broker: The number of finished Cloudlets is:2759
49473.60519999994: MET_Broker: Cloudlet #2761 return received
49473.60519999994: MET_Broker: The number of finished Cloudlets is:2760
49515.00999999994: MET_Broker: Cloudlet #2763 return received
49515.00999999994: MET_Broker: The number of finished Cloudlets is:2761
49522.21559999994: MET_Broker: Cloudlet #2764 return received
49522.21559999994: MET_Broker: The number of finished Cloudlets is:2762
49583.149199999934: MET_Broker: Cloudlet #2765 return received
49583.149199999934: MET_Broker: The number of finished Cloudlets is:2763
49583.21039999993: MET_Broker: Cloudlet #2760 return received
49583.21039999993: MET_Broker: The number of finished Cloudlets is:2764
49598.15519999993: MET_Broker: Cloudlet #2767 return received
49598.15519999993: MET_Broker: The number of finished Cloudlets is:2765
49604.07679999993: MET_Broker: Cloudlet #2762 return received
49604.07679999993: MET_Broker: The number of finished Cloudlets is:2766
49614.66159999993: MET_Broker: Cloudlet #2759 return received
49614.66159999993: MET_Broker: The number of finished Cloudlets is:2767
49630.85359999993: MET_Broker: Cloudlet #2768 return received
49630.85359999993: MET_Broker: The number of finished Cloudlets is:2768
49657.72039999993: MET_Broker: Cloudlet #2769 return received
49657.72039999993: MET_Broker: The number of finished Cloudlets is:2769
49731.885599999936: MET_Broker: Cloudlet #2766 return received
49731.885599999936: MET_Broker: The number of finished Cloudlets is:2770
49739.029599999936: MET_Broker: Cloudlet #2773 return received
49739.029599999936: MET_Broker: The number of finished Cloudlets is:2771
49785.257999999936: MET_Broker: Cloudlet #2774 return received
49785.257999999936: MET_Broker: The number of finished Cloudlets is:2772
49801.285999999935: MET_Broker: Cloudlet #2775 return received
49801.285999999935: MET_Broker: The number of finished Cloudlets is:2773
49808.692399999934: MET_Broker: Cloudlet #2770 return received
49808.692399999934: MET_Broker: The number of finished Cloudlets is:2774
49831.054399999935: MET_Broker: Cloudlet #2776 return received
49831.054399999935: MET_Broker: The number of finished Cloudlets is:2775
49854.602799999935: MET_Broker: Cloudlet #2778 return received
49854.602799999935: MET_Broker: The number of finished Cloudlets is:2776
49856.53439999994: MET_Broker: Cloudlet #2777 return received
49856.53439999994: MET_Broker: The number of finished Cloudlets is:2777
49875.79479999994: MET_Broker: Cloudlet #2779 return received
49875.79479999994: MET_Broker: The number of finished Cloudlets is:2778
49876.32759999994: MET_Broker: Cloudlet #2772 return received
49876.32759999994: MET_Broker: The number of finished Cloudlets is:2779
49883.15079999994: MET_Broker: Cloudlet #2782 return received
49883.15079999994: MET_Broker: The number of finished Cloudlets is:2780
49889.087199999936: MET_Broker: Cloudlet #2781 return received
49889.087199999936: MET_Broker: The number of finished Cloudlets is:2781
49906.316799999935: MET_Broker: Cloudlet #2784 return received
49906.316799999935: MET_Broker: The number of finished Cloudlets is:2782
49964.93679999994: MET_Broker: Cloudlet #2785 return received
49964.93679999994: MET_Broker: The number of finished Cloudlets is:2783
49967.93119999994: MET_Broker: Cloudlet #2771 return received
49967.93119999994: MET_Broker: The number of finished Cloudlets is:2784
49975.132399999944: MET_Broker: Cloudlet #2787 return received
49975.132399999944: MET_Broker: The number of finished Cloudlets is:2785
50030.96119999995: MET_Broker: Cloudlet #2780 return received
50030.96119999995: MET_Broker: The number of finished Cloudlets is:2786
50045.83639999995: MET_Broker: Cloudlet #2783 return received
50045.83639999995: MET_Broker: The number of finished Cloudlets is:2787
50058.29919999995: MET_Broker: Cloudlet #2789 return received
50058.29919999995: MET_Broker: The number of finished Cloudlets is:2788
50079.95639999995: MET_Broker: Cloudlet #2786 return received
50079.95639999995: MET_Broker: The number of finished Cloudlets is:2789
50086.71879999995: MET_Broker: Cloudlet #2790 return received
50086.71879999995: MET_Broker: The number of finished Cloudlets is:2790
50098.00799999995: MET_Broker: Cloudlet #2792 return received
50098.00799999995: MET_Broker: The number of finished Cloudlets is:2791
50103.81279999995: MET_Broker: Cloudlet #2791 return received
50103.81279999995: MET_Broker: The number of finished Cloudlets is:2792
50111.46399999995: MET_Broker: Cloudlet #2788 return received
50111.46399999995: MET_Broker: The number of finished Cloudlets is:2793
50125.76839999995: MET_Broker: Cloudlet #2795 return received
50125.76839999995: MET_Broker: The number of finished Cloudlets is:2794
50126.67679999995: MET_Broker: Cloudlet #2793 return received
50126.67679999995: MET_Broker: The number of finished Cloudlets is:2795
50143.95879999995: MET_Broker: Cloudlet #2797 return received
50143.95879999995: MET_Broker: The number of finished Cloudlets is:2796
50153.96879999995: MET_Broker: Cloudlet #2796 return received
50153.96879999995: MET_Broker: The number of finished Cloudlets is:2797
50173.88639999995: MET_Broker: Cloudlet #2800 return received
50173.88639999995: MET_Broker: The number of finished Cloudlets is:2798
50174.55319999995: MET_Broker: Cloudlet #2799 return received
50174.55319999995: MET_Broker: The number of finished Cloudlets is:2799
50184.78799999995: MET_Broker: Cloudlet #2802 return received
50184.78799999995: MET_Broker: The number of finished Cloudlets is:2800
50209.83799999995: MET_Broker: Cloudlet #2803 return received
50209.83799999995: MET_Broker: The number of finished Cloudlets is:2801
50223.41639999995: MET_Broker: Cloudlet #2794 return received
50223.41639999995: MET_Broker: The number of finished Cloudlets is:2802
50245.46039999995: MET_Broker: Cloudlet #2798 return received
50245.46039999995: MET_Broker: The number of finished Cloudlets is:2803
50256.45239999995: MET_Broker: Cloudlet #2804 return received
50256.45239999995: MET_Broker: The number of finished Cloudlets is:2804
50270.64279999995: MET_Broker: Cloudlet #2807 return received
50270.64279999995: MET_Broker: The number of finished Cloudlets is:2805
50285.80879999995: MET_Broker: Cloudlet #2808 return received
50285.80879999995: MET_Broker: The number of finished Cloudlets is:2806
50317.199999999946: MET_Broker: Cloudlet #2809 return received
50317.199999999946: MET_Broker: The number of finished Cloudlets is:2807
50335.13039999994: MET_Broker: Cloudlet #2805 return received
50335.13039999994: MET_Broker: The number of finished Cloudlets is:2808
50350.59679999994: MET_Broker: Cloudlet #2810 return received
50350.59679999994: MET_Broker: The number of finished Cloudlets is:2809
50367.60239999994: MET_Broker: Cloudlet #2812 return received
50367.60239999994: MET_Broker: The number of finished Cloudlets is:2810
50374.813599999936: MET_Broker: Cloudlet #2813 return received
50374.813599999936: MET_Broker: The number of finished Cloudlets is:2811
50386.674799999935: MET_Broker: Cloudlet #2801 return received
50386.674799999935: MET_Broker: The number of finished Cloudlets is:2812
50412.449599999934: MET_Broker: Cloudlet #2814 return received
50412.449599999934: MET_Broker: The number of finished Cloudlets is:2813
50423.97079999994: MET_Broker: Cloudlet #2816 return received
50423.97079999994: MET_Broker: The number of finished Cloudlets is:2814
50432.51159999994: MET_Broker: Cloudlet #2817 return received
50432.51159999994: MET_Broker: The number of finished Cloudlets is:2815
50434.97439999994: MET_Broker: Cloudlet #2815 return received
50434.97439999994: MET_Broker: The number of finished Cloudlets is:2816
50489.617999999944: MET_Broker: Cloudlet #2811 return received
50489.617999999944: MET_Broker: The number of finished Cloudlets is:2817
50565.59279999995: MET_Broker: Cloudlet #2806 return received
50565.59279999995: MET_Broker: The number of finished Cloudlets is:2818
50579.13599999995: MET_Broker: Cloudlet #2818 return received
50579.13599999995: MET_Broker: The number of finished Cloudlets is:2819
50594.055199999944: MET_Broker: Cloudlet #2822 return received
50594.055199999944: MET_Broker: The number of finished Cloudlets is:2820
50626.29399999994: MET_Broker: Cloudlet #2819 return received
50626.29399999994: MET_Broker: The number of finished Cloudlets is:2821
50636.247599999944: MET_Broker: Cloudlet #2824 return received
50636.247599999944: MET_Broker: The number of finished Cloudlets is:2822
50639.92479999994: MET_Broker: Cloudlet #2820 return received
50639.92479999994: MET_Broker: The number of finished Cloudlets is:2823
50670.46079999994: MET_Broker: Cloudlet #2825 return received
50670.46079999994: MET_Broker: The number of finished Cloudlets is:2824
50677.92679999994: MET_Broker: Cloudlet #2827 return received
50677.92679999994: MET_Broker: The number of finished Cloudlets is:2825
50686.94559999994: MET_Broker: Cloudlet #2826 return received
50686.94559999994: MET_Broker: The number of finished Cloudlets is:2826
50720.94959999994: MET_Broker: Cloudlet #2821 return received
50720.94959999994: MET_Broker: The number of finished Cloudlets is:2827
50744.25799999994: MET_Broker: Cloudlet #2830 return received
50744.25799999994: MET_Broker: The number of finished Cloudlets is:2828
50745.51639999994: MET_Broker: Cloudlet #2829 return received
50745.51639999994: MET_Broker: The number of finished Cloudlets is:2829
50787.07639999994: MET_Broker: Cloudlet #2823 return received
50787.07639999994: MET_Broker: The number of finished Cloudlets is:2830
50789.10839999994: MET_Broker: Cloudlet #2832 return received
50789.10839999994: MET_Broker: The number of finished Cloudlets is:2831
50837.57919999994: MET_Broker: Cloudlet #2834 return received
50837.57919999994: MET_Broker: The number of finished Cloudlets is:2832
50887.71959999994: MET_Broker: Cloudlet #2831 return received
50887.71959999994: MET_Broker: The number of finished Cloudlets is:2833
50895.65559999994: MET_Broker: Cloudlet #2836 return received
50895.65559999994: MET_Broker: The number of finished Cloudlets is:2834
50939.07839999994: MET_Broker: Cloudlet #2837 return received
50939.07839999994: MET_Broker: The number of finished Cloudlets is:2835
50952.92639999994: MET_Broker: Cloudlet #2838 return received
50952.92639999994: MET_Broker: The number of finished Cloudlets is:2836
50965.84679999994: MET_Broker: Cloudlet #2828 return received
50965.84679999994: MET_Broker: The number of finished Cloudlets is:2837
50979.17999999994: MET_Broker: Cloudlet #2840 return received
50979.17999999994: MET_Broker: The number of finished Cloudlets is:2838
50987.04559999994: MET_Broker: Cloudlet #2841 return received
50987.04559999994: MET_Broker: The number of finished Cloudlets is:2839
50999.94199999994: MET_Broker: Cloudlet #2839 return received
50999.94199999994: MET_Broker: The number of finished Cloudlets is:2840
51002.53439999994: MET_Broker: Cloudlet #2833 return received
51002.53439999994: MET_Broker: The number of finished Cloudlets is:2841
51009.15439999994: MET_Broker: Cloudlet #2844 return received
51009.15439999994: MET_Broker: The number of finished Cloudlets is:2842
51012.86199999994: MET_Broker: Cloudlet #2843 return received
51012.86199999994: MET_Broker: The number of finished Cloudlets is:2843
51026.63879999994: MET_Broker: Cloudlet #2845 return received
51026.63879999994: MET_Broker: The number of finished Cloudlets is:2844
51053.805199999944: MET_Broker: Cloudlet #2842 return received
51053.805199999944: MET_Broker: The number of finished Cloudlets is:2845
51063.81159999994: MET_Broker: Cloudlet #2848 return received
51063.81159999994: MET_Broker: The number of finished Cloudlets is:2846
51065.106399999946: MET_Broker: Cloudlet #2846 return received
51065.106399999946: MET_Broker: The number of finished Cloudlets is:2847
51106.60919999995: MET_Broker: Cloudlet #2847 return received
51106.60919999995: MET_Broker: The number of finished Cloudlets is:2848
51119.748399999946: MET_Broker: Cloudlet #2851 return received
51119.748399999946: MET_Broker: The number of finished Cloudlets is:2849
51163.909199999944: MET_Broker: Cloudlet #2852 return received
51163.909199999944: MET_Broker: The number of finished Cloudlets is:2850
51170.997599999944: MET_Broker: Cloudlet #2835 return received
51170.997599999944: MET_Broker: The number of finished Cloudlets is:2851
51209.61519999994: MET_Broker: Cloudlet #2849 return received
51209.61519999994: MET_Broker: The number of finished Cloudlets is:2852
51220.82119999994: MET_Broker: Cloudlet #2853 return received
51220.82119999994: MET_Broker: The number of finished Cloudlets is:2853
51222.61879999994: MET_Broker: Cloudlet #2855 return received
51222.61879999994: MET_Broker: The number of finished Cloudlets is:2854
51224.444399999935: MET_Broker: Cloudlet #2854 return received
51224.444399999935: MET_Broker: The number of finished Cloudlets is:2855
51227.993599999936: MET_Broker: Cloudlet #2850 return received
51227.993599999936: MET_Broker: The number of finished Cloudlets is:2856
51240.333199999935: MET_Broker: Cloudlet #2856 return received
51240.333199999935: MET_Broker: The number of finished Cloudlets is:2857
51276.229199999936: MET_Broker: Cloudlet #2860 return received
51276.229199999936: MET_Broker: The number of finished Cloudlets is:2858
51278.239599999935: MET_Broker: Cloudlet #2857 return received
51278.239599999935: MET_Broker: The number of finished Cloudlets is:2859
51294.23319999994: MET_Broker: Cloudlet #2862 return received
51294.23319999994: MET_Broker: The number of finished Cloudlets is:2860
51330.11559999994: MET_Broker: Cloudlet #2859 return received
51330.11559999994: MET_Broker: The number of finished Cloudlets is:2861
51353.93159999994: MET_Broker: Cloudlet #2864 return received
51353.93159999994: MET_Broker: The number of finished Cloudlets is:2862
51403.10959999994: MET_Broker: Cloudlet #2861 return received
51403.10959999994: MET_Broker: The number of finished Cloudlets is:2863
51417.429999999935: MET_Broker: Cloudlet #2858 return received
51417.429999999935: MET_Broker: The number of finished Cloudlets is:2864
51434.32879999994: MET_Broker: Cloudlet #2866 return received
51434.32879999994: MET_Broker: The number of finished Cloudlets is:2865
51446.94719999994: MET_Broker: Cloudlet #2868 return received
51446.94719999994: MET_Broker: The number of finished Cloudlets is:2866
51449.637599999936: MET_Broker: Cloudlet #2867 return received
51449.637599999936: MET_Broker: The number of finished Cloudlets is:2867
51459.897199999934: MET_Broker: Cloudlet #2870 return received
51459.897199999934: MET_Broker: The number of finished Cloudlets is:2868
51461.602799999935: MET_Broker: Cloudlet #2869 return received
51461.602799999935: MET_Broker: The number of finished Cloudlets is:2869
51513.185999999936: MET_Broker: Cloudlet #2872 return received
51513.185999999936: MET_Broker: The number of finished Cloudlets is:2870
51527.43079999994: MET_Broker: Cloudlet #2873 return received
51527.43079999994: MET_Broker: The number of finished Cloudlets is:2871
51579.627599999934: MET_Broker: Cloudlet #2865 return received
51579.627599999934: MET_Broker: The number of finished Cloudlets is:2872
51594.47479999993: MET_Broker: Cloudlet #2863 return received
51594.47479999993: MET_Broker: The number of finished Cloudlets is:2873
51603.94319999993: MET_Broker: Cloudlet #2876 return received
51603.94319999993: MET_Broker: The number of finished Cloudlets is:2874
51622.16759999993: MET_Broker: Cloudlet #2875 return received
51622.16759999993: MET_Broker: The number of finished Cloudlets is:2875
51626.14159999993: MET_Broker: Cloudlet #2871 return received
51626.14159999993: MET_Broker: The number of finished Cloudlets is:2876
51638.92479999993: MET_Broker: Cloudlet #2877 return received
51638.92479999993: MET_Broker: The number of finished Cloudlets is:2877
51680.513599999926: MET_Broker: Cloudlet #2879 return received
51680.513599999926: MET_Broker: The number of finished Cloudlets is:2878
51682.04799999992: MET_Broker: Cloudlet #2880 return received
51682.04799999992: MET_Broker: The number of finished Cloudlets is:2879
51706.05199999992: MET_Broker: Cloudlet #2878 return received
51706.05199999992: MET_Broker: The number of finished Cloudlets is:2880
51722.13839999992: MET_Broker: Cloudlet #2883 return received
51722.13839999992: MET_Broker: The number of finished Cloudlets is:2881
51724.165999999925: MET_Broker: Cloudlet #2881 return received
51724.165999999925: MET_Broker: The number of finished Cloudlets is:2882
51732.19439999993: MET_Broker: Cloudlet #2884 return received
51732.19439999993: MET_Broker: The number of finished Cloudlets is:2883
51738.75399999993: MET_Broker: Cloudlet #2886 return received
51738.75399999993: MET_Broker: The number of finished Cloudlets is:2884
51740.62719999993: MET_Broker: Cloudlet #2882 return received
51740.62719999993: MET_Broker: The number of finished Cloudlets is:2885
51751.37359999993: MET_Broker: Cloudlet #2885 return received
51751.37359999993: MET_Broker: The number of finished Cloudlets is:2886
51756.74759999994: MET_Broker: Cloudlet #2874 return received
51756.74759999994: MET_Broker: The number of finished Cloudlets is:2887
51758.31639999994: MET_Broker: Cloudlet #2888 return received
51758.31639999994: MET_Broker: The number of finished Cloudlets is:2888
51774.543199999935: MET_Broker: Cloudlet #2887 return received
51774.543199999935: MET_Broker: The number of finished Cloudlets is:2889
51781.13199999993: MET_Broker: Cloudlet #2891 return received
51781.13199999993: MET_Broker: The number of finished Cloudlets is:2890
51796.79399999993: MET_Broker: Cloudlet #2893 return received
51796.79399999993: MET_Broker: The number of finished Cloudlets is:2891
51846.01199999993: MET_Broker: Cloudlet #2894 return received
51846.01199999993: MET_Broker: The number of finished Cloudlets is:2892
51875.416799999926: MET_Broker: Cloudlet #2889 return received
51875.416799999926: MET_Broker: The number of finished Cloudlets is:2893
51901.59839999993: MET_Broker: Cloudlet #2895 return received
51901.59839999993: MET_Broker: The number of finished Cloudlets is:2894
51903.40759999993: MET_Broker: Cloudlet #2896 return received
51903.40759999993: MET_Broker: The number of finished Cloudlets is:2895
51915.66919999993: MET_Broker: Cloudlet #2892 return received
51915.66919999993: MET_Broker: The number of finished Cloudlets is:2896
51943.55319999993: MET_Broker: Cloudlet #2899 return received
51943.55319999993: MET_Broker: The number of finished Cloudlets is:2897
51953.41159999993: MET_Broker: Cloudlet #2898 return received
51953.41159999993: MET_Broker: The number of finished Cloudlets is:2898
51965.89279999993: MET_Broker: Cloudlet #2901 return received
51965.89279999993: MET_Broker: The number of finished Cloudlets is:2899
51996.93719999993: MET_Broker: Cloudlet #2900 return received
51996.93719999993: MET_Broker: The number of finished Cloudlets is:2900
52050.586799999925: MET_Broker: Cloudlet #2903 return received
52050.586799999925: MET_Broker: The number of finished Cloudlets is:2901
52079.644399999925: MET_Broker: Cloudlet #2890 return received
52079.644399999925: MET_Broker: The number of finished Cloudlets is:2902
52126.644399999925: MET_Broker: Cloudlet #2905 return received
52126.644399999925: MET_Broker: The number of finished Cloudlets is:2903
52184.289599999924: MET_Broker: Cloudlet #2902 return received
52184.289599999924: MET_Broker: The number of finished Cloudlets is:2904
52257.571199999926: MET_Broker: Cloudlet #2907 return received
52257.571199999926: MET_Broker: The number of finished Cloudlets is:2905
52258.48199999992: MET_Broker: Cloudlet #2897 return received
52258.48199999992: MET_Broker: The number of finished Cloudlets is:2906
52271.104399999924: MET_Broker: Cloudlet #2908 return received
52271.104399999924: MET_Broker: The number of finished Cloudlets is:2907
52275.362399999925: MET_Broker: Cloudlet #2906 return received
52275.362399999925: MET_Broker: The number of finished Cloudlets is:2908
52292.05839999993: MET_Broker: Cloudlet #2904 return received
52292.05839999993: MET_Broker: The number of finished Cloudlets is:2909
52300.58599999993: MET_Broker: Cloudlet #2910 return received
52300.58599999993: MET_Broker: The number of finished Cloudlets is:2910
52313.18679999993: MET_Broker: Cloudlet #2909 return received
52313.18679999993: MET_Broker: The number of finished Cloudlets is:2911
52321.80039999993: MET_Broker: Cloudlet #2914 return received
52321.80039999993: MET_Broker: The number of finished Cloudlets is:2912
52329.16159999993: MET_Broker: Cloudlet #2911 return received
52329.16159999993: MET_Broker: The number of finished Cloudlets is:2913
52386.32519999993: MET_Broker: Cloudlet #2916 return received
52386.32519999993: MET_Broker: The number of finished Cloudlets is:2914
52403.71679999993: MET_Broker: Cloudlet #2917 return received
52403.71679999993: MET_Broker: The number of finished Cloudlets is:2915
52437.66959999993: MET_Broker: Cloudlet #2913 return received
52437.66959999993: MET_Broker: The number of finished Cloudlets is:2916
52489.14359999993: MET_Broker: Cloudlet #2912 return received
52489.14359999993: MET_Broker: The number of finished Cloudlets is:2917
52492.78839999993: MET_Broker: Cloudlet #2919 return received
52492.78839999993: MET_Broker: The number of finished Cloudlets is:2918
52522.24959999993: MET_Broker: Cloudlet #2921 return received
52522.24959999993: MET_Broker: The number of finished Cloudlets is:2919
52525.98239999993: MET_Broker: Cloudlet #2920 return received
52525.98239999993: MET_Broker: The number of finished Cloudlets is:2920
52565.29519999993: MET_Broker: Cloudlet #2923 return received
52565.29519999993: MET_Broker: The number of finished Cloudlets is:2921
52573.09839999993: MET_Broker: Cloudlet #2924 return received
52573.09839999993: MET_Broker: The number of finished Cloudlets is:2922
52597.11199999993: MET_Broker: Cloudlet #2915 return received
52597.11199999993: MET_Broker: The number of finished Cloudlets is:2923
52605.220399999926: MET_Broker: Cloudlet #2926 return received
52605.220399999926: MET_Broker: The number of finished Cloudlets is:2924
52622.85079999993: MET_Broker: Cloudlet #2927 return received
52622.85079999993: MET_Broker: The number of finished Cloudlets is:2925
52658.00319999993: MET_Broker: Cloudlet #2928 return received
52658.00319999993: MET_Broker: The number of finished Cloudlets is:2926
52665.368799999924: MET_Broker: Cloudlet #2922 return received
52665.368799999924: MET_Broker: The number of finished Cloudlets is:2927
52670.25599999992: MET_Broker: Cloudlet #2918 return received
52670.25599999992: MET_Broker: The number of finished Cloudlets is:2928
52685.24439999992: MET_Broker: Cloudlet #2931 return received
52685.24439999992: MET_Broker: The number of finished Cloudlets is:2929
52696.32079999992: MET_Broker: Cloudlet #2929 return received
52696.32079999992: MET_Broker: The number of finished Cloudlets is:2930
52740.14199999992: MET_Broker: Cloudlet #2933 return received
52740.14199999992: MET_Broker: The number of finished Cloudlets is:2931
52789.26039999992: MET_Broker: Cloudlet #2930 return received
52789.26039999992: MET_Broker: The number of finished Cloudlets is:2932
52819.46599999992: MET_Broker: Cloudlet #2935 return received
52819.46599999992: MET_Broker: The number of finished Cloudlets is:2933
52863.93799999992: MET_Broker: Cloudlet #2925 return received
52863.93799999992: MET_Broker: The number of finished Cloudlets is:2934
52887.818399999924: MET_Broker: Cloudlet #2936 return received
52887.818399999924: MET_Broker: The number of finished Cloudlets is:2935
52927.80199999992: MET_Broker: Cloudlet #2938 return received
52927.80199999992: MET_Broker: The number of finished Cloudlets is:2936
52956.52319999992: MET_Broker: Cloudlet #2937 return received
52956.52319999992: MET_Broker: The number of finished Cloudlets is:2937
52961.87719999992: MET_Broker: Cloudlet #2939 return received
52961.87719999992: MET_Broker: The number of finished Cloudlets is:2938
52964.499199999926: MET_Broker: Cloudlet #2940 return received
52964.499199999926: MET_Broker: The number of finished Cloudlets is:2939
52972.35239999992: MET_Broker: Cloudlet #2934 return received
52972.35239999992: MET_Broker: The number of finished Cloudlets is:2940
52991.21879999992: MET_Broker: Cloudlet #2943 return received
52991.21879999992: MET_Broker: The number of finished Cloudlets is:2941
52997.52039999992: MET_Broker: Cloudlet #2941 return received
52997.52039999992: MET_Broker: The number of finished Cloudlets is:2942
52997.769999999924: MET_Broker: Cloudlet #2944 return received
52997.769999999924: MET_Broker: The number of finished Cloudlets is:2943
53005.59679999993: MET_Broker: Cloudlet #2932 return received
53005.59679999993: MET_Broker: The number of finished Cloudlets is:2944
53008.82399999993: MET_Broker: Cloudlet #2942 return received
53008.82399999993: MET_Broker: The number of finished Cloudlets is:2945
53009.32919999993: MET_Broker: Cloudlet #2945 return received
53009.32919999993: MET_Broker: The number of finished Cloudlets is:2946
53026.407599999926: MET_Broker: Cloudlet #2949 return received
53026.407599999926: MET_Broker: The number of finished Cloudlets is:2947
53039.63959999993: MET_Broker: Cloudlet #2950 return received
53039.63959999993: MET_Broker: The number of finished Cloudlets is:2948
53048.15679999993: MET_Broker: Cloudlet #2948 return received
53048.15679999993: MET_Broker: The number of finished Cloudlets is:2949
53059.09839999993: MET_Broker: Cloudlet #2947 return received
53059.09839999993: MET_Broker: The number of finished Cloudlets is:2950
53070.64679999993: MET_Broker: Cloudlet #2953 return received
53070.64679999993: MET_Broker: The number of finished Cloudlets is:2951
53079.62599999993: MET_Broker: Cloudlet #2954 return received
53079.62599999993: MET_Broker: The number of finished Cloudlets is:2952
53094.91239999993: MET_Broker: Cloudlet #2951 return received
53094.91239999993: MET_Broker: The number of finished Cloudlets is:2953
53109.75359999993: MET_Broker: Cloudlet #2955 return received
53109.75359999993: MET_Broker: The number of finished Cloudlets is:2954
53110.68079999993: MET_Broker: Cloudlet #2956 return received
53110.68079999993: MET_Broker: The number of finished Cloudlets is:2955
53116.86919999993: MET_Broker: Cloudlet #2958 return received
53116.86919999993: MET_Broker: The number of finished Cloudlets is:2956
53137.79839999993: MET_Broker: Cloudlet #2957 return received
53137.79839999993: MET_Broker: The number of finished Cloudlets is:2957
53141.14799999993: MET_Broker: Cloudlet #2959 return received
53141.14799999993: MET_Broker: The number of finished Cloudlets is:2958
53149.40679999993: MET_Broker: Cloudlet #2960 return received
53149.40679999993: MET_Broker: The number of finished Cloudlets is:2959
53171.15079999993: MET_Broker: Cloudlet #2961 return received
53171.15079999993: MET_Broker: The number of finished Cloudlets is:2960
53186.25799999993: MET_Broker: Cloudlet #2946 return received
53186.25799999993: MET_Broker: The number of finished Cloudlets is:2961
53189.48439999993: MET_Broker: Cloudlet #2963 return received
53189.48439999993: MET_Broker: The number of finished Cloudlets is:2962
53194.677199999926: MET_Broker: Cloudlet #2964 return received
53194.677199999926: MET_Broker: The number of finished Cloudlets is:2963
53208.015599999926: MET_Broker: Cloudlet #2952 return received
53208.015599999926: MET_Broker: The number of finished Cloudlets is:2964
53208.229599999926: MET_Broker: Cloudlet #2966 return received
53208.229599999926: MET_Broker: The number of finished Cloudlets is:2965
53214.60599999993: MET_Broker: Cloudlet #2965 return received
53214.60599999993: MET_Broker: The number of finished Cloudlets is:2966
53231.20119999993: MET_Broker: Cloudlet #2969 return received
53231.20119999993: MET_Broker: The number of finished Cloudlets is:2967
53255.57719999993: MET_Broker: Cloudlet #2967 return received
53255.57719999993: MET_Broker: The number of finished Cloudlets is:2968
53266.91319999993: MET_Broker: Cloudlet #2971 return received
53266.91319999993: MET_Broker: The number of finished Cloudlets is:2969
53288.67359999993: MET_Broker: Cloudlet #2972 return received
53288.67359999993: MET_Broker: The number of finished Cloudlets is:2970
53309.02359999993: MET_Broker: Cloudlet #2970 return received
53309.02359999993: MET_Broker: The number of finished Cloudlets is:2971
53317.88999999993: MET_Broker: Cloudlet #2973 return received
53317.88999999993: MET_Broker: The number of finished Cloudlets is:2972
53332.642399999924: MET_Broker: Cloudlet #2974 return received
53332.642399999924: MET_Broker: The number of finished Cloudlets is:2973
53352.66319999992: MET_Broker: Cloudlet #2975 return received
53352.66319999992: MET_Broker: The number of finished Cloudlets is:2974
53361.516799999925: MET_Broker: Cloudlet #2976 return received
53361.516799999925: MET_Broker: The number of finished Cloudlets is:2975
53396.430399999925: MET_Broker: Cloudlet #2968 return received
53396.430399999925: MET_Broker: The number of finished Cloudlets is:2976
53483.245199999925: MET_Broker: Cloudlet #2962 return received
53483.245199999925: MET_Broker: The number of finished Cloudlets is:2977
53491.70639999992: MET_Broker: Cloudlet #2979 return received
53491.70639999992: MET_Broker: The number of finished Cloudlets is:2978
53495.331599999925: MET_Broker: Cloudlet #2980 return received
53495.331599999925: MET_Broker: The number of finished Cloudlets is:2979
53544.817199999925: MET_Broker: Cloudlet #2982 return received
53544.817199999925: MET_Broker: The number of finished Cloudlets is:2980
53556.842799999926: MET_Broker: Cloudlet #2977 return received
53556.842799999926: MET_Broker: The number of finished Cloudlets is:2981
53562.79119999993: MET_Broker: Cloudlet #2983 return received
53562.79119999993: MET_Broker: The number of finished Cloudlets is:2982
53575.67039999993: MET_Broker: Cloudlet #2984 return received
53575.67039999993: MET_Broker: The number of finished Cloudlets is:2983
53580.67679999993: MET_Broker: Cloudlet #2985 return received
53580.67679999993: MET_Broker: The number of finished Cloudlets is:2984
53592.18319999993: MET_Broker: Cloudlet #2986 return received
53592.18319999993: MET_Broker: The number of finished Cloudlets is:2985
53707.81999999993: MET_Broker: Cloudlet #2978 return received
53707.81999999993: MET_Broker: The number of finished Cloudlets is:2986
53754.991199999924: MET_Broker: Cloudlet #2981 return received
53754.991199999924: MET_Broker: The number of finished Cloudlets is:2987
53770.313999999926: MET_Broker: Cloudlet #2988 return received
53770.313999999926: MET_Broker: The number of finished Cloudlets is:2988
53774.033199999925: MET_Broker: Cloudlet #2989 return received
53774.033199999925: MET_Broker: The number of finished Cloudlets is:2989
53791.83199999992: MET_Broker: Cloudlet #2990 return received
53791.83199999992: MET_Broker: The number of finished Cloudlets is:2990
53799.25199999992: MET_Broker: Cloudlet #2993 return received
53799.25199999992: MET_Broker: The number of finished Cloudlets is:2991
53814.27999999992: MET_Broker: Cloudlet #2991 return received
53814.27999999992: MET_Broker: The number of finished Cloudlets is:2992
53827.985199999915: MET_Broker: Cloudlet #2987 return received
53827.985199999915: MET_Broker: The number of finished Cloudlets is:2993
53831.02399999992: MET_Broker: Cloudlet #2992 return received
53831.02399999992: MET_Broker: The number of finished Cloudlets is:2994
53837.740399999915: MET_Broker: Cloudlet #2996 return received
53837.740399999915: MET_Broker: The number of finished Cloudlets is:2995
53848.87439999991: MET_Broker: Cloudlet #2994 return received
53848.87439999991: MET_Broker: The number of finished Cloudlets is:2996
53885.22559999991: MET_Broker: Cloudlet #2998 return received
53885.22559999991: MET_Broker: The number of finished Cloudlets is:2997
53933.33039999991: MET_Broker: Cloudlet #3000 return received
53933.33039999991: MET_Broker: The number of finished Cloudlets is:2998
53940.12759999991: MET_Broker: Cloudlet #2997 return received
53940.12759999991: MET_Broker: The number of finished Cloudlets is:2999
53967.547999999915: MET_Broker: Cloudlet #2995 return received
53967.547999999915: MET_Broker: The number of finished Cloudlets is:3000
53973.44079999992: MET_Broker: Cloudlet #3001 return received
53973.44079999992: MET_Broker: The number of finished Cloudlets is:3001
54032.959599999915: MET_Broker: Cloudlet #3004 return received
54032.959599999915: MET_Broker: The number of finished Cloudlets is:3002
54062.36319999991: MET_Broker: Cloudlet #3005 return received
54062.36319999991: MET_Broker: The number of finished Cloudlets is:3003
54064.38399999991: MET_Broker: Cloudlet #3003 return received
54064.38399999991: MET_Broker: The number of finished Cloudlets is:3004
54065.842399999914: MET_Broker: Cloudlet #3002 return received
54065.842399999914: MET_Broker: The number of finished Cloudlets is:3005
54086.142799999914: MET_Broker: Cloudlet #2999 return received
54086.142799999914: MET_Broker: The number of finished Cloudlets is:3006
54099.07439999992: MET_Broker: Cloudlet #3006 return received
54099.07439999992: MET_Broker: The number of finished Cloudlets is:3007
54108.006799999916: MET_Broker: Cloudlet #3010 return received
54108.006799999916: MET_Broker: The number of finished Cloudlets is:3008
54140.84719999992: MET_Broker: Cloudlet #3009 return received
54140.84719999992: MET_Broker: The number of finished Cloudlets is:3009
54149.34079999992: MET_Broker: Cloudlet #3011 return received
54149.34079999992: MET_Broker: The number of finished Cloudlets is:3010
54160.170399999915: MET_Broker: Cloudlet #3012 return received
54160.170399999915: MET_Broker: The number of finished Cloudlets is:3011
54182.02279999992: MET_Broker: Cloudlet #3008 return received
54182.02279999992: MET_Broker: The number of finished Cloudlets is:3012
54183.66279999992: MET_Broker: Cloudlet #3013 return received
54183.66279999992: MET_Broker: The number of finished Cloudlets is:3013
54189.064399999916: MET_Broker: Cloudlet #3015 return received
54189.064399999916: MET_Broker: The number of finished Cloudlets is:3014
54196.698399999914: MET_Broker: Cloudlet #3016 return received
54196.698399999914: MET_Broker: The number of finished Cloudlets is:3015
54199.114799999916: MET_Broker: Cloudlet #3017 return received
54199.114799999916: MET_Broker: The number of finished Cloudlets is:3016
54213.21439999992: MET_Broker: Cloudlet #3019 return received
54213.21439999992: MET_Broker: The number of finished Cloudlets is:3017
54220.683999999914: MET_Broker: Cloudlet #3018 return received
54220.683999999914: MET_Broker: The number of finished Cloudlets is:3018
54232.96719999991: MET_Broker: Cloudlet #3020 return received
54232.96719999991: MET_Broker: The number of finished Cloudlets is:3019
54240.35319999991: MET_Broker: Cloudlet #3021 return received
54240.35319999991: MET_Broker: The number of finished Cloudlets is:3020
54250.41079999991: MET_Broker: Cloudlet #3023 return received
54250.41079999991: MET_Broker: The number of finished Cloudlets is:3021
54273.33839999991: MET_Broker: Cloudlet #3007 return received
54273.33839999991: MET_Broker: The number of finished Cloudlets is:3022
54292.06879999991: MET_Broker: Cloudlet #3025 return received
54292.06879999991: MET_Broker: The number of finished Cloudlets is:3023
54293.16039999991: MET_Broker: Cloudlet #3024 return received
54293.16039999991: MET_Broker: The number of finished Cloudlets is:3024
54305.148799999915: MET_Broker: Cloudlet #3026 return received
54305.148799999915: MET_Broker: The number of finished Cloudlets is:3025
54320.43719999991: MET_Broker: Cloudlet #3027 return received
54320.43719999991: MET_Broker: The number of finished Cloudlets is:3026
54323.418399999915: MET_Broker: Cloudlet #3028 return received
54323.418399999915: MET_Broker: The number of finished Cloudlets is:3027
54338.89239999992: MET_Broker: Cloudlet #3029 return received
54338.89239999992: MET_Broker: The number of finished Cloudlets is:3028
54343.52599999992: MET_Broker: Cloudlet #3022 return received
54343.52599999992: MET_Broker: The number of finished Cloudlets is:3029
54367.460399999916: MET_Broker: Cloudlet #3032 return received
54367.460399999916: MET_Broker: The number of finished Cloudlets is:3030
54374.38799999992: MET_Broker: Cloudlet #3014 return received
54374.38799999992: MET_Broker: The number of finished Cloudlets is:3031
54379.767999999916: MET_Broker: Cloudlet #3030 return received
54379.767999999916: MET_Broker: The number of finished Cloudlets is:3032
54414.46799999991: MET_Broker: Cloudlet #3035 return received
54414.46799999991: MET_Broker: The number of finished Cloudlets is:3033
54451.66079999991: MET_Broker: Cloudlet #3036 return received
54451.66079999991: MET_Broker: The number of finished Cloudlets is:3034
54471.91919999991: MET_Broker: Cloudlet #3034 return received
54471.91919999991: MET_Broker: The number of finished Cloudlets is:3035
54496.82159999991: MET_Broker: Cloudlet #3038 return received
54496.82159999991: MET_Broker: The number of finished Cloudlets is:3036
54556.02479999991: MET_Broker: Cloudlet #3039 return received
54556.02479999991: MET_Broker: The number of finished Cloudlets is:3037
54566.25839999991: MET_Broker: Cloudlet #3031 return received
54566.25839999991: MET_Broker: The number of finished Cloudlets is:3038
54599.97439999991: MET_Broker: Cloudlet #3040 return received
54599.97439999991: MET_Broker: The number of finished Cloudlets is:3039
54602.653999999915: MET_Broker: Cloudlet #3041 return received
54602.653999999915: MET_Broker: The number of finished Cloudlets is:3040
54648.193199999914: MET_Broker: Cloudlet #3037 return received
54648.193199999914: MET_Broker: The number of finished Cloudlets is:3041
54658.58959999991: MET_Broker: Cloudlet #3043 return received
54658.58959999991: MET_Broker: The number of finished Cloudlets is:3042
54666.89639999991: MET_Broker: Cloudlet #3044 return received
54666.89639999991: MET_Broker: The number of finished Cloudlets is:3043
54709.66559999991: MET_Broker: Cloudlet #3042 return received
54709.66559999991: MET_Broker: The number of finished Cloudlets is:3044
54712.80239999991: MET_Broker: Cloudlet #3046 return received
54712.80239999991: MET_Broker: The number of finished Cloudlets is:3045
54720.402799999916: MET_Broker: Cloudlet #3033 return received
54720.402799999916: MET_Broker: The number of finished Cloudlets is:3046
54734.83559999992: MET_Broker: Cloudlet #3047 return received
54734.83559999992: MET_Broker: The number of finished Cloudlets is:3047
54780.03439999992: MET_Broker: Cloudlet #3049 return received
54780.03439999992: MET_Broker: The number of finished Cloudlets is:3048
54780.517999999916: MET_Broker: Cloudlet #3050 return received
54780.517999999916: MET_Broker: The number of finished Cloudlets is:3049
54791.10999999991: MET_Broker: Cloudlet #3048 return received
54791.10999999991: MET_Broker: The number of finished Cloudlets is:3050
54797.93639999991: MET_Broker: Cloudlet #3051 return received
54797.93639999991: MET_Broker: The number of finished Cloudlets is:3051
54802.29159999991: MET_Broker: Cloudlet #3052 return received
54802.29159999991: MET_Broker: The number of finished Cloudlets is:3052
54805.30159999991: MET_Broker: Cloudlet #3054 return received
54805.30159999991: MET_Broker: The number of finished Cloudlets is:3053
54847.37719999991: MET_Broker: Cloudlet #3045 return received
54847.37719999991: MET_Broker: The number of finished Cloudlets is:3054
54858.58759999991: MET_Broker: Cloudlet #3055 return received
54858.58759999991: MET_Broker: The number of finished Cloudlets is:3055
54863.24639999991: MET_Broker: Cloudlet #3056 return received
54863.24639999991: MET_Broker: The number of finished Cloudlets is:3056
54953.00559999991: MET_Broker: Cloudlet #3058 return received
54953.00559999991: MET_Broker: The number of finished Cloudlets is:3057
54975.76359999991: MET_Broker: Cloudlet #3053 return received
54975.76359999991: MET_Broker: The number of finished Cloudlets is:3058
54977.85359999991: MET_Broker: Cloudlet #3060 return received
54977.85359999991: MET_Broker: The number of finished Cloudlets is:3059
54981.99639999991: MET_Broker: Cloudlet #3057 return received
54981.99639999991: MET_Broker: The number of finished Cloudlets is:3060
54987.88599999991: MET_Broker: Cloudlet #3061 return received
54987.88599999991: MET_Broker: The number of finished Cloudlets is:3061
55000.78759999991: MET_Broker: Cloudlet #3063 return received
55000.78759999991: MET_Broker: The number of finished Cloudlets is:3062
55002.11119999991: MET_Broker: Cloudlet #3059 return received
55002.11119999991: MET_Broker: The number of finished Cloudlets is:3063
55018.60839999991: MET_Broker: Cloudlet #3064 return received
55018.60839999991: MET_Broker: The number of finished Cloudlets is:3064
55163.38839999991: MET_Broker: Cloudlet #3066 return received
55163.38839999991: MET_Broker: The number of finished Cloudlets is:3065
55179.06439999991: MET_Broker: Cloudlet #3067 return received
55179.06439999991: MET_Broker: The number of finished Cloudlets is:3066
55206.18479999991: MET_Broker: Cloudlet #3065 return received
55206.18479999991: MET_Broker: The number of finished Cloudlets is:3067
55207.65479999991: MET_Broker: Cloudlet #3062 return received
55207.65479999991: MET_Broker: The number of finished Cloudlets is:3068
55210.85919999991: MET_Broker: Cloudlet #3068 return received
55210.85919999991: MET_Broker: The number of finished Cloudlets is:3069
55266.549199999914: MET_Broker: Cloudlet #3072 return received
55266.549199999914: MET_Broker: The number of finished Cloudlets is:3070
55295.301999999916: MET_Broker: Cloudlet #3070 return received
55295.301999999916: MET_Broker: The number of finished Cloudlets is:3071
55347.888399999916: MET_Broker: Cloudlet #3073 return received
55347.888399999916: MET_Broker: The number of finished Cloudlets is:3072
55351.809199999916: MET_Broker: Cloudlet #3069 return received
55351.809199999916: MET_Broker: The number of finished Cloudlets is:3073
55378.693199999914: MET_Broker: Cloudlet #3075 return received
55378.693199999914: MET_Broker: The number of finished Cloudlets is:3074
55381.60399999991: MET_Broker: Cloudlet #3076 return received
55381.60399999991: MET_Broker: The number of finished Cloudlets is:3075
55387.52679999991: MET_Broker: Cloudlet #3077 return received
55387.52679999991: MET_Broker: The number of finished Cloudlets is:3076
55389.40239999991: MET_Broker: Cloudlet #3078 return received
55389.40239999991: MET_Broker: The number of finished Cloudlets is:3077
55406.20879999991: MET_Broker: Cloudlet #3074 return received
55406.20879999991: MET_Broker: The number of finished Cloudlets is:3078
55441.070799999914: MET_Broker: Cloudlet #3079 return received
55441.070799999914: MET_Broker: The number of finished Cloudlets is:3079
55460.14639999991: MET_Broker: Cloudlet #3081 return received
55460.14639999991: MET_Broker: The number of finished Cloudlets is:3080
55461.92239999991: MET_Broker: Cloudlet #3082 return received
55461.92239999991: MET_Broker: The number of finished Cloudlets is:3081
55475.90079999991: MET_Broker: Cloudlet #3084 return received
55475.90079999991: MET_Broker: The number of finished Cloudlets is:3082
55490.052399999906: MET_Broker: Cloudlet #3071 return received
55490.052399999906: MET_Broker: The number of finished Cloudlets is:3083
55536.99039999991: MET_Broker: Cloudlet #3085 return received
55536.99039999991: MET_Broker: The number of finished Cloudlets is:3084
55558.40399999991: MET_Broker: Cloudlet #3080 return received
55558.40399999991: MET_Broker: The number of finished Cloudlets is:3085
55579.350799999906: MET_Broker: Cloudlet #3083 return received
55579.350799999906: MET_Broker: The number of finished Cloudlets is:3086
55606.07479999991: MET_Broker: Cloudlet #3088 return received
55606.07479999991: MET_Broker: The number of finished Cloudlets is:3087
55635.36239999991: MET_Broker: Cloudlet #3090 return received
55635.36239999991: MET_Broker: The number of finished Cloudlets is:3088
55636.50919999991: MET_Broker: Cloudlet #3089 return received
55636.50919999991: MET_Broker: The number of finished Cloudlets is:3089
55667.648799999915: MET_Broker: Cloudlet #3091 return received
55667.648799999915: MET_Broker: The number of finished Cloudlets is:3090
55694.52159999991: MET_Broker: Cloudlet #3092 return received
55694.52159999991: MET_Broker: The number of finished Cloudlets is:3091
55711.240399999915: MET_Broker: Cloudlet #3086 return received
55711.240399999915: MET_Broker: The number of finished Cloudlets is:3092
55747.17519999992: MET_Broker: Cloudlet #3094 return received
55747.17519999992: MET_Broker: The number of finished Cloudlets is:3093
55756.73239999992: MET_Broker: Cloudlet #3096 return received
55756.73239999992: MET_Broker: The number of finished Cloudlets is:3094
55782.08359999992: MET_Broker: Cloudlet #3087 return received
55782.08359999992: MET_Broker: The number of finished Cloudlets is:3095
55782.10359999992: MET_Broker: Cloudlet #3095 return received
55782.10359999992: MET_Broker: The number of finished Cloudlets is:3096
55810.73039999992: MET_Broker: Cloudlet #3099 return received
55810.73039999992: MET_Broker: The number of finished Cloudlets is:3097
55897.04919999992: MET_Broker: Cloudlet #3097 return received
55897.04919999992: MET_Broker: The number of finished Cloudlets is:3098
55909.11719999992: MET_Broker: Cloudlet #3101 return received
55909.11719999992: MET_Broker: The number of finished Cloudlets is:3099
55946.37479999992: MET_Broker: Cloudlet #3100 return received
55946.37479999992: MET_Broker: The number of finished Cloudlets is:3100
55990.271199999916: MET_Broker: Cloudlet #3093 return received
55990.271199999916: MET_Broker: The number of finished Cloudlets is:3101
56013.13199999992: MET_Broker: Cloudlet #3102 return received
56013.13199999992: MET_Broker: The number of finished Cloudlets is:3102
56031.030399999916: MET_Broker: Cloudlet #3104 return received
56031.030399999916: MET_Broker: The number of finished Cloudlets is:3103
56089.36239999992: MET_Broker: Cloudlet #3106 return received
56089.36239999992: MET_Broker: The number of finished Cloudlets is:3104
56095.77559999992: MET_Broker: Cloudlet #3098 return received
56095.77559999992: MET_Broker: The number of finished Cloudlets is:3105
56101.88039999992: MET_Broker: Cloudlet #3107 return received
56101.88039999992: MET_Broker: The number of finished Cloudlets is:3106
56102.113599999924: MET_Broker: Cloudlet #3103 return received
56102.113599999924: MET_Broker: The number of finished Cloudlets is:3107
56119.11079999992: MET_Broker: Cloudlet #3110 return received
56119.11079999992: MET_Broker: The number of finished Cloudlets is:3108
56129.559999999925: MET_Broker: Cloudlet #3109 return received
56129.559999999925: MET_Broker: The number of finished Cloudlets is:3109
56136.093999999925: MET_Broker: Cloudlet #3112 return received
56136.093999999925: MET_Broker: The number of finished Cloudlets is:3110
56163.948799999926: MET_Broker: Cloudlet #3111 return received
56163.948799999926: MET_Broker: The number of finished Cloudlets is:3111
56185.60759999992: MET_Broker: Cloudlet #3113 return received
56185.60759999992: MET_Broker: The number of finished Cloudlets is:3112
56199.00079999992: MET_Broker: Cloudlet #3114 return received
56199.00079999992: MET_Broker: The number of finished Cloudlets is:3113
56223.13559999992: MET_Broker: Cloudlet #3116 return received
56223.13559999992: MET_Broker: The number of finished Cloudlets is:3114
56233.69599999992: MET_Broker: Cloudlet #3115 return received
56233.69599999992: MET_Broker: The number of finished Cloudlets is:3115
56251.26599999992: MET_Broker: Cloudlet #3108 return received
56251.26599999992: MET_Broker: The number of finished Cloudlets is:3116
56276.81279999992: MET_Broker: Cloudlet #3117 return received
56276.81279999992: MET_Broker: The number of finished Cloudlets is:3117
56306.12639999992: MET_Broker: Cloudlet #3105 return received
56306.12639999992: MET_Broker: The number of finished Cloudlets is:3118
56307.89719999992: MET_Broker: Cloudlet #3120 return received
56307.89719999992: MET_Broker: The number of finished Cloudlets is:3119
56324.67359999992: MET_Broker: Cloudlet #3122 return received
56324.67359999992: MET_Broker: The number of finished Cloudlets is:3120
56338.67439999992: MET_Broker: Cloudlet #3121 return received
56338.67439999992: MET_Broker: The number of finished Cloudlets is:3121
56384.813999999926: MET_Broker: Cloudlet #3118 return received
56384.813999999926: MET_Broker: The number of finished Cloudlets is:3122
56400.87959999993: MET_Broker: Cloudlet #3125 return received
56400.87959999993: MET_Broker: The number of finished Cloudlets is:3123
56406.72799999993: MET_Broker: Cloudlet #3119 return received
56406.72799999993: MET_Broker: The number of finished Cloudlets is:3124
56429.92679999993: MET_Broker: Cloudlet #3126 return received
56429.92679999993: MET_Broker: The number of finished Cloudlets is:3125
56475.45439999993: MET_Broker: Cloudlet #3127 return received
56475.45439999993: MET_Broker: The number of finished Cloudlets is:3126
56490.46559999993: MET_Broker: Cloudlet #3128 return received
56490.46559999993: MET_Broker: The number of finished Cloudlets is:3127
56505.34039999993: MET_Broker: Cloudlet #3130 return received
56505.34039999993: MET_Broker: The number of finished Cloudlets is:3128
56510.34679999993: MET_Broker: Cloudlet #3129 return received
56510.34679999993: MET_Broker: The number of finished Cloudlets is:3129
56527.24599999993: MET_Broker: Cloudlet #3132 return received
56527.24599999993: MET_Broker: The number of finished Cloudlets is:3130
56540.53759999992: MET_Broker: Cloudlet #3133 return received
56540.53759999992: MET_Broker: The number of finished Cloudlets is:3131
56549.90599999992: MET_Broker: Cloudlet #3124 return received
56549.90599999992: MET_Broker: The number of finished Cloudlets is:3132
56558.12519999992: MET_Broker: Cloudlet #3134 return received
56558.12519999992: MET_Broker: The number of finished Cloudlets is:3133
56560.17279999992: MET_Broker: Cloudlet #3131 return received
56560.17279999992: MET_Broker: The number of finished Cloudlets is:3134
56573.52759999992: MET_Broker: Cloudlet #3136 return received
56573.52759999992: MET_Broker: The number of finished Cloudlets is:3135
56578.11119999992: MET_Broker: Cloudlet #3137 return received
56578.11119999992: MET_Broker: The number of finished Cloudlets is:3136
56597.23479999992: MET_Broker: Cloudlet #3135 return received
56597.23479999992: MET_Broker: The number of finished Cloudlets is:3137
56605.610799999915: MET_Broker: Cloudlet #3123 return received
56605.610799999915: MET_Broker: The number of finished Cloudlets is:3138
56732.287599999916: MET_Broker: Cloudlet #3139 return received
56732.287599999916: MET_Broker: The number of finished Cloudlets is:3139
56741.46079999991: MET_Broker: Cloudlet #3142 return received
56741.46079999991: MET_Broker: The number of finished Cloudlets is:3140
56746.65119999991: MET_Broker: Cloudlet #3140 return received
56746.65119999991: MET_Broker: The number of finished Cloudlets is:3141
56748.14959999991: MET_Broker: Cloudlet #3138 return received
56748.14959999991: MET_Broker: The number of finished Cloudlets is:3142
56754.08039999991: MET_Broker: Cloudlet #3144 return received
56754.08039999991: MET_Broker: The number of finished Cloudlets is:3143
56780.97519999991: MET_Broker: Cloudlet #3141 return received
56780.97519999991: MET_Broker: The number of finished Cloudlets is:3144
56785.07239999991: MET_Broker: Cloudlet #3143 return received
56785.07239999991: MET_Broker: The number of finished Cloudlets is:3145
56810.52999999991: MET_Broker: Cloudlet #3145 return received
56810.52999999991: MET_Broker: The number of finished Cloudlets is:3146
56828.97279999991: MET_Broker: Cloudlet #3146 return received
56828.97279999991: MET_Broker: The number of finished Cloudlets is:3147
56868.32759999991: MET_Broker: Cloudlet #3149 return received
56868.32759999991: MET_Broker: The number of finished Cloudlets is:3148
56875.70639999991: MET_Broker: Cloudlet #3151 return received
56875.70639999991: MET_Broker: The number of finished Cloudlets is:3149
56888.24239999991: MET_Broker: Cloudlet #3150 return received
56888.24239999991: MET_Broker: The number of finished Cloudlets is:3150
56904.12719999991: MET_Broker: Cloudlet #3147 return received
56904.12719999991: MET_Broker: The number of finished Cloudlets is:3151
56912.56839999991: MET_Broker: Cloudlet #3152 return received
56912.56839999991: MET_Broker: The number of finished Cloudlets is:3152
56919.47239999991: MET_Broker: Cloudlet #3153 return received
56919.47239999991: MET_Broker: The number of finished Cloudlets is:3153
56929.62879999991: MET_Broker: Cloudlet #3155 return received
56929.62879999991: MET_Broker: The number of finished Cloudlets is:3154
56934.869199999914: MET_Broker: Cloudlet #3156 return received
56934.869199999914: MET_Broker: The number of finished Cloudlets is:3155
56945.55879999991: MET_Broker: Cloudlet #3154 return received
56945.55879999991: MET_Broker: The number of finished Cloudlets is:3156
56964.65959999991: MET_Broker: Cloudlet #3157 return received
56964.65959999991: MET_Broker: The number of finished Cloudlets is:3157
56982.457599999914: MET_Broker: Cloudlet #3160 return received
56982.457599999914: MET_Broker: The number of finished Cloudlets is:3158
57031.361999999914: MET_Broker: Cloudlet #3161 return received
57031.361999999914: MET_Broker: The number of finished Cloudlets is:3159
57056.534799999914: MET_Broker: Cloudlet #3148 return received
57056.534799999914: MET_Broker: The number of finished Cloudlets is:3160
57062.592399999914: MET_Broker: Cloudlet #3159 return received
57062.592399999914: MET_Broker: The number of finished Cloudlets is:3161
57104.15839999991: MET_Broker: Cloudlet #3164 return received
57104.15839999991: MET_Broker: The number of finished Cloudlets is:3162
57133.263199999914: MET_Broker: Cloudlet #3162 return received
57133.263199999914: MET_Broker: The number of finished Cloudlets is:3163
57201.89199999991: MET_Broker: Cloudlet #3165 return received
57201.89199999991: MET_Broker: The number of finished Cloudlets is:3164
57202.73079999991: MET_Broker: Cloudlet #3158 return received
57202.73079999991: MET_Broker: The number of finished Cloudlets is:3165
57210.85079999991: MET_Broker: Cloudlet #3163 return received
57210.85079999991: MET_Broker: The number of finished Cloudlets is:3166
57230.299199999914: MET_Broker: Cloudlet #3168 return received
57230.299199999914: MET_Broker: The number of finished Cloudlets is:3167
57267.26559999991: MET_Broker: Cloudlet #3170 return received
57267.26559999991: MET_Broker: The number of finished Cloudlets is:3168
57318.41279999991: MET_Broker: Cloudlet #3171 return received
57318.41279999991: MET_Broker: The number of finished Cloudlets is:3169
57344.92279999991: MET_Broker: Cloudlet #3172 return received
57344.92279999991: MET_Broker: The number of finished Cloudlets is:3170
57362.75839999991: MET_Broker: Cloudlet #3166 return received
57362.75839999991: MET_Broker: The number of finished Cloudlets is:3171
57364.84679999991: MET_Broker: Cloudlet #3173 return received
57364.84679999991: MET_Broker: The number of finished Cloudlets is:3172
57373.07399999991: MET_Broker: Cloudlet #3174 return received
57373.07399999991: MET_Broker: The number of finished Cloudlets is:3173
57392.05239999991: MET_Broker: Cloudlet #3169 return received
57392.05239999991: MET_Broker: The number of finished Cloudlets is:3174
57397.30039999991: MET_Broker: Cloudlet #3175 return received
57397.30039999991: MET_Broker: The number of finished Cloudlets is:3175
57407.905999999915: MET_Broker: Cloudlet #3176 return received
57407.905999999915: MET_Broker: The number of finished Cloudlets is:3176
57444.99119999992: MET_Broker: Cloudlet #3178 return received
57444.99119999992: MET_Broker: The number of finished Cloudlets is:3177
57449.24199999992: MET_Broker: Cloudlet #3177 return received
57449.24199999992: MET_Broker: The number of finished Cloudlets is:3178
57454.886399999916: MET_Broker: Cloudlet #3180 return received
57454.886399999916: MET_Broker: The number of finished Cloudlets is:3179
57456.453199999916: MET_Broker: Cloudlet #3167 return received
57456.453199999916: MET_Broker: The number of finished Cloudlets is:3180
57461.34159999992: MET_Broker: Cloudlet #3179 return received
57461.34159999992: MET_Broker: The number of finished Cloudlets is:3181
57486.52399999992: MET_Broker: Cloudlet #3181 return received
57486.52399999992: MET_Broker: The number of finished Cloudlets is:3182
57488.517999999916: MET_Broker: Cloudlet #3183 return received
57488.517999999916: MET_Broker: The number of finished Cloudlets is:3183
57488.80799999992: MET_Broker: Cloudlet #3182 return received
57488.80799999992: MET_Broker: The number of finished Cloudlets is:3184
57499.48879999992: MET_Broker: Cloudlet #3187 return received
57499.48879999992: MET_Broker: The number of finished Cloudlets is:3185
57508.40719999992: MET_Broker: Cloudlet #3188 return received
57508.40719999992: MET_Broker: The number of finished Cloudlets is:3186
57518.338799999925: MET_Broker: Cloudlet #3185 return received
57518.338799999925: MET_Broker: The number of finished Cloudlets is:3187
57521.27319999992: MET_Broker: Cloudlet #3184 return received
57521.27319999992: MET_Broker: The number of finished Cloudlets is:3188
57531.60159999992: MET_Broker: Cloudlet #3191 return received
57531.60159999992: MET_Broker: The number of finished Cloudlets is:3189
57543.75159999992: MET_Broker: Cloudlet #3186 return received
57543.75159999992: MET_Broker: The number of finished Cloudlets is:3190
57560.01039999993: MET_Broker: Cloudlet #3189 return received
57560.01039999993: MET_Broker: The number of finished Cloudlets is:3191
57571.82679999993: MET_Broker: Cloudlet #3190 return received
57571.82679999993: MET_Broker: The number of finished Cloudlets is:3192
57571.87319999993: MET_Broker: Cloudlet #3192 return received
57571.87319999993: MET_Broker: The number of finished Cloudlets is:3193
57586.09599999993: MET_Broker: Cloudlet #3195 return received
57586.09599999993: MET_Broker: The number of finished Cloudlets is:3194
57618.38839999993: MET_Broker: Cloudlet #3196 return received
57618.38839999993: MET_Broker: The number of finished Cloudlets is:3195
57631.63719999993: MET_Broker: Cloudlet #3194 return received
57631.63719999993: MET_Broker: The number of finished Cloudlets is:3196
57647.677999999934: MET_Broker: Cloudlet #3199 return received
57647.677999999934: MET_Broker: The number of finished Cloudlets is:3197
57652.21839999993: MET_Broker: Cloudlet #3197 return received
57652.21839999993: MET_Broker: The number of finished Cloudlets is:3198
57671.68279999993: MET_Broker: Cloudlet #3200 return received
57671.68279999993: MET_Broker: The number of finished Cloudlets is:3199
57676.73879999993: MET_Broker: Cloudlet #3201 return received
57676.73879999993: MET_Broker: The number of finished Cloudlets is:3200
57729.09559999993: MET_Broker: Cloudlet #3202 return received
57729.09559999993: MET_Broker: The number of finished Cloudlets is:3201
57770.76119999993: MET_Broker: Cloudlet #3193 return received
57770.76119999993: MET_Broker: The number of finished Cloudlets is:3202
57786.68359999993: MET_Broker: Cloudlet #3204 return received
57786.68359999993: MET_Broker: The number of finished Cloudlets is:3203
57802.21239999993: MET_Broker: Cloudlet #3205 return received
57802.21239999993: MET_Broker: The number of finished Cloudlets is:3204
57837.51719999993: MET_Broker: Cloudlet #3198 return received
57837.51719999993: MET_Broker: The number of finished Cloudlets is:3205
57847.39919999993: MET_Broker: Cloudlet #3208 return received
57847.39919999993: MET_Broker: The number of finished Cloudlets is:3206
57855.94599999992: MET_Broker: Cloudlet #3209 return received
57855.94599999992: MET_Broker: The number of finished Cloudlets is:3207
57856.59879999993: MET_Broker: Cloudlet #3203 return received
57856.59879999993: MET_Broker: The number of finished Cloudlets is:3208
57881.79399999993: MET_Broker: Cloudlet #3211 return received
57881.79399999993: MET_Broker: The number of finished Cloudlets is:3209
57912.40479999993: MET_Broker: Cloudlet #3210 return received
57912.40479999993: MET_Broker: The number of finished Cloudlets is:3210
57957.63119999993: MET_Broker: Cloudlet #3212 return received
57957.63119999993: MET_Broker: The number of finished Cloudlets is:3211
57959.43839999993: MET_Broker: Cloudlet #3206 return received
57959.43839999993: MET_Broker: The number of finished Cloudlets is:3212
57966.02839999993: MET_Broker: Cloudlet #3213 return received
57966.02839999993: MET_Broker: The number of finished Cloudlets is:3213
57970.03239999993: MET_Broker: Cloudlet #3214 return received
57970.03239999993: MET_Broker: The number of finished Cloudlets is:3214
57978.26999999993: MET_Broker: Cloudlet #3217 return received
57978.26999999993: MET_Broker: The number of finished Cloudlets is:3215
57984.15559999993: MET_Broker: Cloudlet #3216 return received
57984.15559999993: MET_Broker: The number of finished Cloudlets is:3216
58002.293199999935: MET_Broker: Cloudlet #3218 return received
58002.293199999935: MET_Broker: The number of finished Cloudlets is:3217
58002.43239999993: MET_Broker: Cloudlet #3219 return received
58002.43239999993: MET_Broker: The number of finished Cloudlets is:3218
58017.46639999993: MET_Broker: Cloudlet #3215 return received
58017.46639999993: MET_Broker: The number of finished Cloudlets is:3219
58030.30799999993: MET_Broker: Cloudlet #3220 return received
58030.30799999993: MET_Broker: The number of finished Cloudlets is:3220
58047.411599999934: MET_Broker: Cloudlet #3223 return received
58047.411599999934: MET_Broker: The number of finished Cloudlets is:3221
58053.73279999993: MET_Broker: Cloudlet #3224 return received
58053.73279999993: MET_Broker: The number of finished Cloudlets is:3222
58113.314799999935: MET_Broker: Cloudlet #3225 return received
58113.314799999935: MET_Broker: The number of finished Cloudlets is:3223
58143.192399999934: MET_Broker: Cloudlet #3222 return received
58143.192399999934: MET_Broker: The number of finished Cloudlets is:3224
58145.492799999935: MET_Broker: Cloudlet #3207 return received
58145.492799999935: MET_Broker: The number of finished Cloudlets is:3225
58148.90919999994: MET_Broker: Cloudlet #3226 return received
58148.90919999994: MET_Broker: The number of finished Cloudlets is:3226
58162.64679999994: MET_Broker: Cloudlet #3228 return received
58162.64679999994: MET_Broker: The number of finished Cloudlets is:3227
58176.23279999994: MET_Broker: Cloudlet #3230 return received
58176.23279999994: MET_Broker: The number of finished Cloudlets is:3228
58180.55919999994: MET_Broker: Cloudlet #3227 return received
58180.55919999994: MET_Broker: The number of finished Cloudlets is:3229
58192.16719999994: MET_Broker: Cloudlet #3231 return received
58192.16719999994: MET_Broker: The number of finished Cloudlets is:3230
58198.782799999935: MET_Broker: Cloudlet #3229 return received
58198.782799999935: MET_Broker: The number of finished Cloudlets is:3231
58213.60119999993: MET_Broker: Cloudlet #3234 return received
58213.60119999993: MET_Broker: The number of finished Cloudlets is:3232
58238.96559999993: MET_Broker: Cloudlet #3221 return received
58238.96559999993: MET_Broker: The number of finished Cloudlets is:3233
58239.10559999993: MET_Broker: Cloudlet #3232 return received
58239.10559999993: MET_Broker: The number of finished Cloudlets is:3234
58255.79199999993: MET_Broker: Cloudlet #3235 return received
58255.79199999993: MET_Broker: The number of finished Cloudlets is:3235
58289.88319999993: MET_Broker: Cloudlet #3237 return received
58289.88319999993: MET_Broker: The number of finished Cloudlets is:3236
58295.350799999935: MET_Broker: Cloudlet #3238 return received
58295.350799999935: MET_Broker: The number of finished Cloudlets is:3237
58296.71519999993: MET_Broker: Cloudlet #3236 return received
58296.71519999993: MET_Broker: The number of finished Cloudlets is:3238
58305.759199999935: MET_Broker: Cloudlet #3241 return received
58305.759199999935: MET_Broker: The number of finished Cloudlets is:3239
58341.482399999935: MET_Broker: Cloudlet #3239 return received
58341.482399999935: MET_Broker: The number of finished Cloudlets is:3240
58434.67919999993: MET_Broker: Cloudlet #3233 return received
58434.67919999993: MET_Broker: The number of finished Cloudlets is:3241
58456.037999999935: MET_Broker: Cloudlet #3244 return received
58456.037999999935: MET_Broker: The number of finished Cloudlets is:3242
58471.58559999993: MET_Broker: Cloudlet #3245 return received
58471.58559999993: MET_Broker: The number of finished Cloudlets is:3243
58501.44519999994: MET_Broker: Cloudlet #3242 return received
58501.44519999994: MET_Broker: The number of finished Cloudlets is:3244
58630.551199999936: MET_Broker: Cloudlet #3240 return received
58630.551199999936: MET_Broker: The number of finished Cloudlets is:3245
58666.706799999934: MET_Broker: Cloudlet #3243 return received
58666.706799999934: MET_Broker: The number of finished Cloudlets is:3246
58670.72879999993: MET_Broker: Cloudlet #3247 return received
58670.72879999993: MET_Broker: The number of finished Cloudlets is:3247
58725.44879999993: MET_Broker: Cloudlet #3250 return received
58725.44879999993: MET_Broker: The number of finished Cloudlets is:3248
58747.50119999993: MET_Broker: Cloudlet #3251 return received
58747.50119999993: MET_Broker: The number of finished Cloudlets is:3249
58770.25839999993: MET_Broker: Cloudlet #3248 return received
58770.25839999993: MET_Broker: The number of finished Cloudlets is:3250
58771.836399999935: MET_Broker: Cloudlet #3252 return received
58771.836399999935: MET_Broker: The number of finished Cloudlets is:3251
58780.847599999935: MET_Broker: Cloudlet #3253 return received
58780.847599999935: MET_Broker: The number of finished Cloudlets is:3252
58795.093599999935: MET_Broker: Cloudlet #3254 return received
58795.093599999935: MET_Broker: The number of finished Cloudlets is:3253
58799.80159999993: MET_Broker: Cloudlet #3246 return received
58799.80159999993: MET_Broker: The number of finished Cloudlets is:3254
58820.97679999993: MET_Broker: Cloudlet #3256 return received
58820.97679999993: MET_Broker: The number of finished Cloudlets is:3255
58830.49239999993: MET_Broker: Cloudlet #3249 return received
58830.49239999993: MET_Broker: The number of finished Cloudlets is:3256
58848.55799999993: MET_Broker: Cloudlet #3255 return received
58848.55799999993: MET_Broker: The number of finished Cloudlets is:3257
58866.14239999993: MET_Broker: Cloudlet #3259 return received
58866.14239999993: MET_Broker: The number of finished Cloudlets is:3258
58884.24879999993: MET_Broker: Cloudlet #3260 return received
58884.24879999993: MET_Broker: The number of finished Cloudlets is:3259
58991.87199999993: MET_Broker: Cloudlet #3257 return received
58991.87199999993: MET_Broker: The number of finished Cloudlets is:3260
59027.69319999993: MET_Broker: Cloudlet #3261 return received
59027.69319999993: MET_Broker: The number of finished Cloudlets is:3261
59032.621599999926: MET_Broker: Cloudlet #3263 return received
59032.621599999926: MET_Broker: The number of finished Cloudlets is:3262
59039.01079999992: MET_Broker: Cloudlet #3265 return received
59039.01079999992: MET_Broker: The number of finished Cloudlets is:3263
59051.84639999992: MET_Broker: Cloudlet #3266 return received
59051.84639999992: MET_Broker: The number of finished Cloudlets is:3264
59067.133999999925: MET_Broker: Cloudlet #3267 return received
59067.133999999925: MET_Broker: The number of finished Cloudlets is:3265
59101.30119999993: MET_Broker: Cloudlet #3258 return received
59101.30119999993: MET_Broker: The number of finished Cloudlets is:3266
59115.55959999993: MET_Broker: Cloudlet #3268 return received
59115.55959999993: MET_Broker: The number of finished Cloudlets is:3267
59134.79199999993: MET_Broker: Cloudlet #3270 return received
59134.79199999993: MET_Broker: The number of finished Cloudlets is:3268
59144.21039999993: MET_Broker: Cloudlet #3269 return received
59144.21039999993: MET_Broker: The number of finished Cloudlets is:3269
59168.65799999993: MET_Broker: Cloudlet #3271 return received
59168.65799999993: MET_Broker: The number of finished Cloudlets is:3270
59183.50519999993: MET_Broker: Cloudlet #3273 return received
59183.50519999993: MET_Broker: The number of finished Cloudlets is:3271
59184.82799999993: MET_Broker: Cloudlet #3272 return received
59184.82799999993: MET_Broker: The number of finished Cloudlets is:3272
59198.758399999926: MET_Broker: Cloudlet #3262 return received
59198.758399999926: MET_Broker: The number of finished Cloudlets is:3273
59277.60479999993: MET_Broker: Cloudlet #3264 return received
59277.60479999993: MET_Broker: The number of finished Cloudlets is:3274
59319.28759999993: MET_Broker: Cloudlet #3277 return received
59319.28759999993: MET_Broker: The number of finished Cloudlets is:3275
59381.50879999993: MET_Broker: Cloudlet #3274 return received
59381.50879999993: MET_Broker: The number of finished Cloudlets is:3276
59429.85759999993: MET_Broker: Cloudlet #3275 return received
59429.85759999993: MET_Broker: The number of finished Cloudlets is:3277
59457.07199999993: MET_Broker: Cloudlet #3280 return received
59457.07199999993: MET_Broker: The number of finished Cloudlets is:3278
59463.57159999993: MET_Broker: Cloudlet #3276 return received
59463.57159999993: MET_Broker: The number of finished Cloudlets is:3279
59477.63519999993: MET_Broker: Cloudlet #3282 return received
59477.63519999993: MET_Broker: The number of finished Cloudlets is:3280
59484.84039999993: MET_Broker: Cloudlet #3279 return received
59484.84039999993: MET_Broker: The number of finished Cloudlets is:3281
59488.66119999993: MET_Broker: Cloudlet #3281 return received
59488.66119999993: MET_Broker: The number of finished Cloudlets is:3282
59506.68759999993: MET_Broker: Cloudlet #3283 return received
59506.68759999993: MET_Broker: The number of finished Cloudlets is:3283
59534.408399999935: MET_Broker: Cloudlet #3284 return received
59534.408399999935: MET_Broker: The number of finished Cloudlets is:3284
59540.885599999936: MET_Broker: Cloudlet #3285 return received
59540.885599999936: MET_Broker: The number of finished Cloudlets is:3285
59559.129599999935: MET_Broker: Cloudlet #3287 return received
59559.129599999935: MET_Broker: The number of finished Cloudlets is:3286
59594.74839999993: MET_Broker: Cloudlet #3288 return received
59594.74839999993: MET_Broker: The number of finished Cloudlets is:3287
59607.728399999934: MET_Broker: Cloudlet #3289 return received
59607.728399999934: MET_Broker: The number of finished Cloudlets is:3288
59608.18759999993: MET_Broker: Cloudlet #3290 return received
59608.18759999993: MET_Broker: The number of finished Cloudlets is:3289
59617.026799999934: MET_Broker: Cloudlet #3278 return received
59617.026799999934: MET_Broker: The number of finished Cloudlets is:3290
59621.999999999935: MET_Broker: Cloudlet #3291 return received
59621.999999999935: MET_Broker: The number of finished Cloudlets is:3291
59626.685999999936: MET_Broker: Cloudlet #3292 return received
59626.685999999936: MET_Broker: The number of finished Cloudlets is:3292
59633.19399999994: MET_Broker: Cloudlet #3295 return received
59633.19399999994: MET_Broker: The number of finished Cloudlets is:3293
59650.380399999936: MET_Broker: Cloudlet #3296 return received
59650.380399999936: MET_Broker: The number of finished Cloudlets is:3294
59661.21319999993: MET_Broker: Cloudlet #3297 return received
59661.21319999993: MET_Broker: The number of finished Cloudlets is:3295
59713.20599999993: MET_Broker: Cloudlet #3286 return received
59713.20599999993: MET_Broker: The number of finished Cloudlets is:3296
59730.84839999993: MET_Broker: Cloudlet #3298 return received
59730.84839999993: MET_Broker: The number of finished Cloudlets is:3297
59742.85559999993: MET_Broker: Cloudlet #3299 return received
59742.85559999993: MET_Broker: The number of finished Cloudlets is:3298
59765.24319999993: MET_Broker: Cloudlet #3300 return received
59765.24319999993: MET_Broker: The number of finished Cloudlets is:3299
59800.458799999935: MET_Broker: Cloudlet #3302 return received
59800.458799999935: MET_Broker: The number of finished Cloudlets is:3300
59830.51999999993: MET_Broker: Cloudlet #3301 return received
59830.51999999993: MET_Broker: The number of finished Cloudlets is:3301
59862.97919999993: MET_Broker: Cloudlet #3304 return received
59862.97919999993: MET_Broker: The number of finished Cloudlets is:3302
59882.88719999993: MET_Broker: Cloudlet #3305 return received
59882.88719999993: MET_Broker: The number of finished Cloudlets is:3303
59914.19799999993: MET_Broker: Cloudlet #3293 return received
59914.19799999993: MET_Broker: The number of finished Cloudlets is:3304
59918.64839999993: MET_Broker: Cloudlet #3303 return received
59918.64839999993: MET_Broker: The number of finished Cloudlets is:3305
59956.08199999993: MET_Broker: Cloudlet #3308 return received
59956.08199999993: MET_Broker: The number of finished Cloudlets is:3306
59958.143199999926: MET_Broker: Cloudlet #3294 return received
59958.143199999926: MET_Broker: The number of finished Cloudlets is:3307
59972.743199999924: MET_Broker: Cloudlet #3307 return received
59972.743199999924: MET_Broker: The number of finished Cloudlets is:3308
60018.61279999992: MET_Broker: Cloudlet #3309 return received
60018.61279999992: MET_Broker: The number of finished Cloudlets is:3309
60043.01039999992: MET_Broker: Cloudlet #3312 return received
60043.01039999992: MET_Broker: The number of finished Cloudlets is:3310
60062.41679999992: MET_Broker: Cloudlet #3313 return received
60062.41679999992: MET_Broker: The number of finished Cloudlets is:3311
60087.11159999992: MET_Broker: Cloudlet #3311 return received
60087.11159999992: MET_Broker: The number of finished Cloudlets is:3312
60105.66759999991: MET_Broker: Cloudlet #3315 return received
60105.66759999991: MET_Broker: The number of finished Cloudlets is:3313
60132.69799999992: MET_Broker: Cloudlet #3316 return received
60132.69799999992: MET_Broker: The number of finished Cloudlets is:3314
60154.030399999916: MET_Broker: Cloudlet #3314 return received
60154.030399999916: MET_Broker: The number of finished Cloudlets is:3315
60156.580799999916: MET_Broker: Cloudlet #3317 return received
60156.580799999916: MET_Broker: The number of finished Cloudlets is:3316
60186.687999999915: MET_Broker: Cloudlet #3310 return received
60186.687999999915: MET_Broker: The number of finished Cloudlets is:3317
60195.792799999916: MET_Broker: Cloudlet #3320 return received
60195.792799999916: MET_Broker: The number of finished Cloudlets is:3318
60200.647999999914: MET_Broker: Cloudlet #3318 return received
60200.647999999914: MET_Broker: The number of finished Cloudlets is:3319
60203.17999999991: MET_Broker: Cloudlet #3319 return received
60203.17999999991: MET_Broker: The number of finished Cloudlets is:3320
60209.85279999991: MET_Broker: Cloudlet #3323 return received
60209.85279999991: MET_Broker: The number of finished Cloudlets is:3321
60224.79119999991: MET_Broker: Cloudlet #3322 return received
60224.79119999991: MET_Broker: The number of finished Cloudlets is:3322
60225.77559999991: MET_Broker: Cloudlet #3324 return received
60225.77559999991: MET_Broker: The number of finished Cloudlets is:3323
60230.41199999992: MET_Broker: Cloudlet #3306 return received
60230.41199999992: MET_Broker: The number of finished Cloudlets is:3324
60241.576799999915: MET_Broker: Cloudlet #3327 return received
60241.576799999915: MET_Broker: The number of finished Cloudlets is:3325
60254.21119999992: MET_Broker: Cloudlet #3321 return received
60254.21119999992: MET_Broker: The number of finished Cloudlets is:3326
60328.29879999992: MET_Broker: Cloudlet #3329 return received
60328.29879999992: MET_Broker: The number of finished Cloudlets is:3327
60333.596399999915: MET_Broker: Cloudlet #3328 return received
60333.596399999915: MET_Broker: The number of finished Cloudlets is:3328
60339.935999999914: MET_Broker: Cloudlet #3325 return received
60339.935999999914: MET_Broker: The number of finished Cloudlets is:3329
60350.12359999991: MET_Broker: Cloudlet #3330 return received
60350.12359999991: MET_Broker: The number of finished Cloudlets is:3330
60359.146799999915: MET_Broker: Cloudlet #3331 return received
60359.146799999915: MET_Broker: The number of finished Cloudlets is:3331
60387.234399999914: MET_Broker: Cloudlet #3334 return received
60387.234399999914: MET_Broker: The number of finished Cloudlets is:3332
60397.36039999991: MET_Broker: Cloudlet #3335 return received
60397.36039999991: MET_Broker: The number of finished Cloudlets is:3333
60399.37599999991: MET_Broker: Cloudlet #3332 return received
60399.37599999991: MET_Broker: The number of finished Cloudlets is:3334
60410.85519999991: MET_Broker: Cloudlet #3326 return received
60410.85519999991: MET_Broker: The number of finished Cloudlets is:3335
60411.66359999991: MET_Broker: Cloudlet #3337 return received
60411.66359999991: MET_Broker: The number of finished Cloudlets is:3336
60425.55279999991: MET_Broker: Cloudlet #3339 return received
60425.55279999991: MET_Broker: The number of finished Cloudlets is:3337
60438.85439999991: MET_Broker: Cloudlet #3340 return received
60438.85439999991: MET_Broker: The number of finished Cloudlets is:3338
60485.71239999991: MET_Broker: Cloudlet #3333 return received
60485.71239999991: MET_Broker: The number of finished Cloudlets is:3339
60564.21519999991: MET_Broker: Cloudlet #3336 return received
60564.21519999991: MET_Broker: The number of finished Cloudlets is:3340
60582.11119999991: MET_Broker: Cloudlet #3338 return received
60582.11119999991: MET_Broker: The number of finished Cloudlets is:3341
60590.182799999915: MET_Broker: Cloudlet #3343 return received
60590.182799999915: MET_Broker: The number of finished Cloudlets is:3342
60605.592399999914: MET_Broker: Cloudlet #3345 return received
60605.592399999914: MET_Broker: The number of finished Cloudlets is:3343
60620.252799999915: MET_Broker: Cloudlet #3344 return received
60620.252799999915: MET_Broker: The number of finished Cloudlets is:3344
60628.65559999992: MET_Broker: Cloudlet #3347 return received
60628.65559999992: MET_Broker: The number of finished Cloudlets is:3345
60645.92479999992: MET_Broker: Cloudlet #3348 return received
60645.92479999992: MET_Broker: The number of finished Cloudlets is:3346
60659.91279999992: MET_Broker: Cloudlet #3346 return received
60659.91279999992: MET_Broker: The number of finished Cloudlets is:3347
60675.785599999916: MET_Broker: Cloudlet #3341 return received
60675.785599999916: MET_Broker: The number of finished Cloudlets is:3348
60689.03839999992: MET_Broker: Cloudlet #3351 return received
60689.03839999992: MET_Broker: The number of finished Cloudlets is:3349
60752.72039999992: MET_Broker: Cloudlet #3342 return received
60752.72039999992: MET_Broker: The number of finished Cloudlets is:3350
60786.46239999992: MET_Broker: Cloudlet #3349 return received
60786.46239999992: MET_Broker: The number of finished Cloudlets is:3351
60801.14319999992: MET_Broker: Cloudlet #3354 return received
60801.14319999992: MET_Broker: The number of finished Cloudlets is:3352
60820.10079999992: MET_Broker: Cloudlet #3355 return received
60820.10079999992: MET_Broker: The number of finished Cloudlets is:3353
60833.92359999992: MET_Broker: Cloudlet #3350 return received
60833.92359999992: MET_Broker: The number of finished Cloudlets is:3354
60846.84679999992: MET_Broker: Cloudlet #3356 return received
60846.84679999992: MET_Broker: The number of finished Cloudlets is:3355
60854.41919999992: MET_Broker: Cloudlet #3357 return received
60854.41919999992: MET_Broker: The number of finished Cloudlets is:3356
60856.11959999992: MET_Broker: Cloudlet #3353 return received
60856.11959999992: MET_Broker: The number of finished Cloudlets is:3357
60868.23679999992: MET_Broker: Cloudlet #3352 return received
60868.23679999992: MET_Broker: The number of finished Cloudlets is:3358
60869.43639999992: MET_Broker: Cloudlet #3360 return received
60869.43639999992: MET_Broker: The number of finished Cloudlets is:3359
60872.59679999992: MET_Broker: Cloudlet #3359 return received
60872.59679999992: MET_Broker: The number of finished Cloudlets is:3360
60881.05279999992: MET_Broker: Cloudlet #3363 return received
60881.05279999992: MET_Broker: The number of finished Cloudlets is:3361
60882.72319999992: MET_Broker: Cloudlet #3362 return received
60882.72319999992: MET_Broker: The number of finished Cloudlets is:3362
60893.62279999992: MET_Broker: Cloudlet #3364 return received
60893.62279999992: MET_Broker: The number of finished Cloudlets is:3363
60906.417199999916: MET_Broker: Cloudlet #3358 return received
60906.417199999916: MET_Broker: The number of finished Cloudlets is:3364
60917.774399999915: MET_Broker: Cloudlet #3365 return received
60917.774399999915: MET_Broker: The number of finished Cloudlets is:3365
60923.57559999992: MET_Broker: Cloudlet #3366 return received
60923.57559999992: MET_Broker: The number of finished Cloudlets is:3366
60932.821599999916: MET_Broker: Cloudlet #3368 return received
60932.821599999916: MET_Broker: The number of finished Cloudlets is:3367
60954.78599999991: MET_Broker: Cloudlet #3370 return received
60954.78599999991: MET_Broker: The number of finished Cloudlets is:3368
60962.46439999991: MET_Broker: Cloudlet #3371 return received
60962.46439999991: MET_Broker: The number of finished Cloudlets is:3369
60974.13639999991: MET_Broker: Cloudlet #3372 return received
60974.13639999991: MET_Broker: The number of finished Cloudlets is:3370
60975.16239999991: MET_Broker: Cloudlet #3369 return received
60975.16239999991: MET_Broker: The number of finished Cloudlets is:3371
60997.668799999905: MET_Broker: Cloudlet #3374 return received
60997.668799999905: MET_Broker: The number of finished Cloudlets is:3372
61005.4387999999: MET_Broker: Cloudlet #3373 return received
61005.4387999999: MET_Broker: The number of finished Cloudlets is:3373
61064.1651999999: MET_Broker: Cloudlet #3376 return received
61064.1651999999: MET_Broker: The number of finished Cloudlets is:3374
61077.3327999999: MET_Broker: Cloudlet #3377 return received
61077.3327999999: MET_Broker: The number of finished Cloudlets is:3375
61104.970399999904: MET_Broker: Cloudlet #3367 return received
61104.970399999904: MET_Broker: The number of finished Cloudlets is:3376
61111.19319999991: MET_Broker: Cloudlet #3378 return received
61111.19319999991: MET_Broker: The number of finished Cloudlets is:3377
61117.92679999991: MET_Broker: Cloudlet #3379 return received
61117.92679999991: MET_Broker: The number of finished Cloudlets is:3378
61129.816799999906: MET_Broker: Cloudlet #3381 return received
61129.816799999906: MET_Broker: The number of finished Cloudlets is:3379
61148.827199999905: MET_Broker: Cloudlet #3375 return received
61148.827199999905: MET_Broker: The number of finished Cloudlets is:3380
61158.9787999999: MET_Broker: Cloudlet #3383 return received
61158.9787999999: MET_Broker: The number of finished Cloudlets is:3381
61171.196399999906: MET_Broker: Cloudlet #3361 return received
61171.196399999906: MET_Broker: The number of finished Cloudlets is:3382
61181.35439999991: MET_Broker: Cloudlet #3384 return received
61181.35439999991: MET_Broker: The number of finished Cloudlets is:3383
61183.61479999991: MET_Broker: Cloudlet #3385 return received
61183.61479999991: MET_Broker: The number of finished Cloudlets is:3384
61202.05799999991: MET_Broker: Cloudlet #3387 return received
61202.05799999991: MET_Broker: The number of finished Cloudlets is:3385
61303.89519999991: MET_Broker: Cloudlet #3380 return received
61303.89519999991: MET_Broker: The number of finished Cloudlets is:3386
61345.54279999991: MET_Broker: Cloudlet #3382 return received
61345.54279999991: MET_Broker: The number of finished Cloudlets is:3387
61375.18359999991: MET_Broker: Cloudlet #3390 return received
61375.18359999991: MET_Broker: The number of finished Cloudlets is:3388
61383.40439999991: MET_Broker: Cloudlet #3389 return received
61383.40439999991: MET_Broker: The number of finished Cloudlets is:3389
61406.67479999991: MET_Broker: Cloudlet #3386 return received
61406.67479999991: MET_Broker: The number of finished Cloudlets is:3390
61420.81199999991: MET_Broker: Cloudlet #3393 return received
61420.81199999991: MET_Broker: The number of finished Cloudlets is:3391
61456.33679999991: MET_Broker: Cloudlet #3388 return received
61456.33679999991: MET_Broker: The number of finished Cloudlets is:3392
61466.73519999991: MET_Broker: Cloudlet #3395 return received
61466.73519999991: MET_Broker: The number of finished Cloudlets is:3393
61478.43839999991: MET_Broker: Cloudlet #3394 return received
61478.43839999991: MET_Broker: The number of finished Cloudlets is:3394
61519.52879999991: MET_Broker: Cloudlet #3397 return received
61519.52879999991: MET_Broker: The number of finished Cloudlets is:3395
61539.89519999991: MET_Broker: Cloudlet #3391 return received
61539.89519999991: MET_Broker: The number of finished Cloudlets is:3396
61548.01279999991: MET_Broker: Cloudlet #3399 return received
61548.01279999991: MET_Broker: The number of finished Cloudlets is:3397
61550.18959999991: MET_Broker: Cloudlet #3398 return received
61550.18959999991: MET_Broker: The number of finished Cloudlets is:3398
61562.29959999991: MET_Broker: Cloudlet #3396 return received
61562.29959999991: MET_Broker: The number of finished Cloudlets is:3399
61652.93559999991: MET_Broker: Cloudlet #3392 return received
61652.93559999991: MET_Broker: The number of finished Cloudlets is:3400
61678.26999999991: MET_Broker: Cloudlet #3400 return received
61678.26999999991: MET_Broker: The number of finished Cloudlets is:3401
61682.99839999991: MET_Broker: Cloudlet #3403 return received
61682.99839999991: MET_Broker: The number of finished Cloudlets is:3402
61710.19359999991: MET_Broker: Cloudlet #3405 return received
61710.19359999991: MET_Broker: The number of finished Cloudlets is:3403
61719.46559999991: MET_Broker: Cloudlet #3406 return received
61719.46559999991: MET_Broker: The number of finished Cloudlets is:3404
61736.37639999991: MET_Broker: Cloudlet #3404 return received
61736.37639999991: MET_Broker: The number of finished Cloudlets is:3405
61749.42839999991: MET_Broker: Cloudlet #3407 return received
61749.42839999991: MET_Broker: The number of finished Cloudlets is:3406
61769.47919999991: MET_Broker: Cloudlet #3401 return received
61769.47919999991: MET_Broker: The number of finished Cloudlets is:3407
61788.789199999905: MET_Broker: Cloudlet #3410 return received
61788.789199999905: MET_Broker: The number of finished Cloudlets is:3408
61801.0887999999: MET_Broker: Cloudlet #3411 return received
61801.0887999999: MET_Broker: The number of finished Cloudlets is:3409
61853.697599999905: MET_Broker: Cloudlet #3408 return received
61853.697599999905: MET_Broker: The number of finished Cloudlets is:3410
61855.96479999991: MET_Broker: Cloudlet #3402 return received
61855.96479999991: MET_Broker: The number of finished Cloudlets is:3411
61873.587599999904: MET_Broker: Cloudlet #3414 return received
61873.587599999904: MET_Broker: The number of finished Cloudlets is:3412
61917.4851999999: MET_Broker: Cloudlet #3412 return received
61917.4851999999: MET_Broker: The number of finished Cloudlets is:3413
61919.5599999999: MET_Broker: Cloudlet #3415 return received
61919.5599999999: MET_Broker: The number of finished Cloudlets is:3414
61926.236799999904: MET_Broker: Cloudlet #3409 return received
61926.236799999904: MET_Broker: The number of finished Cloudlets is:3415
61934.469199999905: MET_Broker: Cloudlet #3416 return received
61934.469199999905: MET_Broker: The number of finished Cloudlets is:3416
61953.5179999999: MET_Broker: Cloudlet #3418 return received
61953.5179999999: MET_Broker: The number of finished Cloudlets is:3417
61954.6007999999: MET_Broker: Cloudlet #3417 return received
61954.6007999999: MET_Broker: The number of finished Cloudlets is:3418
61966.716399999896: MET_Broker: Cloudlet #3420 return received
61966.716399999896: MET_Broker: The number of finished Cloudlets is:3419
61975.580799999894: MET_Broker: Cloudlet #3422 return received
61975.580799999894: MET_Broker: The number of finished Cloudlets is:3420
61991.951999999896: MET_Broker: Cloudlet #3423 return received
61991.951999999896: MET_Broker: The number of finished Cloudlets is:3421
62031.8055999999: MET_Broker: Cloudlet #3421 return received
62031.8055999999: MET_Broker: The number of finished Cloudlets is:3422
62068.5243999999: MET_Broker: Cloudlet #3424 return received
62068.5243999999: MET_Broker: The number of finished Cloudlets is:3423
62075.7139999999: MET_Broker: Cloudlet #3425 return received
62075.7139999999: MET_Broker: The number of finished Cloudlets is:3424
62087.1735999999: MET_Broker: Cloudlet #3413 return received
62087.1735999999: MET_Broker: The number of finished Cloudlets is:3425
62102.0679999999: MET_Broker: Cloudlet #3428 return received
62102.0679999999: MET_Broker: The number of finished Cloudlets is:3426
62128.208399999894: MET_Broker: Cloudlet #3427 return received
62128.208399999894: MET_Broker: The number of finished Cloudlets is:3427
62139.230799999896: MET_Broker: Cloudlet #3430 return received
62139.230799999896: MET_Broker: The number of finished Cloudlets is:3428
62282.221599999895: MET_Broker: Cloudlet #3419 return received
62282.221599999895: MET_Broker: The number of finished Cloudlets is:3429
62286.14879999989: MET_Broker: Cloudlet #3426 return received
62286.14879999989: MET_Broker: The number of finished Cloudlets is:3430
62306.63999999989: MET_Broker: Cloudlet #3429 return received
62306.63999999989: MET_Broker: The number of finished Cloudlets is:3431
62316.46239999989: MET_Broker: Cloudlet #3432 return received
62316.46239999989: MET_Broker: The number of finished Cloudlets is:3432
62324.55999999989: MET_Broker: Cloudlet #3434 return received
62324.55999999989: MET_Broker: The number of finished Cloudlets is:3433
62337.31279999989: MET_Broker: Cloudlet #3435 return received
62337.31279999989: MET_Broker: The number of finished Cloudlets is:3434
62362.88839999989: MET_Broker: Cloudlet #3436 return received
62362.88839999989: MET_Broker: The number of finished Cloudlets is:3435
62442.637599999885: MET_Broker: Cloudlet #3431 return received
62442.637599999885: MET_Broker: The number of finished Cloudlets is:3436
62466.255999999885: MET_Broker: Cloudlet #3433 return received
62466.255999999885: MET_Broker: The number of finished Cloudlets is:3437
62497.671599999885: MET_Broker: Cloudlet #3439 return received
62497.671599999885: MET_Broker: The number of finished Cloudlets is:3438
62536.95719999989: MET_Broker: Cloudlet #3441 return received
62536.95719999989: MET_Broker: The number of finished Cloudlets is:3439
62550.784799999885: MET_Broker: Cloudlet #3442 return received
62550.784799999885: MET_Broker: The number of finished Cloudlets is:3440
62558.189999999886: MET_Broker: Cloudlet #3443 return received
62558.189999999886: MET_Broker: The number of finished Cloudlets is:3441
62562.169599999885: MET_Broker: Cloudlet #3438 return received
62562.169599999885: MET_Broker: The number of finished Cloudlets is:3442
62593.90799999989: MET_Broker: Cloudlet #3444 return received
62593.90799999989: MET_Broker: The number of finished Cloudlets is:3443
62609.39719999989: MET_Broker: Cloudlet #3446 return received
62609.39719999989: MET_Broker: The number of finished Cloudlets is:3444
62641.37039999989: MET_Broker: Cloudlet #3437 return received
62641.37039999989: MET_Broker: The number of finished Cloudlets is:3445
62691.32279999989: MET_Broker: Cloudlet #3447 return received
62691.32279999989: MET_Broker: The number of finished Cloudlets is:3446
62691.726799999895: MET_Broker: Cloudlet #3440 return received
62691.726799999895: MET_Broker: The number of finished Cloudlets is:3447
62704.616799999894: MET_Broker: Cloudlet #3449 return received
62704.616799999894: MET_Broker: The number of finished Cloudlets is:3448
62712.686799999894: MET_Broker: Cloudlet #3451 return received
62712.686799999894: MET_Broker: The number of finished Cloudlets is:3449
62726.52879999989: MET_Broker: Cloudlet #3452 return received
62726.52879999989: MET_Broker: The number of finished Cloudlets is:3450
62738.102399999894: MET_Broker: Cloudlet #3453 return received
62738.102399999894: MET_Broker: The number of finished Cloudlets is:3451
62797.9959999999: MET_Broker: Cloudlet #3445 return received
62797.9959999999: MET_Broker: The number of finished Cloudlets is:3452
62871.0771999999: MET_Broker: Cloudlet #3448 return received
62871.0771999999: MET_Broker: The number of finished Cloudlets is:3453
62889.9451999999: MET_Broker: Cloudlet #3456 return received
62889.9451999999: MET_Broker: The number of finished Cloudlets is:3454
62938.2587999999: MET_Broker: Cloudlet #3455 return received
62938.2587999999: MET_Broker: The number of finished Cloudlets is:3455
62946.4895999999: MET_Broker: Cloudlet #3450 return received
62946.4895999999: MET_Broker: The number of finished Cloudlets is:3456
62998.8923999999: MET_Broker: Cloudlet #3459 return received
62998.8923999999: MET_Broker: The number of finished Cloudlets is:3457
63022.1571999999: MET_Broker: Cloudlet #3458 return received
63022.1571999999: MET_Broker: The number of finished Cloudlets is:3458
63048.7915999999: MET_Broker: Cloudlet #3460 return received
63048.7915999999: MET_Broker: The number of finished Cloudlets is:3459
63055.6047999999: MET_Broker: Cloudlet #3462 return received
63055.6047999999: MET_Broker: The number of finished Cloudlets is:3460
63097.117599999896: MET_Broker: Cloudlet #3454 return received
63097.117599999896: MET_Broker: The number of finished Cloudlets is:3461
63133.564399999894: MET_Broker: Cloudlet #3461 return received
63133.564399999894: MET_Broker: The number of finished Cloudlets is:3462
63186.8427999999: MET_Broker: Cloudlet #3457 return received
63186.8427999999: MET_Broker: The number of finished Cloudlets is:3463
63219.7675999999: MET_Broker: Cloudlet #3466 return received
63219.7675999999: MET_Broker: The number of finished Cloudlets is:3464
63231.5855999999: MET_Broker: Cloudlet #3463 return received
63231.5855999999: MET_Broker: The number of finished Cloudlets is:3465
63260.6655999999: MET_Broker: Cloudlet #3468 return received
63260.6655999999: MET_Broker: The number of finished Cloudlets is:3466
63279.4131999999: MET_Broker: Cloudlet #3467 return received
63279.4131999999: MET_Broker: The number of finished Cloudlets is:3467
63316.3299999999: MET_Broker: Cloudlet #3470 return received
63316.3299999999: MET_Broker: The number of finished Cloudlets is:3468
63332.0303999999: MET_Broker: Cloudlet #3471 return received
63332.0303999999: MET_Broker: The number of finished Cloudlets is:3469
63379.6571999999: MET_Broker: Cloudlet #3472 return received
63379.6571999999: MET_Broker: The number of finished Cloudlets is:3470
63381.9247999999: MET_Broker: Cloudlet #3464 return received
63381.9247999999: MET_Broker: The number of finished Cloudlets is:3471
63396.9567999999: MET_Broker: Cloudlet #3473 return received
63396.9567999999: MET_Broker: The number of finished Cloudlets is:3472
63414.9423999999: MET_Broker: Cloudlet #3475 return received
63414.9423999999: MET_Broker: The number of finished Cloudlets is:3473
63456.297599999896: MET_Broker: Cloudlet #3469 return received
63456.297599999896: MET_Broker: The number of finished Cloudlets is:3474
63473.1367999999: MET_Broker: Cloudlet #3465 return received
63473.1367999999: MET_Broker: The number of finished Cloudlets is:3475
63497.115599999895: MET_Broker: Cloudlet #3477 return received
63497.115599999895: MET_Broker: The number of finished Cloudlets is:3476
63517.887199999896: MET_Broker: Cloudlet #3478 return received
63517.887199999896: MET_Broker: The number of finished Cloudlets is:3477
63543.8395999999: MET_Broker: Cloudlet #3479 return received
63543.8395999999: MET_Broker: The number of finished Cloudlets is:3478
63545.7263999999: MET_Broker: Cloudlet #3480 return received
63545.7263999999: MET_Broker: The number of finished Cloudlets is:3479
63553.0443999999: MET_Broker: Cloudlet #3482 return received
63553.0443999999: MET_Broker: The number of finished Cloudlets is:3480
63563.2395999999: MET_Broker: Cloudlet #3481 return received
63563.2395999999: MET_Broker: The number of finished Cloudlets is:3481
63577.6651999999: MET_Broker: Cloudlet #3483 return received
63577.6651999999: MET_Broker: The number of finished Cloudlets is:3482
63649.5451999999: MET_Broker: Cloudlet #3476 return received
63649.5451999999: MET_Broker: The number of finished Cloudlets is:3483
63694.2395999999: MET_Broker: Cloudlet #3485 return received
63694.2395999999: MET_Broker: The number of finished Cloudlets is:3484
63702.7871999999: MET_Broker: Cloudlet #3487 return received
63702.7871999999: MET_Broker: The number of finished Cloudlets is:3485
63704.945999999894: MET_Broker: Cloudlet #3474 return received
63704.945999999894: MET_Broker: The number of finished Cloudlets is:3486
63727.0195999999: MET_Broker: Cloudlet #3489 return received
63727.0195999999: MET_Broker: The number of finished Cloudlets is:3487
63738.231999999894: MET_Broker: Cloudlet #3490 return received
63738.231999999894: MET_Broker: The number of finished Cloudlets is:3488
63765.79199999989: MET_Broker: Cloudlet #3491 return received
63765.79199999989: MET_Broker: The number of finished Cloudlets is:3489
63767.93839999989: MET_Broker: Cloudlet #3488 return received
63767.93839999989: MET_Broker: The number of finished Cloudlets is:3490
63782.30799999989: MET_Broker: Cloudlet #3492 return received
63782.30799999989: MET_Broker: The number of finished Cloudlets is:3491
63782.583999999886: MET_Broker: Cloudlet #3493 return received
63782.583999999886: MET_Broker: The number of finished Cloudlets is:3492
63817.38839999989: MET_Broker: Cloudlet #3494 return received
63817.38839999989: MET_Broker: The number of finished Cloudlets is:3493
63874.26959999989: MET_Broker: Cloudlet #3484 return received
63874.26959999989: MET_Broker: The number of finished Cloudlets is:3494
63927.19239999989: MET_Broker: Cloudlet #3497 return received
63927.19239999989: MET_Broker: The number of finished Cloudlets is:3495
63929.54039999989: MET_Broker: Cloudlet #3486 return received
63929.54039999989: MET_Broker: The number of finished Cloudlets is:3496
63929.70679999989: MET_Broker: Cloudlet #3495 return received
63929.70679999989: MET_Broker: The number of finished Cloudlets is:3497
63942.50559999989: MET_Broker: Cloudlet #3498 return received
63942.50559999989: MET_Broker: The number of finished Cloudlets is:3498
63955.67639999989: MET_Broker: Cloudlet #3496 return received
63955.67639999989: MET_Broker: The number of finished Cloudlets is:3499
63959.20079999989: MET_Broker: Cloudlet #3501 return received
63959.20079999989: MET_Broker: The number of finished Cloudlets is:3500
63963.84279999989: MET_Broker: Cloudlet #3499 return received
63963.84279999989: MET_Broker: The number of finished Cloudlets is:3501
63974.98959999989: MET_Broker: Cloudlet #3503 return received
63974.98959999989: MET_Broker: The number of finished Cloudlets is:3502
64003.91359999989: MET_Broker: Cloudlet #3502 return received
64003.91359999989: MET_Broker: The number of finished Cloudlets is:3503
64006.29639999989: MET_Broker: Cloudlet #3505 return received
64006.29639999989: MET_Broker: The number of finished Cloudlets is:3504
64031.29999999989: MET_Broker: Cloudlet #3506 return received
64031.29999999989: MET_Broker: The number of finished Cloudlets is:3505
64049.885599999885: MET_Broker: Cloudlet #3507 return received
64049.885599999885: MET_Broker: The number of finished Cloudlets is:3506
64089.335199999885: MET_Broker: Cloudlet #3509 return received
64089.335199999885: MET_Broker: The number of finished Cloudlets is:3507
64106.72679999989: MET_Broker: Cloudlet #3500 return received
64106.72679999989: MET_Broker: The number of finished Cloudlets is:3508
64138.28039999989: MET_Broker: Cloudlet #3510 return received
64138.28039999989: MET_Broker: The number of finished Cloudlets is:3509
64153.87159999989: MET_Broker: Cloudlet #3511 return received
64153.87159999989: MET_Broker: The number of finished Cloudlets is:3510
64169.80919999989: MET_Broker: Cloudlet #3513 return received
64169.80919999989: MET_Broker: The number of finished Cloudlets is:3511
64184.26559999989: MET_Broker: Cloudlet #3512 return received
64184.26559999989: MET_Broker: The number of finished Cloudlets is:3512
64186.25439999989: MET_Broker: Cloudlet #3514 return received
64186.25439999989: MET_Broker: The number of finished Cloudlets is:3513
64191.25599999989: MET_Broker: Cloudlet #3504 return received
64191.25599999989: MET_Broker: The number of finished Cloudlets is:3514
64248.26439999989: MET_Broker: Cloudlet #3516 return received
64248.26439999989: MET_Broker: The number of finished Cloudlets is:3515
64281.92559999989: MET_Broker: Cloudlet #3517 return received
64281.92559999989: MET_Broker: The number of finished Cloudlets is:3516
64289.266799999896: MET_Broker: Cloudlet #3518 return received
64289.266799999896: MET_Broker: The number of finished Cloudlets is:3517
64294.5155999999: MET_Broker: Cloudlet #3519 return received
64294.5155999999: MET_Broker: The number of finished Cloudlets is:3518
64344.0943999999: MET_Broker: Cloudlet #3521 return received
64344.0943999999: MET_Broker: The number of finished Cloudlets is:3519
64357.4779999999: MET_Broker: Cloudlet #3508 return received
64357.4779999999: MET_Broker: The number of finished Cloudlets is:3520
64362.9851999999: MET_Broker: Cloudlet #3522 return received
64362.9851999999: MET_Broker: The number of finished Cloudlets is:3521
64386.655599999904: MET_Broker: Cloudlet #3515 return received
64386.655599999904: MET_Broker: The number of finished Cloudlets is:3522
64402.6947999999: MET_Broker: Cloudlet #3525 return received
64402.6947999999: MET_Broker: The number of finished Cloudlets is:3523
64414.331199999906: MET_Broker: Cloudlet #3526 return received
64414.331199999906: MET_Broker: The number of finished Cloudlets is:3524
64429.785999999905: MET_Broker: Cloudlet #3520 return received
64429.785999999905: MET_Broker: The number of finished Cloudlets is:3525
64447.561599999906: MET_Broker: Cloudlet #3528 return received
64447.561599999906: MET_Broker: The number of finished Cloudlets is:3526
64452.393999999906: MET_Broker: Cloudlet #3527 return received
64452.393999999906: MET_Broker: The number of finished Cloudlets is:3527
64457.979599999904: MET_Broker: Cloudlet #3524 return received
64457.979599999904: MET_Broker: The number of finished Cloudlets is:3528
64461.7823999999: MET_Broker: Cloudlet #3529 return received
64461.7823999999: MET_Broker: The number of finished Cloudlets is:3529
64463.3095999999: MET_Broker: Cloudlet #3523 return received
64463.3095999999: MET_Broker: The number of finished Cloudlets is:3530
64468.6379999999: MET_Broker: Cloudlet #3532 return received
64468.6379999999: MET_Broker: The number of finished Cloudlets is:3531
64508.8535999999: MET_Broker: Cloudlet #3531 return received
64508.8535999999: MET_Broker: The number of finished Cloudlets is:3532
64512.8975999999: MET_Broker: Cloudlet #3534 return received
64512.8975999999: MET_Broker: The number of finished Cloudlets is:3533
64522.4675999999: MET_Broker: Cloudlet #3533 return received
64522.4675999999: MET_Broker: The number of finished Cloudlets is:3534
64525.4387999999: MET_Broker: Cloudlet #3536 return received
64525.4387999999: MET_Broker: The number of finished Cloudlets is:3535
64535.1671999999: MET_Broker: Cloudlet #3538 return received
64535.1671999999: MET_Broker: The number of finished Cloudlets is:3536
64551.4467999999: MET_Broker: Cloudlet #3535 return received
64551.4467999999: MET_Broker: The number of finished Cloudlets is:3537
64611.667599999906: MET_Broker: Cloudlet #3537 return received
64611.667599999906: MET_Broker: The number of finished Cloudlets is:3538
64613.118399999905: MET_Broker: Cloudlet #3540 return received
64613.118399999905: MET_Broker: The number of finished Cloudlets is:3539
64615.57999999991: MET_Broker: Cloudlet #3530 return received
64615.57999999991: MET_Broker: The number of finished Cloudlets is:3540
64631.96839999991: MET_Broker: Cloudlet #3542 return received
64631.96839999991: MET_Broker: The number of finished Cloudlets is:3541
64648.71919999991: MET_Broker: Cloudlet #3543 return received
64648.71919999991: MET_Broker: The number of finished Cloudlets is:3542
64658.43199999991: MET_Broker: Cloudlet #3541 return received
64658.43199999991: MET_Broker: The number of finished Cloudlets is:3543
64663.45719999991: MET_Broker: Cloudlet #3544 return received
64663.45719999991: MET_Broker: The number of finished Cloudlets is:3544
64681.55359999991: MET_Broker: Cloudlet #3547 return received
64681.55359999991: MET_Broker: The number of finished Cloudlets is:3545
64683.719999999914: MET_Broker: Cloudlet #3545 return received
64683.719999999914: MET_Broker: The number of finished Cloudlets is:3546
64690.55599999992: MET_Broker: Cloudlet #3548 return received
64690.55599999992: MET_Broker: The number of finished Cloudlets is:3547
64698.641599999915: MET_Broker: Cloudlet #3549 return received
64698.641599999915: MET_Broker: The number of finished Cloudlets is:3548
64706.17839999992: MET_Broker: Cloudlet #3551 return received
64706.17839999992: MET_Broker: The number of finished Cloudlets is:3549
64711.508799999916: MET_Broker: Cloudlet #3546 return received
64711.508799999916: MET_Broker: The number of finished Cloudlets is:3550
64713.41559999991: MET_Broker: Cloudlet #3539 return received
64713.41559999991: MET_Broker: The number of finished Cloudlets is:3551
64754.10079999991: MET_Broker: Cloudlet #3554 return received
64754.10079999991: MET_Broker: The number of finished Cloudlets is:3552
64762.462799999914: MET_Broker: Cloudlet #3552 return received
64762.462799999914: MET_Broker: The number of finished Cloudlets is:3553
64798.695999999916: MET_Broker: Cloudlet #3555 return received
64798.695999999916: MET_Broker: The number of finished Cloudlets is:3554
64849.492399999916: MET_Broker: Cloudlet #3550 return received
64849.492399999916: MET_Broker: The number of finished Cloudlets is:3555
64866.36759999992: MET_Broker: Cloudlet #3558 return received
64866.36759999992: MET_Broker: The number of finished Cloudlets is:3556
64893.69639999992: MET_Broker: Cloudlet #3559 return received
64893.69639999992: MET_Broker: The number of finished Cloudlets is:3557
64910.52919999992: MET_Broker: Cloudlet #3560 return received
64910.52919999992: MET_Broker: The number of finished Cloudlets is:3558
64962.335999999916: MET_Broker: Cloudlet #3561 return received
64962.335999999916: MET_Broker: The number of finished Cloudlets is:3559
64975.26879999992: MET_Broker: Cloudlet #3562 return received
64975.26879999992: MET_Broker: The number of finished Cloudlets is:3560
65016.90519999992: MET_Broker: Cloudlet #3563 return received
65016.90519999992: MET_Broker: The number of finished Cloudlets is:3561
65034.42719999992: MET_Broker: Cloudlet #3553 return received
65034.42719999992: MET_Broker: The number of finished Cloudlets is:3562
65070.14319999992: MET_Broker: Cloudlet #3556 return received
65070.14319999992: MET_Broker: The number of finished Cloudlets is:3563
65074.492399999916: MET_Broker: Cloudlet #3564 return received
65074.492399999916: MET_Broker: The number of finished Cloudlets is:3564
65083.72439999992: MET_Broker: Cloudlet #3565 return received
65083.72439999992: MET_Broker: The number of finished Cloudlets is:3565
65095.32759999992: MET_Broker: Cloudlet #3568 return received
65095.32759999992: MET_Broker: The number of finished Cloudlets is:3566
65114.58839999991: MET_Broker: Cloudlet #3566 return received
65114.58839999991: MET_Broker: The number of finished Cloudlets is:3567
65122.700399999914: MET_Broker: Cloudlet #3570 return received
65122.700399999914: MET_Broker: The number of finished Cloudlets is:3568
65123.61559999992: MET_Broker: Cloudlet #3569 return received
65123.61559999992: MET_Broker: The number of finished Cloudlets is:3569
65132.72559999992: MET_Broker: Cloudlet #3557 return received
65132.72559999992: MET_Broker: The number of finished Cloudlets is:3570
65135.829999999914: MET_Broker: Cloudlet #3567 return received
65135.829999999914: MET_Broker: The number of finished Cloudlets is:3571
65145.10319999992: MET_Broker: Cloudlet #3572 return received
65145.10319999992: MET_Broker: The number of finished Cloudlets is:3572
65155.67719999992: MET_Broker: Cloudlet #3575 return received
65155.67719999992: MET_Broker: The number of finished Cloudlets is:3573
65155.988399999915: MET_Broker: Cloudlet #3574 return received
65155.988399999915: MET_Broker: The number of finished Cloudlets is:3574
65178.18839999991: MET_Broker: Cloudlet #3573 return received
65178.18839999991: MET_Broker: The number of finished Cloudlets is:3575
65212.97519999991: MET_Broker: Cloudlet #3576 return received
65212.97519999991: MET_Broker: The number of finished Cloudlets is:3576
65235.195999999916: MET_Broker: Cloudlet #3579 return received
65235.195999999916: MET_Broker: The number of finished Cloudlets is:3577
65256.178799999914: MET_Broker: Cloudlet #3580 return received
65256.178799999914: MET_Broker: The number of finished Cloudlets is:3578
65332.977999999915: MET_Broker: Cloudlet #3578 return received
65332.977999999915: MET_Broker: The number of finished Cloudlets is:3579
65341.62879999992: MET_Broker: Cloudlet #3571 return received
65341.62879999992: MET_Broker: The number of finished Cloudlets is:3580
65356.36559999992: MET_Broker: Cloudlet #3577 return received
65356.36559999992: MET_Broker: The number of finished Cloudlets is:3581
65358.43039999992: MET_Broker: Cloudlet #3583 return received
65358.43039999992: MET_Broker: The number of finished Cloudlets is:3582
65374.862799999915: MET_Broker: Cloudlet #3581 return received
65374.862799999915: MET_Broker: The number of finished Cloudlets is:3583
65394.28239999992: MET_Broker: Cloudlet #3584 return received
65394.28239999992: MET_Broker: The number of finished Cloudlets is:3584
65446.67479999991: MET_Broker: Cloudlet #3587 return received
65446.67479999991: MET_Broker: The number of finished Cloudlets is:3585
65492.96119999991: MET_Broker: Cloudlet #3588 return received
65492.96119999991: MET_Broker: The number of finished Cloudlets is:3586
65527.29639999991: MET_Broker: Cloudlet #3582 return received
65527.29639999991: MET_Broker: The number of finished Cloudlets is:3587
65530.353599999915: MET_Broker: Cloudlet #3589 return received
65530.353599999915: MET_Broker: The number of finished Cloudlets is:3588
65540.43279999991: MET_Broker: Cloudlet #3590 return received
65540.43279999991: MET_Broker: The number of finished Cloudlets is:3589
65595.5211999999: MET_Broker: Cloudlet #3592 return received
65595.5211999999: MET_Broker: The number of finished Cloudlets is:3590
65651.3859999999: MET_Broker: Cloudlet #3586 return received
65651.3859999999: MET_Broker: The number of finished Cloudlets is:3591
65653.2043999999: MET_Broker: Cloudlet #3585 return received
65653.2043999999: MET_Broker: The number of finished Cloudlets is:3592
65720.2535999999: MET_Broker: Cloudlet #3591 return received
65720.2535999999: MET_Broker: The number of finished Cloudlets is:3593
65734.32279999989: MET_Broker: Cloudlet #3594 return received
65734.32279999989: MET_Broker: The number of finished Cloudlets is:3594
65751.55839999989: MET_Broker: Cloudlet #3597 return received
65751.55839999989: MET_Broker: The number of finished Cloudlets is:3595
65794.60639999989: MET_Broker: Cloudlet #3598 return received
65794.60639999989: MET_Broker: The number of finished Cloudlets is:3596
65811.31199999989: MET_Broker: Cloudlet #3599 return received
65811.31199999989: MET_Broker: The number of finished Cloudlets is:3597
65819.74519999989: MET_Broker: Cloudlet #3593 return received
65819.74519999989: MET_Broker: The number of finished Cloudlets is:3598
65830.09439999989: MET_Broker: Cloudlet #3601 return received
65830.09439999989: MET_Broker: The number of finished Cloudlets is:3599
65853.54279999988: MET_Broker: Cloudlet #3600 return received
65853.54279999988: MET_Broker: The number of finished Cloudlets is:3600
65859.34999999987: MET_Broker: Cloudlet #3595 return received
65859.34999999987: MET_Broker: The number of finished Cloudlets is:3601
65867.28759999988: MET_Broker: Cloudlet #3602 return received
65867.28759999988: MET_Broker: The number of finished Cloudlets is:3602
65880.22719999988: MET_Broker: Cloudlet #3604 return received
65880.22719999988: MET_Broker: The number of finished Cloudlets is:3603
65888.45999999988: MET_Broker: Cloudlet #3606 return received
65888.45999999988: MET_Broker: The number of finished Cloudlets is:3604
65924.84919999988: MET_Broker: Cloudlet #3596 return received
65924.84919999988: MET_Broker: The number of finished Cloudlets is:3605
65940.95439999989: MET_Broker: Cloudlet #3603 return received
65940.95439999989: MET_Broker: The number of finished Cloudlets is:3606
65945.25239999988: MET_Broker: Cloudlet #3608 return received
65945.25239999988: MET_Broker: The number of finished Cloudlets is:3607
65967.23159999988: MET_Broker: Cloudlet #3610 return received
65967.23159999988: MET_Broker: The number of finished Cloudlets is:3608
65983.47479999988: MET_Broker: Cloudlet #3607 return received
65983.47479999988: MET_Broker: The number of finished Cloudlets is:3609
65989.46279999988: MET_Broker: Cloudlet #3611 return received
65989.46279999988: MET_Broker: The number of finished Cloudlets is:3610
65997.02799999987: MET_Broker: Cloudlet #3609 return received
65997.02799999987: MET_Broker: The number of finished Cloudlets is:3611
66020.20599999987: MET_Broker: Cloudlet #3612 return received
66020.20599999987: MET_Broker: The number of finished Cloudlets is:3612
66036.46399999988: MET_Broker: Cloudlet #3614 return received
66036.46399999988: MET_Broker: The number of finished Cloudlets is:3613
66076.70559999987: MET_Broker: Cloudlet #3615 return received
66076.70559999987: MET_Broker: The number of finished Cloudlets is:3614
66077.29039999987: MET_Broker: Cloudlet #3613 return received
66077.29039999987: MET_Broker: The number of finished Cloudlets is:3615
66093.99559999986: MET_Broker: Cloudlet #3617 return received
66093.99559999986: MET_Broker: The number of finished Cloudlets is:3616
66109.16279999986: MET_Broker: Cloudlet #3605 return received
66109.16279999986: MET_Broker: The number of finished Cloudlets is:3617
66144.30839999986: MET_Broker: Cloudlet #3616 return received
66144.30839999986: MET_Broker: The number of finished Cloudlets is:3618
66146.70839999986: MET_Broker: Cloudlet #3620 return received
66146.70839999986: MET_Broker: The number of finished Cloudlets is:3619
66158.72439999986: MET_Broker: Cloudlet #3621 return received
66158.72439999986: MET_Broker: The number of finished Cloudlets is:3620
66188.87959999985: MET_Broker: Cloudlet #3619 return received
66188.87959999985: MET_Broker: The number of finished Cloudlets is:3621
66270.01999999986: MET_Broker: Cloudlet #3618 return received
66270.01999999986: MET_Broker: The number of finished Cloudlets is:3622
66319.58519999986: MET_Broker: Cloudlet #3625 return received
66319.58519999986: MET_Broker: The number of finished Cloudlets is:3623
66328.95079999986: MET_Broker: Cloudlet #3626 return received
66328.95079999986: MET_Broker: The number of finished Cloudlets is:3624
66331.86239999987: MET_Broker: Cloudlet #3624 return received
66331.86239999987: MET_Broker: The number of finished Cloudlets is:3625
66335.90919999986: MET_Broker: Cloudlet #3622 return received
66335.90919999986: MET_Broker: The number of finished Cloudlets is:3626
66378.06799999987: MET_Broker: Cloudlet #3628 return received
66378.06799999987: MET_Broker: The number of finished Cloudlets is:3627
66393.45079999988: MET_Broker: Cloudlet #3629 return received
66393.45079999988: MET_Broker: The number of finished Cloudlets is:3628
66399.52479999987: MET_Broker: Cloudlet #3631 return received
66399.52479999987: MET_Broker: The number of finished Cloudlets is:3629
66430.87359999988: MET_Broker: Cloudlet #3623 return received
66430.87359999988: MET_Broker: The number of finished Cloudlets is:3630
66452.98439999987: MET_Broker: Cloudlet #3633 return received
66452.98439999987: MET_Broker: The number of finished Cloudlets is:3631
66459.10559999986: MET_Broker: Cloudlet #3632 return received
66459.10559999986: MET_Broker: The number of finished Cloudlets is:3632
66478.97599999986: MET_Broker: Cloudlet #3635 return received
66478.97599999986: MET_Broker: The number of finished Cloudlets is:3633
66498.23679999987: MET_Broker: Cloudlet #3627 return received
66498.23679999987: MET_Broker: The number of finished Cloudlets is:3634
66498.31839999987: MET_Broker: Cloudlet #3634 return received
66498.31839999987: MET_Broker: The number of finished Cloudlets is:3635
66506.90799999988: MET_Broker: Cloudlet #3637 return received
66506.90799999988: MET_Broker: The number of finished Cloudlets is:3636
66554.48799999988: MET_Broker: Cloudlet #3636 return received
66554.48799999988: MET_Broker: The number of finished Cloudlets is:3637
66580.09879999988: MET_Broker: Cloudlet #3640 return received
66580.09879999988: MET_Broker: The number of finished Cloudlets is:3638
66607.16919999987: MET_Broker: Cloudlet #3641 return received
66607.16919999987: MET_Broker: The number of finished Cloudlets is:3639
66641.62119999988: MET_Broker: Cloudlet #3642 return received
66641.62119999988: MET_Broker: The number of finished Cloudlets is:3640
66716.90399999988: MET_Broker: Cloudlet #3630 return received
66716.90399999988: MET_Broker: The number of finished Cloudlets is:3641
66722.46919999988: MET_Broker: Cloudlet #3639 return received
66722.46919999988: MET_Broker: The number of finished Cloudlets is:3642
66781.95679999987: MET_Broker: Cloudlet #3643 return received
66781.95679999987: MET_Broker: The number of finished Cloudlets is:3643
66824.64879999986: MET_Broker: Cloudlet #3638 return received
66824.64879999986: MET_Broker: The number of finished Cloudlets is:3644
66835.62679999987: MET_Broker: Cloudlet #3647 return received
66835.62679999987: MET_Broker: The number of finished Cloudlets is:3645
66842.18479999987: MET_Broker: Cloudlet #3646 return received
66842.18479999987: MET_Broker: The number of finished Cloudlets is:3646
66849.56479999988: MET_Broker: Cloudlet #3645 return received
66849.56479999988: MET_Broker: The number of finished Cloudlets is:3647
66850.50599999988: MET_Broker: Cloudlet #3648 return received
66850.50599999988: MET_Broker: The number of finished Cloudlets is:3648
66854.88559999988: MET_Broker: Cloudlet #3644 return received
66854.88559999988: MET_Broker: The number of finished Cloudlets is:3649
66862.06639999988: MET_Broker: Cloudlet #3651 return received
66862.06639999988: MET_Broker: The number of finished Cloudlets is:3650
66873.77559999988: MET_Broker: Cloudlet #3652 return received
66873.77559999988: MET_Broker: The number of finished Cloudlets is:3651
66898.23679999988: MET_Broker: Cloudlet #3653 return received
66898.23679999988: MET_Broker: The number of finished Cloudlets is:3652
66907.70199999989: MET_Broker: Cloudlet #3650 return received
66907.70199999989: MET_Broker: The number of finished Cloudlets is:3653
66928.52679999989: MET_Broker: Cloudlet #3656 return received
66928.52679999989: MET_Broker: The number of finished Cloudlets is:3654
66935.2023999999: MET_Broker: Cloudlet #3657 return received
66935.2023999999: MET_Broker: The number of finished Cloudlets is:3655
66951.0143999999: MET_Broker: Cloudlet #3658 return received
66951.0143999999: MET_Broker: The number of finished Cloudlets is:3656
67005.98759999989: MET_Broker: Cloudlet #3649 return received
67005.98759999989: MET_Broker: The number of finished Cloudlets is:3657
67025.4851999999: MET_Broker: Cloudlet #3655 return received
67025.4851999999: MET_Broker: The number of finished Cloudlets is:3658
67058.73079999989: MET_Broker: Cloudlet #3660 return received
67058.73079999989: MET_Broker: The number of finished Cloudlets is:3659
67059.15759999989: MET_Broker: Cloudlet #3661 return received
67059.15759999989: MET_Broker: The number of finished Cloudlets is:3660
67072.92319999989: MET_Broker: Cloudlet #3662 return received
67072.92319999989: MET_Broker: The number of finished Cloudlets is:3661
67079.65439999988: MET_Broker: Cloudlet #3659 return received
67079.65439999988: MET_Broker: The number of finished Cloudlets is:3662
67087.15919999988: MET_Broker: Cloudlet #3664 return received
67087.15919999988: MET_Broker: The number of finished Cloudlets is:3663
67102.77799999987: MET_Broker: Cloudlet #3663 return received
67102.77799999987: MET_Broker: The number of finished Cloudlets is:3664
67106.11879999988: MET_Broker: Cloudlet #3666 return received
67106.11879999988: MET_Broker: The number of finished Cloudlets is:3665
67125.80399999989: MET_Broker: Cloudlet #3665 return received
67125.80399999989: MET_Broker: The number of finished Cloudlets is:3666
67126.02599999988: MET_Broker: Cloudlet #3654 return received
67126.02599999988: MET_Broker: The number of finished Cloudlets is:3667
67137.38079999988: MET_Broker: Cloudlet #3669 return received
67137.38079999988: MET_Broker: The number of finished Cloudlets is:3668
67161.09599999989: MET_Broker: Cloudlet #3668 return received
67161.09599999989: MET_Broker: The number of finished Cloudlets is:3669
67175.61399999988: MET_Broker: Cloudlet #3671 return received
67175.61399999988: MET_Broker: The number of finished Cloudlets is:3670
67207.96239999989: MET_Broker: Cloudlet #3673 return received
67207.96239999989: MET_Broker: The number of finished Cloudlets is:3671
67250.8987999999: MET_Broker: Cloudlet #3674 return received
67250.8987999999: MET_Broker: The number of finished Cloudlets is:3672
67287.68639999989: MET_Broker: Cloudlet #3667 return received
67287.68639999989: MET_Broker: The number of finished Cloudlets is:3673
67360.9447999999: MET_Broker: Cloudlet #3675 return received
67360.9447999999: MET_Broker: The number of finished Cloudlets is:3674
67376.4619999999: MET_Broker: Cloudlet #3676 return received
67376.4619999999: MET_Broker: The number of finished Cloudlets is:3675
67394.17879999989: MET_Broker: Cloudlet #3677 return received
67394.17879999989: MET_Broker: The number of finished Cloudlets is:3676
67395.47719999989: MET_Broker: Cloudlet #3670 return received
67395.47719999989: MET_Broker: The number of finished Cloudlets is:3677
67402.6099999999: MET_Broker: Cloudlet #3679 return received
67402.6099999999: MET_Broker: The number of finished Cloudlets is:3678
67407.0791999999: MET_Broker: Cloudlet #3680 return received
67407.0791999999: MET_Broker: The number of finished Cloudlets is:3679
67428.9543999999: MET_Broker: Cloudlet #3678 return received
67428.9543999999: MET_Broker: The number of finished Cloudlets is:3680
67446.6511999999: MET_Broker: Cloudlet #3682 return received
67446.6511999999: MET_Broker: The number of finished Cloudlets is:3681
67460.5307999999: MET_Broker: Cloudlet #3681 return received
67460.5307999999: MET_Broker: The number of finished Cloudlets is:3682
67472.53639999991: MET_Broker: Cloudlet #3683 return received
67472.53639999991: MET_Broker: The number of finished Cloudlets is:3683
67476.58399999992: MET_Broker: Cloudlet #3672 return received
67476.58399999992: MET_Broker: The number of finished Cloudlets is:3684
67502.87479999992: MET_Broker: Cloudlet #3687 return received
67502.87479999992: MET_Broker: The number of finished Cloudlets is:3685
67504.63079999991: MET_Broker: Cloudlet #3685 return received
67504.63079999991: MET_Broker: The number of finished Cloudlets is:3686
67516.7847999999: MET_Broker: Cloudlet #3689 return received
67516.7847999999: MET_Broker: The number of finished Cloudlets is:3687
67518.09519999991: MET_Broker: Cloudlet #3684 return received
67518.09519999991: MET_Broker: The number of finished Cloudlets is:3688
67523.64239999991: MET_Broker: Cloudlet #3690 return received
67523.64239999991: MET_Broker: The number of finished Cloudlets is:3689
67524.4627999999: MET_Broker: Cloudlet #3688 return received
67524.4627999999: MET_Broker: The number of finished Cloudlets is:3690
67529.90319999991: MET_Broker: Cloudlet #3686 return received
67529.90319999991: MET_Broker: The number of finished Cloudlets is:3691
67564.19239999991: MET_Broker: Cloudlet #3692 return received
67564.19239999991: MET_Broker: The number of finished Cloudlets is:3692
67569.50959999992: MET_Broker: Cloudlet #3694 return received
67569.50959999992: MET_Broker: The number of finished Cloudlets is:3693
67570.86439999992: MET_Broker: Cloudlet #3691 return received
67570.86439999992: MET_Broker: The number of finished Cloudlets is:3694
67587.31679999991: MET_Broker: Cloudlet #3697 return received
67587.31679999991: MET_Broker: The number of finished Cloudlets is:3695
67606.04359999992: MET_Broker: Cloudlet #3693 return received
67606.04359999992: MET_Broker: The number of finished Cloudlets is:3696
67616.41039999992: MET_Broker: Cloudlet #3696 return received
67616.41039999992: MET_Broker: The number of finished Cloudlets is:3697
67624.61159999992: MET_Broker: Cloudlet #3698 return received
67624.61159999992: MET_Broker: The number of finished Cloudlets is:3698
67663.18039999991: MET_Broker: Cloudlet #3701 return received
67663.18039999991: MET_Broker: The number of finished Cloudlets is:3699
67742.30639999991: MET_Broker: Cloudlet #3702 return received
67742.30639999991: MET_Broker: The number of finished Cloudlets is:3700
67743.33879999991: MET_Broker: Cloudlet #3700 return received
67743.33879999991: MET_Broker: The number of finished Cloudlets is:3701
67758.36519999991: MET_Broker: Cloudlet #3699 return received
67758.36519999991: MET_Broker: The number of finished Cloudlets is:3702
67759.05199999991: MET_Broker: Cloudlet #3704 return received
67759.05199999991: MET_Broker: The number of finished Cloudlets is:3703
67768.8211999999: MET_Broker: Cloudlet #3705 return received
67768.8211999999: MET_Broker: The number of finished Cloudlets is:3704
67774.0683999999: MET_Broker: Cloudlet #3706 return received
67774.0683999999: MET_Broker: The number of finished Cloudlets is:3705
67800.65919999991: MET_Broker: Cloudlet #3703 return received
67800.65919999991: MET_Broker: The number of finished Cloudlets is:3706
67809.26039999991: MET_Broker: Cloudlet #3709 return received
67809.26039999991: MET_Broker: The number of finished Cloudlets is:3707
67828.68199999991: MET_Broker: Cloudlet #3708 return received
67828.68199999991: MET_Broker: The number of finished Cloudlets is:3708
67847.01079999992: MET_Broker: Cloudlet #3711 return received
67847.01079999992: MET_Broker: The number of finished Cloudlets is:3709
67886.28759999992: MET_Broker: Cloudlet #3707 return received
67886.28759999992: MET_Broker: The number of finished Cloudlets is:3710
67886.31479999992: MET_Broker: Cloudlet #3695 return received
67886.31479999992: MET_Broker: The number of finished Cloudlets is:3711
67887.91519999992: MET_Broker: Cloudlet #3712 return received
67887.91519999992: MET_Broker: The number of finished Cloudlets is:3712
67893.42639999991: MET_Broker: Cloudlet #3713 return received
67893.42639999991: MET_Broker: The number of finished Cloudlets is:3713
67924.4479999999: MET_Broker: Cloudlet #3714 return received
67924.4479999999: MET_Broker: The number of finished Cloudlets is:3714
68061.6807999999: MET_Broker: Cloudlet #3717 return received
68061.6807999999: MET_Broker: The number of finished Cloudlets is:3715
68066.4879999999: MET_Broker: Cloudlet #3715 return received
68066.4879999999: MET_Broker: The number of finished Cloudlets is:3716
68123.2155999999: MET_Broker: Cloudlet #3719 return received
68123.2155999999: MET_Broker: The number of finished Cloudlets is:3717
68145.7591999999: MET_Broker: Cloudlet #3716 return received
68145.7591999999: MET_Broker: The number of finished Cloudlets is:3718
68158.8651999999: MET_Broker: Cloudlet #3710 return received
68158.8651999999: MET_Broker: The number of finished Cloudlets is:3719
68161.9315999999: MET_Broker: Cloudlet #3720 return received
68161.9315999999: MET_Broker: The number of finished Cloudlets is:3720
68172.96799999989: MET_Broker: Cloudlet #3721 return received
68172.96799999989: MET_Broker: The number of finished Cloudlets is:3721
68177.7171999999: MET_Broker: Cloudlet #3722 return received
68177.7171999999: MET_Broker: The number of finished Cloudlets is:3722
68180.7671999999: MET_Broker: Cloudlet #3723 return received
68180.7671999999: MET_Broker: The number of finished Cloudlets is:3723
68187.4687999999: MET_Broker: Cloudlet #3725 return received
68187.4687999999: MET_Broker: The number of finished Cloudlets is:3724
68194.9395999999: MET_Broker: Cloudlet #3727 return received
68194.9395999999: MET_Broker: The number of finished Cloudlets is:3725
68219.2315999999: MET_Broker: Cloudlet #3726 return received
68219.2315999999: MET_Broker: The number of finished Cloudlets is:3726
68229.0103999999: MET_Broker: Cloudlet #3729 return received
68229.0103999999: MET_Broker: The number of finished Cloudlets is:3727
68342.2351999999: MET_Broker: Cloudlet #3728 return received
68342.2351999999: MET_Broker: The number of finished Cloudlets is:3728
68385.19279999989: MET_Broker: Cloudlet #3718 return received
68385.19279999989: MET_Broker: The number of finished Cloudlets is:3729
68408.56399999988: MET_Broker: Cloudlet #3730 return received
68408.56399999988: MET_Broker: The number of finished Cloudlets is:3730
68422.48759999988: MET_Broker: Cloudlet #3733 return received
68422.48759999988: MET_Broker: The number of finished Cloudlets is:3731
68439.54679999988: MET_Broker: Cloudlet #3734 return received
68439.54679999988: MET_Broker: The number of finished Cloudlets is:3732
68458.80039999988: MET_Broker: Cloudlet #3724 return received
68458.80039999988: MET_Broker: The number of finished Cloudlets is:3733
68472.04799999988: MET_Broker: Cloudlet #3735 return received
68472.04799999988: MET_Broker: The number of finished Cloudlets is:3734
68476.19719999988: MET_Broker: Cloudlet #3736 return received
68476.19719999988: MET_Broker: The number of finished Cloudlets is:3735
68485.22079999988: MET_Broker: Cloudlet #3738 return received
68485.22079999988: MET_Broker: The number of finished Cloudlets is:3736
68489.29679999988: MET_Broker: Cloudlet #3737 return received
68489.29679999988: MET_Broker: The number of finished Cloudlets is:3737
68604.28119999988: MET_Broker: Cloudlet #3740 return received
68604.28119999988: MET_Broker: The number of finished Cloudlets is:3738
68647.56239999988: MET_Broker: Cloudlet #3732 return received
68647.56239999988: MET_Broker: The number of finished Cloudlets is:3739
68659.66999999988: MET_Broker: Cloudlet #3742 return received
68659.66999999988: MET_Broker: The number of finished Cloudlets is:3740
68674.95399999988: MET_Broker: Cloudlet #3739 return received
68674.95399999988: MET_Broker: The number of finished Cloudlets is:3741
68698.54519999988: MET_Broker: Cloudlet #3731 return received
68698.54519999988: MET_Broker: The number of finished Cloudlets is:3742
68703.48959999987: MET_Broker: Cloudlet #3741 return received
68703.48959999987: MET_Broker: The number of finished Cloudlets is:3743
68707.86319999988: MET_Broker: Cloudlet #3745 return received
68707.86319999988: MET_Broker: The number of finished Cloudlets is:3744
68732.30519999987: MET_Broker: Cloudlet #3747 return received
68732.30519999987: MET_Broker: The number of finished Cloudlets is:3745
68759.05639999987: MET_Broker: Cloudlet #3746 return received
68759.05639999987: MET_Broker: The number of finished Cloudlets is:3746
68759.34119999986: MET_Broker: Cloudlet #3748 return received
68759.34119999986: MET_Broker: The number of finished Cloudlets is:3747
68781.43119999986: MET_Broker: Cloudlet #3749 return received
68781.43119999986: MET_Broker: The number of finished Cloudlets is:3748
68819.22199999986: MET_Broker: Cloudlet #3750 return received
68819.22199999986: MET_Broker: The number of finished Cloudlets is:3749
68832.63319999987: MET_Broker: Cloudlet #3752 return received
68832.63319999987: MET_Broker: The number of finished Cloudlets is:3750
68857.93879999987: MET_Broker: Cloudlet #3744 return received
68857.93879999987: MET_Broker: The number of finished Cloudlets is:3751
68877.13879999987: MET_Broker: Cloudlet #3753 return received
68877.13879999987: MET_Broker: The number of finished Cloudlets is:3752
68884.15879999987: MET_Broker: Cloudlet #3754 return received
68884.15879999987: MET_Broker: The number of finished Cloudlets is:3753
68918.28119999987: MET_Broker: Cloudlet #3755 return received
68918.28119999987: MET_Broker: The number of finished Cloudlets is:3754
68929.47319999986: MET_Broker: Cloudlet #3751 return received
68929.47319999986: MET_Broker: The number of finished Cloudlets is:3755
68934.69879999987: MET_Broker: Cloudlet #3757 return received
68934.69879999987: MET_Broker: The number of finished Cloudlets is:3756
68945.27479999987: MET_Broker: Cloudlet #3758 return received
68945.27479999987: MET_Broker: The number of finished Cloudlets is:3757
68957.05599999987: MET_Broker: Cloudlet #3760 return received
68957.05599999987: MET_Broker: The number of finished Cloudlets is:3758
68992.66599999987: MET_Broker: Cloudlet #3759 return received
68992.66599999987: MET_Broker: The number of finished Cloudlets is:3759
68993.22639999987: MET_Broker: Cloudlet #3761 return received
68993.22639999987: MET_Broker: The number of finished Cloudlets is:3760
69003.59479999988: MET_Broker: Cloudlet #3743 return received
69003.59479999988: MET_Broker: The number of finished Cloudlets is:3761
69014.09879999988: MET_Broker: Cloudlet #3763 return received
69014.09879999988: MET_Broker: The number of finished Cloudlets is:3762
69025.97839999988: MET_Broker: Cloudlet #3764 return received
69025.97839999988: MET_Broker: The number of finished Cloudlets is:3763
69032.94999999988: MET_Broker: Cloudlet #3762 return received
69032.94999999988: MET_Broker: The number of finished Cloudlets is:3764
69050.78719999988: MET_Broker: Cloudlet #3767 return received
69050.78719999988: MET_Broker: The number of finished Cloudlets is:3765
69057.14559999987: MET_Broker: Cloudlet #3768 return received
69057.14559999987: MET_Broker: The number of finished Cloudlets is:3766
69072.34519999988: MET_Broker: Cloudlet #3766 return received
69072.34519999988: MET_Broker: The number of finished Cloudlets is:3767
69100.85199999988: MET_Broker: Cloudlet #3770 return received
69100.85199999988: MET_Broker: The number of finished Cloudlets is:3768
69120.93279999988: MET_Broker: Cloudlet #3756 return received
69120.93279999988: MET_Broker: The number of finished Cloudlets is:3769
69133.27719999988: MET_Broker: Cloudlet #3769 return received
69133.27719999988: MET_Broker: The number of finished Cloudlets is:3770
69133.48119999988: MET_Broker: Cloudlet #3772 return received
69133.48119999988: MET_Broker: The number of finished Cloudlets is:3771
69145.75799999989: MET_Broker: Cloudlet #3774 return received
69145.75799999989: MET_Broker: The number of finished Cloudlets is:3772
69155.31399999988: MET_Broker: Cloudlet #3775 return received
69155.31399999988: MET_Broker: The number of finished Cloudlets is:3773
69156.25519999988: MET_Broker: Cloudlet #3765 return received
69156.25519999988: MET_Broker: The number of finished Cloudlets is:3774
69162.91159999989: MET_Broker: Cloudlet #3776 return received
69162.91159999989: MET_Broker: The number of finished Cloudlets is:3775
69165.09839999989: MET_Broker: Cloudlet #3773 return received
69165.09839999989: MET_Broker: The number of finished Cloudlets is:3776
69172.94759999988: MET_Broker: Cloudlet #3778 return received
69172.94759999988: MET_Broker: The number of finished Cloudlets is:3777
69248.64079999988: MET_Broker: Cloudlet #3780 return received
69248.64079999988: MET_Broker: The number of finished Cloudlets is:3778
69330.17599999988: MET_Broker: Cloudlet #3779 return received
69330.17599999988: MET_Broker: The number of finished Cloudlets is:3779
69341.70759999988: MET_Broker: Cloudlet #3782 return received
69341.70759999988: MET_Broker: The number of finished Cloudlets is:3780
69352.39079999988: MET_Broker: Cloudlet #3783 return received
69352.39079999988: MET_Broker: The number of finished Cloudlets is:3781
69391.66079999988: MET_Broker: Cloudlet #3784 return received
69391.66079999988: MET_Broker: The number of finished Cloudlets is:3782
69421.58359999988: MET_Broker: Cloudlet #3771 return received
69421.58359999988: MET_Broker: The number of finished Cloudlets is:3783
69434.06399999988: MET_Broker: Cloudlet #3777 return received
69434.06399999988: MET_Broker: The number of finished Cloudlets is:3784
69455.14079999988: MET_Broker: Cloudlet #3781 return received
69455.14079999988: MET_Broker: The number of finished Cloudlets is:3785
69456.21159999988: MET_Broker: Cloudlet #3786 return received
69456.21159999988: MET_Broker: The number of finished Cloudlets is:3786
69474.62559999988: MET_Broker: Cloudlet #3789 return received
69474.62559999988: MET_Broker: The number of finished Cloudlets is:3787
69519.71479999989: MET_Broker: Cloudlet #3790 return received
69519.71479999989: MET_Broker: The number of finished Cloudlets is:3788
69527.05439999989: MET_Broker: Cloudlet #3787 return received
69527.05439999989: MET_Broker: The number of finished Cloudlets is:3789
69555.84599999989: MET_Broker: Cloudlet #3791 return received
69555.84599999989: MET_Broker: The number of finished Cloudlets is:3790
69607.32399999989: MET_Broker: Cloudlet #3785 return received
69607.32399999989: MET_Broker: The number of finished Cloudlets is:3791
69608.2535999999: MET_Broker: Cloudlet #3793 return received
69608.2535999999: MET_Broker: The number of finished Cloudlets is:3792
69619.3019999999: MET_Broker: Cloudlet #3795 return received
69619.3019999999: MET_Broker: The number of finished Cloudlets is:3793
69621.61199999989: MET_Broker: Cloudlet #3794 return received
69621.61199999989: MET_Broker: The number of finished Cloudlets is:3794
69626.7683999999: MET_Broker: Cloudlet #3788 return received
69626.7683999999: MET_Broker: The number of finished Cloudlets is:3795
69645.5259999999: MET_Broker: Cloudlet #3798 return received
69645.5259999999: MET_Broker: The number of finished Cloudlets is:3796
69657.2539999999: MET_Broker: Cloudlet #3792 return received
69657.2539999999: MET_Broker: The number of finished Cloudlets is:3797
69663.2631999999: MET_Broker: Cloudlet #3797 return received
69663.2631999999: MET_Broker: The number of finished Cloudlets is:3798
69684.9795999999: MET_Broker: Cloudlet #3800 return received
69684.9795999999: MET_Broker: The number of finished Cloudlets is:3799
69698.8355999999: MET_Broker: Cloudlet #3796 return received
69698.8355999999: MET_Broker: The number of finished Cloudlets is:3800
69737.03879999991: MET_Broker: Cloudlet #3802 return received
69737.03879999991: MET_Broker: The number of finished Cloudlets is:3801
69775.5407999999: MET_Broker: Cloudlet #3804 return received
69775.5407999999: MET_Broker: The number of finished Cloudlets is:3802
69797.7911999999: MET_Broker: Cloudlet #3803 return received
69797.7911999999: MET_Broker: The number of finished Cloudlets is:3803
69831.3567999999: MET_Broker: Cloudlet #3799 return received
69831.3567999999: MET_Broker: The number of finished Cloudlets is:3804
69836.83359999991: MET_Broker: Cloudlet #3801 return received
69836.83359999991: MET_Broker: The number of finished Cloudlets is:3805
69844.81239999991: MET_Broker: Cloudlet #3806 return received
69844.81239999991: MET_Broker: The number of finished Cloudlets is:3806
69854.79959999991: MET_Broker: Cloudlet #3809 return received
69854.79959999991: MET_Broker: The number of finished Cloudlets is:3807
69886.6931999999: MET_Broker: Cloudlet #3805 return received
69886.6931999999: MET_Broker: The number of finished Cloudlets is:3808
69897.4507999999: MET_Broker: Cloudlet #3811 return received
69897.4507999999: MET_Broker: The number of finished Cloudlets is:3809
69912.1191999999: MET_Broker: Cloudlet #3810 return received
69912.1191999999: MET_Broker: The number of finished Cloudlets is:3810
69912.6555999999: MET_Broker: Cloudlet #3812 return received
69912.6555999999: MET_Broker: The number of finished Cloudlets is:3811
69945.4867999999: MET_Broker: Cloudlet #3814 return received
69945.4867999999: MET_Broker: The number of finished Cloudlets is:3812
69953.3367999999: MET_Broker: Cloudlet #3807 return received
69953.3367999999: MET_Broker: The number of finished Cloudlets is:3813
69970.0547999999: MET_Broker: Cloudlet #3813 return received
69970.0547999999: MET_Broker: The number of finished Cloudlets is:3814
69970.86599999989: MET_Broker: Cloudlet #3815 return received
69970.86599999989: MET_Broker: The number of finished Cloudlets is:3815
69987.68239999989: MET_Broker: Cloudlet #3817 return received
69987.68239999989: MET_Broker: The number of finished Cloudlets is:3816
70030.72319999989: MET_Broker: Cloudlet #3818 return received
70030.72319999989: MET_Broker: The number of finished Cloudlets is:3817
70035.55519999989: MET_Broker: Cloudlet #3816 return received
70035.55519999989: MET_Broker: The number of finished Cloudlets is:3818
70074.50799999989: MET_Broker: Cloudlet #3821 return received
70074.50799999989: MET_Broker: The number of finished Cloudlets is:3819
70082.76559999988: MET_Broker: Cloudlet #3808 return received
70082.76559999988: MET_Broker: The number of finished Cloudlets is:3820
70112.20159999988: MET_Broker: Cloudlet #3820 return received
70112.20159999988: MET_Broker: The number of finished Cloudlets is:3821
70113.48359999989: MET_Broker: Cloudlet #3823 return received
70113.48359999989: MET_Broker: The number of finished Cloudlets is:3822
70123.4275999999: MET_Broker: Cloudlet #3824 return received
70123.4275999999: MET_Broker: The number of finished Cloudlets is:3823
70131.06319999989: MET_Broker: Cloudlet #3825 return received
70131.06319999989: MET_Broker: The number of finished Cloudlets is:3824
70144.81359999989: MET_Broker: Cloudlet #3827 return received
70144.81359999989: MET_Broker: The number of finished Cloudlets is:3825
70152.4527999999: MET_Broker: Cloudlet #3819 return received
70152.4527999999: MET_Broker: The number of finished Cloudlets is:3826
70173.19039999989: MET_Broker: Cloudlet #3822 return received
70173.19039999989: MET_Broker: The number of finished Cloudlets is:3827
70234.11519999988: MET_Broker: Cloudlet #3829 return received
70234.11519999988: MET_Broker: The number of finished Cloudlets is:3828
70257.97039999989: MET_Broker: Cloudlet #3831 return received
70257.97039999989: MET_Broker: The number of finished Cloudlets is:3829
70262.33839999989: MET_Broker: Cloudlet #3826 return received
70262.33839999989: MET_Broker: The number of finished Cloudlets is:3830
70273.2599999999: MET_Broker: Cloudlet #3828 return received
70273.2599999999: MET_Broker: The number of finished Cloudlets is:3831
70279.1071999999: MET_Broker: Cloudlet #3833 return received
70279.1071999999: MET_Broker: The number of finished Cloudlets is:3832
70302.2711999999: MET_Broker: Cloudlet #3834 return received
70302.2711999999: MET_Broker: The number of finished Cloudlets is:3833
70311.3739999999: MET_Broker: Cloudlet #3830 return received
70311.3739999999: MET_Broker: The number of finished Cloudlets is:3834
70321.6859999999: MET_Broker: Cloudlet #3835 return received
70321.6859999999: MET_Broker: The number of finished Cloudlets is:3835
70343.0195999999: MET_Broker: Cloudlet #3832 return received
70343.0195999999: MET_Broker: The number of finished Cloudlets is:3836
70352.7647999999: MET_Broker: Cloudlet #3839 return received
70352.7647999999: MET_Broker: The number of finished Cloudlets is:3837
70375.5619999999: MET_Broker: Cloudlet #3838 return received
70375.5619999999: MET_Broker: The number of finished Cloudlets is:3838
70387.71039999991: MET_Broker: Cloudlet #3840 return received
70387.71039999991: MET_Broker: The number of finished Cloudlets is:3839
70397.2019999999: MET_Broker: Cloudlet #3837 return received
70397.2019999999: MET_Broker: The number of finished Cloudlets is:3840
70452.37399999991: MET_Broker: Cloudlet #3836 return received
70452.37399999991: MET_Broker: The number of finished Cloudlets is:3841
70501.82079999991: MET_Broker: Cloudlet #3844 return received
70501.82079999991: MET_Broker: The number of finished Cloudlets is:3842
70603.20279999991: MET_Broker: Cloudlet #3845 return received
70603.20279999991: MET_Broker: The number of finished Cloudlets is:3843
70620.9627999999: MET_Broker: Cloudlet #3846 return received
70620.9627999999: MET_Broker: The number of finished Cloudlets is:3844
70626.4831999999: MET_Broker: Cloudlet #3842 return received
70626.4831999999: MET_Broker: The number of finished Cloudlets is:3845
70631.5667999999: MET_Broker: Cloudlet #3847 return received
70631.5667999999: MET_Broker: The number of finished Cloudlets is:3846
70656.3011999999: MET_Broker: Cloudlet #3849 return received
70656.3011999999: MET_Broker: The number of finished Cloudlets is:3847
70711.0355999999: MET_Broker: Cloudlet #3841 return received
70711.0355999999: MET_Broker: The number of finished Cloudlets is:3848
70721.2619999999: MET_Broker: Cloudlet #3843 return received
70721.2619999999: MET_Broker: The number of finished Cloudlets is:3849
70761.7331999999: MET_Broker: Cloudlet #3852 return received
70761.7331999999: MET_Broker: The number of finished Cloudlets is:3850
70766.1751999999: MET_Broker: Cloudlet #3848 return received
70766.1751999999: MET_Broker: The number of finished Cloudlets is:3851
70770.90519999989: MET_Broker: Cloudlet #3853 return received
70770.90519999989: MET_Broker: The number of finished Cloudlets is:3852
70814.8023999999: MET_Broker: Cloudlet #3854 return received
70814.8023999999: MET_Broker: The number of finished Cloudlets is:3853
70842.1399999999: MET_Broker: Cloudlet #3856 return received
70842.1399999999: MET_Broker: The number of finished Cloudlets is:3854
70852.3447999999: MET_Broker: Cloudlet #3855 return received
70852.3447999999: MET_Broker: The number of finished Cloudlets is:3855
70878.8599999999: MET_Broker: Cloudlet #3857 return received
70878.8599999999: MET_Broker: The number of finished Cloudlets is:3856
70894.3543999999: MET_Broker: Cloudlet #3859 return received
70894.3543999999: MET_Broker: The number of finished Cloudlets is:3857
70900.5479999999: MET_Broker: Cloudlet #3858 return received
70900.5479999999: MET_Broker: The number of finished Cloudlets is:3858
70905.2931999999: MET_Broker: Cloudlet #3850 return received
70905.2931999999: MET_Broker: The number of finished Cloudlets is:3859
70917.4527999999: MET_Broker: Cloudlet #3861 return received
70917.4527999999: MET_Broker: The number of finished Cloudlets is:3860
70919.0879999999: MET_Broker: Cloudlet #3862 return received
70919.0879999999: MET_Broker: The number of finished Cloudlets is:3861
70933.9119999999: MET_Broker: Cloudlet #3863 return received
70933.9119999999: MET_Broker: The number of finished Cloudlets is:3862
70938.7143999999: MET_Broker: Cloudlet #3860 return received
70938.7143999999: MET_Broker: The number of finished Cloudlets is:3863
70947.4983999999: MET_Broker: Cloudlet #3851 return received
70947.4983999999: MET_Broker: The number of finished Cloudlets is:3864
70976.7511999999: MET_Broker: Cloudlet #3864 return received
70976.7511999999: MET_Broker: The number of finished Cloudlets is:3865
70983.3995999999: MET_Broker: Cloudlet #3866 return received
70983.3995999999: MET_Broker: The number of finished Cloudlets is:3866
70984.1883999999: MET_Broker: Cloudlet #3865 return received
70984.1883999999: MET_Broker: The number of finished Cloudlets is:3867
70993.4451999999: MET_Broker: Cloudlet #3867 return received
70993.4451999999: MET_Broker: The number of finished Cloudlets is:3868
71003.9791999999: MET_Broker: Cloudlet #3870 return received
71003.9791999999: MET_Broker: The number of finished Cloudlets is:3869
71004.3959999999: MET_Broker: Cloudlet #3869 return received
71004.3959999999: MET_Broker: The number of finished Cloudlets is:3870
71031.7083999999: MET_Broker: Cloudlet #3868 return received
71031.7083999999: MET_Broker: The number of finished Cloudlets is:3871
71032.74039999991: MET_Broker: Cloudlet #3871 return received
71032.74039999991: MET_Broker: The number of finished Cloudlets is:3872
71146.38759999991: MET_Broker: Cloudlet #3872 return received
71146.38759999991: MET_Broker: The number of finished Cloudlets is:3873
71251.11759999991: MET_Broker: Cloudlet #3875 return received
71251.11759999991: MET_Broker: The number of finished Cloudlets is:3874
71254.5619999999: MET_Broker: Cloudlet #3874 return received
71254.5619999999: MET_Broker: The number of finished Cloudlets is:3875
71261.8467999999: MET_Broker: Cloudlet #3877 return received
71261.8467999999: MET_Broker: The number of finished Cloudlets is:3876
71269.0623999999: MET_Broker: Cloudlet #3873 return received
71269.0623999999: MET_Broker: The number of finished Cloudlets is:3877
71273.35639999989: MET_Broker: Cloudlet #3879 return received
71273.35639999989: MET_Broker: The number of finished Cloudlets is:3878
71279.03799999988: MET_Broker: Cloudlet #3876 return received
71279.03799999988: MET_Broker: The number of finished Cloudlets is:3879
71288.90039999988: MET_Broker: Cloudlet #3882 return received
71288.90039999988: MET_Broker: The number of finished Cloudlets is:3880
71309.18719999988: MET_Broker: Cloudlet #3881 return received
71309.18719999988: MET_Broker: The number of finished Cloudlets is:3881
71315.19759999988: MET_Broker: Cloudlet #3884 return received
71315.19759999988: MET_Broker: The number of finished Cloudlets is:3882
71341.51079999989: MET_Broker: Cloudlet #3880 return received
71341.51079999989: MET_Broker: The number of finished Cloudlets is:3883
71366.47799999989: MET_Broker: Cloudlet #3878 return received
71366.47799999989: MET_Broker: The number of finished Cloudlets is:3884
71408.25839999989: MET_Broker: Cloudlet #3887 return received
71408.25839999989: MET_Broker: The number of finished Cloudlets is:3885
71430.42399999988: MET_Broker: Cloudlet #3886 return received
71430.42399999988: MET_Broker: The number of finished Cloudlets is:3886
71456.63119999989: MET_Broker: Cloudlet #3888 return received
71456.63119999989: MET_Broker: The number of finished Cloudlets is:3887
71471.67959999989: MET_Broker: Cloudlet #3889 return received
71471.67959999989: MET_Broker: The number of finished Cloudlets is:3888
71472.56599999989: MET_Broker: Cloudlet #3890 return received
71472.56599999989: MET_Broker: The number of finished Cloudlets is:3889
71482.44639999988: MET_Broker: Cloudlet #3891 return received
71482.44639999988: MET_Broker: The number of finished Cloudlets is:3890
71496.76399999988: MET_Broker: Cloudlet #3893 return received
71496.76399999988: MET_Broker: The number of finished Cloudlets is:3891
71496.89759999988: MET_Broker: Cloudlet #3892 return received
71496.89759999988: MET_Broker: The number of finished Cloudlets is:3892
71500.67999999988: MET_Broker: Cloudlet #3883 return received
71500.67999999988: MET_Broker: The number of finished Cloudlets is:3893
71552.92759999988: MET_Broker: Cloudlet #3894 return received
71552.92759999988: MET_Broker: The number of finished Cloudlets is:3894
71609.64799999988: MET_Broker: Cloudlet #3897 return received
71609.64799999988: MET_Broker: The number of finished Cloudlets is:3895
71624.77279999989: MET_Broker: Cloudlet #3895 return received
71624.77279999989: MET_Broker: The number of finished Cloudlets is:3896
71663.55439999989: MET_Broker: Cloudlet #3898 return received
71663.55439999989: MET_Broker: The number of finished Cloudlets is:3897
71668.04479999989: MET_Broker: Cloudlet #3885 return received
71668.04479999989: MET_Broker: The number of finished Cloudlets is:3898
71676.69239999988: MET_Broker: Cloudlet #3901 return received
71676.69239999988: MET_Broker: The number of finished Cloudlets is:3899
71753.36999999988: MET_Broker: Cloudlet #3900 return received
71753.36999999988: MET_Broker: The number of finished Cloudlets is:3900
71754.49799999988: MET_Broker: Cloudlet #3902 return received
71754.49799999988: MET_Broker: The number of finished Cloudlets is:3901
71804.72159999987: MET_Broker: Cloudlet #3899 return received
71804.72159999987: MET_Broker: The number of finished Cloudlets is:3902
71807.79359999987: MET_Broker: Cloudlet #3904 return received
71807.79359999987: MET_Broker: The number of finished Cloudlets is:3903
71824.98079999987: MET_Broker: Cloudlet #3906 return received
71824.98079999987: MET_Broker: The number of finished Cloudlets is:3904
71831.77119999987: MET_Broker: Cloudlet #3896 return received
71831.77119999987: MET_Broker: The number of finished Cloudlets is:3905
71852.27199999987: MET_Broker: Cloudlet #3905 return received
71852.27199999987: MET_Broker: The number of finished Cloudlets is:3906
71859.68599999987: MET_Broker: Cloudlet #3908 return received
71859.68599999987: MET_Broker: The number of finished Cloudlets is:3907
71886.57679999986: MET_Broker: Cloudlet #3909 return received
71886.57679999986: MET_Broker: The number of finished Cloudlets is:3908
71892.98479999986: MET_Broker: Cloudlet #3910 return received
71892.98479999986: MET_Broker: The number of finished Cloudlets is:3909
71918.79719999986: MET_Broker: Cloudlet #3912 return received
71918.79719999986: MET_Broker: The number of finished Cloudlets is:3910
71930.76319999986: MET_Broker: Cloudlet #3913 return received
71930.76319999986: MET_Broker: The number of finished Cloudlets is:3911
71942.35079999985: MET_Broker: Cloudlet #3914 return received
71942.35079999985: MET_Broker: The number of finished Cloudlets is:3912
71946.28039999986: MET_Broker: Cloudlet #3911 return received
71946.28039999986: MET_Broker: The number of finished Cloudlets is:3913
71952.46759999986: MET_Broker: Cloudlet #3907 return received
71952.46759999986: MET_Broker: The number of finished Cloudlets is:3914
72021.75759999985: MET_Broker: Cloudlet #3917 return received
72021.75759999985: MET_Broker: The number of finished Cloudlets is:3915
72065.29319999985: MET_Broker: Cloudlet #3903 return received
72065.29319999985: MET_Broker: The number of finished Cloudlets is:3916
72098.71359999986: MET_Broker: Cloudlet #3919 return received
72098.71359999986: MET_Broker: The number of finished Cloudlets is:3917
72106.51199999986: MET_Broker: Cloudlet #3920 return received
72106.51199999986: MET_Broker: The number of finished Cloudlets is:3918
72111.28639999985: MET_Broker: Cloudlet #3915 return received
72111.28639999985: MET_Broker: The number of finished Cloudlets is:3919
72154.23879999985: MET_Broker: Cloudlet #3921 return received
72154.23879999985: MET_Broker: The number of finished Cloudlets is:3920
72158.56799999984: MET_Broker: Cloudlet #3916 return received
72158.56799999984: MET_Broker: The number of finished Cloudlets is:3921
72166.63119999984: MET_Broker: Cloudlet #3923 return received
72166.63119999984: MET_Broker: The number of finished Cloudlets is:3922
72218.50319999985: MET_Broker: Cloudlet #3924 return received
72218.50319999985: MET_Broker: The number of finished Cloudlets is:3923
72235.39479999985: MET_Broker: Cloudlet #3926 return received
72235.39479999985: MET_Broker: The number of finished Cloudlets is:3924
72278.79239999985: MET_Broker: Cloudlet #3927 return received
72278.79239999985: MET_Broker: The number of finished Cloudlets is:3925
72305.61719999985: MET_Broker: Cloudlet #3922 return received
72305.61719999985: MET_Broker: The number of finished Cloudlets is:3926
72310.96359999984: MET_Broker: Cloudlet #3928 return received
72310.96359999984: MET_Broker: The number of finished Cloudlets is:3927
72312.56159999984: MET_Broker: Cloudlet #3929 return received
72312.56159999984: MET_Broker: The number of finished Cloudlets is:3928
72323.40239999985: MET_Broker: Cloudlet #3918 return received
72323.40239999985: MET_Broker: The number of finished Cloudlets is:3929
72332.03959999984: MET_Broker: Cloudlet #3931 return received
72332.03959999984: MET_Broker: The number of finished Cloudlets is:3930
72335.21119999985: MET_Broker: Cloudlet #3925 return received
72335.21119999985: MET_Broker: The number of finished Cloudlets is:3931
72340.00119999984: MET_Broker: Cloudlet #3932 return received
72340.00119999984: MET_Broker: The number of finished Cloudlets is:3932
72344.65599999984: MET_Broker: Cloudlet #3933 return received
72344.65599999984: MET_Broker: The number of finished Cloudlets is:3933
72346.97159999984: MET_Broker: Cloudlet #3935 return received
72346.97159999984: MET_Broker: The number of finished Cloudlets is:3934
72350.01159999984: MET_Broker: Cloudlet #3930 return received
72350.01159999984: MET_Broker: The number of finished Cloudlets is:3935
72352.00279999984: MET_Broker: Cloudlet #3936 return received
72352.00279999984: MET_Broker: The number of finished Cloudlets is:3936
72357.59039999984: MET_Broker: Cloudlet #3938 return received
72357.59039999984: MET_Broker: The number of finished Cloudlets is:3937
72393.54039999984: MET_Broker: Cloudlet #3939 return received
72393.54039999984: MET_Broker: The number of finished Cloudlets is:3938
72420.50159999984: MET_Broker: Cloudlet #3934 return received
72420.50159999984: MET_Broker: The number of finished Cloudlets is:3939
72435.17519999984: MET_Broker: Cloudlet #3942 return received
72435.17519999984: MET_Broker: The number of finished Cloudlets is:3940
72447.23559999984: MET_Broker: Cloudlet #3940 return received
72447.23559999984: MET_Broker: The number of finished Cloudlets is:3941
72448.48679999984: MET_Broker: Cloudlet #3943 return received
72448.48679999984: MET_Broker: The number of finished Cloudlets is:3942
72470.25679999984: MET_Broker: Cloudlet #3944 return received
72470.25679999984: MET_Broker: The number of finished Cloudlets is:3943
72472.52079999984: MET_Broker: Cloudlet #3945 return received
72472.52079999984: MET_Broker: The number of finished Cloudlets is:3944
72512.05919999984: MET_Broker: Cloudlet #3946 return received
72512.05919999984: MET_Broker: The number of finished Cloudlets is:3945
72556.78519999984: MET_Broker: Cloudlet #3948 return received
72556.78519999984: MET_Broker: The number of finished Cloudlets is:3946
72595.82679999984: MET_Broker: Cloudlet #3947 return received
72595.82679999984: MET_Broker: The number of finished Cloudlets is:3947
72600.79679999984: MET_Broker: Cloudlet #3937 return received
72600.79679999984: MET_Broker: The number of finished Cloudlets is:3948
72616.19719999983: MET_Broker: Cloudlet #3941 return received
72616.19719999983: MET_Broker: The number of finished Cloudlets is:3949
72635.41559999983: MET_Broker: Cloudlet #3950 return received
72635.41559999983: MET_Broker: The number of finished Cloudlets is:3950
72636.16159999983: MET_Broker: Cloudlet #3952 return received
72636.16159999983: MET_Broker: The number of finished Cloudlets is:3951
72659.55879999984: MET_Broker: Cloudlet #3951 return received
72659.55879999984: MET_Broker: The number of finished Cloudlets is:3952
72705.80479999984: MET_Broker: Cloudlet #3954 return received
72705.80479999984: MET_Broker: The number of finished Cloudlets is:3953
72752.40359999985: MET_Broker: Cloudlet #3956 return received
72752.40359999985: MET_Broker: The number of finished Cloudlets is:3954
72763.75919999984: MET_Broker: Cloudlet #3953 return received
72763.75919999984: MET_Broker: The number of finished Cloudlets is:3955
72769.66999999984: MET_Broker: Cloudlet #3957 return received
72769.66999999984: MET_Broker: The number of finished Cloudlets is:3956
72786.14039999984: MET_Broker: Cloudlet #3958 return received
72786.14039999984: MET_Broker: The number of finished Cloudlets is:3957
72803.69599999985: MET_Broker: Cloudlet #3960 return received
72803.69599999985: MET_Broker: The number of finished Cloudlets is:3958
72814.12679999985: MET_Broker: Cloudlet #3959 return received
72814.12679999985: MET_Broker: The number of finished Cloudlets is:3959
72860.83079999985: MET_Broker: Cloudlet #3949 return received
72860.83079999985: MET_Broker: The number of finished Cloudlets is:3960
72862.30839999985: MET_Broker: Cloudlet #3962 return received
72862.30839999985: MET_Broker: The number of finished Cloudlets is:3961
72900.25799999986: MET_Broker: Cloudlet #3963 return received
72900.25799999986: MET_Broker: The number of finished Cloudlets is:3962
72917.22679999986: MET_Broker: Cloudlet #3955 return received
72917.22679999986: MET_Broker: The number of finished Cloudlets is:3963
72965.27239999986: MET_Broker: Cloudlet #3965 return received
72965.27239999986: MET_Broker: The number of finished Cloudlets is:3964
73017.55199999985: MET_Broker: Cloudlet #3967 return received
73017.55199999985: MET_Broker: The number of finished Cloudlets is:3965
73055.95959999986: MET_Broker: Cloudlet #3966 return received
73055.95959999986: MET_Broker: The number of finished Cloudlets is:3966
73069.55359999985: MET_Broker: Cloudlet #3961 return received
73069.55359999985: MET_Broker: The number of finished Cloudlets is:3967
73107.55439999985: MET_Broker: Cloudlet #3969 return received
73107.55439999985: MET_Broker: The number of finished Cloudlets is:3968
73123.28159999984: MET_Broker: Cloudlet #3970 return received
73123.28159999984: MET_Broker: The number of finished Cloudlets is:3969
73176.78119999984: MET_Broker: Cloudlet #3972 return received
73176.78119999984: MET_Broker: The number of finished Cloudlets is:3970
73191.01279999984: MET_Broker: Cloudlet #3964 return received
73191.01279999984: MET_Broker: The number of finished Cloudlets is:3971
73198.79399999983: MET_Broker: Cloudlet #3974 return received
73198.79399999983: MET_Broker: The number of finished Cloudlets is:3972
73242.85439999984: MET_Broker: Cloudlet #3975 return received
73242.85439999984: MET_Broker: The number of finished Cloudlets is:3973
73252.99559999983: MET_Broker: Cloudlet #3976 return received
73252.99559999983: MET_Broker: The number of finished Cloudlets is:3974
73257.60399999983: MET_Broker: Cloudlet #3971 return received
73257.60399999983: MET_Broker: The number of finished Cloudlets is:3975
73261.10559999984: MET_Broker: Cloudlet #3973 return received
73261.10559999984: MET_Broker: The number of finished Cloudlets is:3976
73267.36959999983: MET_Broker: Cloudlet #3968 return received
73267.36959999983: MET_Broker: The number of finished Cloudlets is:3977
73282.43199999983: MET_Broker: Cloudlet #3977 return received
73282.43199999983: MET_Broker: The number of finished Cloudlets is:3978
73314.59479999983: MET_Broker: Cloudlet #3980 return received
73314.59479999983: MET_Broker: The number of finished Cloudlets is:3979
73336.66239999983: MET_Broker: Cloudlet #3981 return received
73336.66239999983: MET_Broker: The number of finished Cloudlets is:3980
73342.12999999983: MET_Broker: Cloudlet #3978 return received
73342.12999999983: MET_Broker: The number of finished Cloudlets is:3981
73361.61759999982: MET_Broker: Cloudlet #3983 return received
73361.61759999982: MET_Broker: The number of finished Cloudlets is:3982
73373.44839999982: MET_Broker: Cloudlet #3985 return received
73373.44839999982: MET_Broker: The number of finished Cloudlets is:3983
73387.32079999981: MET_Broker: Cloudlet #3986 return received
73387.32079999981: MET_Broker: The number of finished Cloudlets is:3984
73391.10759999981: MET_Broker: Cloudlet #3984 return received
73391.10759999981: MET_Broker: The number of finished Cloudlets is:3985
73428.56919999981: MET_Broker: Cloudlet #3987 return received
73428.56919999981: MET_Broker: The number of finished Cloudlets is:3986
73446.64759999981: MET_Broker: Cloudlet #3982 return received
73446.64759999981: MET_Broker: The number of finished Cloudlets is:3987
73456.61519999981: MET_Broker: Cloudlet #3988 return received
73456.61519999981: MET_Broker: The number of finished Cloudlets is:3988
73459.8895999998: MET_Broker: Cloudlet #3990 return received
73459.8895999998: MET_Broker: The number of finished Cloudlets is:3989
73465.75759999981: MET_Broker: Cloudlet #3991 return received
73465.75759999981: MET_Broker: The number of finished Cloudlets is:3990
73482.93199999981: MET_Broker: Cloudlet #3993 return received
73482.93199999981: MET_Broker: The number of finished Cloudlets is:3991
73498.74079999981: MET_Broker: Cloudlet #3992 return received
73498.74079999981: MET_Broker: The number of finished Cloudlets is:3992
73504.50679999981: MET_Broker: Cloudlet #3979 return received
73504.50679999981: MET_Broker: The number of finished Cloudlets is:3993
73516.78799999981: MET_Broker: Cloudlet #3995 return received
73516.78799999981: MET_Broker: The number of finished Cloudlets is:3994
73550.66359999981: MET_Broker: Cloudlet #3997 return received
73550.66359999981: MET_Broker: The number of finished Cloudlets is:3995
73570.89199999982: MET_Broker: Cloudlet #3989 return received
73570.89199999982: MET_Broker: The number of finished Cloudlets is:3996
73578.26559999982: MET_Broker: Cloudlet #3999 return received
73578.26559999982: MET_Broker: The number of finished Cloudlets is:3997
73588.87879999983: MET_Broker: Cloudlet #3998 return received
73588.87879999983: MET_Broker: The number of finished Cloudlets is:3998
73655.42119999984: MET_Broker: Cloudlet #3994 return received
73655.42119999984: MET_Broker: The number of finished Cloudlets is:3999
73713.86399999984: MET_Broker: Cloudlet #3996 return received
73713.86399999984: MET_Broker: The number of finished Cloudlets is:4000
73713.86399999984: MET_Broker: All Cloudlets executed. Finishing...
73713.86399999984: MET_Broker: Destroying Vm #0
73713.86399999984: MET_Broker: Destroying Vm #1
73713.86399999984: MET_Broker: Destroying Vm #2
73713.86399999984: MET_Broker: Destroying Vm #3
73713.86399999984: MET_Broker: Destroying Vm #4
73713.86399999984: MET_Broker: Destroying Vm #5
73713.86399999984: MET_Broker: Destroying Vm #6
73713.86399999984: MET_Broker: Destroying Vm #7
73713.86399999984: MET_Broker: Destroying Vm #8
73713.86399999984: MET_Broker: Destroying Vm #9
73713.86399999984: MET_Broker: Destroying Vm #10
73713.86399999984: MET_Broker: Destroying Vm #11
73713.86399999984: MET_Broker: Destroying Vm #12
73713.86399999984: MET_Broker: Destroying Vm #13
73713.86399999984: MET_Broker: Destroying Vm #14
73713.86399999984: MET_Broker: Destroying Vm #15
73713.86399999984: MET_Broker: Destroying Vm #16
73713.86399999984: MET_Broker: Destroying Vm #17
73713.86399999984: MET_Broker: Destroying Vm #18
73713.86399999984: MET_Broker: Destroying Vm #19
73713.86399999984: MET_Broker is shutting down...
73713.86399999984: Simulation: No more future events
73713.86399999984: CloudInformationService is shutting down...
73713.86399999984: CloudInformationService: Notify all CloudSim entities for shutting down.
73713.86399999984: Datacenter_0 is shutting down...
73713.86399999984: MET_Broker is shutting down...
Simulation completed.
Simulation completed.

========== CLOUDLET RESULTS ==========
(only the first 20 successful Cloudlets are shown; METRICS below are still computed from all 4000 results)
Cloudlet ID	Status	VM ID	Exec Time	Start Time	Finish Time
3	SUCCESS	15	12.37	0.01	12.38
2	SUCCESS	15	19.9652	0.01	19.9752
0	SUCCESS	15	39.6328	0.01	39.6428
6	SUCCESS	15	12.3848	39.6428	52.0276
5	SUCCESS	15	39.5044	19.9752	59.4796
4	SUCCESS	15	55.4352	12.38	67.8152
8	SUCCESS	15	12.7944	59.4796	72.274
7	SUCCESS	15	22.5512	52.0276	74.5788
1	SUCCESS	15	87.9228	0.01	87.9328
11	SUCCESS	15	17.9216	74.5788	92.5004
12	SUCCESS	15	6.8744	87.9328	94.8072
14	SUCCESS	15	7.796	94.8072	102.6032
13	SUCCESS	15	27.2124	92.5004	119.7128
15	SUCCESS	15	21.1416	102.6032	123.7448
16	SUCCESS	15	16.2344	119.7128	135.9472
18	SUCCESS	15	39.6948	135.9472	175.642
10	SUCCESS	15	105.0464	72.274	177.3204
19	SUCCESS	15	21.6612	175.642	197.3032
20	SUCCESS	15	35.7676	177.3204	213.088
9	SUCCESS	15	148.3116	67.8152	216.1268

========== METRICS ==========
Completed Cloudlets      : 4000
Makespan                 : 73713.864 s
Degree of Imbalance      : 20
Average Waiting Time     : 36027.1377 s
Throughput               : 0.0543 cloudlets/s
Average VM Utilization*  : 19.9784 %

* Utilization is calculated from aggregate Cloudlet CPU time
  over the available VM time in this simplified model.
Week4_MET_TaskScheduling finished!
[INFO] ------------------------------------------------------------------------
[INFO] BUILD SUCCESS
[INFO] ------------------------------------------------------------------------
[INFO] Total time:  8.452 s
[INFO] Finished at: 2026-10-05T12:11:10+07:00
[INFO] ------------------------------------------------------------------------
